iso3,country,indicator,indicator_label,framework_layer,year,value,region,income_group,data_status,years_since_estimate,indicator_short,progress
AFG,Afghanistan,NT_ANE_WOM_15_49_MOD,"Anaemia in women 15-49 years, %",Layer 1: Nutrition Outcomes,2023,45.4,South Asia,Low income,Recent (≤5 years),1,Anaemia (WRA),On track
AFG,Afghanistan,NT_ANT_HAZ_NE2_MOD,"Stunting (<-2SD HAZ), modelled estimate, %",Layer 1: Nutrition Outcomes,2024,42.0422,South Asia,Low income,Recent (≤5 years),0,Stunting,Off track
AFG,Afghanistan,NT_ANT_WHZ_PO2_MOD,"Overweight (>+2SD WHZ), modelled estimate, %",Layer 1: Nutrition Outcomes,2024,4.382,South Asia,Low income,Recent (≤5 years),0,Overweight,Monitor (no numeric target)
AFG,Afghanistan,NT_BF_EXBF,"Exclusive breastfeeding <6 months, %",Layer 1: Nutrition Outcomes,2022,63.2718,South Asia,Low income,Recent (≤5 years),2,Excl. Breastfeeding,On track
AGO,Angola,NT_ANE_WOM_15_49_MOD,"Anaemia in women 15-49 years, %",Layer 1: Nutrition Outcomes,2023,43.8,Sub-Saharan Africa,Lower middle income,Recent (≤5 years),1,Anaemia (WRA),On track
AGO,Angola,NT_ANT_HAZ_NE2_MOD,"Stunting (<-2SD HAZ), modelled estimate, %",Layer 1: Nutrition Outcomes,2024,47.6773,Sub-Saharan Africa,Lower middle income,Recent (≤5 years),0,Stunting,Off track
AGO,Angola,NT_ANT_WHZ_PO2_MOD,"Overweight (>+2SD WHZ), modelled estimate, %",Layer 1: Nutrition Outcomes,2024,4.7389,Sub-Saharan Africa,Lower middle income,Recent (≤5 years),0,Overweight,Monitor (no numeric target)
AGO,Angola,NT_BF_EXBF,"Exclusive breastfeeding <6 months, %",Layer 1: Nutrition Outcomes,2023,32.7,Sub-Saharan Africa,Lower middle income,Recent (≤5 years),1,Excl. Breastfeeding,Off track
AGO,Angola,NT_BW_LBW,"Low birth weight (<2500g), %",Layer 1: Nutrition Outcomes,2020,15.5278,Sub-Saharan Africa,Lower middle income,Recent (≤5 years),4,Low Birth Weight,On track
ALB,Albania,NT_ANE_WOM_15_49_MOD,"Anaemia in women 15-49 years, %",Layer 1: Nutrition Outcomes,2023,24.7,Europe and Central Asia,Upper middle income,Recent (≤5 years),1,Anaemia (WRA),On track
ALB,Albania,NT_ANT_HAZ_NE2_MOD,"Stunting (<-2SD HAZ), modelled estimate, %",Layer 1: Nutrition Outcomes,2024,7.3896,Europe and Central Asia,Upper middle income,Recent (≤5 years),0,Stunting,On track
ALB,Albania,NT_ANT_WHZ_PO2_MOD,"Overweight (>+2SD WHZ), modelled estimate, %",Layer 1: Nutrition Outcomes,2024,16.6834,Europe and Central Asia,Upper middle income,Recent (≤5 years),0,Overweight,Monitor (no numeric target)
ALB,Albania,NT_BF_EXBF,"Exclusive breastfeeding <6 months, %",Layer 1: Nutrition Outcomes,2017,36.5385,Europe and Central Asia,Upper middle income,Dated (6-10 years),7,Excl. Breastfeeding,Off track
ALB,Albania,NT_BW_LBW,"Low birth weight (<2500g), %",Layer 1: Nutrition Outcomes,2020,5.9924,Europe and Central Asia,Upper middle income,Recent (≤5 years),4,Low Birth Weight,On track
AND,Andorra,NT_ANE_WOM_15_49_MOD,"Anaemia in women 15-49 years, %",Layer 1: Nutrition Outcomes,2023,16.4,,,Recent (≤5 years),1,Anaemia (WRA),On track
AND,Andorra,NT_BW_LBW,"Low birth weight (<2500g), %",Layer 1: Nutrition Outcomes,2020,9.3949,,,Recent (≤5 years),4,Low Birth Weight,On track
ARE,United Arab Emirates,NT_ANE_WOM_15_49_MOD,"Anaemia in women 15-49 years, %",Layer 1: Nutrition Outcomes,2023,28.2,Middle East and North Africa,High income,Recent (≤5 years),1,Anaemia (WRA),On track
ARE,United Arab Emirates,NT_BW_LBW,"Low birth weight (<2500g), %",Layer 1: Nutrition Outcomes,2020,13.9407,Middle East and North Africa,High income,Recent (≤5 years),4,Low Birth Weight,On track
ARG,Argentina,NT_ANE_WOM_15_49_MOD,"Anaemia in women 15-49 years, %",Layer 1: Nutrition Outcomes,2023,23.5,Latin America and Caribbean,Upper middle income,Recent (≤5 years),1,Anaemia (WRA),On track
ARG,Argentina,NT_ANT_HAZ_NE2_MOD,"Stunting (<-2SD HAZ), modelled estimate, %",Layer 1: Nutrition Outcomes,2024,10.6918,Latin America and Caribbean,Upper middle income,Recent (≤5 years),0,Stunting,Insufficient progress
ARG,Argentina,NT_ANT_WHZ_PO2_MOD,"Overweight (>+2SD WHZ), modelled estimate, %",Layer 1: Nutrition Outcomes,2024,14.2751,Latin America and Caribbean,Upper middle income,Recent (≤5 years),0,Overweight,Monitor (no numeric target)
ARG,Argentina,NT_BF_EXBF,"Exclusive breastfeeding <6 months, %",Layer 1: Nutrition Outcomes,2011,31.9519,Latin America and Caribbean,Upper middle income,Outdated (>10 years),13,Excl. Breastfeeding,Data outdated
ARG,Argentina,NT_BW_LBW,"Low birth weight (<2500g), %",Layer 1: Nutrition Outcomes,2020,7.3616,Latin America and Caribbean,Upper middle income,Recent (≤5 years),4,Low Birth Weight,On track
ARM,Armenia,NT_ANE_WOM_15_49_MOD,"Anaemia in women 15-49 years, %",Layer 1: Nutrition Outcomes,2023,18.7,Europe and Central Asia,Upper middle income,Recent (≤5 years),1,Anaemia (WRA),On track
ARM,Armenia,NT_ANT_HAZ_NE2_MOD,"Stunting (<-2SD HAZ), modelled estimate, %",Layer 1: Nutrition Outcomes,2024,6.1748,Europe and Central Asia,Upper middle income,Recent (≤5 years),0,Stunting,On track
ARM,Armenia,NT_ANT_WHZ_PO2_MOD,"Overweight (>+2SD WHZ), modelled estimate, %",Layer 1: Nutrition Outcomes,2024,12.867,Europe and Central Asia,Upper middle income,Recent (≤5 years),0,Overweight,Monitor (no numeric target)
ARM,Armenia,NT_BF_EXBF,"Exclusive breastfeeding <6 months, %",Layer 1: Nutrition Outcomes,2016,44.4904,Europe and Central Asia,Upper middle income,Dated (6-10 years),8,Excl. Breastfeeding,Data outdated
ARM,Armenia,NT_BW_LBW,"Low birth weight (<2500g), %",Layer 1: Nutrition Outcomes,2020,8.2723,Europe and Central Asia,Upper middle income,Recent (≤5 years),4,Low Birth Weight,On track
ATG,Antigua and Barbuda,NT_ANE_WOM_15_49_MOD,"Anaemia in women 15-49 years, %",Layer 1: Nutrition Outcomes,2023,20.3,Latin America and Caribbean,High income,Recent (≤5 years),1,Anaemia (WRA),On track
ATG,Antigua and Barbuda,NT_BW_LBW,"Low birth weight (<2500g), %",Layer 1: Nutrition Outcomes,2020,15.3555,Latin America and Caribbean,High income,Recent (≤5 years),4,Low Birth Weight,On track
AUREC_AMU,Arab Maghreb Union (AMU),NT_ANE_WOM_15_49_MOD,"Anaemia in women 15-49 years, %",Layer 1: Nutrition Outcomes,2023,31.2708,,,Recent (≤5 years),1,Anaemia (WRA),On track
AUREC_AMU,Arab Maghreb Union (AMU),NT_ANT_HAZ_NE2_MOD,"Stunting (<-2SD HAZ), modelled estimate, %",Layer 1: Nutrition Outcomes,2024,11.432,,,Recent (≤5 years),0,Stunting,Insufficient progress
AUREC_AMU,Arab Maghreb Union (AMU),NT_ANT_WHZ_PO2_MOD,"Overweight (>+2SD WHZ), modelled estimate, %",Layer 1: Nutrition Outcomes,2024,9.3482,,,Recent (≤5 years),0,Overweight,Monitor (no numeric target)
AUREC_AMU,Arab Maghreb Union (AMU),NT_BF_EXBF,"Exclusive breastfeeding <6 months, %",Layer 1: Nutrition Outcomes,2024,28.8595,,,Recent (≤5 years),0,Excl. Breastfeeding,Off track
AUREC_AMU,Arab Maghreb Union (AMU),NT_BW_LBW,"Low birth weight (<2500g), %",Layer 1: Nutrition Outcomes,2020,10.3136,,,Recent (≤5 years),4,Low Birth Weight,On track
AUREC_CEN_SAD,Community of Sahel-Saharan States (CEN-SAD),NT_ANE_WOM_15_49_MOD,"Anaemia in women 15-49 years, %",Layer 1: Nutrition Outcomes,2023,38.6953,,,Recent (≤5 years),1,Anaemia (WRA),On track
AUREC_CEN_SAD,Community of Sahel-Saharan States (CEN-SAD),NT_ANT_HAZ_NE2_MOD,"Stunting (<-2SD HAZ), modelled estimate, %",Layer 1: Nutrition Outcomes,2024,27.397,,,Recent (≤5 years),0,Stunting,Off track
AUREC_CEN_SAD,Community of Sahel-Saharan States (CEN-SAD),NT_ANT_WHZ_PO2_MOD,"Overweight (>+2SD WHZ), modelled estimate, %",Layer 1: Nutrition Outcomes,2024,3.5057,,,Recent (≤5 years),0,Overweight,Monitor (no numeric target)
AUREC_CEN_SAD,Community of Sahel-Saharan States (CEN-SAD),NT_BF_EXBF,"Exclusive breastfeeding <6 months, %",Layer 1: Nutrition Outcomes,2024,33.5011,,,Recent (≤5 years),0,Excl. Breastfeeding,Off track
AUREC_CEN_SAD,Community of Sahel-Saharan States (CEN-SAD),NT_BW_LBW,"Low birth weight (<2500g), %",Layer 1: Nutrition Outcomes,2020,14.5113,,,Recent (≤5 years),4,Low Birth Weight,On track
AUREC_COMESA,Common Market for Eastern and Southern Africa (COMESA),NT_ANE_WOM_15_49_MOD,"Anaemia in women 15-49 years, %",Layer 1: Nutrition Outcomes,2023,31.3697,,,Recent (≤5 years),1,Anaemia (WRA),On track
AUREC_COMESA,Common Market for Eastern and Southern Africa (COMESA),NT_ANT_HAZ_NE2_MOD,"Stunting (<-2SD HAZ), modelled estimate, %",Layer 1: Nutrition Outcomes,2024,31.3784,,,Recent (≤5 years),0,Stunting,Off track
AUREC_COMESA,Common Market for Eastern and Southern Africa (COMESA),NT_ANT_WHZ_PO2_MOD,"Overweight (>+2SD WHZ), modelled estimate, %",Layer 1: Nutrition Outcomes,2024,4.7728,,,Recent (≤5 years),0,Overweight,Monitor (no numeric target)
AUREC_COMESA,Common Market for Eastern and Southern Africa (COMESA),NT_BF_EXBF,"Exclusive breastfeeding <6 months, %",Layer 1: Nutrition Outcomes,2024,53.8249,,,Recent (≤5 years),0,Excl. Breastfeeding,Insufficient progress
AUREC_COMESA,Common Market for Eastern and Southern Africa (COMESA),NT_BW_LBW,"Low birth weight (<2500g), %",Layer 1: Nutrition Outcomes,2020,13.8531,,,Recent (≤5 years),4,Low Birth Weight,On track
AUREC_EAC,East African Community (EAC),NT_ANE_WOM_15_49_MOD,"Anaemia in women 15-49 years, %",Layer 1: Nutrition Outcomes,2023,34.8655,,,Recent (≤5 years),1,Anaemia (WRA),On track
AUREC_EAC,East African Community (EAC),NT_ANT_HAZ_NE2_MOD,"Stunting (<-2SD HAZ), modelled estimate, %",Layer 1: Nutrition Outcomes,2024,33.7672,,,Recent (≤5 years),0,Stunting,Off track
AUREC_EAC,East African Community (EAC),NT_ANT_WHZ_PO2_MOD,"Overweight (>+2SD WHZ), modelled estimate, %",Layer 1: Nutrition Outcomes,2024,4.2803,,,Recent (≤5 years),0,Overweight,Monitor (no numeric target)
AUREC_EAC,East African Community (EAC),NT_BF_EXBF,"Exclusive breastfeeding <6 months, %",Layer 1: Nutrition Outcomes,2024,59.4807,,,Recent (≤5 years),0,Excl. Breastfeeding,Insufficient progress
AUREC_EAC,East African Community (EAC),NT_BW_LBW,"Low birth weight (<2500g), %",Layer 1: Nutrition Outcomes,2020,11.3119,,,Recent (≤5 years),4,Low Birth Weight,On track
AUREC_ECCAS,Economic Community of Central African States (ECCAS),NT_ANE_WOM_15_49_MOD,"Anaemia in women 15-49 years, %",Layer 1: Nutrition Outcomes,2023,39.8042,,,Recent (≤5 years),1,Anaemia (WRA),On track
AUREC_ECCAS,Economic Community of Central African States (ECCAS),NT_ANT_HAZ_NE2_MOD,"Stunting (<-2SD HAZ), modelled estimate, %",Layer 1: Nutrition Outcomes,2024,40.4418,,,Recent (≤5 years),0,Stunting,Off track
AUREC_ECCAS,Economic Community of Central African States (ECCAS),NT_ANT_WHZ_PO2_MOD,"Overweight (>+2SD WHZ), modelled estimate, %",Layer 1: Nutrition Outcomes,2024,5.1079,,,Recent (≤5 years),0,Overweight,Monitor (no numeric target)
AUREC_ECCAS,Economic Community of Central African States (ECCAS),NT_BF_EXBF,"Exclusive breastfeeding <6 months, %",Layer 1: Nutrition Outcomes,2024,45.7325,,,Recent (≤5 years),0,Excl. Breastfeeding,Insufficient progress
AUREC_ECCAS,Economic Community of Central African States (ECCAS),NT_BW_LBW,"Low birth weight (<2500g), %",Layer 1: Nutrition Outcomes,2020,12.2137,,,Recent (≤5 years),4,Low Birth Weight,On track
AUREC_ECOWAS,Economic Community of West African States (ECOWAS),NT_ANE_WOM_15_49_MOD,"Anaemia in women 15-49 years, %",Layer 1: Nutrition Outcomes,2023,40.324,,,Recent (≤5 years),1,Anaemia (WRA),On track
AUREC_ECOWAS,Economic Community of West African States (ECOWAS),NT_ANT_HAZ_NE2_MOD,"Stunting (<-2SD HAZ), modelled estimate, %",Layer 1: Nutrition Outcomes,2024,29.344,,,Recent (≤5 years),0,Stunting,Off track
AUREC_ECOWAS,Economic Community of West African States (ECOWAS),NT_ANT_WHZ_PO2_MOD,"Overweight (>+2SD WHZ), modelled estimate, %",Layer 1: Nutrition Outcomes,2024,2.228,,,Recent (≤5 years),0,Overweight,Monitor (no numeric target)
AUREC_ECOWAS,Economic Community of West African States (ECOWAS),NT_BF_EXBF,"Exclusive breastfeeding <6 months, %",Layer 1: Nutrition Outcomes,2024,33.9591,,,Recent (≤5 years),0,Excl. Breastfeeding,Off track
AUREC_ECOWAS,Economic Community of West African States (ECOWAS),NT_BW_LBW,"Low birth weight (<2500g), %",Layer 1: Nutrition Outcomes,2020,13.7439,,,Recent (≤5 years),4,Low Birth Weight,On track
AUREC_IGAD,Intergovernmental Authority on Development (IGAD),NT_ANE_WOM_15_49_MOD,"Anaemia in women 15-49 years, %",Layer 1: Nutrition Outcomes,2023,28.8966,,,Recent (≤5 years),1,Anaemia (WRA),On track
AUREC_IGAD,Intergovernmental Authority on Development (IGAD),NT_ANT_HAZ_NE2_MOD,"Stunting (<-2SD HAZ), modelled estimate, %",Layer 1: Nutrition Outcomes,2024,29.905,,,Recent (≤5 years),0,Stunting,Off track
AUREC_IGAD,Intergovernmental Authority on Development (IGAD),NT_ANT_WHZ_PO2_MOD,"Overweight (>+2SD WHZ), modelled estimate, %",Layer 1: Nutrition Outcomes,2024,3.4628,,,Recent (≤5 years),0,Overweight,Monitor (no numeric target)
AUREC_IGAD,Intergovernmental Authority on Development (IGAD),NT_BF_EXBF,"Exclusive breastfeeding <6 months, %",Layer 1: Nutrition Outcomes,2024,55.9656,,,Recent (≤5 years),0,Excl. Breastfeeding,Insufficient progress
AUREC_IGAD,Intergovernmental Authority on Development (IGAD),NT_BW_LBW,"Low birth weight (<2500g), %",Layer 1: Nutrition Outcomes,2020,14.5933,,,Recent (≤5 years),4,Low Birth Weight,On track
AUREC_SADC,Southern African Development Community (SADC),NT_ANE_WOM_15_49_MOD,"Anaemia in women 15-49 years, %",Layer 1: Nutrition Outcomes,2023,36.9917,,,Recent (≤5 years),1,Anaemia (WRA),On track
AUREC_SADC,Southern African Development Community (SADC),NT_ANT_HAZ_NE2_MOD,"Stunting (<-2SD HAZ), modelled estimate, %",Layer 1: Nutrition Outcomes,2024,36.7457,,,Recent (≤5 years),0,Stunting,Off track
AUREC_SADC,Southern African Development Community (SADC),NT_ANT_WHZ_PO2_MOD,"Overweight (>+2SD WHZ), modelled estimate, %",Layer 1: Nutrition Outcomes,2024,5.197,,,Recent (≤5 years),0,Overweight,Monitor (no numeric target)
AUREC_SADC,Southern African Development Community (SADC),NT_BF_EXBF,"Exclusive breastfeeding <6 months, %",Layer 1: Nutrition Outcomes,2024,53.7976,,,Recent (≤5 years),0,Excl. Breastfeeding,Insufficient progress
AUREC_SADC,Southern African Development Community (SADC),NT_BW_LBW,"Low birth weight (<2500g), %",Layer 1: Nutrition Outcomes,2020,13.0548,,,Recent (≤5 years),4,Low Birth Weight,On track
AUS,Australia,NT_ANE_WOM_15_49_MOD,"Anaemia in women 15-49 years, %",Layer 1: Nutrition Outcomes,2023,11.1,East Asia and Pacific,High income,Recent (≤5 years),1,Anaemia (WRA),On track
AUS,Australia,NT_ANT_HAZ_NE2_MOD,"Stunting (<-2SD HAZ), modelled estimate, %",Layer 1: Nutrition Outcomes,2024,3.1005,East Asia and Pacific,High income,Recent (≤5 years),0,Stunting,On track
AUS,Australia,NT_ANT_WHZ_PO2_MOD,"Overweight (>+2SD WHZ), modelled estimate, %",Layer 1: Nutrition Outcomes,2024,26.4308,East Asia and Pacific,High income,Recent (≤5 years),0,Overweight,Monitor (no numeric target)
AUS,Australia,NT_BW_LBW,"Low birth weight (<2500g), %",Layer 1: Nutrition Outcomes,2020,6.5537,East Asia and Pacific,High income,Recent (≤5 years),4,Low Birth Weight,On track
AUT,Austria,NT_ANE_WOM_15_49_MOD,"Anaemia in women 15-49 years, %",Layer 1: Nutrition Outcomes,2023,16.7,Europe and Central Asia,High income,Recent (≤5 years),1,Anaemia (WRA),On track
AUT,Austria,NT_BW_LBW,"Low birth weight (<2500g), %",Layer 1: Nutrition Outcomes,2020,6.3054,Europe and Central Asia,High income,Recent (≤5 years),4,Low Birth Weight,On track
AU_AFRICA,African Union,NT_ANE_WOM_15_49_MOD,"Anaemia in women 15-49 years, %",Layer 1: Nutrition Outcomes,2023,35.8945,,,Recent (≤5 years),1,Anaemia (WRA),On track
AU_AFRICA,African Union,NT_ANT_HAZ_NE2_MOD,"Stunting (<-2SD HAZ), modelled estimate, %",Layer 1: Nutrition Outcomes,2024,30.2716,,,Recent (≤5 years),0,Stunting,Off track
AU_AFRICA,African Union,NT_ANT_WHZ_PO2_MOD,"Overweight (>+2SD WHZ), modelled estimate, %",Layer 1: Nutrition Outcomes,2024,4.5078,,,Recent (≤5 years),0,Overweight,Monitor (no numeric target)
AU_AFRICA,African Union,NT_BF_EXBF,"Exclusive breastfeeding <6 months, %",Layer 1: Nutrition Outcomes,2024,44.7919,,,Recent (≤5 years),0,Excl. Breastfeeding,Off track
AU_AFRICA,African Union,NT_BW_LBW,"Low birth weight (<2500g), %",Layer 1: Nutrition Outcomes,2020,13.8886,,,Recent (≤5 years),4,Low Birth Weight,On track
AU_CENTRAL_AFRICA,Central Africa (African Union),NT_ANE_WOM_15_49_MOD,"Anaemia in women 15-49 years, %",Layer 1: Nutrition Outcomes,2023,41.0548,,,Recent (≤5 years),1,Anaemia (WRA),On track
AU_CENTRAL_AFRICA,Central Africa (African Union),NT_ANT_HAZ_NE2_MOD,"Stunting (<-2SD HAZ), modelled estimate, %",Layer 1: Nutrition Outcomes,2024,39.6469,,,Recent (≤5 years),0,Stunting,Off track
AU_CENTRAL_AFRICA,Central Africa (African Union),NT_ANT_WHZ_PO2_MOD,"Overweight (>+2SD WHZ), modelled estimate, %",Layer 1: Nutrition Outcomes,2024,5.1877,,,Recent (≤5 years),0,Overweight,Monitor (no numeric target)
AU_CENTRAL_AFRICA,Central Africa (African Union),NT_BF_EXBF,"Exclusive breastfeeding <6 months, %",Layer 1: Nutrition Outcomes,2024,46.301,,,Recent (≤5 years),0,Excl. Breastfeeding,Insufficient progress
AU_CENTRAL_AFRICA,Central Africa (African Union),NT_BW_LBW,"Low birth weight (<2500g), %",Layer 1: Nutrition Outcomes,2020,11.7379,,,Recent (≤5 years),4,Low Birth Weight,On track
AU_EASTERN_AFRICA,Eastern Africa (African Union),NT_ANE_WOM_15_49_MOD,"Anaemia in women 15-49 years, %",Layer 1: Nutrition Outcomes,2023,30.5624,,,Recent (≤5 years),1,Anaemia (WRA),On track
AU_EASTERN_AFRICA,Eastern Africa (African Union),NT_ANT_HAZ_NE2_MOD,"Stunting (<-2SD HAZ), modelled estimate, %",Layer 1: Nutrition Outcomes,2024,30.4589,,,Recent (≤5 years),0,Stunting,Off track
AU_EASTERN_AFRICA,Eastern Africa (African Union),NT_ANT_WHZ_PO2_MOD,"Overweight (>+2SD WHZ), modelled estimate, %",Layer 1: Nutrition Outcomes,2024,3.6384,,,Recent (≤5 years),0,Overweight,Monitor (no numeric target)
AU_EASTERN_AFRICA,Eastern Africa (African Union),NT_BF_EXBF,"Exclusive breastfeeding <6 months, %",Layer 1: Nutrition Outcomes,2024,58.6432,,,Recent (≤5 years),0,Excl. Breastfeeding,Insufficient progress
AU_EASTERN_AFRICA,Eastern Africa (African Union),NT_BW_LBW,"Low birth weight (<2500g), %",Layer 1: Nutrition Outcomes,2020,13.9471,,,Recent (≤5 years),4,Low Birth Weight,On track
AU_NORTHERN_AFRICA,Northern Africa (African Union),NT_ANE_WOM_15_49_MOD,"Anaemia in women 15-49 years, %",Layer 1: Nutrition Outcomes,2023,32.0076,,,Recent (≤5 years),1,Anaemia (WRA),On track
AU_NORTHERN_AFRICA,Northern Africa (African Union),NT_ANT_HAZ_NE2_MOD,"Stunting (<-2SD HAZ), modelled estimate, %",Layer 1: Nutrition Outcomes,2024,12.2227,,,Recent (≤5 years),0,Stunting,Insufficient progress
AU_NORTHERN_AFRICA,Northern Africa (African Union),NT_ANT_WHZ_PO2_MOD,"Overweight (>+2SD WHZ), modelled estimate, %",Layer 1: Nutrition Outcomes,2024,10.3456,,,Recent (≤5 years),0,Overweight,Monitor (no numeric target)
AU_NORTHERN_AFRICA,Northern Africa (African Union),NT_BF_EXBF,"Exclusive breastfeeding <6 months, %",Layer 1: Nutrition Outcomes,2024,36.3869,,,Recent (≤5 years),0,Excl. Breastfeeding,Off track
AU_NORTHERN_AFRICA,Northern Africa (African Union),NT_BW_LBW,"Low birth weight (<2500g), %",Layer 1: Nutrition Outcomes,2020,13.8096,,,Recent (≤5 years),4,Low Birth Weight,On track
AU_SOUTHERN_AFRICA,Southern Africa (African Union),NT_ANE_WOM_15_49_MOD,"Anaemia in women 15-49 years, %",Layer 1: Nutrition Outcomes,2023,35.0821,,,Recent (≤5 years),1,Anaemia (WRA),On track
AU_SOUTHERN_AFRICA,Southern Africa (African Union),NT_ANT_HAZ_NE2_MOD,"Stunting (<-2SD HAZ), modelled estimate, %",Layer 1: Nutrition Outcomes,2024,34.0999,,,Recent (≤5 years),0,Stunting,Off track
AU_SOUTHERN_AFRICA,Southern Africa (African Union),NT_ANT_WHZ_PO2_MOD,"Overweight (>+2SD WHZ), modelled estimate, %",Layer 1: Nutrition Outcomes,2024,6.5927,,,Recent (≤5 years),0,Overweight,Monitor (no numeric target)
AU_SOUTHERN_AFRICA,Southern Africa (African Union),NT_BF_EXBF,"Exclusive breastfeeding <6 months, %",Layer 1: Nutrition Outcomes,2024,49.8126,,,Recent (≤5 years),0,Excl. Breastfeeding,Insufficient progress
AU_SOUTHERN_AFRICA,Southern Africa (African Union),NT_BW_LBW,"Low birth weight (<2500g), %",Layer 1: Nutrition Outcomes,2020,15.3889,,,Recent (≤5 years),4,Low Birth Weight,On track
AU_WESTERN_AFRICA,Western Africa (African Union),NT_ANE_WOM_15_49_MOD,"Anaemia in women 15-49 years, %",Layer 1: Nutrition Outcomes,2023,41.7198,,,Recent (≤5 years),1,Anaemia (WRA),On track
AU_WESTERN_AFRICA,Western Africa (African Union),NT_ANT_HAZ_NE2_MOD,"Stunting (<-2SD HAZ), modelled estimate, %",Layer 1: Nutrition Outcomes,2024,29.8206,,,Recent (≤5 years),0,Stunting,Off track
AU_WESTERN_AFRICA,Western Africa (African Union),NT_ANT_WHZ_PO2_MOD,"Overweight (>+2SD WHZ), modelled estimate, %",Layer 1: Nutrition Outcomes,2024,2.2244,,,Recent (≤5 years),0,Overweight,Monitor (no numeric target)
AU_WESTERN_AFRICA,Western Africa (African Union),NT_BF_EXBF,"Exclusive breastfeeding <6 months, %",Layer 1: Nutrition Outcomes,2024,34.5515,,,Recent (≤5 years),0,Excl. Breastfeeding,Off track
AU_WESTERN_AFRICA,Western Africa (African Union),NT_BW_LBW,"Low birth weight (<2500g), %",Layer 1: Nutrition Outcomes,2020,14.2827,,,Recent (≤5 years),4,Low Birth Weight,On track
AZE,Azerbaijan,NT_ANE_WOM_15_49_MOD,"Anaemia in women 15-49 years, %",Layer 1: Nutrition Outcomes,2023,35.6,Europe and Central Asia,Upper middle income,Recent (≤5 years),1,Anaemia (WRA),On track
AZE,Azerbaijan,NT_ANT_HAZ_NE2_MOD,"Stunting (<-2SD HAZ), modelled estimate, %",Layer 1: Nutrition Outcomes,2024,6.8197,Europe and Central Asia,Upper middle income,Recent (≤5 years),0,Stunting,On track
AZE,Azerbaijan,NT_ANT_WHZ_PO2_MOD,"Overweight (>+2SD WHZ), modelled estimate, %",Layer 1: Nutrition Outcomes,2024,4.1889,Europe and Central Asia,Upper middle income,Recent (≤5 years),0,Overweight,Monitor (no numeric target)
AZE,Azerbaijan,NT_BF_EXBF,"Exclusive breastfeeding <6 months, %",Layer 1: Nutrition Outcomes,2023,18.4198,Europe and Central Asia,Upper middle income,Recent (≤5 years),1,Excl. Breastfeeding,Off track
AZE,Azerbaijan,NT_BW_LBW,"Low birth weight (<2500g), %",Layer 1: Nutrition Outcomes,2020,11.0353,Europe and Central Asia,Upper middle income,Recent (≤5 years),4,Low Birth Weight,On track
BDI,Burundi,NT_ANE_WOM_15_49_MOD,"Anaemia in women 15-49 years, %",Layer 1: Nutrition Outcomes,2023,39.0,Sub-Saharan Africa,Low income,Recent (≤5 years),1,Anaemia (WRA),On track
BDI,Burundi,NT_ANT_HAZ_NE2_MOD,"Stunting (<-2SD HAZ), modelled estimate, %",Layer 1: Nutrition Outcomes,2024,55.2516,Sub-Saharan Africa,Low income,Recent (≤5 years),0,Stunting,Off track
BDI,Burundi,NT_ANT_WHZ_PO2_MOD,"Overweight (>+2SD WHZ), modelled estimate, %",Layer 1: Nutrition Outcomes,2024,2.3776,Sub-Saharan Africa,Low income,Recent (≤5 years),0,Overweight,Monitor (no numeric target)
BDI,Burundi,NT_BF_EXBF,"Exclusive breastfeeding <6 months, %",Layer 1: Nutrition Outcomes,2024,83.3,Sub-Saharan Africa,Low income,Recent (≤5 years),0,Excl. Breastfeeding,On track
BDI,Burundi,NT_BW_LBW,"Low birth weight (<2500g), %",Layer 1: Nutrition Outcomes,2020,14.7769,Sub-Saharan Africa,Low income,Recent (≤5 years),4,Low Birth Weight,On track
BEL,Belgium,NT_ANE_WOM_15_49_MOD,"Anaemia in women 15-49 years, %",Layer 1: Nutrition Outcomes,2023,15.0,Europe and Central Asia,High income,Recent (≤5 years),1,Anaemia (WRA),On track
BEL,Belgium,NT_ANT_HAZ_NE2_MOD,"Stunting (<-2SD HAZ), modelled estimate, %",Layer 1: Nutrition Outcomes,2024,2.6124,Europe and Central Asia,High income,Recent (≤5 years),0,Stunting,On track
BEL,Belgium,NT_ANT_WHZ_PO2_MOD,"Overweight (>+2SD WHZ), modelled estimate, %",Layer 1: Nutrition Outcomes,2024,4.9067,Europe and Central Asia,High income,Recent (≤5 years),0,Overweight,Monitor (no numeric target)
BEL,Belgium,NT_BW_LBW,"Low birth weight (<2500g), %",Layer 1: Nutrition Outcomes,2020,6.7562,Europe and Central Asia,High income,Recent (≤5 years),4,Low Birth Weight,On track
BEN,Benin,NT_ANE_WOM_15_49_MOD,"Anaemia in women 15-49 years, %",Layer 1: Nutrition Outcomes,2023,50.0,Sub-Saharan Africa,Lower middle income,Recent (≤5 years),1,Anaemia (WRA),On track
BEN,Benin,NT_ANT_HAZ_NE2_MOD,"Stunting (<-2SD HAZ), modelled estimate, %",Layer 1: Nutrition Outcomes,2024,33.2171,Sub-Saharan Africa,Lower middle income,Recent (≤5 years),0,Stunting,Off track
BEN,Benin,NT_ANT_WHZ_PO2_MOD,"Overweight (>+2SD WHZ), modelled estimate, %",Layer 1: Nutrition Outcomes,2024,3.7316,Sub-Saharan Africa,Lower middle income,Recent (≤5 years),0,Overweight,Monitor (no numeric target)
BEN,Benin,NT_BF_EXBF,"Exclusive breastfeeding <6 months, %",Layer 1: Nutrition Outcomes,2021,44.9468,Sub-Saharan Africa,Lower middle income,Recent (≤5 years),3,Excl. Breastfeeding,Off track
BEN,Benin,NT_BW_LBW,"Low birth weight (<2500g), %",Layer 1: Nutrition Outcomes,2020,16.4458,Sub-Saharan Africa,Lower middle income,Recent (≤5 years),4,Low Birth Weight,On track
BFA,Burkina Faso,NT_ANE_WOM_15_49_MOD,"Anaemia in women 15-49 years, %",Layer 1: Nutrition Outcomes,2023,44.3,Sub-Saharan Africa,Low income,Recent (≤5 years),1,Anaemia (WRA),On track
BFA,Burkina Faso,NT_ANT_HAZ_NE2_MOD,"Stunting (<-2SD HAZ), modelled estimate, %",Layer 1: Nutrition Outcomes,2024,19.5408,Sub-Saharan Africa,Low income,Recent (≤5 years),0,Stunting,Off track
BFA,Burkina Faso,NT_ANT_WHZ_PO2_MOD,"Overweight (>+2SD WHZ), modelled estimate, %",Layer 1: Nutrition Outcomes,2024,2.8138,Sub-Saharan Africa,Low income,Recent (≤5 years),0,Overweight,Monitor (no numeric target)
BFA,Burkina Faso,NT_BF_EXBF,"Exclusive breastfeeding <6 months, %",Layer 1: Nutrition Outcomes,2021,51.2577,Sub-Saharan Africa,Low income,Recent (≤5 years),3,Excl. Breastfeeding,Insufficient progress
BFA,Burkina Faso,NT_BW_LBW,"Low birth weight (<2500g), %",Layer 1: Nutrition Outcomes,2020,18.4687,Sub-Saharan Africa,Low income,Recent (≤5 years),4,Low Birth Weight,On track
BGD,Bangladesh,NT_ANE_WOM_15_49_MOD,"Anaemia in women 15-49 years, %",Layer 1: Nutrition Outcomes,2023,37.6,South Asia,Lower middle income,Recent (≤5 years),1,Anaemia (WRA),On track
BGD,Bangladesh,NT_ANT_HAZ_NE2_MOD,"Stunting (<-2SD HAZ), modelled estimate, %",Layer 1: Nutrition Outcomes,2024,25.0916,South Asia,Lower middle income,Recent (≤5 years),0,Stunting,Off track
BGD,Bangladesh,NT_ANT_WHZ_PO2_MOD,"Overweight (>+2SD WHZ), modelled estimate, %",Layer 1: Nutrition Outcomes,2024,1.6215,South Asia,Lower middle income,Recent (≤5 years),0,Overweight,Monitor (no numeric target)
BGD,Bangladesh,NT_BF_EXBF,"Exclusive breastfeeding <6 months, %",Layer 1: Nutrition Outcomes,2022,53.2855,South Asia,Lower middle income,Recent (≤5 years),2,Excl. Breastfeeding,Insufficient progress
BGD,Bangladesh,NT_BW_LBW,"Low birth weight (<2500g), %",Layer 1: Nutrition Outcomes,2020,23.0467,South Asia,Lower middle income,Recent (≤5 years),4,Low Birth Weight,On track
BGR,Bulgaria,NT_ANE_WOM_15_49_MOD,"Anaemia in women 15-49 years, %",Layer 1: Nutrition Outcomes,2023,25.8,Europe and Central Asia,Upper middle income,Recent (≤5 years),1,Anaemia (WRA),On track
BGR,Bulgaria,NT_ANT_HAZ_NE2_MOD,"Stunting (<-2SD HAZ), modelled estimate, %",Layer 1: Nutrition Outcomes,2024,5.5262,Europe and Central Asia,Upper middle income,Recent (≤5 years),0,Stunting,On track
BGR,Bulgaria,NT_ANT_WHZ_PO2_MOD,"Overweight (>+2SD WHZ), modelled estimate, %",Layer 1: Nutrition Outcomes,2024,5.47,Europe and Central Asia,Upper middle income,Recent (≤5 years),0,Overweight,Monitor (no numeric target)
BGR,Bulgaria,NT_BW_LBW,"Low birth weight (<2500g), %",Layer 1: Nutrition Outcomes,2020,11.3616,Europe and Central Asia,Upper middle income,Recent (≤5 years),4,Low Birth Weight,On track
BHR,Bahrain,NT_ANE_WOM_15_49_MOD,"Anaemia in women 15-49 years, %",Layer 1: Nutrition Outcomes,2023,38.4,Middle East and North Africa,High income,Recent (≤5 years),1,Anaemia (WRA),On track
BHR,Bahrain,NT_ANT_HAZ_NE2_MOD,"Stunting (<-2SD HAZ), modelled estimate, %",Layer 1: Nutrition Outcomes,2024,4.624,Middle East and North Africa,High income,Recent (≤5 years),0,Stunting,On track
BHR,Bahrain,NT_BW_LBW,"Low birth weight (<2500g), %",Layer 1: Nutrition Outcomes,2020,12.4415,Middle East and North Africa,High income,Recent (≤5 years),4,Low Birth Weight,On track
BHS,Bahamas,NT_ANE_WOM_15_49_MOD,"Anaemia in women 15-49 years, %",Layer 1: Nutrition Outcomes,2023,18.8,Latin America and Caribbean,High income,Recent (≤5 years),1,Anaemia (WRA),On track
BHS,Bahamas,NT_BW_LBW,"Low birth weight (<2500g), %",Layer 1: Nutrition Outcomes,2020,15.3972,Latin America and Caribbean,High income,Recent (≤5 years),4,Low Birth Weight,On track
BIH,Bosnia and Herzegovina,NT_ANE_WOM_15_49_MOD,"Anaemia in women 15-49 years, %",Layer 1: Nutrition Outcomes,2023,26.0,Europe and Central Asia,Upper middle income,Recent (≤5 years),1,Anaemia (WRA),On track
BIH,Bosnia and Herzegovina,NT_ANT_HAZ_NE2_MOD,"Stunting (<-2SD HAZ), modelled estimate, %",Layer 1: Nutrition Outcomes,2024,7.9154,Europe and Central Asia,Upper middle income,Recent (≤5 years),0,Stunting,On track
BIH,Bosnia and Herzegovina,NT_ANT_WHZ_PO2_MOD,"Overweight (>+2SD WHZ), modelled estimate, %",Layer 1: Nutrition Outcomes,2024,13.0277,Europe and Central Asia,Upper middle income,Recent (≤5 years),0,Overweight,Monitor (no numeric target)
BIH,Bosnia and Herzegovina,NT_BF_EXBF,"Exclusive breastfeeding <6 months, %",Layer 1: Nutrition Outcomes,2012,18.1893,Europe and Central Asia,Upper middle income,Outdated (>10 years),12,Excl. Breastfeeding,Data outdated
BIH,Bosnia and Herzegovina,NT_BW_LBW,"Low birth weight (<2500g), %",Layer 1: Nutrition Outcomes,2020,5.1547,Europe and Central Asia,Upper middle income,Recent (≤5 years),4,Low Birth Weight,On track
BLR,Belarus,NT_ANE_WOM_15_49_MOD,"Anaemia in women 15-49 years, %",Layer 1: Nutrition Outcomes,2023,22.1,Europe and Central Asia,,Recent (≤5 years),1,Anaemia (WRA),On track
BLR,Belarus,NT_ANT_HAZ_NE2_MOD,"Stunting (<-2SD HAZ), modelled estimate, %",Layer 1: Nutrition Outcomes,2024,1.147,Europe and Central Asia,,Recent (≤5 years),0,Stunting,On track
BLR,Belarus,NT_ANT_WHZ_PO2_MOD,"Overweight (>+2SD WHZ), modelled estimate, %",Layer 1: Nutrition Outcomes,2024,3.4135,Europe and Central Asia,,Recent (≤5 years),0,Overweight,Monitor (no numeric target)
BLR,Belarus,NT_BF_EXBF,"Exclusive breastfeeding <6 months, %",Layer 1: Nutrition Outcomes,2019,21.7044,Europe and Central Asia,,Recent (≤5 years),5,Excl. Breastfeeding,Off track
BLR,Belarus,NT_BW_LBW,"Low birth weight (<2500g), %",Layer 1: Nutrition Outcomes,2020,5.123,Europe and Central Asia,,Recent (≤5 years),4,Low Birth Weight,On track
BLZ,Belize,NT_ANE_WOM_15_49_MOD,"Anaemia in women 15-49 years, %",Layer 1: Nutrition Outcomes,2023,21.3,Latin America and Caribbean,Lower middle income,Recent (≤5 years),1,Anaemia (WRA),On track
BLZ,Belize,NT_ANT_HAZ_NE2_MOD,"Stunting (<-2SD HAZ), modelled estimate, %",Layer 1: Nutrition Outcomes,2024,11.6866,Latin America and Caribbean,Lower middle income,Recent (≤5 years),0,Stunting,Insufficient progress
BLZ,Belize,NT_ANT_WHZ_PO2_MOD,"Overweight (>+2SD WHZ), modelled estimate, %",Layer 1: Nutrition Outcomes,2024,5.6497,Latin America and Caribbean,Lower middle income,Recent (≤5 years),0,Overweight,Monitor (no numeric target)
BLZ,Belize,NT_BF_EXBF,"Exclusive breastfeeding <6 months, %",Layer 1: Nutrition Outcomes,2015,33.1646,Latin America and Caribbean,Lower middle income,Dated (6-10 years),9,Excl. Breastfeeding,Data outdated
BLZ,Belize,NT_BW_LBW,"Low birth weight (<2500g), %",Layer 1: Nutrition Outcomes,2020,11.559,Latin America and Caribbean,Lower middle income,Recent (≤5 years),4,Low Birth Weight,On track
BOL,Bolivia (Plurinational State of),NT_ANE_WOM_15_49_MOD,"Anaemia in women 15-49 years, %",Layer 1: Nutrition Outcomes,2023,24.9,Latin America and Caribbean,Lower middle income,Recent (≤5 years),1,Anaemia (WRA),On track
BOL,Bolivia (Plurinational State of),NT_ANT_HAZ_NE2_MOD,"Stunting (<-2SD HAZ), modelled estimate, %",Layer 1: Nutrition Outcomes,2024,10.7258,Latin America and Caribbean,Lower middle income,Recent (≤5 years),0,Stunting,Insufficient progress
BOL,Bolivia (Plurinational State of),NT_ANT_WHZ_PO2_MOD,"Overweight (>+2SD WHZ), modelled estimate, %",Layer 1: Nutrition Outcomes,2024,9.8887,Latin America and Caribbean,Lower middle income,Recent (≤5 years),0,Overweight,Monitor (no numeric target)
BOL,Bolivia (Plurinational State of),NT_BF_EXBF,"Exclusive breastfeeding <6 months, %",Layer 1: Nutrition Outcomes,2016,55.6582,Latin America and Caribbean,Lower middle income,Dated (6-10 years),8,Excl. Breastfeeding,Data outdated
BOL,Bolivia (Plurinational State of),NT_BW_LBW,"Low birth weight (<2500g), %",Layer 1: Nutrition Outcomes,2020,7.9334,Latin America and Caribbean,Lower middle income,Recent (≤5 years),4,Low Birth Weight,On track
BRA,Brazil,NT_ANE_WOM_15_49_MOD,"Anaemia in women 15-49 years, %",Layer 1: Nutrition Outcomes,2023,21.3,Latin America and Caribbean,Upper middle income,Recent (≤5 years),1,Anaemia (WRA),On track
BRA,Brazil,NT_ANT_HAZ_NE2_MOD,"Stunting (<-2SD HAZ), modelled estimate, %",Layer 1: Nutrition Outcomes,2024,8.8894,Latin America and Caribbean,Upper middle income,Recent (≤5 years),0,Stunting,On track
BRA,Brazil,NT_ANT_WHZ_PO2_MOD,"Overweight (>+2SD WHZ), modelled estimate, %",Layer 1: Nutrition Outcomes,2024,10.8814,Latin America and Caribbean,Upper middle income,Recent (≤5 years),0,Overweight,Monitor (no numeric target)
BRA,Brazil,NT_BF_EXBF,"Exclusive breastfeeding <6 months, %",Layer 1: Nutrition Outcomes,2019,45.8,Latin America and Caribbean,Upper middle income,Recent (≤5 years),5,Excl. Breastfeeding,Insufficient progress
BRA,Brazil,NT_BW_LBW,"Low birth weight (<2500g), %",Layer 1: Nutrition Outcomes,2020,8.6981,Latin America and Caribbean,Upper middle income,Recent (≤5 years),4,Low Birth Weight,On track
BRB,Barbados,NT_ANE_WOM_15_49_MOD,"Anaemia in women 15-49 years, %",Layer 1: Nutrition Outcomes,2023,20.1,Latin America and Caribbean,High income,Recent (≤5 years),1,Anaemia (WRA),On track
BRB,Barbados,NT_ANT_HAZ_NE2_MOD,"Stunting (<-2SD HAZ), modelled estimate, %",Layer 1: Nutrition Outcomes,2024,5.7679,Latin America and Caribbean,High income,Recent (≤5 years),0,Stunting,On track
BRB,Barbados,NT_ANT_WHZ_PO2_MOD,"Overweight (>+2SD WHZ), modelled estimate, %",Layer 1: Nutrition Outcomes,2024,13.0229,Latin America and Caribbean,High income,Recent (≤5 years),0,Overweight,Monitor (no numeric target)
BRB,Barbados,NT_BF_EXBF,"Exclusive breastfeeding <6 months, %",Layer 1: Nutrition Outcomes,2012,19.6969,Latin America and Caribbean,High income,Outdated (>10 years),12,Excl. Breastfeeding,Data outdated
BRN,Brunei Darussalam,NT_ANE_WOM_15_49_MOD,"Anaemia in women 15-49 years, %",Layer 1: Nutrition Outcomes,2023,18.3,East Asia and Pacific,High income,Recent (≤5 years),1,Anaemia (WRA),On track
BRN,Brunei Darussalam,NT_ANT_HAZ_NE2_MOD,"Stunting (<-2SD HAZ), modelled estimate, %",Layer 1: Nutrition Outcomes,2024,9.9426,East Asia and Pacific,High income,Recent (≤5 years),0,Stunting,On track
BRN,Brunei Darussalam,NT_ANT_WHZ_PO2_MOD,"Overweight (>+2SD WHZ), modelled estimate, %",Layer 1: Nutrition Outcomes,2024,9.4567,East Asia and Pacific,High income,Recent (≤5 years),0,Overweight,Monitor (no numeric target)
BRN,Brunei Darussalam,NT_BW_LBW,"Low birth weight (<2500g), %",Layer 1: Nutrition Outcomes,2020,13.6415,East Asia and Pacific,High income,Recent (≤5 years),4,Low Birth Weight,On track
BTN,Bhutan,NT_ANE_WOM_15_49_MOD,"Anaemia in women 15-49 years, %",Layer 1: Nutrition Outcomes,2023,33.8,South Asia,Lower middle income,Recent (≤5 years),1,Anaemia (WRA),On track
BTN,Bhutan,NT_ANT_HAZ_NE2_MOD,"Stunting (<-2SD HAZ), modelled estimate, %",Layer 1: Nutrition Outcomes,2024,17.8741,South Asia,Lower middle income,Recent (≤5 years),0,Stunting,Off track
BTN,Bhutan,NT_ANT_WHZ_PO2_MOD,"Overweight (>+2SD WHZ), modelled estimate, %",Layer 1: Nutrition Outcomes,2024,7.9868,South Asia,Lower middle income,Recent (≤5 years),0,Overweight,Monitor (no numeric target)
BTN,Bhutan,NT_BF_EXBF,"Exclusive breastfeeding <6 months, %",Layer 1: Nutrition Outcomes,2023,69.4,South Asia,Lower middle income,Recent (≤5 years),1,Excl. Breastfeeding,On track
BTN,Bhutan,NT_BW_LBW,"Low birth weight (<2500g), %",Layer 1: Nutrition Outcomes,2020,11.431,South Asia,Lower middle income,Recent (≤5 years),4,Low Birth Weight,On track
BWA,Botswana,NT_ANE_WOM_15_49_MOD,"Anaemia in women 15-49 years, %",Layer 1: Nutrition Outcomes,2023,30.9,Sub-Saharan Africa,Upper middle income,Recent (≤5 years),1,Anaemia (WRA),On track
BWA,Botswana,NT_ANT_HAZ_NE2_MOD,"Stunting (<-2SD HAZ), modelled estimate, %",Layer 1: Nutrition Outcomes,2024,20.9845,Sub-Saharan Africa,Upper middle income,Recent (≤5 years),0,Stunting,Off track
BWA,Botswana,NT_ANT_WHZ_PO2_MOD,"Overweight (>+2SD WHZ), modelled estimate, %",Layer 1: Nutrition Outcomes,2024,11.4868,Sub-Saharan Africa,Upper middle income,Recent (≤5 years),0,Overweight,Monitor (no numeric target)
BWA,Botswana,NT_BF_EXBF,"Exclusive breastfeeding <6 months, %",Layer 1: Nutrition Outcomes,2017,29.9944,Sub-Saharan Africa,Upper middle income,Dated (6-10 years),7,Excl. Breastfeeding,Off track
BWA,Botswana,NT_BW_LBW,"Low birth weight (<2500g), %",Layer 1: Nutrition Outcomes,2020,16.8344,Sub-Saharan Africa,Upper middle income,Recent (≤5 years),4,Low Birth Weight,On track
CAF,Central African Republic,NT_ANE_WOM_15_49_MOD,"Anaemia in women 15-49 years, %",Layer 1: Nutrition Outcomes,2023,43.4,Sub-Saharan Africa,Low income,Recent (≤5 years),1,Anaemia (WRA),On track
CAF,Central African Republic,NT_ANT_HAZ_NE2_MOD,"Stunting (<-2SD HAZ), modelled estimate, %",Layer 1: Nutrition Outcomes,2024,38.9465,Sub-Saharan Africa,Low income,Recent (≤5 years),0,Stunting,Off track
CAF,Central African Republic,NT_ANT_WHZ_PO2_MOD,"Overweight (>+2SD WHZ), modelled estimate, %",Layer 1: Nutrition Outcomes,2024,2.2882,Sub-Saharan Africa,Low income,Recent (≤5 years),0,Overweight,Monitor (no numeric target)
CAF,Central African Republic,NT_BF_EXBF,"Exclusive breastfeeding <6 months, %",Layer 1: Nutrition Outcomes,2019,36.1522,Sub-Saharan Africa,Low income,Recent (≤5 years),5,Excl. Breastfeeding,Off track
CAF,Central African Republic,NT_BW_LBW,"Low birth weight (<2500g), %",Layer 1: Nutrition Outcomes,2020,16.3547,Sub-Saharan Africa,Low income,Recent (≤5 years),4,Low Birth Weight,On track
CAN,Canada,NT_ANE_WOM_15_49_MOD,"Anaemia in women 15-49 years, %",Layer 1: Nutrition Outcomes,2023,14.0,North America,High income,Recent (≤5 years),1,Anaemia (WRA),On track
CAN,Canada,NT_ANT_WHZ_PO2_MOD,"Overweight (>+2SD WHZ), modelled estimate, %",Layer 1: Nutrition Outcomes,2024,11.3564,North America,High income,Recent (≤5 years),0,Overweight,Monitor (no numeric target)
CAN,Canada,NT_BW_LBW,"Low birth weight (<2500g), %",Layer 1: Nutrition Outcomes,2020,6.6254,North America,High income,Recent (≤5 years),4,Low Birth Weight,On track
CHE,Switzerland,NT_ANE_WOM_15_49_MOD,"Anaemia in women 15-49 years, %",Layer 1: Nutrition Outcomes,2023,16.6,Europe and Central Asia,High income,Recent (≤5 years),1,Anaemia (WRA),On track
CHE,Switzerland,NT_BW_LBW,"Low birth weight (<2500g), %",Layer 1: Nutrition Outcomes,2020,6.4161,Europe and Central Asia,High income,Recent (≤5 years),4,Low Birth Weight,On track
CHL,Chile,NT_ANE_WOM_15_49_MOD,"Anaemia in women 15-49 years, %",Layer 1: Nutrition Outcomes,2023,15.7,Latin America and Caribbean,High income,Recent (≤5 years),1,Anaemia (WRA),On track
CHL,Chile,NT_ANT_HAZ_NE2_MOD,"Stunting (<-2SD HAZ), modelled estimate, %",Layer 1: Nutrition Outcomes,2024,1.708,Latin America and Caribbean,High income,Recent (≤5 years),0,Stunting,On track
CHL,Chile,NT_ANT_WHZ_PO2_MOD,"Overweight (>+2SD WHZ), modelled estimate, %",Layer 1: Nutrition Outcomes,2024,8.7377,Latin America and Caribbean,High income,Recent (≤5 years),0,Overweight,Monitor (no numeric target)
CHL,Chile,NT_BW_LBW,"Low birth weight (<2500g), %",Layer 1: Nutrition Outcomes,2020,6.8367,Latin America and Caribbean,High income,Recent (≤5 years),4,Low Birth Weight,On track
CHN,China,NT_ANE_WOM_15_49_MOD,"Anaemia in women 15-49 years, %",Layer 1: Nutrition Outcomes,2023,15.6,East Asia and Pacific,Upper middle income,Recent (≤5 years),1,Anaemia (WRA),On track
CHN,China,NT_ANT_HAZ_NE2_MOD,"Stunting (<-2SD HAZ), modelled estimate, %",Layer 1: Nutrition Outcomes,2024,4.5244,East Asia and Pacific,Upper middle income,Recent (≤5 years),0,Stunting,On track
CHN,China,NT_ANT_WHZ_PO2_MOD,"Overweight (>+2SD WHZ), modelled estimate, %",Layer 1: Nutrition Outcomes,2024,11.1292,East Asia and Pacific,Upper middle income,Recent (≤5 years),0,Overweight,Monitor (no numeric target)
CHN,China,NT_BF_EXBF,"Exclusive breastfeeding <6 months, %",Layer 1: Nutrition Outcomes,2017,35.1,East Asia and Pacific,Upper middle income,Dated (6-10 years),7,Excl. Breastfeeding,Off track
CHN,China,NT_BW_LBW,"Low birth weight (<2500g), %",Layer 1: Nutrition Outcomes,2020,4.9735,East Asia and Pacific,Upper middle income,Recent (≤5 years),4,Low Birth Weight,On track
CIV,Côte d'Ivoire,NT_ANE_WOM_15_49_MOD,"Anaemia in women 15-49 years, %",Layer 1: Nutrition Outcomes,2023,51.4,Sub-Saharan Africa,Lower middle income,Recent (≤5 years),1,Anaemia (WRA),Insufficient progress
CIV,Côte d'Ivoire,NT_ANT_HAZ_NE2_MOD,"Stunting (<-2SD HAZ), modelled estimate, %",Layer 1: Nutrition Outcomes,2024,20.2698,Sub-Saharan Africa,Lower middle income,Recent (≤5 years),0,Stunting,Off track
CIV,Côte d'Ivoire,NT_ANT_WHZ_PO2_MOD,"Overweight (>+2SD WHZ), modelled estimate, %",Layer 1: Nutrition Outcomes,2024,3.5278,Sub-Saharan Africa,Lower middle income,Recent (≤5 years),0,Overweight,Monitor (no numeric target)
CIV,Côte d'Ivoire,NT_BF_EXBF,"Exclusive breastfeeding <6 months, %",Layer 1: Nutrition Outcomes,2021,33.9636,Sub-Saharan Africa,Lower middle income,Recent (≤5 years),3,Excl. Breastfeeding,Off track
CIV,Côte d'Ivoire,NT_BW_LBW,"Low birth weight (<2500g), %",Layer 1: Nutrition Outcomes,2020,18.2898,Sub-Saharan Africa,Lower middle income,Recent (≤5 years),4,Low Birth Weight,On track
CMR,Cameroon,NT_ANE_WOM_15_49_MOD,"Anaemia in women 15-49 years, %",Layer 1: Nutrition Outcomes,2023,38.9,Sub-Saharan Africa,Lower middle income,Recent (≤5 years),1,Anaemia (WRA),On track
CMR,Cameroon,NT_ANT_HAZ_NE2_MOD,"Stunting (<-2SD HAZ), modelled estimate, %",Layer 1: Nutrition Outcomes,2024,27.2051,Sub-Saharan Africa,Lower middle income,Recent (≤5 years),0,Stunting,Off track
CMR,Cameroon,NT_ANT_WHZ_PO2_MOD,"Overweight (>+2SD WHZ), modelled estimate, %",Layer 1: Nutrition Outcomes,2024,13.5938,Sub-Saharan Africa,Lower middle income,Recent (≤5 years),0,Overweight,Monitor (no numeric target)
CMR,Cameroon,NT_BF_EXBF,"Exclusive breastfeeding <6 months, %",Layer 1: Nutrition Outcomes,2018,39.4132,Sub-Saharan Africa,Lower middle income,Dated (6-10 years),6,Excl. Breastfeeding,Off track
CMR,Cameroon,NT_BW_LBW,"Low birth weight (<2500g), %",Layer 1: Nutrition Outcomes,2020,12.5126,Sub-Saharan Africa,Lower middle income,Recent (≤5 years),4,Low Birth Weight,On track
COD,Democratic Republic of the Congo,NT_ANE_WOM_15_49_MOD,"Anaemia in women 15-49 years, %",Layer 1: Nutrition Outcomes,2023,40.0,Sub-Saharan Africa,Low income,Recent (≤5 years),1,Anaemia (WRA),On track
COD,Democratic Republic of the Congo,NT_ANT_HAZ_NE2_MOD,"Stunting (<-2SD HAZ), modelled estimate, %",Layer 1: Nutrition Outcomes,2024,44.0648,Sub-Saharan Africa,Low income,Recent (≤5 years),0,Stunting,Off track
COD,Democratic Republic of the Congo,NT_ANT_WHZ_PO2_MOD,"Overweight (>+2SD WHZ), modelled estimate, %",Layer 1: Nutrition Outcomes,2024,4.1562,Sub-Saharan Africa,Low income,Recent (≤5 years),0,Overweight,Monitor (no numeric target)
COD,Democratic Republic of the Congo,NT_BF_EXBF,"Exclusive breastfeeding <6 months, %",Layer 1: Nutrition Outcomes,2023,52.2599,Sub-Saharan Africa,Low income,Recent (≤5 years),1,Excl. Breastfeeding,Insufficient progress
COD,Democratic Republic of the Congo,NT_BW_LBW,"Low birth weight (<2500g), %",Layer 1: Nutrition Outcomes,2020,10.157,Sub-Saharan Africa,Low income,Recent (≤5 years),4,Low Birth Weight,On track
COG,Congo,NT_ANE_WOM_15_49_MOD,"Anaemia in women 15-49 years, %",Layer 1: Nutrition Outcomes,2023,46.7,Sub-Saharan Africa,Lower middle income,Recent (≤5 years),1,Anaemia (WRA),On track
COG,Congo,NT_ANT_HAZ_NE2_MOD,"Stunting (<-2SD HAZ), modelled estimate, %",Layer 1: Nutrition Outcomes,2024,16.2649,Sub-Saharan Africa,Lower middle income,Recent (≤5 years),0,Stunting,Off track
COG,Congo,NT_ANT_WHZ_PO2_MOD,"Overweight (>+2SD WHZ), modelled estimate, %",Layer 1: Nutrition Outcomes,2024,5.3014,Sub-Saharan Africa,Lower middle income,Recent (≤5 years),0,Overweight,Monitor (no numeric target)
COG,Congo,NT_BF_EXBF,"Exclusive breastfeeding <6 months, %",Layer 1: Nutrition Outcomes,2014,32.8551,Sub-Saharan Africa,Lower middle income,Dated (6-10 years),10,Excl. Breastfeeding,Data outdated
COG,Congo,NT_BW_LBW,"Low birth weight (<2500g), %",Layer 1: Nutrition Outcomes,2020,11.9265,Sub-Saharan Africa,Lower middle income,Recent (≤5 years),4,Low Birth Weight,On track
COK,Cook Islands,NT_ANE_WOM_15_49_MOD,"Anaemia in women 15-49 years, %",Layer 1: Nutrition Outcomes,2023,23.9,,,Recent (≤5 years),1,Anaemia (WRA),On track
COK,Cook Islands,NT_BW_LBW,"Low birth weight (<2500g), %",Layer 1: Nutrition Outcomes,2020,10.2633,,,Recent (≤5 years),4,Low Birth Weight,On track
COL,Colombia,NT_ANE_WOM_15_49_MOD,"Anaemia in women 15-49 years, %",Layer 1: Nutrition Outcomes,2023,22.4,Latin America and Caribbean,Upper middle income,Recent (≤5 years),1,Anaemia (WRA),On track
COL,Colombia,NT_ANT_HAZ_NE2_MOD,"Stunting (<-2SD HAZ), modelled estimate, %",Layer 1: Nutrition Outcomes,2024,11.577,Latin America and Caribbean,Upper middle income,Recent (≤5 years),0,Stunting,Insufficient progress
COL,Colombia,NT_ANT_WHZ_PO2_MOD,"Overweight (>+2SD WHZ), modelled estimate, %",Layer 1: Nutrition Outcomes,2024,6.7589,Latin America and Caribbean,Upper middle income,Recent (≤5 years),0,Overweight,Monitor (no numeric target)
COL,Colombia,NT_BF_EXBF,"Exclusive breastfeeding <6 months, %",Layer 1: Nutrition Outcomes,2016,36.673,Latin America and Caribbean,Upper middle income,Dated (6-10 years),8,Excl. Breastfeeding,Data outdated
COL,Colombia,NT_BW_LBW,"Low birth weight (<2500g), %",Layer 1: Nutrition Outcomes,2020,10.9528,Latin America and Caribbean,Upper middle income,Recent (≤5 years),4,Low Birth Weight,On track
COM,Comoros,NT_ANE_WOM_15_49_MOD,"Anaemia in women 15-49 years, %",Layer 1: Nutrition Outcomes,2023,29.9,Sub-Saharan Africa,Lower middle income,Recent (≤5 years),1,Anaemia (WRA),On track
COM,Comoros,NT_ANT_HAZ_NE2_MOD,"Stunting (<-2SD HAZ), modelled estimate, %",Layer 1: Nutrition Outcomes,2024,17.4404,Sub-Saharan Africa,Lower middle income,Recent (≤5 years),0,Stunting,Off track
COM,Comoros,NT_ANT_WHZ_PO2_MOD,"Overweight (>+2SD WHZ), modelled estimate, %",Layer 1: Nutrition Outcomes,2024,3.9372,Sub-Saharan Africa,Lower middle income,Recent (≤5 years),0,Overweight,Monitor (no numeric target)
COM,Comoros,NT_BF_EXBF,"Exclusive breastfeeding <6 months, %",Layer 1: Nutrition Outcomes,2022,22.5729,Sub-Saharan Africa,Lower middle income,Recent (≤5 years),2,Excl. Breastfeeding,Off track
COM,Comoros,NT_BW_LBW,"Low birth weight (<2500g), %",Layer 1: Nutrition Outcomes,2020,23.0272,Sub-Saharan Africa,Lower middle income,Recent (≤5 years),4,Low Birth Weight,On track
CPV,Cabo Verde,NT_ANE_WOM_15_49_MOD,"Anaemia in women 15-49 years, %",Layer 1: Nutrition Outcomes,2023,40.6,Sub-Saharan Africa,Lower middle income,Recent (≤5 years),1,Anaemia (WRA),On track
CPV,Cabo Verde,NT_ANT_HAZ_NE2_MOD,"Stunting (<-2SD HAZ), modelled estimate, %",Layer 1: Nutrition Outcomes,2024,5.3011,Sub-Saharan Africa,Lower middle income,Recent (≤5 years),0,Stunting,On track
CPV,Cabo Verde,NT_ANT_WHZ_PO2_MOD,"Overweight (>+2SD WHZ), modelled estimate, %",Layer 1: Nutrition Outcomes,2024,8.3788,Sub-Saharan Africa,Lower middle income,Recent (≤5 years),0,Overweight,Monitor (no numeric target)
CPV,Cabo Verde,NT_BF_EXBF,"Exclusive breastfeeding <6 months, %",Layer 1: Nutrition Outcomes,2018,41.8,Sub-Saharan Africa,Lower middle income,Dated (6-10 years),6,Excl. Breastfeeding,Off track
CRI,Costa Rica,NT_ANE_WOM_15_49_MOD,"Anaemia in women 15-49 years, %",Layer 1: Nutrition Outcomes,2023,13.7,Latin America and Caribbean,Upper middle income,Recent (≤5 years),1,Anaemia (WRA),On track
CRI,Costa Rica,NT_ANT_HAZ_NE2_MOD,"Stunting (<-2SD HAZ), modelled estimate, %",Layer 1: Nutrition Outcomes,2024,10.6451,Latin America and Caribbean,Upper middle income,Recent (≤5 years),0,Stunting,Insufficient progress
CRI,Costa Rica,NT_ANT_WHZ_PO2_MOD,"Overweight (>+2SD WHZ), modelled estimate, %",Layer 1: Nutrition Outcomes,2024,7.8727,Latin America and Caribbean,Upper middle income,Recent (≤5 years),0,Overweight,Monitor (no numeric target)
CRI,Costa Rica,NT_BF_EXBF,"Exclusive breastfeeding <6 months, %",Layer 1: Nutrition Outcomes,2018,25.2885,Latin America and Caribbean,Upper middle income,Dated (6-10 years),6,Excl. Breastfeeding,Off track
CRI,Costa Rica,NT_BW_LBW,"Low birth weight (<2500g), %",Layer 1: Nutrition Outcomes,2020,8.7166,Latin America and Caribbean,Upper middle income,Recent (≤5 years),4,Low Birth Weight,On track
CUB,Cuba,NT_ANE_WOM_15_49_MOD,"Anaemia in women 15-49 years, %",Layer 1: Nutrition Outcomes,2023,22.2,Latin America and Caribbean,Upper middle income,Recent (≤5 years),1,Anaemia (WRA),On track
CUB,Cuba,NT_ANT_HAZ_NE2_MOD,"Stunting (<-2SD HAZ), modelled estimate, %",Layer 1: Nutrition Outcomes,2024,7.321,Latin America and Caribbean,Upper middle income,Recent (≤5 years),0,Stunting,On track
CUB,Cuba,NT_ANT_WHZ_PO2_MOD,"Overweight (>+2SD WHZ), modelled estimate, %",Layer 1: Nutrition Outcomes,2024,10.5514,Latin America and Caribbean,Upper middle income,Recent (≤5 years),0,Overweight,Monitor (no numeric target)
CUB,Cuba,NT_BF_EXBF,"Exclusive breastfeeding <6 months, %",Layer 1: Nutrition Outcomes,2019,40.5533,Latin America and Caribbean,Upper middle income,Recent (≤5 years),5,Excl. Breastfeeding,Off track
CUB,Cuba,NT_BW_LBW,"Low birth weight (<2500g), %",Layer 1: Nutrition Outcomes,2020,7.062,Latin America and Caribbean,Upper middle income,Recent (≤5 years),4,Low Birth Weight,On track
CYP,Cyprus,NT_ANE_WOM_15_49_MOD,"Anaemia in women 15-49 years, %",Layer 1: Nutrition Outcomes,2023,16.4,Europe and Central Asia,High income,Recent (≤5 years),1,Anaemia (WRA),On track
CZE,Czechia,NT_ANE_WOM_15_49_MOD,"Anaemia in women 15-49 years, %",Layer 1: Nutrition Outcomes,2023,24.6,Europe and Central Asia,High income,Recent (≤5 years),1,Anaemia (WRA),On track
CZE,Czechia,NT_ANT_HAZ_NE2_MOD,"Stunting (<-2SD HAZ), modelled estimate, %",Layer 1: Nutrition Outcomes,2024,2.3959,Europe and Central Asia,High income,Recent (≤5 years),0,Stunting,On track
CZE,Czechia,NT_ANT_WHZ_PO2_MOD,"Overweight (>+2SD WHZ), modelled estimate, %",Layer 1: Nutrition Outcomes,2024,6.5779,Europe and Central Asia,High income,Recent (≤5 years),0,Overweight,Monitor (no numeric target)
CZE,Czechia,NT_BW_LBW,"Low birth weight (<2500g), %",Layer 1: Nutrition Outcomes,2020,7.6095,Europe and Central Asia,High income,Recent (≤5 years),4,Low Birth Weight,On track
DEU,Germany,NT_ANE_WOM_15_49_MOD,"Anaemia in women 15-49 years, %",Layer 1: Nutrition Outcomes,2023,14.0,Europe and Central Asia,High income,Recent (≤5 years),1,Anaemia (WRA),On track
DEU,Germany,NT_ANT_HAZ_NE2_MOD,"Stunting (<-2SD HAZ), modelled estimate, %",Layer 1: Nutrition Outcomes,2024,2.2237,Europe and Central Asia,High income,Recent (≤5 years),0,Stunting,On track
DEU,Germany,NT_ANT_WHZ_PO2_MOD,"Overweight (>+2SD WHZ), modelled estimate, %",Layer 1: Nutrition Outcomes,2024,3.3059,Europe and Central Asia,High income,Recent (≤5 years),0,Overweight,Monitor (no numeric target)
DEU,Germany,NT_BW_LBW,"Low birth weight (<2500g), %",Layer 1: Nutrition Outcomes,2020,6.7141,Europe and Central Asia,High income,Recent (≤5 years),4,Low Birth Weight,On track
DJI,Djibouti,NT_ANE_WOM_15_49_MOD,"Anaemia in women 15-49 years, %",Layer 1: Nutrition Outcomes,2023,31.8,Middle East and North Africa,Lower middle income,Recent (≤5 years),1,Anaemia (WRA),On track
DJI,Djibouti,NT_ANT_HAZ_NE2_MOD,"Stunting (<-2SD HAZ), modelled estimate, %",Layer 1: Nutrition Outcomes,2024,20.9271,Middle East and North Africa,Lower middle income,Recent (≤5 years),0,Stunting,Off track
DJI,Djibouti,NT_ANT_WHZ_PO2_MOD,"Overweight (>+2SD WHZ), modelled estimate, %",Layer 1: Nutrition Outcomes,2024,5.4632,Middle East and North Africa,Lower middle income,Recent (≤5 years),0,Overweight,Monitor (no numeric target)
DJI,Djibouti,NT_BF_EXBF,"Exclusive breastfeeding <6 months, %",Layer 1: Nutrition Outcomes,2012,12.4,Middle East and North Africa,Lower middle income,Outdated (>10 years),12,Excl. Breastfeeding,Data outdated
DMA,Dominica,NT_ANE_WOM_15_49_MOD,"Anaemia in women 15-49 years, %",Layer 1: Nutrition Outcomes,2023,22.0,Latin America and Caribbean,Upper middle income,Recent (≤5 years),1,Anaemia (WRA),On track
DNK,Denmark,NT_ANE_WOM_15_49_MOD,"Anaemia in women 15-49 years, %",Layer 1: Nutrition Outcomes,2023,17.0,Europe and Central Asia,High income,Recent (≤5 years),1,Anaemia (WRA),On track
DNK,Denmark,NT_BW_LBW,"Low birth weight (<2500g), %",Layer 1: Nutrition Outcomes,2020,4.8076,Europe and Central Asia,High income,Recent (≤5 years),4,Low Birth Weight,On track
DOM,Dominican Republic,NT_ANE_WOM_15_49_MOD,"Anaemia in women 15-49 years, %",Layer 1: Nutrition Outcomes,2023,22.4,Latin America and Caribbean,Upper middle income,Recent (≤5 years),1,Anaemia (WRA),On track
DOM,Dominican Republic,NT_ANT_HAZ_NE2_MOD,"Stunting (<-2SD HAZ), modelled estimate, %",Layer 1: Nutrition Outcomes,2024,5.6302,Latin America and Caribbean,Upper middle income,Recent (≤5 years),0,Stunting,On track
DOM,Dominican Republic,NT_ANT_WHZ_PO2_MOD,"Overweight (>+2SD WHZ), modelled estimate, %",Layer 1: Nutrition Outcomes,2024,7.5052,Latin America and Caribbean,Upper middle income,Recent (≤5 years),0,Overweight,Monitor (no numeric target)
DOM,Dominican Republic,NT_BF_EXBF,"Exclusive breastfeeding <6 months, %",Layer 1: Nutrition Outcomes,2019,15.8444,Latin America and Caribbean,Upper middle income,Recent (≤5 years),5,Excl. Breastfeeding,Off track
DOM,Dominican Republic,NT_BW_LBW,"Low birth weight (<2500g), %",Layer 1: Nutrition Outcomes,2020,13.4354,Latin America and Caribbean,Upper middle income,Recent (≤5 years),4,Low Birth Weight,On track
DZA,Algeria,NT_ANE_WOM_15_49_MOD,"Anaemia in women 15-49 years, %",Layer 1: Nutrition Outcomes,2023,31.6,Middle East and North Africa,Lower middle income,Recent (≤5 years),1,Anaemia (WRA),On track
DZA,Algeria,NT_ANT_HAZ_NE2_MOD,"Stunting (<-2SD HAZ), modelled estimate, %",Layer 1: Nutrition Outcomes,2024,8.938,Middle East and North Africa,Lower middle income,Recent (≤5 years),0,Stunting,On track
DZA,Algeria,NT_ANT_WHZ_PO2_MOD,"Overweight (>+2SD WHZ), modelled estimate, %",Layer 1: Nutrition Outcomes,2024,13.3175,Middle East and North Africa,Lower middle income,Recent (≤5 years),0,Overweight,Monitor (no numeric target)
DZA,Algeria,NT_BF_EXBF,"Exclusive breastfeeding <6 months, %",Layer 1: Nutrition Outcomes,2019,28.6316,Middle East and North Africa,Lower middle income,Recent (≤5 years),5,Excl. Breastfeeding,Off track
DZA,Algeria,NT_BW_LBW,"Low birth weight (<2500g), %",Layer 1: Nutrition Outcomes,2020,7.1972,Middle East and North Africa,Lower middle income,Recent (≤5 years),4,Low Birth Weight,On track
ECU,Ecuador,NT_ANE_WOM_15_49_MOD,"Anaemia in women 15-49 years, %",Layer 1: Nutrition Outcomes,2023,20.2,Latin America and Caribbean,Upper middle income,Recent (≤5 years),1,Anaemia (WRA),On track
ECU,Ecuador,NT_ANT_HAZ_NE2_MOD,"Stunting (<-2SD HAZ), modelled estimate, %",Layer 1: Nutrition Outcomes,2024,17.7069,Latin America and Caribbean,Upper middle income,Recent (≤5 years),0,Stunting,Off track
ECU,Ecuador,NT_ANT_WHZ_PO2_MOD,"Overweight (>+2SD WHZ), modelled estimate, %",Layer 1: Nutrition Outcomes,2024,4.6901,Latin America and Caribbean,Upper middle income,Recent (≤5 years),0,Overweight,Monitor (no numeric target)
ECU,Ecuador,NT_BF_EXBF,"Exclusive breastfeeding <6 months, %",Layer 1: Nutrition Outcomes,2004,39.6,Latin America and Caribbean,Upper middle income,Outdated (>10 years),20,Excl. Breastfeeding,Data outdated
ECU,Ecuador,NT_BW_LBW,"Low birth weight (<2500g), %",Layer 1: Nutrition Outcomes,2020,10.6269,Latin America and Caribbean,Upper middle income,Recent (≤5 years),4,Low Birth Weight,On track
EGY,Egypt,NT_ANE_WOM_15_49_MOD,"Anaemia in women 15-49 years, %",Layer 1: Nutrition Outcomes,2023,32.7,Middle East and North Africa,Lower middle income,Recent (≤5 years),1,Anaemia (WRA),On track
EGY,Egypt,NT_ANT_HAZ_NE2_MOD,"Stunting (<-2SD HAZ), modelled estimate, %",Layer 1: Nutrition Outcomes,2024,12.9438,Middle East and North Africa,Lower middle income,Recent (≤5 years),0,Stunting,Insufficient progress
EGY,Egypt,NT_ANT_WHZ_PO2_MOD,"Overweight (>+2SD WHZ), modelled estimate, %",Layer 1: Nutrition Outcomes,2024,11.2227,Middle East and North Africa,Lower middle income,Recent (≤5 years),0,Overweight,Monitor (no numeric target)
EGY,Egypt,NT_BF_EXBF,"Exclusive breastfeeding <6 months, %",Layer 1: Nutrition Outcomes,2021,40.2,Middle East and North Africa,Lower middle income,Recent (≤5 years),3,Excl. Breastfeeding,Off track
ERI,Eritrea,NT_ANE_WOM_15_49_MOD,"Anaemia in women 15-49 years, %",Layer 1: Nutrition Outcomes,2023,35.6,Sub-Saharan Africa,Low income,Recent (≤5 years),1,Anaemia (WRA),On track
ERI,Eritrea,NT_ANT_HAZ_NE2_MOD,"Stunting (<-2SD HAZ), modelled estimate, %",Layer 1: Nutrition Outcomes,2024,47.9524,Sub-Saharan Africa,Low income,Recent (≤5 years),0,Stunting,Off track
ERI,Eritrea,NT_ANT_WHZ_PO2_MOD,"Overweight (>+2SD WHZ), modelled estimate, %",Layer 1: Nutrition Outcomes,2024,2.7503,Sub-Saharan Africa,Low income,Recent (≤5 years),0,Overweight,Monitor (no numeric target)
ERI,Eritrea,NT_BF_EXBF,"Exclusive breastfeeding <6 months, %",Layer 1: Nutrition Outcomes,2010,68.7,Sub-Saharan Africa,Low income,Outdated (>10 years),14,Excl. Breastfeeding,Data outdated
ERI,Eritrea,NT_BW_LBW,"Low birth weight (<2500g), %",Layer 1: Nutrition Outcomes,2020,15.1601,Sub-Saharan Africa,Low income,Recent (≤5 years),4,Low Birth Weight,On track
ESP,Spain,NT_ANE_WOM_15_49_MOD,"Anaemia in women 15-49 years, %",Layer 1: Nutrition Outcomes,2023,15.6,Europe and Central Asia,High income,Recent (≤5 years),1,Anaemia (WRA),On track
ESP,Spain,NT_BW_LBW,"Low birth weight (<2500g), %",Layer 1: Nutrition Outcomes,2020,9.639,Europe and Central Asia,High income,Recent (≤5 years),4,Low Birth Weight,On track
EST,Estonia,NT_ANE_WOM_15_49_MOD,"Anaemia in women 15-49 years, %",Layer 1: Nutrition Outcomes,2023,24.7,Europe and Central Asia,High income,Recent (≤5 years),1,Anaemia (WRA),On track
EST,Estonia,NT_ANT_HAZ_NE2_MOD,"Stunting (<-2SD HAZ), modelled estimate, %",Layer 1: Nutrition Outcomes,2024,1.2996,Europe and Central Asia,High income,Recent (≤5 years),0,Stunting,On track
EST,Estonia,NT_ANT_WHZ_PO2_MOD,"Overweight (>+2SD WHZ), modelled estimate, %",Layer 1: Nutrition Outcomes,2024,5.5732,Europe and Central Asia,High income,Recent (≤5 years),0,Overweight,Monitor (no numeric target)
EST,Estonia,NT_BW_LBW,"Low birth weight (<2500g), %",Layer 1: Nutrition Outcomes,2020,4.1737,Europe and Central Asia,High income,Recent (≤5 years),4,Low Birth Weight,On track
ETH,Ethiopia,NT_ANE_WOM_15_49_MOD,"Anaemia in women 15-49 years, %",Layer 1: Nutrition Outcomes,2023,23.1,Sub-Saharan Africa,Low income,Recent (≤5 years),1,Anaemia (WRA),On track
ETH,Ethiopia,NT_ANT_HAZ_NE2_MOD,"Stunting (<-2SD HAZ), modelled estimate, %",Layer 1: Nutrition Outcomes,2024,35.5319,Sub-Saharan Africa,Low income,Recent (≤5 years),0,Stunting,Off track
ETH,Ethiopia,NT_ANT_WHZ_PO2_MOD,"Overweight (>+2SD WHZ), modelled estimate, %",Layer 1: Nutrition Outcomes,2024,3.3389,Sub-Saharan Africa,Low income,Recent (≤5 years),0,Overweight,Monitor (no numeric target)
ETH,Ethiopia,NT_BF_EXBF,"Exclusive breastfeeding <6 months, %",Layer 1: Nutrition Outcomes,2019,58.8143,Sub-Saharan Africa,Low income,Recent (≤5 years),5,Excl. Breastfeeding,Insufficient progress
FAO_LIFDC,Low Income Food Deficit Countries (LIFDCs),NT_ANE_WOM_15_49_MOD,"Anaemia in women 15-49 years, %",Layer 1: Nutrition Outcomes,2023,36.0781,,,Recent (≤5 years),1,Anaemia (WRA),On track
FAO_LIFDC,Low Income Food Deficit Countries (LIFDCs),NT_ANT_HAZ_NE2_MOD,"Stunting (<-2SD HAZ), modelled estimate, %",Layer 1: Nutrition Outcomes,2024,32.071,,,Recent (≤5 years),0,Stunting,Off track
FAO_LIFDC,Low Income Food Deficit Countries (LIFDCs),NT_ANT_WHZ_PO2_MOD,"Overweight (>+2SD WHZ), modelled estimate, %",Layer 1: Nutrition Outcomes,2024,4.0328,,,Recent (≤5 years),0,Overweight,Monitor (no numeric target)
FAO_LIFDC,Low Income Food Deficit Countries (LIFDCs),NT_BF_EXBF,"Exclusive breastfeeding <6 months, %",Layer 1: Nutrition Outcomes,2024,50.4478,,,Recent (≤5 years),0,Excl. Breastfeeding,Insufficient progress
FAO_LIFDC,Low Income Food Deficit Countries (LIFDCs),NT_BW_LBW,"Low birth weight (<2500g), %",Layer 1: Nutrition Outcomes,2020,13.9448,,,Recent (≤5 years),4,Low Birth Weight,On track
FIN,Finland,NT_ANE_WOM_15_49_MOD,"Anaemia in women 15-49 years, %",Layer 1: Nutrition Outcomes,2023,13.6,Europe and Central Asia,High income,Recent (≤5 years),1,Anaemia (WRA),On track
FIN,Finland,NT_ANT_HAZ_NE2_MOD,"Stunting (<-2SD HAZ), modelled estimate, %",Layer 1: Nutrition Outcomes,2024,1.6977,Europe and Central Asia,High income,Recent (≤5 years),0,Stunting,On track
FIN,Finland,NT_ANT_WHZ_PO2_MOD,"Overweight (>+2SD WHZ), modelled estimate, %",Layer 1: Nutrition Outcomes,2024,4.7451,Europe and Central Asia,High income,Recent (≤5 years),0,Overweight,Monitor (no numeric target)
FIN,Finland,NT_BW_LBW,"Low birth weight (<2500g), %",Layer 1: Nutrition Outcomes,2020,4.0692,Europe and Central Asia,High income,Recent (≤5 years),4,Low Birth Weight,On track
FJI,Fiji,NT_ANE_WOM_15_49_MOD,"Anaemia in women 15-49 years, %",Layer 1: Nutrition Outcomes,2023,29.9,East Asia and Pacific,Upper middle income,Recent (≤5 years),1,Anaemia (WRA),On track
FJI,Fiji,NT_ANT_HAZ_NE2_MOD,"Stunting (<-2SD HAZ), modelled estimate, %",Layer 1: Nutrition Outcomes,2024,7.2143,East Asia and Pacific,Upper middle income,Recent (≤5 years),0,Stunting,On track
FJI,Fiji,NT_ANT_WHZ_PO2_MOD,"Overweight (>+2SD WHZ), modelled estimate, %",Layer 1: Nutrition Outcomes,2024,7.3231,East Asia and Pacific,Upper middle income,Recent (≤5 years),0,Overweight,Monitor (no numeric target)
FJI,Fiji,NT_BF_EXBF,"Exclusive breastfeeding <6 months, %",Layer 1: Nutrition Outcomes,2021,42.8527,East Asia and Pacific,Upper middle income,Recent (≤5 years),3,Excl. Breastfeeding,Off track
FJI,Fiji,NT_BW_LBW,"Low birth weight (<2500g), %",Layer 1: Nutrition Outcomes,2020,7.4019,East Asia and Pacific,Upper middle income,Recent (≤5 years),4,Low Birth Weight,On track
FRA,France,NT_ANE_WOM_15_49_MOD,"Anaemia in women 15-49 years, %",Layer 1: Nutrition Outcomes,2023,13.1,Europe and Central Asia,High income,Recent (≤5 years),1,Anaemia (WRA),On track
FRA,France,NT_BW_LBW,"Low birth weight (<2500g), %",Layer 1: Nutrition Outcomes,2020,7.429,Europe and Central Asia,High income,Recent (≤5 years),4,Low Birth Weight,On track
FSM,Micronesia (Federated States of),NT_ANE_WOM_15_49_MOD,"Anaemia in women 15-49 years, %",Layer 1: Nutrition Outcomes,2023,22.1,East Asia and Pacific,,Recent (≤5 years),1,Anaemia (WRA),On track
GAB,Gabon,NT_ANE_WOM_15_49_MOD,"Anaemia in women 15-49 years, %",Layer 1: Nutrition Outcomes,2023,59.9,Sub-Saharan Africa,Upper middle income,Recent (≤5 years),1,Anaemia (WRA),Insufficient progress
GAB,Gabon,NT_ANT_HAZ_NE2_MOD,"Stunting (<-2SD HAZ), modelled estimate, %",Layer 1: Nutrition Outcomes,2024,13.7443,Sub-Saharan Africa,Upper middle income,Recent (≤5 years),0,Stunting,Insufficient progress
GAB,Gabon,NT_ANT_WHZ_PO2_MOD,"Overweight (>+2SD WHZ), modelled estimate, %",Layer 1: Nutrition Outcomes,2024,6.0688,Sub-Saharan Africa,Upper middle income,Recent (≤5 years),0,Overweight,Monitor (no numeric target)
GAB,Gabon,NT_BF_EXBF,"Exclusive breastfeeding <6 months, %",Layer 1: Nutrition Outcomes,2020,19.3594,Sub-Saharan Africa,Upper middle income,Recent (≤5 years),4,Excl. Breastfeeding,Off track
GAB,Gabon,NT_BW_LBW,"Low birth weight (<2500g), %",Layer 1: Nutrition Outcomes,2020,14.6498,Sub-Saharan Africa,Upper middle income,Recent (≤5 years),4,Low Birth Weight,On track
GBR,United Kingdom,NT_ANE_WOM_15_49_MOD,"Anaemia in women 15-49 years, %",Layer 1: Nutrition Outcomes,2023,13.6,Europe and Central Asia,High income,Recent (≤5 years),1,Anaemia (WRA),On track
GBR,United Kingdom,NT_ANT_HAZ_NE2_MOD,"Stunting (<-2SD HAZ), modelled estimate, %",Layer 1: Nutrition Outcomes,2024,3.5059,Europe and Central Asia,High income,Recent (≤5 years),0,Stunting,On track
GBR,United Kingdom,NT_ANT_WHZ_PO2_MOD,"Overweight (>+2SD WHZ), modelled estimate, %",Layer 1: Nutrition Outcomes,2024,7.7935,Europe and Central Asia,High income,Recent (≤5 years),0,Overweight,Monitor (no numeric target)
GBR,United Kingdom,NT_BW_LBW,"Low birth weight (<2500g), %",Layer 1: Nutrition Outcomes,2020,6.8271,Europe and Central Asia,High income,Recent (≤5 years),4,Low Birth Weight,On track
GEO,Georgia,NT_ANE_WOM_15_49_MOD,"Anaemia in women 15-49 years, %",Layer 1: Nutrition Outcomes,2023,30.2,Europe and Central Asia,Upper middle income,Recent (≤5 years),1,Anaemia (WRA),On track
GEO,Georgia,NT_ANT_HAZ_NE2_MOD,"Stunting (<-2SD HAZ), modelled estimate, %",Layer 1: Nutrition Outcomes,2024,4.7281,Europe and Central Asia,Upper middle income,Recent (≤5 years),0,Stunting,On track
GEO,Georgia,NT_ANT_WHZ_PO2_MOD,"Overweight (>+2SD WHZ), modelled estimate, %",Layer 1: Nutrition Outcomes,2024,4.1177,Europe and Central Asia,Upper middle income,Recent (≤5 years),0,Overweight,Monitor (no numeric target)
GEO,Georgia,NT_BF_EXBF,"Exclusive breastfeeding <6 months, %",Layer 1: Nutrition Outcomes,2018,20.3753,Europe and Central Asia,Upper middle income,Dated (6-10 years),6,Excl. Breastfeeding,Off track
GEO,Georgia,NT_BW_LBW,"Low birth weight (<2500g), %",Layer 1: Nutrition Outcomes,2020,7.4206,Europe and Central Asia,Upper middle income,Recent (≤5 years),4,Low Birth Weight,On track
GHA,Ghana,NT_ANE_WOM_15_49_MOD,"Anaemia in women 15-49 years, %",Layer 1: Nutrition Outcomes,2023,36.0,Sub-Saharan Africa,Lower middle income,Recent (≤5 years),1,Anaemia (WRA),On track
GHA,Ghana,NT_ANT_HAZ_NE2_MOD,"Stunting (<-2SD HAZ), modelled estimate, %",Layer 1: Nutrition Outcomes,2024,15.5749,Sub-Saharan Africa,Lower middle income,Recent (≤5 years),0,Stunting,Off track
GHA,Ghana,NT_ANT_WHZ_PO2_MOD,"Overweight (>+2SD WHZ), modelled estimate, %",Layer 1: Nutrition Outcomes,2024,1.7962,Sub-Saharan Africa,Lower middle income,Recent (≤5 years),0,Overweight,Monitor (no numeric target)
GHA,Ghana,NT_BF_EXBF,"Exclusive breastfeeding <6 months, %",Layer 1: Nutrition Outcomes,2022,52.5853,Sub-Saharan Africa,Lower middle income,Recent (≤5 years),2,Excl. Breastfeeding,Insufficient progress
GHA,Ghana,NT_BW_LBW,"Low birth weight (<2500g), %",Layer 1: Nutrition Outcomes,2020,14.4159,Sub-Saharan Africa,Lower middle income,Recent (≤5 years),4,Low Birth Weight,On track
GIN,Guinea,NT_ANE_WOM_15_49_MOD,"Anaemia in women 15-49 years, %",Layer 1: Nutrition Outcomes,2023,45.7,Sub-Saharan Africa,Low income,Recent (≤5 years),1,Anaemia (WRA),On track
GIN,Guinea,NT_ANT_HAZ_NE2_MOD,"Stunting (<-2SD HAZ), modelled estimate, %",Layer 1: Nutrition Outcomes,2024,26.631,Sub-Saharan Africa,Low income,Recent (≤5 years),0,Stunting,Off track
GIN,Guinea,NT_ANT_WHZ_PO2_MOD,"Overweight (>+2SD WHZ), modelled estimate, %",Layer 1: Nutrition Outcomes,2024,4.4056,Sub-Saharan Africa,Low income,Recent (≤5 years),0,Overweight,Monitor (no numeric target)
GIN,Guinea,NT_BF_EXBF,"Exclusive breastfeeding <6 months, %",Layer 1: Nutrition Outcomes,2022,43.7,Sub-Saharan Africa,Low income,Recent (≤5 years),2,Excl. Breastfeeding,Off track
GMB,Gambia,NT_ANE_WOM_15_49_MOD,"Anaemia in women 15-49 years, %",Layer 1: Nutrition Outcomes,2023,46.1,Sub-Saharan Africa,Low income,Recent (≤5 years),1,Anaemia (WRA),On track
GMB,Gambia,NT_ANT_HAZ_NE2_MOD,"Stunting (<-2SD HAZ), modelled estimate, %",Layer 1: Nutrition Outcomes,2024,13.9945,Sub-Saharan Africa,Low income,Recent (≤5 years),0,Stunting,Insufficient progress
GMB,Gambia,NT_ANT_WHZ_PO2_MOD,"Overweight (>+2SD WHZ), modelled estimate, %",Layer 1: Nutrition Outcomes,2024,2.7328,Sub-Saharan Africa,Low income,Recent (≤5 years),0,Overweight,Monitor (no numeric target)
GMB,Gambia,NT_BF_EXBF,"Exclusive breastfeeding <6 months, %",Layer 1: Nutrition Outcomes,2020,53.6345,Sub-Saharan Africa,Low income,Recent (≤5 years),4,Excl. Breastfeeding,Insufficient progress
GMB,Gambia,NT_BW_LBW,"Low birth weight (<2500g), %",Layer 1: Nutrition Outcomes,2020,13.2491,Sub-Saharan Africa,Low income,Recent (≤5 years),4,Low Birth Weight,On track
GNB,Guinea-Bissau,NT_ANE_WOM_15_49_MOD,"Anaemia in women 15-49 years, %",Layer 1: Nutrition Outcomes,2023,45.7,Sub-Saharan Africa,Low income,Recent (≤5 years),1,Anaemia (WRA),On track
GNB,Guinea-Bissau,NT_ANT_HAZ_NE2_MOD,"Stunting (<-2SD HAZ), modelled estimate, %",Layer 1: Nutrition Outcomes,2024,28.3146,Sub-Saharan Africa,Low income,Recent (≤5 years),0,Stunting,Off track
GNB,Guinea-Bissau,NT_ANT_WHZ_PO2_MOD,"Overweight (>+2SD WHZ), modelled estimate, %",Layer 1: Nutrition Outcomes,2024,3.6045,Sub-Saharan Africa,Low income,Recent (≤5 years),0,Overweight,Monitor (no numeric target)
GNB,Guinea-Bissau,NT_BF_EXBF,"Exclusive breastfeeding <6 months, %",Layer 1: Nutrition Outcomes,2019,59.3486,Sub-Saharan Africa,Low income,Recent (≤5 years),5,Excl. Breastfeeding,Insufficient progress
GNB,Guinea-Bissau,NT_BW_LBW,"Low birth weight (<2500g), %",Layer 1: Nutrition Outcomes,2020,19.5489,Sub-Saharan Africa,Low income,Recent (≤5 years),4,Low Birth Weight,On track
GNQ,Equatorial Guinea,NT_ANE_WOM_15_49_MOD,"Anaemia in women 15-49 years, %",Layer 1: Nutrition Outcomes,2023,41.3,Sub-Saharan Africa,Upper middle income,Recent (≤5 years),1,Anaemia (WRA),On track
GNQ,Equatorial Guinea,NT_ANT_HAZ_NE2_MOD,"Stunting (<-2SD HAZ), modelled estimate, %",Layer 1: Nutrition Outcomes,2024,17.1437,Sub-Saharan Africa,Upper middle income,Recent (≤5 years),0,Stunting,Off track
GNQ,Equatorial Guinea,NT_ANT_WHZ_PO2_MOD,"Overweight (>+2SD WHZ), modelled estimate, %",Layer 1: Nutrition Outcomes,2024,7.4615,Sub-Saharan Africa,Upper middle income,Recent (≤5 years),0,Overweight,Monitor (no numeric target)
GNQ,Equatorial Guinea,NT_BF_EXBF,"Exclusive breastfeeding <6 months, %",Layer 1: Nutrition Outcomes,2011,7.4,Sub-Saharan Africa,Upper middle income,Outdated (>10 years),13,Excl. Breastfeeding,Data outdated
GRC,Greece,NT_ANE_WOM_15_49_MOD,"Anaemia in women 15-49 years, %",Layer 1: Nutrition Outcomes,2023,15.6,Europe and Central Asia,High income,Recent (≤5 years),1,Anaemia (WRA),On track
GRC,Greece,NT_ANT_HAZ_NE2_MOD,"Stunting (<-2SD HAZ), modelled estimate, %",Layer 1: Nutrition Outcomes,2024,1.9711,Europe and Central Asia,High income,Recent (≤5 years),0,Stunting,On track
GRC,Greece,NT_ANT_WHZ_PO2_MOD,"Overweight (>+2SD WHZ), modelled estimate, %",Layer 1: Nutrition Outcomes,2024,13.4846,Europe and Central Asia,High income,Recent (≤5 years),0,Overweight,Monitor (no numeric target)
GRC,Greece,NT_BW_LBW,"Low birth weight (<2500g), %",Layer 1: Nutrition Outcomes,2020,11.4059,Europe and Central Asia,High income,Recent (≤5 years),4,Low Birth Weight,On track
GRD,Grenada,NT_ANE_WOM_15_49_MOD,"Anaemia in women 15-49 years, %",Layer 1: Nutrition Outcomes,2023,20.9,Latin America and Caribbean,Upper middle income,Recent (≤5 years),1,Anaemia (WRA),On track
GTM,Guatemala,NT_ANE_WOM_15_49_MOD,"Anaemia in women 15-49 years, %",Layer 1: Nutrition Outcomes,2023,10.5,Latin America and Caribbean,Upper middle income,Recent (≤5 years),1,Anaemia (WRA),On track
GTM,Guatemala,NT_ANT_HAZ_NE2_MOD,"Stunting (<-2SD HAZ), modelled estimate, %",Layer 1: Nutrition Outcomes,2024,44.5876,Latin America and Caribbean,Upper middle income,Recent (≤5 years),0,Stunting,Off track
GTM,Guatemala,NT_ANT_WHZ_PO2_MOD,"Overweight (>+2SD WHZ), modelled estimate, %",Layer 1: Nutrition Outcomes,2024,3.7429,Latin America and Caribbean,Upper middle income,Recent (≤5 years),0,Overweight,Monitor (no numeric target)
GTM,Guatemala,NT_BF_EXBF,"Exclusive breastfeeding <6 months, %",Layer 1: Nutrition Outcomes,2021,58.5,Latin America and Caribbean,Upper middle income,Recent (≤5 years),3,Excl. Breastfeeding,Insufficient progress
GTM,Guatemala,NT_BW_LBW,"Low birth weight (<2500g), %",Layer 1: Nutrition Outcomes,2020,14.4944,Latin America and Caribbean,Upper middle income,Recent (≤5 years),4,Low Birth Weight,On track
GUY,Guyana,NT_ANE_WOM_15_49_MOD,"Anaemia in women 15-49 years, %",Layer 1: Nutrition Outcomes,2023,37.5,Latin America and Caribbean,Upper middle income,Recent (≤5 years),1,Anaemia (WRA),On track
GUY,Guyana,NT_ANT_HAZ_NE2_MOD,"Stunting (<-2SD HAZ), modelled estimate, %",Layer 1: Nutrition Outcomes,2024,7.0904,Latin America and Caribbean,Upper middle income,Recent (≤5 years),0,Stunting,On track
GUY,Guyana,NT_ANT_WHZ_PO2_MOD,"Overweight (>+2SD WHZ), modelled estimate, %",Layer 1: Nutrition Outcomes,2024,4.9794,Latin America and Caribbean,Upper middle income,Recent (≤5 years),0,Overweight,Monitor (no numeric target)
GUY,Guyana,NT_BF_EXBF,"Exclusive breastfeeding <6 months, %",Layer 1: Nutrition Outcomes,2019,28.5434,Latin America and Caribbean,Upper middle income,Recent (≤5 years),5,Excl. Breastfeeding,Off track
GUY,Guyana,NT_BW_LBW,"Low birth weight (<2500g), %",Layer 1: Nutrition Outcomes,2020,17.1631,Latin America and Caribbean,Upper middle income,Recent (≤5 years),4,Low Birth Weight,On track
HND,Honduras,NT_ANE_WOM_15_49_MOD,"Anaemia in women 15-49 years, %",Layer 1: Nutrition Outcomes,2023,18.8,Latin America and Caribbean,Lower middle income,Recent (≤5 years),1,Anaemia (WRA),On track
HND,Honduras,NT_ANT_HAZ_NE2_MOD,"Stunting (<-2SD HAZ), modelled estimate, %",Layer 1: Nutrition Outcomes,2024,17.8803,Latin America and Caribbean,Lower middle income,Recent (≤5 years),0,Stunting,Off track
HND,Honduras,NT_ANT_WHZ_PO2_MOD,"Overweight (>+2SD WHZ), modelled estimate, %",Layer 1: Nutrition Outcomes,2024,4.1966,Latin America and Caribbean,Lower middle income,Recent (≤5 years),0,Overweight,Monitor (no numeric target)
HND,Honduras,NT_BF_EXBF,"Exclusive breastfeeding <6 months, %",Layer 1: Nutrition Outcomes,2019,30.2217,Latin America and Caribbean,Lower middle income,Recent (≤5 years),5,Excl. Breastfeeding,Off track
HND,Honduras,NT_BW_LBW,"Low birth weight (<2500g), %",Layer 1: Nutrition Outcomes,2020,13.0945,Latin America and Caribbean,Lower middle income,Recent (≤5 years),4,Low Birth Weight,On track
HRV,Croatia,NT_ANE_WOM_15_49_MOD,"Anaemia in women 15-49 years, %",Layer 1: Nutrition Outcomes,2023,23.3,Europe and Central Asia,High income,Recent (≤5 years),1,Anaemia (WRA),On track
HRV,Croatia,NT_BW_LBW,"Low birth weight (<2500g), %",Layer 1: Nutrition Outcomes,2020,4.9945,Europe and Central Asia,High income,Recent (≤5 years),4,Low Birth Weight,On track
HTI,Haiti,NT_ANE_WOM_15_49_MOD,"Anaemia in women 15-49 years, %",Layer 1: Nutrition Outcomes,2023,45.9,Latin America and Caribbean,Lower middle income,Recent (≤5 years),1,Anaemia (WRA),On track
HTI,Haiti,NT_ANT_HAZ_NE2_MOD,"Stunting (<-2SD HAZ), modelled estimate, %",Layer 1: Nutrition Outcomes,2024,21.5532,Latin America and Caribbean,Lower middle income,Recent (≤5 years),0,Stunting,Off track
HTI,Haiti,NT_ANT_WHZ_PO2_MOD,"Overweight (>+2SD WHZ), modelled estimate, %",Layer 1: Nutrition Outcomes,2024,3.906,Latin America and Caribbean,Lower middle income,Recent (≤5 years),0,Overweight,Monitor (no numeric target)
HTI,Haiti,NT_BF_EXBF,"Exclusive breastfeeding <6 months, %",Layer 1: Nutrition Outcomes,2017,39.8753,Latin America and Caribbean,Lower middle income,Dated (6-10 years),7,Excl. Breastfeeding,Off track
HUN,Hungary,NT_ANE_WOM_15_49_MOD,"Anaemia in women 15-49 years, %",Layer 1: Nutrition Outcomes,2023,24.1,Europe and Central Asia,High income,Recent (≤5 years),1,Anaemia (WRA),On track
HUN,Hungary,NT_BW_LBW,"Low birth weight (<2500g), %",Layer 1: Nutrition Outcomes,2020,8.3165,Europe and Central Asia,High income,Recent (≤5 years),4,Low Birth Weight,On track
IDN,Indonesia,NT_ANE_WOM_15_49_MOD,"Anaemia in women 15-49 years, %",Layer 1: Nutrition Outcomes,2023,26.7,East Asia and Pacific,Lower middle income,Recent (≤5 years),1,Anaemia (WRA),On track
IDN,Indonesia,NT_ANT_HAZ_NE2_MOD,"Stunting (<-2SD HAZ), modelled estimate, %",Layer 1: Nutrition Outcomes,2024,22.6396,East Asia and Pacific,Lower middle income,Recent (≤5 years),0,Stunting,Off track
IDN,Indonesia,NT_ANT_WHZ_PO2_MOD,"Overweight (>+2SD WHZ), modelled estimate, %",Layer 1: Nutrition Outcomes,2024,2.6028,East Asia and Pacific,Lower middle income,Recent (≤5 years),0,Overweight,Monitor (no numeric target)
IDN,Indonesia,NT_BF_EXBF,"Exclusive breastfeeding <6 months, %",Layer 1: Nutrition Outcomes,2017,50.6726,East Asia and Pacific,Lower middle income,Dated (6-10 years),7,Excl. Breastfeeding,Insufficient progress
IDN,Indonesia,NT_BW_LBW,"Low birth weight (<2500g), %",Layer 1: Nutrition Outcomes,2020,9.9342,East Asia and Pacific,Lower middle income,Recent (≤5 years),4,Low Birth Weight,On track
IND,India,NT_ANE_WOM_15_49_MOD,"Anaemia in women 15-49 years, %",Layer 1: Nutrition Outcomes,2023,53.7,South Asia,Lower middle income,Recent (≤5 years),1,Anaemia (WRA),Insufficient progress
IND,India,NT_ANT_HAZ_NE2_MOD,"Stunting (<-2SD HAZ), modelled estimate, %",Layer 1: Nutrition Outcomes,2024,32.9066,South Asia,Lower middle income,Recent (≤5 years),0,Stunting,Off track
IND,India,NT_ANT_WHZ_PO2_MOD,"Overweight (>+2SD WHZ), modelled estimate, %",Layer 1: Nutrition Outcomes,2024,3.7015,South Asia,Lower middle income,Recent (≤5 years),0,Overweight,Monitor (no numeric target)
IND,India,NT_BF_EXBF,"Exclusive breastfeeding <6 months, %",Layer 1: Nutrition Outcomes,2020,63.6885,South Asia,Lower middle income,Recent (≤5 years),4,Excl. Breastfeeding,On track
IND,India,NT_BW_LBW,"Low birth weight (<2500g), %",Layer 1: Nutrition Outcomes,2020,27.4353,South Asia,Lower middle income,Recent (≤5 years),4,Low Birth Weight,On track
IRL,Ireland,NT_ANE_WOM_15_49_MOD,"Anaemia in women 15-49 years, %",Layer 1: Nutrition Outcomes,2023,14.0,Europe and Central Asia,High income,Recent (≤5 years),1,Anaemia (WRA),On track
IRL,Ireland,NT_ANT_HAZ_NE2_MOD,"Stunting (<-2SD HAZ), modelled estimate, %",Layer 1: Nutrition Outcomes,2024,2.159,Europe and Central Asia,High income,Recent (≤5 years),0,Stunting,On track
IRL,Ireland,NT_ANT_WHZ_PO2_MOD,"Overweight (>+2SD WHZ), modelled estimate, %",Layer 1: Nutrition Outcomes,2024,11.1793,Europe and Central Asia,High income,Recent (≤5 years),0,Overweight,Monitor (no numeric target)
IRL,Ireland,NT_BW_LBW,"Low birth weight (<2500g), %",Layer 1: Nutrition Outcomes,2020,5.6457,Europe and Central Asia,High income,Recent (≤5 years),4,Low Birth Weight,On track
IRN,Iran (Islamic Republic of),NT_ANE_WOM_15_49_MOD,"Anaemia in women 15-49 years, %",Layer 1: Nutrition Outcomes,2023,25.5,Middle East and North Africa,Upper middle income,Recent (≤5 years),1,Anaemia (WRA),On track
IRN,Iran (Islamic Republic of),NT_ANT_HAZ_NE2_MOD,"Stunting (<-2SD HAZ), modelled estimate, %",Layer 1: Nutrition Outcomes,2024,4.828,Middle East and North Africa,Upper middle income,Recent (≤5 years),0,Stunting,On track
IRN,Iran (Islamic Republic of),NT_ANT_WHZ_PO2_MOD,"Overweight (>+2SD WHZ), modelled estimate, %",Layer 1: Nutrition Outcomes,2024,2.7424,Middle East and North Africa,Upper middle income,Recent (≤5 years),0,Overweight,Monitor (no numeric target)
IRN,Iran (Islamic Republic of),NT_BF_EXBF,"Exclusive breastfeeding <6 months, %",Layer 1: Nutrition Outcomes,2017,47.4,Middle East and North Africa,Upper middle income,Dated (6-10 years),7,Excl. Breastfeeding,Insufficient progress
IRQ,Iraq,NT_ANE_WOM_15_49_MOD,"Anaemia in women 15-49 years, %",Layer 1: Nutrition Outcomes,2023,27.1,Middle East and North Africa,Upper middle income,Recent (≤5 years),1,Anaemia (WRA),On track
IRQ,Iraq,NT_ANT_HAZ_NE2_MOD,"Stunting (<-2SD HAZ), modelled estimate, %",Layer 1: Nutrition Outcomes,2024,9.4151,Middle East and North Africa,Upper middle income,Recent (≤5 years),0,Stunting,On track
IRQ,Iraq,NT_ANT_WHZ_PO2_MOD,"Overweight (>+2SD WHZ), modelled estimate, %",Layer 1: Nutrition Outcomes,2024,4.6076,Middle East and North Africa,Upper middle income,Recent (≤5 years),0,Overweight,Monitor (no numeric target)
IRQ,Iraq,NT_BF_EXBF,"Exclusive breastfeeding <6 months, %",Layer 1: Nutrition Outcomes,2018,25.8224,Middle East and North Africa,Upper middle income,Dated (6-10 years),6,Excl. Breastfeeding,Off track
IRQ,Iraq,NT_BW_LBW,"Low birth weight (<2500g), %",Layer 1: Nutrition Outcomes,2020,10.8614,Middle East and North Africa,Upper middle income,Recent (≤5 years),4,Low Birth Weight,On track
ISL,Iceland,NT_ANE_WOM_15_49_MOD,"Anaemia in women 15-49 years, %",Layer 1: Nutrition Outcomes,2023,14.7,Europe and Central Asia,High income,Recent (≤5 years),1,Anaemia (WRA),On track
ISL,Iceland,NT_BW_LBW,"Low birth weight (<2500g), %",Layer 1: Nutrition Outcomes,2020,3.9928,Europe and Central Asia,High income,Recent (≤5 years),4,Low Birth Weight,On track
ISR,Israel,NT_ANE_WOM_15_49_MOD,"Anaemia in women 15-49 years, %",Layer 1: Nutrition Outcomes,2023,14.6,Middle East and North Africa,High income,Recent (≤5 years),1,Anaemia (WRA),On track
ISR,Israel,NT_BW_LBW,"Low birth weight (<2500g), %",Layer 1: Nutrition Outcomes,2020,8.9839,Middle East and North Africa,High income,Recent (≤5 years),4,Low Birth Weight,On track
ITA,Italy,NT_ANE_WOM_15_49_MOD,"Anaemia in women 15-49 years, %",Layer 1: Nutrition Outcomes,2023,16.4,Europe and Central Asia,High income,Recent (≤5 years),1,Anaemia (WRA),On track
ITA,Italy,NT_BW_LBW,"Low birth weight (<2500g), %",Layer 1: Nutrition Outcomes,2020,7.2106,Europe and Central Asia,High income,Recent (≤5 years),4,Low Birth Weight,On track
JAM,Jamaica,NT_ANE_WOM_15_49_MOD,"Anaemia in women 15-49 years, %",Layer 1: Nutrition Outcomes,2023,21.5,Latin America and Caribbean,Upper middle income,Recent (≤5 years),1,Anaemia (WRA),On track
JAM,Jamaica,NT_ANT_HAZ_NE2_MOD,"Stunting (<-2SD HAZ), modelled estimate, %",Layer 1: Nutrition Outcomes,2024,6.8575,Latin America and Caribbean,Upper middle income,Recent (≤5 years),0,Stunting,On track
JAM,Jamaica,NT_ANT_WHZ_PO2_MOD,"Overweight (>+2SD WHZ), modelled estimate, %",Layer 1: Nutrition Outcomes,2024,5.0607,Latin America and Caribbean,Upper middle income,Recent (≤5 years),0,Overweight,Monitor (no numeric target)
JAM,Jamaica,NT_BF_EXBF,"Exclusive breastfeeding <6 months, %",Layer 1: Nutrition Outcomes,2022,32.9926,Latin America and Caribbean,Upper middle income,Recent (≤5 years),2,Excl. Breastfeeding,Off track
JAM,Jamaica,NT_BW_LBW,"Low birth weight (<2500g), %",Layer 1: Nutrition Outcomes,2020,13.6812,Latin America and Caribbean,Upper middle income,Recent (≤5 years),4,Low Birth Weight,On track
JOR,Jordan,NT_ANE_WOM_15_49_MOD,"Anaemia in women 15-49 years, %",Layer 1: Nutrition Outcomes,2023,33.0,Middle East and North Africa,Upper middle income,Recent (≤5 years),1,Anaemia (WRA),On track
JOR,Jordan,NT_ANT_HAZ_NE2_MOD,"Stunting (<-2SD HAZ), modelled estimate, %",Layer 1: Nutrition Outcomes,2024,7.6614,Middle East and North Africa,Upper middle income,Recent (≤5 years),0,Stunting,On track
JOR,Jordan,NT_ANT_WHZ_PO2_MOD,"Overweight (>+2SD WHZ), modelled estimate, %",Layer 1: Nutrition Outcomes,2024,10.6022,Middle East and North Africa,Upper middle income,Recent (≤5 years),0,Overweight,Monitor (no numeric target)
JOR,Jordan,NT_BF_EXBF,"Exclusive breastfeeding <6 months, %",Layer 1: Nutrition Outcomes,2023,23.9101,Middle East and North Africa,Upper middle income,Recent (≤5 years),1,Excl. Breastfeeding,Off track
JOR,Jordan,NT_BW_LBW,"Low birth weight (<2500g), %",Layer 1: Nutrition Outcomes,2020,18.9367,Middle East and North Africa,Upper middle income,Recent (≤5 years),4,Low Birth Weight,On track
JPN,Japan,NT_ANE_WOM_15_49_MOD,"Anaemia in women 15-49 years, %",Layer 1: Nutrition Outcomes,2023,18.7,East Asia and Pacific,High income,Recent (≤5 years),1,Anaemia (WRA),On track
JPN,Japan,NT_ANT_HAZ_NE2_MOD,"Stunting (<-2SD HAZ), modelled estimate, %",Layer 1: Nutrition Outcomes,2024,5.1694,East Asia and Pacific,High income,Recent (≤5 years),0,Stunting,On track
JPN,Japan,NT_ANT_WHZ_PO2_MOD,"Overweight (>+2SD WHZ), modelled estimate, %",Layer 1: Nutrition Outcomes,2024,1.9618,East Asia and Pacific,High income,Recent (≤5 years),0,Overweight,Monitor (no numeric target)
JPN,Japan,NT_BW_LBW,"Low birth weight (<2500g), %",Layer 1: Nutrition Outcomes,2020,11.3047,East Asia and Pacific,High income,Recent (≤5 years),4,Low Birth Weight,On track
KAZ,Kazakhstan,NT_ANE_WOM_15_49_MOD,"Anaemia in women 15-49 years, %",Layer 1: Nutrition Outcomes,2023,30.5,Europe and Central Asia,Upper middle income,Recent (≤5 years),1,Anaemia (WRA),On track
KAZ,Kazakhstan,NT_ANT_HAZ_NE2_MOD,"Stunting (<-2SD HAZ), modelled estimate, %",Layer 1: Nutrition Outcomes,2024,4.4346,Europe and Central Asia,Upper middle income,Recent (≤5 years),0,Stunting,On track
KAZ,Kazakhstan,NT_ANT_WHZ_PO2_MOD,"Overweight (>+2SD WHZ), modelled estimate, %",Layer 1: Nutrition Outcomes,2024,8.7274,Europe and Central Asia,Upper middle income,Recent (≤5 years),0,Overweight,Monitor (no numeric target)
KAZ,Kazakhstan,NT_BF_EXBF,"Exclusive breastfeeding <6 months, %",Layer 1: Nutrition Outcomes,2015,37.7719,Europe and Central Asia,Upper middle income,Dated (6-10 years),9,Excl. Breastfeeding,Data outdated
KAZ,Kazakhstan,NT_BW_LBW,"Low birth weight (<2500g), %",Layer 1: Nutrition Outcomes,2020,5.2911,Europe and Central Asia,Upper middle income,Recent (≤5 years),4,Low Birth Weight,On track
KEN,Kenya,NT_ANE_WOM_15_49_MOD,"Anaemia in women 15-49 years, %",Layer 1: Nutrition Outcomes,2023,32.2,Sub-Saharan Africa,Lower middle income,Recent (≤5 years),1,Anaemia (WRA),On track
KEN,Kenya,NT_ANT_HAZ_NE2_MOD,"Stunting (<-2SD HAZ), modelled estimate, %",Layer 1: Nutrition Outcomes,2024,17.9087,Sub-Saharan Africa,Lower middle income,Recent (≤5 years),0,Stunting,Off track
KEN,Kenya,NT_ANT_WHZ_PO2_MOD,"Overweight (>+2SD WHZ), modelled estimate, %",Layer 1: Nutrition Outcomes,2024,4.3344,Sub-Saharan Africa,Lower middle income,Recent (≤5 years),0,Overweight,Monitor (no numeric target)
KEN,Kenya,NT_BF_EXBF,"Exclusive breastfeeding <6 months, %",Layer 1: Nutrition Outcomes,2022,59.7122,Sub-Saharan Africa,Lower middle income,Recent (≤5 years),2,Excl. Breastfeeding,Insufficient progress
KEN,Kenya,NT_BW_LBW,"Low birth weight (<2500g), %",Layer 1: Nutrition Outcomes,2020,9.9711,Sub-Saharan Africa,Lower middle income,Recent (≤5 years),4,Low Birth Weight,On track
KGZ,Kyrgyzstan,NT_ANE_WOM_15_49_MOD,"Anaemia in women 15-49 years, %",Layer 1: Nutrition Outcomes,2023,32.9,Europe and Central Asia,Lower middle income,Recent (≤5 years),1,Anaemia (WRA),On track
KGZ,Kyrgyzstan,NT_ANT_HAZ_NE2_MOD,"Stunting (<-2SD HAZ), modelled estimate, %",Layer 1: Nutrition Outcomes,2024,11.0389,Europe and Central Asia,Lower middle income,Recent (≤5 years),0,Stunting,Insufficient progress
KGZ,Kyrgyzstan,NT_ANT_WHZ_PO2_MOD,"Overweight (>+2SD WHZ), modelled estimate, %",Layer 1: Nutrition Outcomes,2024,9.8526,Europe and Central Asia,Lower middle income,Recent (≤5 years),0,Overweight,Monitor (no numeric target)
KGZ,Kyrgyzstan,NT_BF_EXBF,"Exclusive breastfeeding <6 months, %",Layer 1: Nutrition Outcomes,2023,44.2549,Europe and Central Asia,Lower middle income,Recent (≤5 years),1,Excl. Breastfeeding,Off track
KGZ,Kyrgyzstan,NT_BW_LBW,"Low birth weight (<2500g), %",Layer 1: Nutrition Outcomes,2020,6.0377,Europe and Central Asia,Lower middle income,Recent (≤5 years),4,Low Birth Weight,On track
KHM,Cambodia,NT_ANE_WOM_15_49_MOD,"Anaemia in women 15-49 years, %",Layer 1: Nutrition Outcomes,2023,38.0,East Asia and Pacific,Lower middle income,Recent (≤5 years),1,Anaemia (WRA),On track
KHM,Cambodia,NT_ANT_HAZ_NE2_MOD,"Stunting (<-2SD HAZ), modelled estimate, %",Layer 1: Nutrition Outcomes,2024,21.9644,East Asia and Pacific,Lower middle income,Recent (≤5 years),0,Stunting,Off track
KHM,Cambodia,NT_ANT_WHZ_PO2_MOD,"Overweight (>+2SD WHZ), modelled estimate, %",Layer 1: Nutrition Outcomes,2024,5.6724,East Asia and Pacific,Lower middle income,Recent (≤5 years),0,Overweight,Monitor (no numeric target)
KHM,Cambodia,NT_BF_EXBF,"Exclusive breastfeeding <6 months, %",Layer 1: Nutrition Outcomes,2021,50.2936,East Asia and Pacific,Lower middle income,Recent (≤5 years),3,Excl. Breastfeeding,Insufficient progress
KHM,Cambodia,NT_BW_LBW,"Low birth weight (<2500g), %",Layer 1: Nutrition Outcomes,2020,11.449,East Asia and Pacific,Lower middle income,Recent (≤5 years),4,Low Birth Weight,On track
KIR,Kiribati,NT_ANE_WOM_15_49_MOD,"Anaemia in women 15-49 years, %",Layer 1: Nutrition Outcomes,2023,26.9,East Asia and Pacific,Lower middle income,Recent (≤5 years),1,Anaemia (WRA),On track
KIR,Kiribati,NT_ANT_HAZ_NE2_MOD,"Stunting (<-2SD HAZ), modelled estimate, %",Layer 1: Nutrition Outcomes,2024,14.655,East Asia and Pacific,Lower middle income,Recent (≤5 years),0,Stunting,Insufficient progress
KIR,Kiribati,NT_ANT_WHZ_PO2_MOD,"Overweight (>+2SD WHZ), modelled estimate, %",Layer 1: Nutrition Outcomes,2024,2.1147,East Asia and Pacific,Lower middle income,Recent (≤5 years),0,Overweight,Monitor (no numeric target)
KIR,Kiribati,NT_BF_EXBF,"Exclusive breastfeeding <6 months, %",Layer 1: Nutrition Outcomes,2018,63.5852,East Asia and Pacific,Lower middle income,Dated (6-10 years),6,Excl. Breastfeeding,On track
KIR,Kiribati,NT_BW_LBW,"Low birth weight (<2500g), %",Layer 1: Nutrition Outcomes,2020,9.0314,East Asia and Pacific,Lower middle income,Recent (≤5 years),4,Low Birth Weight,On track
KNA,Saint Kitts and Nevis,NT_ANE_WOM_15_49_MOD,"Anaemia in women 15-49 years, %",Layer 1: Nutrition Outcomes,2023,19.4,Latin America and Caribbean,High income,Recent (≤5 years),1,Anaemia (WRA),On track
KOR,Republic of Korea,NT_ANE_WOM_15_49_MOD,"Anaemia in women 15-49 years, %",Layer 1: Nutrition Outcomes,2023,15.7,East Asia and Pacific,High income,Recent (≤5 years),1,Anaemia (WRA),On track
KOR,Republic of Korea,NT_ANT_HAZ_NE2_MOD,"Stunting (<-2SD HAZ), modelled estimate, %",Layer 1: Nutrition Outcomes,2024,1.8301,East Asia and Pacific,High income,Recent (≤5 years),0,Stunting,On track
KOR,Republic of Korea,NT_ANT_WHZ_PO2_MOD,"Overweight (>+2SD WHZ), modelled estimate, %",Layer 1: Nutrition Outcomes,2024,5.4947,East Asia and Pacific,High income,Recent (≤5 years),0,Overweight,Monitor (no numeric target)
KOR,Republic of Korea,NT_BW_LBW,"Low birth weight (<2500g), %",Layer 1: Nutrition Outcomes,2020,7.4631,East Asia and Pacific,High income,Recent (≤5 years),4,Low Birth Weight,On track
KWT,Kuwait,NT_ANE_WOM_15_49_MOD,"Anaemia in women 15-49 years, %",Layer 1: Nutrition Outcomes,2023,27.7,Middle East and North Africa,High income,Recent (≤5 years),1,Anaemia (WRA),On track
KWT,Kuwait,NT_ANT_HAZ_NE2_MOD,"Stunting (<-2SD HAZ), modelled estimate, %",Layer 1: Nutrition Outcomes,2024,4.456,Middle East and North Africa,High income,Recent (≤5 years),0,Stunting,On track
KWT,Kuwait,NT_ANT_WHZ_PO2_MOD,"Overweight (>+2SD WHZ), modelled estimate, %",Layer 1: Nutrition Outcomes,2024,10.0813,Middle East and North Africa,High income,Recent (≤5 years),0,Overweight,Monitor (no numeric target)
KWT,Kuwait,NT_BW_LBW,"Low birth weight (<2500g), %",Layer 1: Nutrition Outcomes,2020,14.366,Middle East and North Africa,High income,Recent (≤5 years),4,Low Birth Weight,On track
LAO,Lao People's Democratic Republic,NT_ANE_WOM_15_49_MOD,"Anaemia in women 15-49 years, %",Layer 1: Nutrition Outcomes,2023,28.6,East Asia and Pacific,Lower middle income,Recent (≤5 years),1,Anaemia (WRA),On track
LAO,Lao People's Democratic Republic,NT_ANT_HAZ_NE2_MOD,"Stunting (<-2SD HAZ), modelled estimate, %",Layer 1: Nutrition Outcomes,2024,29.8514,East Asia and Pacific,Lower middle income,Recent (≤5 years),0,Stunting,Off track
LAO,Lao People's Democratic Republic,NT_ANT_WHZ_PO2_MOD,"Overweight (>+2SD WHZ), modelled estimate, %",Layer 1: Nutrition Outcomes,2024,3.7132,East Asia and Pacific,Lower middle income,Recent (≤5 years),0,Overweight,Monitor (no numeric target)
LAO,Lao People's Democratic Republic,NT_BF_EXBF,"Exclusive breastfeeding <6 months, %",Layer 1: Nutrition Outcomes,2023,50.3193,East Asia and Pacific,Lower middle income,Recent (≤5 years),1,Excl. Breastfeeding,Insufficient progress
LAO,Lao People's Democratic Republic,NT_BW_LBW,"Low birth weight (<2500g), %",Layer 1: Nutrition Outcomes,2020,16.7323,East Asia and Pacific,Lower middle income,Recent (≤5 years),4,Low Birth Weight,On track
LBN,Lebanon,NT_ANE_WOM_15_49_MOD,"Anaemia in women 15-49 years, %",Layer 1: Nutrition Outcomes,2023,34.0,Middle East and North Africa,Upper middle income,Recent (≤5 years),1,Anaemia (WRA),On track
LBN,Lebanon,NT_ANT_HAZ_NE2_MOD,"Stunting (<-2SD HAZ), modelled estimate, %",Layer 1: Nutrition Outcomes,2024,10.0694,Middle East and North Africa,Upper middle income,Recent (≤5 years),0,Stunting,Insufficient progress
LBN,Lebanon,NT_ANT_WHZ_PO2_MOD,"Overweight (>+2SD WHZ), modelled estimate, %",Layer 1: Nutrition Outcomes,2024,4.5351,Middle East and North Africa,Upper middle income,Recent (≤5 years),0,Overweight,Monitor (no numeric target)
LBN,Lebanon,NT_BF_EXBF,"Exclusive breastfeeding <6 months, %",Layer 1: Nutrition Outcomes,2023,22.7,Middle East and North Africa,Upper middle income,Recent (≤5 years),1,Excl. Breastfeeding,Off track
LBN,Lebanon,NT_BW_LBW,"Low birth weight (<2500g), %",Layer 1: Nutrition Outcomes,2020,12.5996,Middle East and North Africa,Upper middle income,Recent (≤5 years),4,Low Birth Weight,On track
LBR,Liberia,NT_ANE_WOM_15_49_MOD,"Anaemia in women 15-49 years, %",Layer 1: Nutrition Outcomes,2023,42.5,Sub-Saharan Africa,Low income,Recent (≤5 years),1,Anaemia (WRA),On track
LBR,Liberia,NT_ANT_HAZ_NE2_MOD,"Stunting (<-2SD HAZ), modelled estimate, %",Layer 1: Nutrition Outcomes,2024,26.887,Sub-Saharan Africa,Low income,Recent (≤5 years),0,Stunting,Off track
LBR,Liberia,NT_ANT_WHZ_PO2_MOD,"Overweight (>+2SD WHZ), modelled estimate, %",Layer 1: Nutrition Outcomes,2024,6.0982,Sub-Saharan Africa,Low income,Recent (≤5 years),0,Overweight,Monitor (no numeric target)
LBR,Liberia,NT_BF_EXBF,"Exclusive breastfeeding <6 months, %",Layer 1: Nutrition Outcomes,2019,55.2284,Sub-Saharan Africa,Low income,Recent (≤5 years),5,Excl. Breastfeeding,Insufficient progress
LBR,Liberia,NT_BW_LBW,"Low birth weight (<2500g), %",Layer 1: Nutrition Outcomes,2020,19.8813,Sub-Saharan Africa,Low income,Recent (≤5 years),4,Low Birth Weight,On track
LBY,Libya,NT_ANE_WOM_15_49_MOD,"Anaemia in women 15-49 years, %",Layer 1: Nutrition Outcomes,2023,29.3,Middle East and North Africa,Upper middle income,Recent (≤5 years),1,Anaemia (WRA),On track
LBY,Libya,NT_ANT_HAZ_NE2_MOD,"Stunting (<-2SD HAZ), modelled estimate, %",Layer 1: Nutrition Outcomes,2024,9.1545,Middle East and North Africa,Upper middle income,Recent (≤5 years),0,Stunting,On track
LBY,Libya,NT_ANT_WHZ_PO2_MOD,"Overweight (>+2SD WHZ), modelled estimate, %",Layer 1: Nutrition Outcomes,2024,4.7272,Middle East and North Africa,Upper middle income,Recent (≤5 years),0,Overweight,Monitor (no numeric target)
LCA,Saint Lucia,NT_ANE_WOM_15_49_MOD,"Anaemia in women 15-49 years, %",Layer 1: Nutrition Outcomes,2023,19.9,Latin America and Caribbean,Upper middle income,Recent (≤5 years),1,Anaemia (WRA),On track
LCA,Saint Lucia,NT_ANT_HAZ_NE2_MOD,"Stunting (<-2SD HAZ), modelled estimate, %",Layer 1: Nutrition Outcomes,2024,2.7981,Latin America and Caribbean,Upper middle income,Recent (≤5 years),0,Stunting,On track
LCA,Saint Lucia,NT_ANT_WHZ_PO2_MOD,"Overweight (>+2SD WHZ), modelled estimate, %",Layer 1: Nutrition Outcomes,2024,6.7593,Latin America and Caribbean,Upper middle income,Recent (≤5 years),0,Overweight,Monitor (no numeric target)
LCA,Saint Lucia,NT_BF_EXBF,"Exclusive breastfeeding <6 months, %",Layer 1: Nutrition Outcomes,2012,3.497,Latin America and Caribbean,Upper middle income,Outdated (>10 years),12,Excl. Breastfeeding,Data outdated
LCA,Saint Lucia,NT_BW_LBW,"Low birth weight (<2500g), %",Layer 1: Nutrition Outcomes,2020,16.2511,Latin America and Caribbean,Upper middle income,Recent (≤5 years),4,Low Birth Weight,On track
LKA,Sri Lanka,NT_ANE_WOM_15_49_MOD,"Anaemia in women 15-49 years, %",Layer 1: Nutrition Outcomes,2023,20.9,South Asia,Lower middle income,Recent (≤5 years),1,Anaemia (WRA),On track
LKA,Sri Lanka,NT_ANT_HAZ_NE2_MOD,"Stunting (<-2SD HAZ), modelled estimate, %",Layer 1: Nutrition Outcomes,2024,10.092,South Asia,Lower middle income,Recent (≤5 years),0,Stunting,Insufficient progress
LKA,Sri Lanka,NT_ANT_WHZ_PO2_MOD,"Overweight (>+2SD WHZ), modelled estimate, %",Layer 1: Nutrition Outcomes,2024,0.9076,South Asia,Lower middle income,Recent (≤5 years),0,Overweight,Monitor (no numeric target)
LKA,Sri Lanka,NT_BF_EXBF,"Exclusive breastfeeding <6 months, %",Layer 1: Nutrition Outcomes,2016,80.9288,South Asia,Lower middle income,Dated (6-10 years),8,Excl. Breastfeeding,Data outdated
LKA,Sri Lanka,NT_BW_LBW,"Low birth weight (<2500g), %",Layer 1: Nutrition Outcomes,2020,17.9783,South Asia,Lower middle income,Recent (≤5 years),4,Low Birth Weight,On track
LSO,Lesotho,NT_ANE_WOM_15_49_MOD,"Anaemia in women 15-49 years, %",Layer 1: Nutrition Outcomes,2023,34.2,Sub-Saharan Africa,Lower middle income,Recent (≤5 years),1,Anaemia (WRA),On track
LSO,Lesotho,NT_ANT_HAZ_NE2_MOD,"Stunting (<-2SD HAZ), modelled estimate, %",Layer 1: Nutrition Outcomes,2024,34.9908,Sub-Saharan Africa,Lower middle income,Recent (≤5 years),0,Stunting,Off track
LSO,Lesotho,NT_ANT_WHZ_PO2_MOD,"Overweight (>+2SD WHZ), modelled estimate, %",Layer 1: Nutrition Outcomes,2024,7.5115,Sub-Saharan Africa,Lower middle income,Recent (≤5 years),0,Overweight,Monitor (no numeric target)
LSO,Lesotho,NT_BF_EXBF,"Exclusive breastfeeding <6 months, %",Layer 1: Nutrition Outcomes,2024,60.7438,Sub-Saharan Africa,Lower middle income,Recent (≤5 years),0,Excl. Breastfeeding,On track
LSO,Lesotho,NT_BW_LBW,"Low birth weight (<2500g), %",Layer 1: Nutrition Outcomes,2020,14.4474,Sub-Saharan Africa,Lower middle income,Recent (≤5 years),4,Low Birth Weight,On track
LTU,Lithuania,NT_ANE_WOM_15_49_MOD,"Anaemia in women 15-49 years, %",Layer 1: Nutrition Outcomes,2023,23.7,Europe and Central Asia,High income,Recent (≤5 years),1,Anaemia (WRA),On track
LTU,Lithuania,NT_ANT_HAZ_NE2_MOD,"Stunting (<-2SD HAZ), modelled estimate, %",Layer 1: Nutrition Outcomes,2024,1.5518,Europe and Central Asia,High income,Recent (≤5 years),0,Stunting,On track
LTU,Lithuania,NT_ANT_WHZ_PO2_MOD,"Overweight (>+2SD WHZ), modelled estimate, %",Layer 1: Nutrition Outcomes,2024,4.5955,Europe and Central Asia,High income,Recent (≤5 years),0,Overweight,Monitor (no numeric target)
LTU,Lithuania,NT_BW_LBW,"Low birth weight (<2500g), %",Layer 1: Nutrition Outcomes,2020,4.3979,Europe and Central Asia,High income,Recent (≤5 years),4,Low Birth Weight,On track
LUX,Luxembourg,NT_ANE_WOM_15_49_MOD,"Anaemia in women 15-49 years, %",Layer 1: Nutrition Outcomes,2023,15.4,Europe and Central Asia,High income,Recent (≤5 years),1,Anaemia (WRA),On track
LUX,Luxembourg,NT_BW_LBW,"Low birth weight (<2500g), %",Layer 1: Nutrition Outcomes,2020,7.7499,Europe and Central Asia,High income,Recent (≤5 years),4,Low Birth Weight,On track
LVA,Latvia,NT_ANE_WOM_15_49_MOD,"Anaemia in women 15-49 years, %",Layer 1: Nutrition Outcomes,2023,21.4,Europe and Central Asia,High income,Recent (≤5 years),1,Anaemia (WRA),On track
LVA,Latvia,NT_ANT_HAZ_NE2_MOD,"Stunting (<-2SD HAZ), modelled estimate, %",Layer 1: Nutrition Outcomes,2024,1.6717,Europe and Central Asia,High income,Recent (≤5 years),0,Stunting,On track
LVA,Latvia,NT_ANT_WHZ_PO2_MOD,"Overweight (>+2SD WHZ), modelled estimate, %",Layer 1: Nutrition Outcomes,2024,6.6324,Europe and Central Asia,High income,Recent (≤5 years),0,Overweight,Monitor (no numeric target)
LVA,Latvia,NT_BW_LBW,"Low birth weight (<2500g), %",Layer 1: Nutrition Outcomes,2020,4.2326,Europe and Central Asia,High income,Recent (≤5 years),4,Low Birth Weight,On track
MAR,Morocco,NT_ANE_WOM_15_49_MOD,"Anaemia in women 15-49 years, %",Layer 1: Nutrition Outcomes,2023,29.5,Middle East and North Africa,Lower middle income,Recent (≤5 years),1,Anaemia (WRA),On track
MAR,Morocco,NT_ANT_HAZ_NE2_MOD,"Stunting (<-2SD HAZ), modelled estimate, %",Layer 1: Nutrition Outcomes,2024,13.6869,Middle East and North Africa,Lower middle income,Recent (≤5 years),0,Stunting,Insufficient progress
MAR,Morocco,NT_ANT_WHZ_PO2_MOD,"Overweight (>+2SD WHZ), modelled estimate, %",Layer 1: Nutrition Outcomes,2024,11.1755,Middle East and North Africa,Lower middle income,Recent (≤5 years),0,Overweight,Monitor (no numeric target)
MAR,Morocco,NT_BF_EXBF,"Exclusive breastfeeding <6 months, %",Layer 1: Nutrition Outcomes,2017,35.0,Middle East and North Africa,Lower middle income,Dated (6-10 years),7,Excl. Breastfeeding,Off track
MAR,Morocco,NT_BW_LBW,"Low birth weight (<2500g), %",Layer 1: Nutrition Outcomes,2020,14.7665,Middle East and North Africa,Lower middle income,Recent (≤5 years),4,Low Birth Weight,On track
MCO,Monaco,NT_ANE_WOM_15_49_MOD,"Anaemia in women 15-49 years, %",Layer 1: Nutrition Outcomes,2023,15.9,,,Recent (≤5 years),1,Anaemia (WRA),On track
MCO,Monaco,NT_BW_LBW,"Low birth weight (<2500g), %",Layer 1: Nutrition Outcomes,2020,6.8246,,,Recent (≤5 years),4,Low Birth Weight,On track
MDA,Republic of Moldova,NT_ANE_WOM_15_49_MOD,"Anaemia in women 15-49 years, %",Layer 1: Nutrition Outcomes,2023,28.5,Europe and Central Asia,Lower middle income,Recent (≤5 years),1,Anaemia (WRA),On track
MDA,Republic of Moldova,NT_ANT_HAZ_NE2_MOD,"Stunting (<-2SD HAZ), modelled estimate, %",Layer 1: Nutrition Outcomes,2024,4.2028,Europe and Central Asia,Lower middle income,Recent (≤5 years),0,Stunting,On track
MDA,Republic of Moldova,NT_ANT_WHZ_PO2_MOD,"Overweight (>+2SD WHZ), modelled estimate, %",Layer 1: Nutrition Outcomes,2024,4.0635,Europe and Central Asia,Lower middle income,Recent (≤5 years),0,Overweight,Monitor (no numeric target)
MDA,Republic of Moldova,NT_BF_EXBF,"Exclusive breastfeeding <6 months, %",Layer 1: Nutrition Outcomes,2012,36.3703,Europe and Central Asia,Lower middle income,Outdated (>10 years),12,Excl. Breastfeeding,Data outdated
MDA,Republic of Moldova,NT_BW_LBW,"Low birth weight (<2500g), %",Layer 1: Nutrition Outcomes,2020,6.4705,Europe and Central Asia,Lower middle income,Recent (≤5 years),4,Low Birth Weight,On track
MDG,Madagascar,NT_ANE_WOM_15_49_MOD,"Anaemia in women 15-49 years, %",Layer 1: Nutrition Outcomes,2023,37.2,Sub-Saharan Africa,Low income,Recent (≤5 years),1,Anaemia (WRA),On track
MDG,Madagascar,NT_ANT_HAZ_NE2_MOD,"Stunting (<-2SD HAZ), modelled estimate, %",Layer 1: Nutrition Outcomes,2024,38.3883,Sub-Saharan Africa,Low income,Recent (≤5 years),0,Stunting,Off track
MDG,Madagascar,NT_ANT_WHZ_PO2_MOD,"Overweight (>+2SD WHZ), modelled estimate, %",Layer 1: Nutrition Outcomes,2024,2.3351,Sub-Saharan Africa,Low income,Recent (≤5 years),0,Overweight,Monitor (no numeric target)
MDG,Madagascar,NT_BF_EXBF,"Exclusive breastfeeding <6 months, %",Layer 1: Nutrition Outcomes,2021,54.4131,Sub-Saharan Africa,Low income,Recent (≤5 years),3,Excl. Breastfeeding,Insufficient progress
MDG,Madagascar,NT_BW_LBW,"Low birth weight (<2500g), %",Layer 1: Nutrition Outcomes,2020,18.7121,Sub-Saharan Africa,Low income,Recent (≤5 years),4,Low Birth Weight,On track
MDV,Maldives,NT_ANE_WOM_15_49_MOD,"Anaemia in women 15-49 years, %",Layer 1: Nutrition Outcomes,2023,43.4,South Asia,Upper middle income,Recent (≤5 years),1,Anaemia (WRA),On track
MDV,Maldives,NT_ANT_HAZ_NE2_MOD,"Stunting (<-2SD HAZ), modelled estimate, %",Layer 1: Nutrition Outcomes,2024,14.1944,South Asia,Upper middle income,Recent (≤5 years),0,Stunting,Insufficient progress
MDV,Maldives,NT_ANT_WHZ_PO2_MOD,"Overweight (>+2SD WHZ), modelled estimate, %",Layer 1: Nutrition Outcomes,2024,3.0498,South Asia,Upper middle income,Recent (≤5 years),0,Overweight,Monitor (no numeric target)
MDV,Maldives,NT_BF_EXBF,"Exclusive breastfeeding <6 months, %",Layer 1: Nutrition Outcomes,2017,63.0329,South Asia,Upper middle income,Dated (6-10 years),7,Excl. Breastfeeding,On track
MDV,Maldives,NT_BW_LBW,"Low birth weight (<2500g), %",Layer 1: Nutrition Outcomes,2020,13.7183,South Asia,Upper middle income,Recent (≤5 years),4,Low Birth Weight,On track
MEX,Mexico,NT_ANE_WOM_15_49_MOD,"Anaemia in women 15-49 years, %",Layer 1: Nutrition Outcomes,2023,13.2,Latin America and Caribbean,Upper middle income,Recent (≤5 years),1,Anaemia (WRA),On track
MEX,Mexico,NT_ANT_HAZ_NE2_MOD,"Stunting (<-2SD HAZ), modelled estimate, %",Layer 1: Nutrition Outcomes,2024,13.0646,Latin America and Caribbean,Upper middle income,Recent (≤5 years),0,Stunting,Insufficient progress
MEX,Mexico,NT_ANT_WHZ_PO2_MOD,"Overweight (>+2SD WHZ), modelled estimate, %",Layer 1: Nutrition Outcomes,2024,7.4357,Latin America and Caribbean,Upper middle income,Recent (≤5 years),0,Overweight,Monitor (no numeric target)
MEX,Mexico,NT_BF_EXBF,"Exclusive breastfeeding <6 months, %",Layer 1: Nutrition Outcomes,2023,34.9976,Latin America and Caribbean,Upper middle income,Recent (≤5 years),1,Excl. Breastfeeding,Off track
MEX,Mexico,NT_BW_LBW,"Low birth weight (<2500g), %",Layer 1: Nutrition Outcomes,2020,10.1538,Latin America and Caribbean,Upper middle income,Recent (≤5 years),4,Low Birth Weight,On track
MHL,Marshall Islands,NT_ANE_WOM_15_49_MOD,"Anaemia in women 15-49 years, %",Layer 1: Nutrition Outcomes,2023,23.5,East Asia and Pacific,Upper middle income,Recent (≤5 years),1,Anaemia (WRA),On track
MHL,Marshall Islands,NT_ANT_HAZ_NE2_MOD,"Stunting (<-2SD HAZ), modelled estimate, %",Layer 1: Nutrition Outcomes,2024,29.9566,East Asia and Pacific,Upper middle income,Recent (≤5 years),0,Stunting,Off track
MHL,Marshall Islands,NT_ANT_WHZ_PO2_MOD,"Overweight (>+2SD WHZ), modelled estimate, %",Layer 1: Nutrition Outcomes,2024,4.6007,East Asia and Pacific,Upper middle income,Recent (≤5 years),0,Overweight,Monitor (no numeric target)
MHL,Marshall Islands,NT_BF_EXBF,"Exclusive breastfeeding <6 months, %",Layer 1: Nutrition Outcomes,2017,43.1171,East Asia and Pacific,Upper middle income,Dated (6-10 years),7,Excl. Breastfeeding,Off track
MKD,North Macedonia,NT_ANE_WOM_15_49_MOD,"Anaemia in women 15-49 years, %",Layer 1: Nutrition Outcomes,2023,21.5,Europe and Central Asia,Upper middle income,Recent (≤5 years),1,Anaemia (WRA),On track
MKD,North Macedonia,NT_ANT_HAZ_NE2_MOD,"Stunting (<-2SD HAZ), modelled estimate, %",Layer 1: Nutrition Outcomes,2024,3.7789,Europe and Central Asia,Upper middle income,Recent (≤5 years),0,Stunting,On track
MKD,North Macedonia,NT_ANT_WHZ_PO2_MOD,"Overweight (>+2SD WHZ), modelled estimate, %",Layer 1: Nutrition Outcomes,2024,12.2665,Europe and Central Asia,Upper middle income,Recent (≤5 years),0,Overweight,Monitor (no numeric target)
MKD,North Macedonia,NT_BF_EXBF,"Exclusive breastfeeding <6 months, %",Layer 1: Nutrition Outcomes,2019,27.519,Europe and Central Asia,Upper middle income,Recent (≤5 years),5,Excl. Breastfeeding,Off track
MKD,North Macedonia,NT_BW_LBW,"Low birth weight (<2500g), %",Layer 1: Nutrition Outcomes,2020,8.2921,Europe and Central Asia,Upper middle income,Recent (≤5 years),4,Low Birth Weight,On track
MLI,Mali,NT_ANE_WOM_15_49_MOD,"Anaemia in women 15-49 years, %",Layer 1: Nutrition Outcomes,2023,56.5,Sub-Saharan Africa,Low income,Recent (≤5 years),1,Anaemia (WRA),Insufficient progress
MLI,Mali,NT_ANT_HAZ_NE2_MOD,"Stunting (<-2SD HAZ), modelled estimate, %",Layer 1: Nutrition Outcomes,2024,23.229,Sub-Saharan Africa,Low income,Recent (≤5 years),0,Stunting,Off track
MLI,Mali,NT_ANT_WHZ_PO2_MOD,"Overweight (>+2SD WHZ), modelled estimate, %",Layer 1: Nutrition Outcomes,2024,1.2956,Sub-Saharan Africa,Low income,Recent (≤5 years),0,Overweight,Monitor (no numeric target)
MLI,Mali,NT_BF_EXBF,"Exclusive breastfeeding <6 months, %",Layer 1: Nutrition Outcomes,2024,40.3986,Sub-Saharan Africa,Low income,Recent (≤5 years),0,Excl. Breastfeeding,Off track
MLT,Malta,NT_ANE_WOM_15_49_MOD,"Anaemia in women 15-49 years, %",Layer 1: Nutrition Outcomes,2023,15.7,Europe and Central Asia,High income,Recent (≤5 years),1,Anaemia (WRA),On track
MLT,Malta,NT_ANT_HAZ_NE2_MOD,"Stunting (<-2SD HAZ), modelled estimate, %",Layer 1: Nutrition Outcomes,2024,3.4926,Europe and Central Asia,High income,Recent (≤5 years),0,Stunting,On track
MLT,Malta,NT_ANT_WHZ_PO2_MOD,"Overweight (>+2SD WHZ), modelled estimate, %",Layer 1: Nutrition Outcomes,2024,10.1399,Europe and Central Asia,High income,Recent (≤5 years),0,Overweight,Monitor (no numeric target)
MLT,Malta,NT_BW_LBW,"Low birth weight (<2500g), %",Layer 1: Nutrition Outcomes,2020,7.1841,Europe and Central Asia,High income,Recent (≤5 years),4,Low Birth Weight,On track
MMR,Myanmar,NT_ANE_WOM_15_49_MOD,"Anaemia in women 15-49 years, %",Layer 1: Nutrition Outcomes,2023,39.7,East Asia and Pacific,Lower middle income,Recent (≤5 years),1,Anaemia (WRA),On track
MMR,Myanmar,NT_ANT_HAZ_NE2_MOD,"Stunting (<-2SD HAZ), modelled estimate, %",Layer 1: Nutrition Outcomes,2024,24.4791,East Asia and Pacific,Lower middle income,Recent (≤5 years),0,Stunting,Off track
MMR,Myanmar,NT_ANT_WHZ_PO2_MOD,"Overweight (>+2SD WHZ), modelled estimate, %",Layer 1: Nutrition Outcomes,2024,0.6229,East Asia and Pacific,Lower middle income,Recent (≤5 years),0,Overweight,Monitor (no numeric target)
MMR,Myanmar,NT_BF_EXBF,"Exclusive breastfeeding <6 months, %",Layer 1: Nutrition Outcomes,2016,51.2379,East Asia and Pacific,Lower middle income,Dated (6-10 years),8,Excl. Breastfeeding,Data outdated
MMR,Myanmar,NT_BW_LBW,"Low birth weight (<2500g), %",Layer 1: Nutrition Outcomes,2020,12.4843,East Asia and Pacific,Lower middle income,Recent (≤5 years),4,Low Birth Weight,On track
MNE,Montenegro,NT_ANE_WOM_15_49_MOD,"Anaemia in women 15-49 years, %",Layer 1: Nutrition Outcomes,2023,25.8,Europe and Central Asia,Upper middle income,Recent (≤5 years),1,Anaemia (WRA),On track
MNE,Montenegro,NT_ANT_HAZ_NE2_MOD,"Stunting (<-2SD HAZ), modelled estimate, %",Layer 1: Nutrition Outcomes,2024,7.9979,Europe and Central Asia,Upper middle income,Recent (≤5 years),0,Stunting,On track
MNE,Montenegro,NT_ANT_WHZ_PO2_MOD,"Overweight (>+2SD WHZ), modelled estimate, %",Layer 1: Nutrition Outcomes,2024,8.6033,Europe and Central Asia,Upper middle income,Recent (≤5 years),0,Overweight,Monitor (no numeric target)
MNE,Montenegro,NT_BF_EXBF,"Exclusive breastfeeding <6 months, %",Layer 1: Nutrition Outcomes,2018,19.5167,Europe and Central Asia,Upper middle income,Dated (6-10 years),6,Excl. Breastfeeding,Off track
MNE,Montenegro,NT_BW_LBW,"Low birth weight (<2500g), %",Layer 1: Nutrition Outcomes,2020,6.232,Europe and Central Asia,Upper middle income,Recent (≤5 years),4,Low Birth Weight,On track
MNG,Mongolia,NT_ANE_WOM_15_49_MOD,"Anaemia in women 15-49 years, %",Layer 1: Nutrition Outcomes,2023,19.1,East Asia and Pacific,Lower middle income,Recent (≤5 years),1,Anaemia (WRA),On track
MNG,Mongolia,NT_ANT_HAZ_NE2_MOD,"Stunting (<-2SD HAZ), modelled estimate, %",Layer 1: Nutrition Outcomes,2024,7.0533,East Asia and Pacific,Lower middle income,Recent (≤5 years),0,Stunting,On track
MNG,Mongolia,NT_ANT_WHZ_PO2_MOD,"Overweight (>+2SD WHZ), modelled estimate, %",Layer 1: Nutrition Outcomes,2024,12.2926,East Asia and Pacific,Lower middle income,Recent (≤5 years),0,Overweight,Monitor (no numeric target)
MNG,Mongolia,NT_BF_EXBF,"Exclusive breastfeeding <6 months, %",Layer 1: Nutrition Outcomes,2023,51.1,East Asia and Pacific,Lower middle income,Recent (≤5 years),1,Excl. Breastfeeding,Insufficient progress
MNG,Mongolia,NT_BW_LBW,"Low birth weight (<2500g), %",Layer 1: Nutrition Outcomes,2020,4.8965,East Asia and Pacific,Lower middle income,Recent (≤5 years),4,Low Birth Weight,On track
MOZ,Mozambique,NT_ANE_WOM_15_49_MOD,"Anaemia in women 15-49 years, %",Layer 1: Nutrition Outcomes,2023,47.0,Sub-Saharan Africa,Low income,Recent (≤5 years),1,Anaemia (WRA),On track
MOZ,Mozambique,NT_ANT_HAZ_NE2_MOD,"Stunting (<-2SD HAZ), modelled estimate, %",Layer 1: Nutrition Outcomes,2024,37.022,Sub-Saharan Africa,Low income,Recent (≤5 years),0,Stunting,Off track
MOZ,Mozambique,NT_ANT_WHZ_PO2_MOD,"Overweight (>+2SD WHZ), modelled estimate, %",Layer 1: Nutrition Outcomes,2024,4.4273,Sub-Saharan Africa,Low income,Recent (≤5 years),0,Overweight,Monitor (no numeric target)
MOZ,Mozambique,NT_BF_EXBF,"Exclusive breastfeeding <6 months, %",Layer 1: Nutrition Outcomes,2022,55.5006,Sub-Saharan Africa,Low income,Recent (≤5 years),2,Excl. Breastfeeding,Insufficient progress
MOZ,Mozambique,NT_BW_LBW,"Low birth weight (<2500g), %",Layer 1: Nutrition Outcomes,2020,17.7602,Sub-Saharan Africa,Low income,Recent (≤5 years),4,Low Birth Weight,On track
MRT,Mauritania,NT_ANE_WOM_15_49_MOD,"Anaemia in women 15-49 years, %",Layer 1: Nutrition Outcomes,2023,54.5,Sub-Saharan Africa,Lower middle income,Recent (≤5 years),1,Anaemia (WRA),Insufficient progress
MRT,Mauritania,NT_ANT_HAZ_NE2_MOD,"Stunting (<-2SD HAZ), modelled estimate, %",Layer 1: Nutrition Outcomes,2024,21.485,Sub-Saharan Africa,Lower middle income,Recent (≤5 years),0,Stunting,Off track
MRT,Mauritania,NT_ANT_WHZ_PO2_MOD,"Overweight (>+2SD WHZ), modelled estimate, %",Layer 1: Nutrition Outcomes,2024,1.6147,Sub-Saharan Africa,Lower middle income,Recent (≤5 years),0,Overweight,Monitor (no numeric target)
MRT,Mauritania,NT_BF_EXBF,"Exclusive breastfeeding <6 months, %",Layer 1: Nutrition Outcomes,2020,40.8994,Sub-Saharan Africa,Lower middle income,Recent (≤5 years),4,Excl. Breastfeeding,Off track
MUS,Mauritius,NT_ANE_WOM_15_49_MOD,"Anaemia in women 15-49 years, %",Layer 1: Nutrition Outcomes,2023,32.8,Sub-Saharan Africa,Upper middle income,Recent (≤5 years),1,Anaemia (WRA),On track
MUS,Mauritius,NT_ANT_HAZ_NE2_MOD,"Stunting (<-2SD HAZ), modelled estimate, %",Layer 1: Nutrition Outcomes,2024,7.7905,Sub-Saharan Africa,Upper middle income,Recent (≤5 years),0,Stunting,On track
MUS,Mauritius,NT_ANT_WHZ_PO2_MOD,"Overweight (>+2SD WHZ), modelled estimate, %",Layer 1: Nutrition Outcomes,2024,4.7672,Sub-Saharan Africa,Upper middle income,Recent (≤5 years),0,Overweight,Monitor (no numeric target)
MUS,Mauritius,NT_BW_LBW,"Low birth weight (<2500g), %",Layer 1: Nutrition Outcomes,2020,18.6944,Sub-Saharan Africa,Upper middle income,Recent (≤5 years),4,Low Birth Weight,On track
MWI,Malawi,NT_ANE_WOM_15_49_MOD,"Anaemia in women 15-49 years, %",Layer 1: Nutrition Outcomes,2023,32.4,Sub-Saharan Africa,Low income,Recent (≤5 years),1,Anaemia (WRA),On track
MWI,Malawi,NT_ANT_HAZ_NE2_MOD,"Stunting (<-2SD HAZ), modelled estimate, %",Layer 1: Nutrition Outcomes,2024,33.155,Sub-Saharan Africa,Low income,Recent (≤5 years),0,Stunting,Off track
MWI,Malawi,NT_ANT_WHZ_PO2_MOD,"Overweight (>+2SD WHZ), modelled estimate, %",Layer 1: Nutrition Outcomes,2024,4.4442,Sub-Saharan Africa,Low income,Recent (≤5 years),0,Overweight,Monitor (no numeric target)
MWI,Malawi,NT_BF_EXBF,"Exclusive breastfeeding <6 months, %",Layer 1: Nutrition Outcomes,2020,64.0525,Sub-Saharan Africa,Low income,Recent (≤5 years),4,Excl. Breastfeeding,On track
MWI,Malawi,NT_BW_LBW,"Low birth weight (<2500g), %",Layer 1: Nutrition Outcomes,2020,15.5764,Sub-Saharan Africa,Low income,Recent (≤5 years),4,Low Birth Weight,On track
MYS,Malaysia,NT_ANE_WOM_15_49_MOD,"Anaemia in women 15-49 years, %",Layer 1: Nutrition Outcomes,2023,31.3,East Asia and Pacific,Upper middle income,Recent (≤5 years),1,Anaemia (WRA),On track
MYS,Malaysia,NT_ANT_HAZ_NE2_MOD,"Stunting (<-2SD HAZ), modelled estimate, %",Layer 1: Nutrition Outcomes,2024,24.3234,East Asia and Pacific,Upper middle income,Recent (≤5 years),0,Stunting,Off track
MYS,Malaysia,NT_ANT_WHZ_PO2_MOD,"Overweight (>+2SD WHZ), modelled estimate, %",Layer 1: Nutrition Outcomes,2024,5.2596,East Asia and Pacific,Upper middle income,Recent (≤5 years),0,Overweight,Monitor (no numeric target)
MYS,Malaysia,NT_BF_EXBF,"Exclusive breastfeeding <6 months, %",Layer 1: Nutrition Outcomes,2016,40.3,East Asia and Pacific,Upper middle income,Dated (6-10 years),8,Excl. Breastfeeding,Data outdated
MYS,Malaysia,NT_BW_LBW,"Low birth weight (<2500g), %",Layer 1: Nutrition Outcomes,2020,13.8114,East Asia and Pacific,Upper middle income,Recent (≤5 years),4,Low Birth Weight,On track
NAM,Namibia,NT_ANE_WOM_15_49_MOD,"Anaemia in women 15-49 years, %",Layer 1: Nutrition Outcomes,2023,24.9,Sub-Saharan Africa,Upper middle income,Recent (≤5 years),1,Anaemia (WRA),On track
NAM,Namibia,NT_ANT_HAZ_NE2_MOD,"Stunting (<-2SD HAZ), modelled estimate, %",Layer 1: Nutrition Outcomes,2024,16.4184,Sub-Saharan Africa,Upper middle income,Recent (≤5 years),0,Stunting,Off track
NAM,Namibia,NT_ANT_WHZ_PO2_MOD,"Overweight (>+2SD WHZ), modelled estimate, %",Layer 1: Nutrition Outcomes,2024,5.7853,Sub-Saharan Africa,Upper middle income,Recent (≤5 years),0,Overweight,Monitor (no numeric target)
NAM,Namibia,NT_BF_EXBF,"Exclusive breastfeeding <6 months, %",Layer 1: Nutrition Outcomes,2013,48.3248,Sub-Saharan Africa,Upper middle income,Outdated (>10 years),11,Excl. Breastfeeding,Data outdated
NAM,Namibia,NT_BW_LBW,"Low birth weight (<2500g), %",Layer 1: Nutrition Outcomes,2020,15.5815,Sub-Saharan Africa,Upper middle income,Recent (≤5 years),4,Low Birth Weight,On track
NER,Niger,NT_ANE_WOM_15_49_MOD,"Anaemia in women 15-49 years, %",Layer 1: Nutrition Outcomes,2023,47.1,Sub-Saharan Africa,Low income,Recent (≤5 years),1,Anaemia (WRA),On track
NER,Niger,NT_ANT_HAZ_NE2_MOD,"Stunting (<-2SD HAZ), modelled estimate, %",Layer 1: Nutrition Outcomes,2024,48.2902,Sub-Saharan Africa,Low income,Recent (≤5 years),0,Stunting,Off track
NER,Niger,NT_ANT_WHZ_PO2_MOD,"Overweight (>+2SD WHZ), modelled estimate, %",Layer 1: Nutrition Outcomes,2024,2.5859,Sub-Saharan Africa,Low income,Recent (≤5 years),0,Overweight,Monitor (no numeric target)
NER,Niger,NT_BF_EXBF,"Exclusive breastfeeding <6 months, %",Layer 1: Nutrition Outcomes,2022,24.5068,Sub-Saharan Africa,Low income,Recent (≤5 years),2,Excl. Breastfeeding,Off track
NGA,Nigeria,NT_ANE_WOM_15_49_MOD,"Anaemia in women 15-49 years, %",Layer 1: Nutrition Outcomes,2023,37.9,Sub-Saharan Africa,Lower middle income,Recent (≤5 years),1,Anaemia (WRA),On track
NGA,Nigeria,NT_ANT_HAZ_NE2_MOD,"Stunting (<-2SD HAZ), modelled estimate, %",Layer 1: Nutrition Outcomes,2024,33.8114,Sub-Saharan Africa,Lower middle income,Recent (≤5 years),0,Stunting,Off track
NGA,Nigeria,NT_ANT_WHZ_PO2_MOD,"Overweight (>+2SD WHZ), modelled estimate, %",Layer 1: Nutrition Outcomes,2024,1.6199,Sub-Saharan Africa,Lower middle income,Recent (≤5 years),0,Overweight,Monitor (no numeric target)
NGA,Nigeria,NT_BF_EXBF,"Exclusive breastfeeding <6 months, %",Layer 1: Nutrition Outcomes,2024,28.7778,Sub-Saharan Africa,Lower middle income,Recent (≤5 years),0,Excl. Breastfeeding,Off track
NIC,Nicaragua,NT_BF_EXBF,"Exclusive breastfeeding <6 months, %",Layer 1: Nutrition Outcomes,2012,31.7,Latin America and Caribbean,Lower middle income,Outdated (>10 years),12,Excl. Breastfeeding,Data outdated
NIU,Niue,NT_ANE_WOM_15_49_MOD,"Anaemia in women 15-49 years, %",Layer 1: Nutrition Outcomes,2023,24.0,,,Recent (≤5 years),1,Anaemia (WRA),On track
NLD,هولندا,NT_ANE_WOM_15_49_MOD,"Anaemia in women 15-49 years, %",Layer 1: Nutrition Outcomes,2023,16.5,Europe and Central Asia,High income,Recent (≤5 years),1,Anaemia (WRA),On track
NLD,هولندا,NT_ANT_HAZ_NE2_MOD,"Stunting (<-2SD HAZ), modelled estimate, %",Layer 1: Nutrition Outcomes,2024,1.6342,Europe and Central Asia,High income,Recent (≤5 years),0,Stunting,On track
NLD,هولندا,NT_ANT_WHZ_PO2_MOD,"Overweight (>+2SD WHZ), modelled estimate, %",Layer 1: Nutrition Outcomes,2024,5.4121,Europe and Central Asia,High income,Recent (≤5 years),0,Overweight,Monitor (no numeric target)
NLD,هولندا,NT_BW_LBW,"Low birth weight (<2500g), %",Layer 1: Nutrition Outcomes,2020,5.6518,Europe and Central Asia,High income,Recent (≤5 years),4,Low Birth Weight,On track
NOR,Norway,NT_ANE_WOM_15_49_MOD,"Anaemia in women 15-49 years, %",Layer 1: Nutrition Outcomes,2023,16.3,Europe and Central Asia,High income,Recent (≤5 years),1,Anaemia (WRA),On track
NOR,Norway,NT_BW_LBW,"Low birth weight (<2500g), %",Layer 1: Nutrition Outcomes,2020,4.443,Europe and Central Asia,High income,Recent (≤5 years),4,Low Birth Weight,On track
NPL,Nepal,NT_ANE_WOM_15_49_MOD,"Anaemia in women 15-49 years, %",Layer 1: Nutrition Outcomes,2023,33.2,South Asia,Lower middle income,Recent (≤5 years),1,Anaemia (WRA),On track
NPL,Nepal,NT_ANT_HAZ_NE2_MOD,"Stunting (<-2SD HAZ), modelled estimate, %",Layer 1: Nutrition Outcomes,2024,26.0291,South Asia,Lower middle income,Recent (≤5 years),0,Stunting,Off track
NPL,Nepal,NT_ANT_WHZ_PO2_MOD,"Overweight (>+2SD WHZ), modelled estimate, %",Layer 1: Nutrition Outcomes,2024,1.7723,South Asia,Lower middle income,Recent (≤5 years),0,Overweight,Monitor (no numeric target)
NPL,Nepal,NT_BF_EXBF,"Exclusive breastfeeding <6 months, %",Layer 1: Nutrition Outcomes,2022,56.3988,South Asia,Lower middle income,Recent (≤5 years),2,Excl. Breastfeeding,Insufficient progress
NPL,Nepal,NT_BW_LBW,"Low birth weight (<2500g), %",Layer 1: Nutrition Outcomes,2020,19.7315,South Asia,Lower middle income,Recent (≤5 years),4,Low Birth Weight,On track
NRU,Nauru,NT_ANE_WOM_15_49_MOD,"Anaemia in women 15-49 years, %",Layer 1: Nutrition Outcomes,2023,22.5,East Asia and Pacific,High income,Recent (≤5 years),1,Anaemia (WRA),On track
NRU,Nauru,NT_ANT_HAZ_NE2_MOD,"Stunting (<-2SD HAZ), modelled estimate, %",Layer 1: Nutrition Outcomes,2024,16.0314,East Asia and Pacific,High income,Recent (≤5 years),0,Stunting,Off track
NRU,Nauru,NT_ANT_WHZ_PO2_MOD,"Overweight (>+2SD WHZ), modelled estimate, %",Layer 1: Nutrition Outcomes,2024,8.1638,East Asia and Pacific,High income,Recent (≤5 years),0,Overweight,Monitor (no numeric target)
NRU,Nauru,NT_BF_EXBF,"Exclusive breastfeeding <6 months, %",Layer 1: Nutrition Outcomes,2023,52.7778,East Asia and Pacific,High income,Recent (≤5 years),1,Excl. Breastfeeding,Insufficient progress
NZL,New Zealand,NT_ANE_WOM_15_49_MOD,"Anaemia in women 15-49 years, %",Layer 1: Nutrition Outcomes,2023,12.4,East Asia and Pacific,High income,Recent (≤5 years),1,Anaemia (WRA),On track
NZL,New Zealand,NT_BW_LBW,"Low birth weight (<2500g), %",Layer 1: Nutrition Outcomes,2020,5.8572,East Asia and Pacific,High income,Recent (≤5 years),4,Low Birth Weight,On track
OMN,Oman,NT_ANE_WOM_15_49_MOD,"Anaemia in women 15-49 years, %",Layer 1: Nutrition Outcomes,2023,34.4,Middle East and North Africa,High income,Recent (≤5 years),1,Anaemia (WRA),On track
OMN,Oman,NT_ANT_HAZ_NE2_MOD,"Stunting (<-2SD HAZ), modelled estimate, %",Layer 1: Nutrition Outcomes,2024,12.9155,Middle East and North Africa,High income,Recent (≤5 years),0,Stunting,Insufficient progress
OMN,Oman,NT_ANT_WHZ_PO2_MOD,"Overweight (>+2SD WHZ), modelled estimate, %",Layer 1: Nutrition Outcomes,2024,8.7556,Middle East and North Africa,High income,Recent (≤5 years),0,Overweight,Monitor (no numeric target)
OMN,Oman,NT_BF_EXBF,"Exclusive breastfeeding <6 months, %",Layer 1: Nutrition Outcomes,2017,23.2,Middle East and North Africa,High income,Dated (6-10 years),7,Excl. Breastfeeding,Off track
OMN,Oman,NT_BW_LBW,"Low birth weight (<2500g), %",Layer 1: Nutrition Outcomes,2020,13.2359,Middle East and North Africa,High income,Recent (≤5 years),4,Low Birth Weight,On track
PAK,Pakistan,NT_ANE_WOM_15_49_MOD,"Anaemia in women 15-49 years, %",Layer 1: Nutrition Outcomes,2023,46.5,South Asia,Lower middle income,Recent (≤5 years),1,Anaemia (WRA),On track
PAK,Pakistan,NT_ANT_HAZ_NE2_MOD,"Stunting (<-2SD HAZ), modelled estimate, %",Layer 1: Nutrition Outcomes,2024,33.5728,South Asia,Lower middle income,Recent (≤5 years),0,Stunting,Off track
PAK,Pakistan,NT_ANT_WHZ_PO2_MOD,"Overweight (>+2SD WHZ), modelled estimate, %",Layer 1: Nutrition Outcomes,2024,2.0695,South Asia,Lower middle income,Recent (≤5 years),0,Overweight,Monitor (no numeric target)
PAK,Pakistan,NT_BF_EXBF,"Exclusive breastfeeding <6 months, %",Layer 1: Nutrition Outcomes,2019,47.8389,South Asia,Lower middle income,Recent (≤5 years),5,Excl. Breastfeeding,Insufficient progress
PAN,Panama,NT_ANE_WOM_15_49_MOD,"Anaemia in women 15-49 years, %",Layer 1: Nutrition Outcomes,2023,25.5,Latin America and Caribbean,High income,Recent (≤5 years),1,Anaemia (WRA),On track
PAN,Panama,NT_ANT_HAZ_NE2_MOD,"Stunting (<-2SD HAZ), modelled estimate, %",Layer 1: Nutrition Outcomes,2024,14.0063,Latin America and Caribbean,High income,Recent (≤5 years),0,Stunting,Insufficient progress
PAN,Panama,NT_ANT_WHZ_PO2_MOD,"Overweight (>+2SD WHZ), modelled estimate, %",Layer 1: Nutrition Outcomes,2024,10.8623,Latin America and Caribbean,High income,Recent (≤5 years),0,Overweight,Monitor (no numeric target)
PAN,Panama,NT_BF_EXBF,"Exclusive breastfeeding <6 months, %",Layer 1: Nutrition Outcomes,2013,21.4595,Latin America and Caribbean,High income,Outdated (>10 years),11,Excl. Breastfeeding,Data outdated
PAN,Panama,NT_BW_LBW,"Low birth weight (<2500g), %",Layer 1: Nutrition Outcomes,2020,10.2837,Latin America and Caribbean,High income,Recent (≤5 years),4,Low Birth Weight,On track
PER,Peru,NT_ANE_WOM_15_49_MOD,"Anaemia in women 15-49 years, %",Layer 1: Nutrition Outcomes,2023,21.0,Latin America and Caribbean,Upper middle income,Recent (≤5 years),1,Anaemia (WRA),On track
PER,Peru,NT_ANT_HAZ_NE2_MOD,"Stunting (<-2SD HAZ), modelled estimate, %",Layer 1: Nutrition Outcomes,2024,10.6201,Latin America and Caribbean,Upper middle income,Recent (≤5 years),0,Stunting,Insufficient progress
PER,Peru,NT_ANT_WHZ_PO2_MOD,"Overweight (>+2SD WHZ), modelled estimate, %",Layer 1: Nutrition Outcomes,2024,9.0269,Latin America and Caribbean,Upper middle income,Recent (≤5 years),0,Overweight,Monitor (no numeric target)
PER,Peru,NT_BF_EXBF,"Exclusive breastfeeding <6 months, %",Layer 1: Nutrition Outcomes,2024,70.087,Latin America and Caribbean,Upper middle income,Recent (≤5 years),0,Excl. Breastfeeding,On track
PER,Peru,NT_BW_LBW,"Low birth weight (<2500g), %",Layer 1: Nutrition Outcomes,2020,7.4716,Latin America and Caribbean,Upper middle income,Recent (≤5 years),4,Low Birth Weight,On track
PHL,Philippines,NT_ANE_WOM_15_49_MOD,"Anaemia in women 15-49 years, %",Layer 1: Nutrition Outcomes,2023,12.0,East Asia and Pacific,Lower middle income,Recent (≤5 years),1,Anaemia (WRA),On track
PHL,Philippines,NT_ANT_HAZ_NE2_MOD,"Stunting (<-2SD HAZ), modelled estimate, %",Layer 1: Nutrition Outcomes,2024,27.7063,East Asia and Pacific,Lower middle income,Recent (≤5 years),0,Stunting,Off track
PHL,Philippines,NT_ANT_WHZ_PO2_MOD,"Overweight (>+2SD WHZ), modelled estimate, %",Layer 1: Nutrition Outcomes,2024,3.3079,East Asia and Pacific,Lower middle income,Recent (≤5 years),0,Overweight,Monitor (no numeric target)
PHL,Philippines,NT_BF_EXBF,"Exclusive breastfeeding <6 months, %",Layer 1: Nutrition Outcomes,2022,40.8973,East Asia and Pacific,Lower middle income,Recent (≤5 years),2,Excl. Breastfeeding,Off track
PHL,Philippines,NT_BW_LBW,"Low birth weight (<2500g), %",Layer 1: Nutrition Outcomes,2020,21.1441,East Asia and Pacific,Lower middle income,Recent (≤5 years),4,Low Birth Weight,On track
PLW,Palau,NT_ANE_WOM_15_49_MOD,"Anaemia in women 15-49 years, %",Layer 1: Nutrition Outcomes,2023,25.9,East Asia and Pacific,High income,Recent (≤5 years),1,Anaemia (WRA),On track
PLW,Palau,NT_BW_LBW,"Low birth weight (<2500g), %",Layer 1: Nutrition Outcomes,2020,13.5251,East Asia and Pacific,High income,Recent (≤5 years),4,Low Birth Weight,On track
PNG,Papua New Guinea,NT_ANE_WOM_15_49_MOD,"Anaemia in women 15-49 years, %",Layer 1: Nutrition Outcomes,2023,28.8,East Asia and Pacific,Lower middle income,Recent (≤5 years),1,Anaemia (WRA),On track
PNG,Papua New Guinea,NT_ANT_HAZ_NE2_MOD,"Stunting (<-2SD HAZ), modelled estimate, %",Layer 1: Nutrition Outcomes,2024,47.5968,East Asia and Pacific,Lower middle income,Recent (≤5 years),0,Stunting,Off track
PNG,Papua New Guinea,NT_ANT_WHZ_PO2_MOD,"Overweight (>+2SD WHZ), modelled estimate, %",Layer 1: Nutrition Outcomes,2024,18.4608,East Asia and Pacific,Lower middle income,Recent (≤5 years),0,Overweight,Monitor (no numeric target)
PNG,Papua New Guinea,NT_BF_EXBF,"Exclusive breastfeeding <6 months, %",Layer 1: Nutrition Outcomes,2017,59.6814,East Asia and Pacific,Lower middle income,Dated (6-10 years),7,Excl. Breastfeeding,Insufficient progress
PNG,Papua New Guinea,NT_BW_LBW,"Low birth weight (<2500g), %",Layer 1: Nutrition Outcomes,2020,19.3803,East Asia and Pacific,Lower middle income,Recent (≤5 years),4,Low Birth Weight,On track
POL,Poland,NT_ANE_WOM_15_49_MOD,"Anaemia in women 15-49 years, %",Layer 1: Nutrition Outcomes,2023,23.4,Europe and Central Asia,High income,Recent (≤5 years),1,Anaemia (WRA),On track
POL,Poland,NT_ANT_HAZ_NE2_MOD,"Stunting (<-2SD HAZ), modelled estimate, %",Layer 1: Nutrition Outcomes,2024,1.0226,Europe and Central Asia,High income,Recent (≤5 years),0,Stunting,On track
POL,Poland,NT_ANT_WHZ_PO2_MOD,"Overweight (>+2SD WHZ), modelled estimate, %",Layer 1: Nutrition Outcomes,2024,8.5559,Europe and Central Asia,High income,Recent (≤5 years),0,Overweight,Monitor (no numeric target)
POL,Poland,NT_BW_LBW,"Low birth weight (<2500g), %",Layer 1: Nutrition Outcomes,2020,5.6069,Europe and Central Asia,High income,Recent (≤5 years),4,Low Birth Weight,On track
PRK,Democratic People's Republic of Korea,NT_ANE_WOM_15_49_MOD,"Anaemia in women 15-49 years, %",Layer 1: Nutrition Outcomes,2023,27.5,East Asia and Pacific,Low income,Recent (≤5 years),1,Anaemia (WRA),On track
PRK,Democratic People's Republic of Korea,NT_ANT_HAZ_NE2_MOD,"Stunting (<-2SD HAZ), modelled estimate, %",Layer 1: Nutrition Outcomes,2024,16.6195,East Asia and Pacific,Low income,Recent (≤5 years),0,Stunting,Off track
PRK,Democratic People's Republic of Korea,NT_ANT_WHZ_PO2_MOD,"Overweight (>+2SD WHZ), modelled estimate, %",Layer 1: Nutrition Outcomes,2024,3.3478,East Asia and Pacific,Low income,Recent (≤5 years),0,Overweight,Monitor (no numeric target)
PRK,Democratic People's Republic of Korea,NT_BF_EXBF,"Exclusive breastfeeding <6 months, %",Layer 1: Nutrition Outcomes,2017,71.4,East Asia and Pacific,Low income,Dated (6-10 years),7,Excl. Breastfeeding,On track
PRT,Portugal,NT_ANE_WOM_15_49_MOD,"Anaemia in women 15-49 years, %",Layer 1: Nutrition Outcomes,2023,15.0,Europe and Central Asia,High income,Recent (≤5 years),1,Anaemia (WRA),On track
PRT,Portugal,NT_ANT_HAZ_NE2_MOD,"Stunting (<-2SD HAZ), modelled estimate, %",Layer 1: Nutrition Outcomes,2024,3.1509,Europe and Central Asia,High income,Recent (≤5 years),0,Stunting,On track
PRT,Portugal,NT_ANT_WHZ_PO2_MOD,"Overweight (>+2SD WHZ), modelled estimate, %",Layer 1: Nutrition Outcomes,2024,9.3611,Europe and Central Asia,High income,Recent (≤5 years),0,Overweight,Monitor (no numeric target)
PRT,Portugal,NT_BW_LBW,"Low birth weight (<2500g), %",Layer 1: Nutrition Outcomes,2020,8.9226,Europe and Central Asia,High income,Recent (≤5 years),4,Low Birth Weight,On track
PRY,Paraguay,NT_ANE_WOM_15_49_MOD,"Anaemia in women 15-49 years, %",Layer 1: Nutrition Outcomes,2023,23.2,Latin America and Caribbean,Upper middle income,Recent (≤5 years),1,Anaemia (WRA),On track
PRY,Paraguay,NT_ANT_HAZ_NE2_MOD,"Stunting (<-2SD HAZ), modelled estimate, %",Layer 1: Nutrition Outcomes,2024,3.2005,Latin America and Caribbean,Upper middle income,Recent (≤5 years),0,Stunting,On track
PRY,Paraguay,NT_ANT_WHZ_PO2_MOD,"Overweight (>+2SD WHZ), modelled estimate, %",Layer 1: Nutrition Outcomes,2024,15.3954,Latin America and Caribbean,Upper middle income,Recent (≤5 years),0,Overweight,Monitor (no numeric target)
PRY,Paraguay,NT_BF_EXBF,"Exclusive breastfeeding <6 months, %",Layer 1: Nutrition Outcomes,2016,29.5936,Latin America and Caribbean,Upper middle income,Dated (6-10 years),8,Excl. Breastfeeding,Data outdated
PRY,Paraguay,NT_BW_LBW,"Low birth weight (<2500g), %",Layer 1: Nutrition Outcomes,2020,9.96,Latin America and Caribbean,Upper middle income,Recent (≤5 years),4,Low Birth Weight,On track
PSE,State of Palestine,NT_ANE_WOM_15_49_MOD,"Anaemia in women 15-49 years, %",Layer 1: Nutrition Outcomes,2023,24.8,Middle East and North Africa,Lower middle income,Recent (≤5 years),1,Anaemia (WRA),On track
PSE,State of Palestine,NT_ANT_HAZ_NE2_MOD,"Stunting (<-2SD HAZ), modelled estimate, %",Layer 1: Nutrition Outcomes,2024,7.9948,Middle East and North Africa,Lower middle income,Recent (≤5 years),0,Stunting,On track
PSE,State of Palestine,NT_ANT_WHZ_PO2_MOD,"Overweight (>+2SD WHZ), modelled estimate, %",Layer 1: Nutrition Outcomes,2024,8.8213,Middle East and North Africa,Lower middle income,Recent (≤5 years),0,Overweight,Monitor (no numeric target)
PSE,State of Palestine,NT_BF_EXBF,"Exclusive breastfeeding <6 months, %",Layer 1: Nutrition Outcomes,2020,38.8956,Middle East and North Africa,Lower middle income,Recent (≤5 years),4,Excl. Breastfeeding,Off track
PSE,State of Palestine,NT_BW_LBW,"Low birth weight (<2500g), %",Layer 1: Nutrition Outcomes,2020,10.3729,Middle East and North Africa,Lower middle income,Recent (≤5 years),4,Low Birth Weight,On track
QAT,Qatar,NT_ANE_WOM_15_49_MOD,"Anaemia in women 15-49 years, %",Layer 1: Nutrition Outcomes,2023,23.6,Middle East and North Africa,High income,Recent (≤5 years),1,Anaemia (WRA),On track
QAT,Qatar,NT_ANT_HAZ_NE2_MOD,"Stunting (<-2SD HAZ), modelled estimate, %",Layer 1: Nutrition Outcomes,2024,5.4412,Middle East and North Africa,High income,Recent (≤5 years),0,Stunting,On track
QAT,Qatar,NT_ANT_WHZ_PO2_MOD,"Overweight (>+2SD WHZ), modelled estimate, %",Layer 1: Nutrition Outcomes,2024,8.6309,Middle East and North Africa,High income,Recent (≤5 years),0,Overweight,Monitor (no numeric target)
QAT,Qatar,NT_BF_EXBF,"Exclusive breastfeeding <6 months, %",Layer 1: Nutrition Outcomes,2023,45.3747,Middle East and North Africa,High income,Recent (≤5 years),1,Excl. Breastfeeding,Insufficient progress
QAT,Qatar,NT_BW_LBW,"Low birth weight (<2500g), %",Layer 1: Nutrition Outcomes,2020,9.9559,Middle East and North Africa,High income,Recent (≤5 years),4,Low Birth Weight,On track
ROU,Romania,NT_ANE_WOM_15_49_MOD,"Anaemia in women 15-49 years, %",Layer 1: Nutrition Outcomes,2023,24.3,Europe and Central Asia,Upper middle income,Recent (≤5 years),1,Anaemia (WRA),On track
ROU,Romania,NT_ANT_HAZ_NE2_MOD,"Stunting (<-2SD HAZ), modelled estimate, %",Layer 1: Nutrition Outcomes,2024,6.9796,Europe and Central Asia,Upper middle income,Recent (≤5 years),0,Stunting,On track
ROU,Romania,NT_ANT_WHZ_PO2_MOD,"Overweight (>+2SD WHZ), modelled estimate, %",Layer 1: Nutrition Outcomes,2024,4.8187,Europe and Central Asia,Upper middle income,Recent (≤5 years),0,Overweight,Monitor (no numeric target)
ROU,Romania,NT_BF_EXBF,"Exclusive breastfeeding <6 months, %",Layer 1: Nutrition Outcomes,2004,15.8,Europe and Central Asia,Upper middle income,Outdated (>10 years),20,Excl. Breastfeeding,Data outdated
ROU,Romania,NT_BW_LBW,"Low birth weight (<2500g), %",Layer 1: Nutrition Outcomes,2020,8.8178,Europe and Central Asia,Upper middle income,Recent (≤5 years),4,Low Birth Weight,On track
RUS,Russian Federation,NT_ANE_WOM_15_49_MOD,"Anaemia in women 15-49 years, %",Layer 1: Nutrition Outcomes,2023,24.1,Europe and Central Asia,Upper middle income,Recent (≤5 years),1,Anaemia (WRA),On track
RUS,Russian Federation,NT_ANT_WHZ_PO2_MOD,"Overweight (>+2SD WHZ), modelled estimate, %",Layer 1: Nutrition Outcomes,2024,9.5126,Europe and Central Asia,Upper middle income,Recent (≤5 years),0,Overweight,Monitor (no numeric target)
RUS,Russian Federation,NT_BW_LBW,"Low birth weight (<2500g), %",Layer 1: Nutrition Outcomes,2020,7.2682,Europe and Central Asia,Upper middle income,Recent (≤5 years),4,Low Birth Weight,On track
RWA,Rwanda,NT_ANE_WOM_15_49_MOD,"Anaemia in women 15-49 years, %",Layer 1: Nutrition Outcomes,2023,16.1,Sub-Saharan Africa,Low income,Recent (≤5 years),1,Anaemia (WRA),On track
RWA,Rwanda,NT_ANT_HAZ_NE2_MOD,"Stunting (<-2SD HAZ), modelled estimate, %",Layer 1: Nutrition Outcomes,2024,29.7876,Sub-Saharan Africa,Low income,Recent (≤5 years),0,Stunting,Off track
RWA,Rwanda,NT_ANT_WHZ_PO2_MOD,"Overweight (>+2SD WHZ), modelled estimate, %",Layer 1: Nutrition Outcomes,2024,5.0721,Sub-Saharan Africa,Low income,Recent (≤5 years),0,Overweight,Monitor (no numeric target)
RWA,Rwanda,NT_BF_EXBF,"Exclusive breastfeeding <6 months, %",Layer 1: Nutrition Outcomes,2020,80.8959,Sub-Saharan Africa,Low income,Recent (≤5 years),4,Excl. Breastfeeding,On track
RWA,Rwanda,NT_BW_LBW,"Low birth weight (<2500g), %",Layer 1: Nutrition Outcomes,2020,9.3985,Sub-Saharan Africa,Low income,Recent (≤5 years),4,Low Birth Weight,On track
SAU,Saudi Arabia,NT_ANE_WOM_15_49_MOD,"Anaemia in women 15-49 years, %",Layer 1: Nutrition Outcomes,2023,17.6,Middle East and North Africa,High income,Recent (≤5 years),1,Anaemia (WRA),On track
SAU,Saudi Arabia,NT_ANT_HAZ_NE2_MOD,"Stunting (<-2SD HAZ), modelled estimate, %",Layer 1: Nutrition Outcomes,2024,11.1447,Middle East and North Africa,High income,Recent (≤5 years),0,Stunting,Insufficient progress
SAU,Saudi Arabia,NT_ANT_WHZ_PO2_MOD,"Overweight (>+2SD WHZ), modelled estimate, %",Layer 1: Nutrition Outcomes,2024,8.4482,Middle East and North Africa,High income,Recent (≤5 years),0,Overweight,Monitor (no numeric target)
SDGRC_ARAB,(SDGRC) ESCWA_Arab countries,NT_ANE_WOM_15_49_MOD,"Anaemia in women 15-49 years, %",Layer 1: Nutrition Outcomes,2023,31.4636,,,Recent (≤5 years),1,Anaemia (WRA),On track
SDGRC_ARAB,(SDGRC) ESCWA_Arab countries,NT_ANT_HAZ_NE2_MOD,"Stunting (<-2SD HAZ), modelled estimate, %",Layer 1: Nutrition Outcomes,2024,20.2772,,,Recent (≤5 years),0,Stunting,Off track
SDGRC_ARAB,(SDGRC) ESCWA_Arab countries,NT_ANT_WHZ_PO2_MOD,"Overweight (>+2SD WHZ), modelled estimate, %",Layer 1: Nutrition Outcomes,2024,6.9244,,,Recent (≤5 years),0,Overweight,Monitor (no numeric target)
SDGRC_ARAB,(SDGRC) ESCWA_Arab countries,NT_BF_EXBF,"Exclusive breastfeeding <6 months, %",Layer 1: Nutrition Outcomes,2024,32.9893,,,Recent (≤5 years),0,Excl. Breastfeeding,Off track
SDGRC_ARAB,(SDGRC) ESCWA_Arab countries,NT_BW_LBW,"Low birth weight (<2500g), %",Layer 1: Nutrition Outcomes,2020,13.3096,,,Recent (≤5 years),4,Low Birth Weight,On track
SDGRC_AUC,(SDGRC) ECA_African Union Commission,NT_ANE_WOM_15_49_MOD,"Anaemia in women 15-49 years, %",Layer 1: Nutrition Outcomes,2023,35.8945,,,Recent (≤5 years),1,Anaemia (WRA),On track
SDGRC_AUC,(SDGRC) ECA_African Union Commission,NT_ANT_HAZ_NE2_MOD,"Stunting (<-2SD HAZ), modelled estimate, %",Layer 1: Nutrition Outcomes,2024,30.2716,,,Recent (≤5 years),0,Stunting,Off track
SDGRC_AUC,(SDGRC) ECA_African Union Commission,NT_ANT_WHZ_PO2_MOD,"Overweight (>+2SD WHZ), modelled estimate, %",Layer 1: Nutrition Outcomes,2024,4.5078,,,Recent (≤5 years),0,Overweight,Monitor (no numeric target)
SDGRC_AUC,(SDGRC) ECA_African Union Commission,NT_BF_EXBF,"Exclusive breastfeeding <6 months, %",Layer 1: Nutrition Outcomes,2024,44.7919,,,Recent (≤5 years),0,Excl. Breastfeeding,Off track
SDGRC_AUC,(SDGRC) ECA_African Union Commission,NT_BW_LBW,"Low birth weight (<2500g), %",Layer 1: Nutrition Outcomes,2020,13.8886,,,Recent (≤5 years),4,Low Birth Weight,On track
SDGRC_ECA_ALL,(SDGRC) United Nations Economic Commission for Africa,NT_ANE_WOM_15_49_MOD,"Anaemia in women 15-49 years, %",Layer 1: Nutrition Outcomes,2023,35.8945,,,Recent (≤5 years),1,Anaemia (WRA),On track
SDGRC_ECA_ALL,(SDGRC) United Nations Economic Commission for Africa,NT_ANT_HAZ_NE2_MOD,"Stunting (<-2SD HAZ), modelled estimate, %",Layer 1: Nutrition Outcomes,2024,30.2716,,,Recent (≤5 years),0,Stunting,Off track
SDGRC_ECA_ALL,(SDGRC) United Nations Economic Commission for Africa,NT_ANT_WHZ_PO2_MOD,"Overweight (>+2SD WHZ), modelled estimate, %",Layer 1: Nutrition Outcomes,2024,4.5078,,,Recent (≤5 years),0,Overweight,Monitor (no numeric target)
SDGRC_ECA_ALL,(SDGRC) United Nations Economic Commission for Africa,NT_BF_EXBF,"Exclusive breastfeeding <6 months, %",Layer 1: Nutrition Outcomes,2024,44.7919,,,Recent (≤5 years),0,Excl. Breastfeeding,Off track
SDGRC_ECA_ALL,(SDGRC) United Nations Economic Commission for Africa,NT_BW_LBW,"Low birth weight (<2500g), %",Layer 1: Nutrition Outcomes,2020,13.8886,,,Recent (≤5 years),4,Low Birth Weight,On track
SDGRC_ECA_AMU,(SDGRC) ECA AMU,NT_ANE_WOM_15_49_MOD,"Anaemia in women 15-49 years, %",Layer 1: Nutrition Outcomes,2023,31.2708,,,Recent (≤5 years),1,Anaemia (WRA),On track
SDGRC_ECA_AMU,(SDGRC) ECA AMU,NT_ANT_HAZ_NE2_MOD,"Stunting (<-2SD HAZ), modelled estimate, %",Layer 1: Nutrition Outcomes,2024,11.432,,,Recent (≤5 years),0,Stunting,Insufficient progress
SDGRC_ECA_AMU,(SDGRC) ECA AMU,NT_ANT_WHZ_PO2_MOD,"Overweight (>+2SD WHZ), modelled estimate, %",Layer 1: Nutrition Outcomes,2024,9.3482,,,Recent (≤5 years),0,Overweight,Monitor (no numeric target)
SDGRC_ECA_AMU,(SDGRC) ECA AMU,NT_BF_EXBF,"Exclusive breastfeeding <6 months, %",Layer 1: Nutrition Outcomes,2024,28.8595,,,Recent (≤5 years),0,Excl. Breastfeeding,Off track
SDGRC_ECA_AMU,(SDGRC) ECA AMU,NT_BW_LBW,"Low birth weight (<2500g), %",Layer 1: Nutrition Outcomes,2020,10.3136,,,Recent (≤5 years),4,Low Birth Weight,On track
SDGRC_ECA_CA,(SDGRC) Central Africa,NT_ANE_WOM_15_49_MOD,"Anaemia in women 15-49 years, %",Layer 1: Nutrition Outcomes,2023,43.145,,,Recent (≤5 years),1,Anaemia (WRA),On track
SDGRC_ECA_CA,(SDGRC) Central Africa,NT_ANT_HAZ_NE2_MOD,"Stunting (<-2SD HAZ), modelled estimate, %",Layer 1: Nutrition Outcomes,2024,28.1444,,,Recent (≤5 years),0,Stunting,Off track
SDGRC_ECA_CA,(SDGRC) Central Africa,NT_ANT_WHZ_PO2_MOD,"Overweight (>+2SD WHZ), modelled estimate, %",Layer 1: Nutrition Outcomes,2024,7.5984,,,Recent (≤5 years),0,Overweight,Monitor (no numeric target)
SDGRC_ECA_CA,(SDGRC) Central Africa,NT_BF_EXBF,"Exclusive breastfeeding <6 months, %",Layer 1: Nutrition Outcomes,2024,25.733,,,Recent (≤5 years),0,Excl. Breastfeeding,Off track
SDGRC_ECA_CA,(SDGRC) Central Africa,NT_BW_LBW,"Low birth weight (<2500g), %",Layer 1: Nutrition Outcomes,2020,13.9221,,,Recent (≤5 years),4,Low Birth Weight,On track
SDGRC_ECA_CEN_SAD,(SDGRC) ECA_CEN-SAD,NT_ANE_WOM_15_49_MOD,"Anaemia in women 15-49 years, %",Layer 1: Nutrition Outcomes,2023,38.6953,,,Recent (≤5 years),1,Anaemia (WRA),On track
SDGRC_ECA_CEN_SAD,(SDGRC) ECA_CEN-SAD,NT_ANT_HAZ_NE2_MOD,"Stunting (<-2SD HAZ), modelled estimate, %",Layer 1: Nutrition Outcomes,2024,27.397,,,Recent (≤5 years),0,Stunting,Off track
SDGRC_ECA_CEN_SAD,(SDGRC) ECA_CEN-SAD,NT_ANT_WHZ_PO2_MOD,"Overweight (>+2SD WHZ), modelled estimate, %",Layer 1: Nutrition Outcomes,2024,3.5057,,,Recent (≤5 years),0,Overweight,Monitor (no numeric target)
SDGRC_ECA_CEN_SAD,(SDGRC) ECA_CEN-SAD,NT_BF_EXBF,"Exclusive breastfeeding <6 months, %",Layer 1: Nutrition Outcomes,2024,33.5011,,,Recent (≤5 years),0,Excl. Breastfeeding,Off track
SDGRC_ECA_CEN_SAD,(SDGRC) ECA_CEN-SAD,NT_BW_LBW,"Low birth weight (<2500g), %",Layer 1: Nutrition Outcomes,2020,14.5113,,,Recent (≤5 years),4,Low Birth Weight,On track
SDGRC_ECA_COMESA,(SDGRC) ECA_COMESA,NT_ANE_WOM_15_49_MOD,"Anaemia in women 15-49 years, %",Layer 1: Nutrition Outcomes,2023,31.3697,,,Recent (≤5 years),1,Anaemia (WRA),On track
SDGRC_ECA_COMESA,(SDGRC) ECA_COMESA,NT_ANT_HAZ_NE2_MOD,"Stunting (<-2SD HAZ), modelled estimate, %",Layer 1: Nutrition Outcomes,2024,31.3784,,,Recent (≤5 years),0,Stunting,Off track
SDGRC_ECA_COMESA,(SDGRC) ECA_COMESA,NT_ANT_WHZ_PO2_MOD,"Overweight (>+2SD WHZ), modelled estimate, %",Layer 1: Nutrition Outcomes,2024,4.7728,,,Recent (≤5 years),0,Overweight,Monitor (no numeric target)
SDGRC_ECA_COMESA,(SDGRC) ECA_COMESA,NT_BF_EXBF,"Exclusive breastfeeding <6 months, %",Layer 1: Nutrition Outcomes,2024,53.8249,,,Recent (≤5 years),0,Excl. Breastfeeding,Insufficient progress
SDGRC_ECA_COMESA,(SDGRC) ECA_COMESA,NT_BW_LBW,"Low birth weight (<2500g), %",Layer 1: Nutrition Outcomes,2020,13.8531,,,Recent (≤5 years),4,Low Birth Weight,On track
SDGRC_ECA_EA,(SDGRC) Eastern Africa,NT_ANE_WOM_15_49_MOD,"Anaemia in women 15-49 years, %",Layer 1: Nutrition Outcomes,2023,32.264,,,Recent (≤5 years),1,Anaemia (WRA),On track
SDGRC_ECA_EA,(SDGRC) Eastern Africa,NT_ANT_HAZ_NE2_MOD,"Stunting (<-2SD HAZ), modelled estimate, %",Layer 1: Nutrition Outcomes,2024,34.0638,,,Recent (≤5 years),0,Stunting,Off track
SDGRC_ECA_EA,(SDGRC) Eastern Africa,NT_ANT_WHZ_PO2_MOD,"Overweight (>+2SD WHZ), modelled estimate, %",Layer 1: Nutrition Outcomes,2024,3.8421,,,Recent (≤5 years),0,Overweight,Monitor (no numeric target)
SDGRC_ECA_EA,(SDGRC) Eastern Africa,NT_BF_EXBF,"Exclusive breastfeeding <6 months, %",Layer 1: Nutrition Outcomes,2024,57.5611,,,Recent (≤5 years),0,Excl. Breastfeeding,Insufficient progress
SDGRC_ECA_EA,(SDGRC) Eastern Africa,NT_BW_LBW,"Low birth weight (<2500g), %",Layer 1: Nutrition Outcomes,2020,12.9928,,,Recent (≤5 years),4,Low Birth Weight,On track
SDGRC_ECA_EAC,(SDGRC) ECA_EAC,NT_ANE_WOM_15_49_MOD,"Anaemia in women 15-49 years, %",Layer 1: Nutrition Outcomes,2023,34.8655,,,Recent (≤5 years),1,Anaemia (WRA),On track
SDGRC_ECA_EAC,(SDGRC) ECA_EAC,NT_ANT_HAZ_NE2_MOD,"Stunting (<-2SD HAZ), modelled estimate, %",Layer 1: Nutrition Outcomes,2024,33.7672,,,Recent (≤5 years),0,Stunting,Off track
SDGRC_ECA_EAC,(SDGRC) ECA_EAC,NT_ANT_WHZ_PO2_MOD,"Overweight (>+2SD WHZ), modelled estimate, %",Layer 1: Nutrition Outcomes,2024,4.2803,,,Recent (≤5 years),0,Overweight,Monitor (no numeric target)
SDGRC_ECA_EAC,(SDGRC) ECA_EAC,NT_BF_EXBF,"Exclusive breastfeeding <6 months, %",Layer 1: Nutrition Outcomes,2024,59.4807,,,Recent (≤5 years),0,Excl. Breastfeeding,Insufficient progress
SDGRC_ECA_EAC,(SDGRC) ECA_EAC,NT_BW_LBW,"Low birth weight (<2500g), %",Layer 1: Nutrition Outcomes,2020,11.3119,,,Recent (≤5 years),4,Low Birth Weight,On track
SDGRC_ECA_ECCAS,(SDGRC) ECA_ECCAS,NT_ANE_WOM_15_49_MOD,"Anaemia in women 15-49 years, %",Layer 1: Nutrition Outcomes,2023,39.8042,,,Recent (≤5 years),1,Anaemia (WRA),On track
SDGRC_ECA_ECCAS,(SDGRC) ECA_ECCAS,NT_ANT_HAZ_NE2_MOD,"Stunting (<-2SD HAZ), modelled estimate, %",Layer 1: Nutrition Outcomes,2024,40.4418,,,Recent (≤5 years),0,Stunting,Off track
SDGRC_ECA_ECCAS,(SDGRC) ECA_ECCAS,NT_ANT_WHZ_PO2_MOD,"Overweight (>+2SD WHZ), modelled estimate, %",Layer 1: Nutrition Outcomes,2024,5.1079,,,Recent (≤5 years),0,Overweight,Monitor (no numeric target)
SDGRC_ECA_ECCAS,(SDGRC) ECA_ECCAS,NT_BF_EXBF,"Exclusive breastfeeding <6 months, %",Layer 1: Nutrition Outcomes,2024,45.7325,,,Recent (≤5 years),0,Excl. Breastfeeding,Insufficient progress
SDGRC_ECA_ECCAS,(SDGRC) ECA_ECCAS,NT_BW_LBW,"Low birth weight (<2500g), %",Layer 1: Nutrition Outcomes,2020,12.2137,,,Recent (≤5 years),4,Low Birth Weight,On track
SDGRC_ECA_ECOWAS,(SDGRC) ECA_ECOWAS,NT_ANE_WOM_15_49_MOD,"Anaemia in women 15-49 years, %",Layer 1: Nutrition Outcomes,2023,40.324,,,Recent (≤5 years),1,Anaemia (WRA),On track
SDGRC_ECA_ECOWAS,(SDGRC) ECA_ECOWAS,NT_ANT_HAZ_NE2_MOD,"Stunting (<-2SD HAZ), modelled estimate, %",Layer 1: Nutrition Outcomes,2024,29.344,,,Recent (≤5 years),0,Stunting,Off track
SDGRC_ECA_ECOWAS,(SDGRC) ECA_ECOWAS,NT_ANT_WHZ_PO2_MOD,"Overweight (>+2SD WHZ), modelled estimate, %",Layer 1: Nutrition Outcomes,2024,2.228,,,Recent (≤5 years),0,Overweight,Monitor (no numeric target)
SDGRC_ECA_ECOWAS,(SDGRC) ECA_ECOWAS,NT_BF_EXBF,"Exclusive breastfeeding <6 months, %",Layer 1: Nutrition Outcomes,2024,33.9591,,,Recent (≤5 years),0,Excl. Breastfeeding,Off track
SDGRC_ECA_ECOWAS,(SDGRC) ECA_ECOWAS,NT_BW_LBW,"Low birth weight (<2500g), %",Layer 1: Nutrition Outcomes,2020,13.7439,,,Recent (≤5 years),4,Low Birth Weight,On track
SDGRC_ECA_IE,(SDGRC) ECA_Island economies,NT_ANE_WOM_15_49_MOD,"Anaemia in women 15-49 years, %",Layer 1: Nutrition Outcomes,2023,36.8824,,,Recent (≤5 years),1,Anaemia (WRA),On track
SDGRC_ECA_IE,(SDGRC) ECA_Island economies,NT_ANT_HAZ_NE2_MOD,"Stunting (<-2SD HAZ), modelled estimate, %",Layer 1: Nutrition Outcomes,2024,37.0544,,,Recent (≤5 years),0,Stunting,Off track
SDGRC_ECA_IE,(SDGRC) ECA_Island economies,NT_ANT_WHZ_PO2_MOD,"Overweight (>+2SD WHZ), modelled estimate, %",Layer 1: Nutrition Outcomes,2024,2.4542,,,Recent (≤5 years),0,Overweight,Monitor (no numeric target)
SDGRC_ECA_IE,(SDGRC) ECA_Island economies,NT_BF_EXBF,"Exclusive breastfeeding <6 months, %",Layer 1: Nutrition Outcomes,2024,53.6309,,,Recent (≤5 years),0,Excl. Breastfeeding,Insufficient progress
SDGRC_ECA_IE,(SDGRC) ECA_Island economies,NT_BW_LBW,"Low birth weight (<2500g), %",Layer 1: Nutrition Outcomes,2020,18.7017,,,Recent (≤5 years),4,Low Birth Weight,On track
SDGRC_ECA_IGAD,(SDGRC) ECA_IGAD,NT_ANE_WOM_15_49_MOD,"Anaemia in women 15-49 years, %",Layer 1: Nutrition Outcomes,2023,28.8966,,,Recent (≤5 years),1,Anaemia (WRA),On track
SDGRC_ECA_IGAD,(SDGRC) ECA_IGAD,NT_ANT_HAZ_NE2_MOD,"Stunting (<-2SD HAZ), modelled estimate, %",Layer 1: Nutrition Outcomes,2024,29.905,,,Recent (≤5 years),0,Stunting,Off track
SDGRC_ECA_IGAD,(SDGRC) ECA_IGAD,NT_ANT_WHZ_PO2_MOD,"Overweight (>+2SD WHZ), modelled estimate, %",Layer 1: Nutrition Outcomes,2024,3.4628,,,Recent (≤5 years),0,Overweight,Monitor (no numeric target)
SDGRC_ECA_IGAD,(SDGRC) ECA_IGAD,NT_BF_EXBF,"Exclusive breastfeeding <6 months, %",Layer 1: Nutrition Outcomes,2024,55.9656,,,Recent (≤5 years),0,Excl. Breastfeeding,Insufficient progress
SDGRC_ECA_IGAD,(SDGRC) ECA_IGAD,NT_BW_LBW,"Low birth weight (<2500g), %",Layer 1: Nutrition Outcomes,2020,14.5933,,,Recent (≤5 years),4,Low Birth Weight,On track
SDGRC_ECA_LDC,(SDGRC) ECA_Least developed countries,NT_ANE_WOM_15_49_MOD,"Anaemia in women 15-49 years, %",Layer 1: Nutrition Outcomes,2023,36.6726,,,Recent (≤5 years),1,Anaemia (WRA),On track
SDGRC_ECA_LDC,(SDGRC) ECA_Least developed countries,NT_ANT_HAZ_NE2_MOD,"Stunting (<-2SD HAZ), modelled estimate, %",Layer 1: Nutrition Outcomes,2024,34.6727,,,Recent (≤5 years),0,Stunting,Off track
SDGRC_ECA_LDC,(SDGRC) ECA_Least developed countries,NT_ANT_WHZ_PO2_MOD,"Overweight (>+2SD WHZ), modelled estimate, %",Layer 1: Nutrition Outcomes,2024,3.6641,,,Recent (≤5 years),0,Overweight,Monitor (no numeric target)
SDGRC_ECA_LDC,(SDGRC) ECA_Least developed countries,NT_BF_EXBF,"Exclusive breastfeeding <6 months, %",Layer 1: Nutrition Outcomes,2024,50.5835,,,Recent (≤5 years),0,Excl. Breastfeeding,Insufficient progress
SDGRC_ECA_LDC,(SDGRC) ECA_Least developed countries,NT_BW_LBW,"Low birth weight (<2500g), %",Layer 1: Nutrition Outcomes,2020,14.286,,,Recent (≤5 years),4,Low Birth Weight,On track
SDGRC_ECA_LLC,(SDGRC) ECA_Land-locked countries,NT_ANE_WOM_15_49_MOD,"Anaemia in women 15-49 years, %",Layer 1: Nutrition Outcomes,2023,31.4531,,,Recent (≤5 years),1,Anaemia (WRA),On track
SDGRC_ECA_LLC,(SDGRC) ECA_Land-locked countries,NT_ANT_HAZ_NE2_MOD,"Stunting (<-2SD HAZ), modelled estimate, %",Layer 1: Nutrition Outcomes,2024,32.463,,,Recent (≤5 years),0,Stunting,Off track
SDGRC_ECA_LLC,(SDGRC) ECA_Land-locked countries,NT_ANT_WHZ_PO2_MOD,"Overweight (>+2SD WHZ), modelled estimate, %",Layer 1: Nutrition Outcomes,2024,3.5014,,,Recent (≤5 years),0,Overweight,Monitor (no numeric target)
SDGRC_ECA_LLC,(SDGRC) ECA_Land-locked countries,NT_BF_EXBF,"Exclusive breastfeeding <6 months, %",Layer 1: Nutrition Outcomes,2024,50.5165,,,Recent (≤5 years),0,Excl. Breastfeeding,Insufficient progress
SDGRC_ECA_LLC,(SDGRC) ECA_Land-locked countries,NT_BW_LBW,"Low birth weight (<2500g), %",Layer 1: Nutrition Outcomes,2020,15.4086,,,Recent (≤5 years),4,Low Birth Weight,On track
SDGRC_ECA_LL_LDC,(SDGRC) ECA_Land-locked LDCs,NT_ANE_WOM_15_49_MOD,"Anaemia in women 15-49 years, %",Layer 1: Nutrition Outcomes,2023,31.6647,,,Recent (≤5 years),1,Anaemia (WRA),On track
SDGRC_ECA_LL_LDC,(SDGRC) ECA_Land-locked LDCs,NT_ANT_HAZ_NE2_MOD,"Stunting (<-2SD HAZ), modelled estimate, %",Layer 1: Nutrition Outcomes,2024,32.9172,,,Recent (≤5 years),0,Stunting,Off track
SDGRC_ECA_LL_LDC,(SDGRC) ECA_Land-locked LDCs,NT_ANT_WHZ_PO2_MOD,"Overweight (>+2SD WHZ), modelled estimate, %",Layer 1: Nutrition Outcomes,2024,3.4223,,,Recent (≤5 years),0,Overweight,Monitor (no numeric target)
SDGRC_ECA_LL_LDC,(SDGRC) ECA_Land-locked LDCs,NT_BF_EXBF,"Exclusive breastfeeding <6 months, %",Layer 1: Nutrition Outcomes,2024,50.8999,,,Recent (≤5 years),0,Excl. Breastfeeding,Insufficient progress
SDGRC_ECA_LL_LDC,(SDGRC) ECA_Land-locked LDCs,NT_BW_LBW,"Low birth weight (<2500g), %",Layer 1: Nutrition Outcomes,2020,15.5634,,,Recent (≤5 years),4,Low Birth Weight,On track
SDGRC_ECA_MRC,(SDGRC) ECA_Mineral-rich countries,NT_ANE_WOM_15_49_MOD,"Anaemia in women 15-49 years, %",Layer 1: Nutrition Outcomes,2023,37.8479,,,Recent (≤5 years),1,Anaemia (WRA),On track
SDGRC_ECA_MRC,(SDGRC) ECA_Mineral-rich countries,NT_ANT_HAZ_NE2_MOD,"Stunting (<-2SD HAZ), modelled estimate, %",Layer 1: Nutrition Outcomes,2024,32.0667,,,Recent (≤5 years),0,Stunting,Off track
SDGRC_ECA_MRC,(SDGRC) ECA_Mineral-rich countries,NT_ANT_WHZ_PO2_MOD,"Overweight (>+2SD WHZ), modelled estimate, %",Layer 1: Nutrition Outcomes,2024,4.7695,,,Recent (≤5 years),0,Overweight,Monitor (no numeric target)
SDGRC_ECA_MRC,(SDGRC) ECA_Mineral-rich countries,NT_BF_EXBF,"Exclusive breastfeeding <6 months, %",Layer 1: Nutrition Outcomes,2024,50.7201,,,Recent (≤5 years),0,Excl. Breastfeeding,Insufficient progress
SDGRC_ECA_MRC,(SDGRC) ECA_Mineral-rich countries,NT_BW_LBW,"Low birth weight (<2500g), %",Layer 1: Nutrition Outcomes,2020,13.2544,,,Recent (≤5 years),4,Low Birth Weight,On track
SDGRC_ECA_NA,(SDGRC) North Africa,NT_ANE_WOM_15_49_MOD,"Anaemia in women 15-49 years, %",Layer 1: Nutrition Outcomes,2023,32.3694,,,Recent (≤5 years),1,Anaemia (WRA),On track
SDGRC_ECA_NA,(SDGRC) North Africa,NT_ANT_HAZ_NE2_MOD,"Stunting (<-2SD HAZ), modelled estimate, %",Layer 1: Nutrition Outcomes,2024,18.2221,,,Recent (≤5 years),0,Stunting,Off track
SDGRC_ECA_NA,(SDGRC) North Africa,NT_ANT_WHZ_PO2_MOD,"Overweight (>+2SD WHZ), modelled estimate, %",Layer 1: Nutrition Outcomes,2024,8.3407,,,Recent (≤5 years),0,Overweight,Monitor (no numeric target)
SDGRC_ECA_NA,(SDGRC) North Africa,NT_BF_EXBF,"Exclusive breastfeeding <6 months, %",Layer 1: Nutrition Outcomes,2024,36.3869,,,Recent (≤5 years),0,Excl. Breastfeeding,Off track
SDGRC_ECA_NA,(SDGRC) North Africa,NT_BW_LBW,"Low birth weight (<2500g), %",Layer 1: Nutrition Outcomes,2020,13.9646,,,Recent (≤5 years),4,Low Birth Weight,On track
SDGRC_ECA_NOP,(SDGRC) ECA_Non-Oil Producing,NT_ANE_WOM_15_49_MOD,"Anaemia in women 15-49 years, %",Layer 1: Nutrition Outcomes,2023,33.949,,,Recent (≤5 years),1,Anaemia (WRA),On track
SDGRC_ECA_NOP,(SDGRC) ECA_Non-Oil Producing,NT_ANT_HAZ_NE2_MOD,"Stunting (<-2SD HAZ), modelled estimate, %",Layer 1: Nutrition Outcomes,2024,28.7842,,,Recent (≤5 years),0,Stunting,Off track
SDGRC_ECA_NOP,(SDGRC) ECA_Non-Oil Producing,NT_ANT_WHZ_PO2_MOD,"Overweight (>+2SD WHZ), modelled estimate, %",Layer 1: Nutrition Outcomes,2024,4.2904,,,Recent (≤5 years),0,Overweight,Monitor (no numeric target)
SDGRC_ECA_NOP,(SDGRC) ECA_Non-Oil Producing,NT_BF_EXBF,"Exclusive breastfeeding <6 months, %",Layer 1: Nutrition Outcomes,2024,55.6581,,,Recent (≤5 years),0,Excl. Breastfeeding,Insufficient progress
SDGRC_ECA_NOP,(SDGRC) ECA_Non-Oil Producing,NT_BW_LBW,"Low birth weight (<2500g), %",Layer 1: Nutrition Outcomes,2020,14.5796,,,Recent (≤5 years),4,Low Birth Weight,On track
SDGRC_ECA_NO_LDC,(SDGRC) ECA_Non-Oil LDCs,NT_ANE_WOM_15_49_MOD,"Anaemia in women 15-49 years, %",Layer 1: Nutrition Outcomes,2023,35.1257,,,Recent (≤5 years),1,Anaemia (WRA),On track
SDGRC_ECA_NO_LDC,(SDGRC) ECA_Non-Oil LDCs,NT_ANT_HAZ_NE2_MOD,"Stunting (<-2SD HAZ), modelled estimate, %",Layer 1: Nutrition Outcomes,2024,30.8553,,,Recent (≤5 years),0,Stunting,Off track
SDGRC_ECA_NO_LDC,(SDGRC) ECA_Non-Oil LDCs,NT_ANT_WHZ_PO2_MOD,"Overweight (>+2SD WHZ), modelled estimate, %",Layer 1: Nutrition Outcomes,2024,3.6564,,,Recent (≤5 years),0,Overweight,Monitor (no numeric target)
SDGRC_ECA_NO_LDC,(SDGRC) ECA_Non-Oil LDCs,NT_BF_EXBF,"Exclusive breastfeeding <6 months, %",Layer 1: Nutrition Outcomes,2024,55.6917,,,Recent (≤5 years),0,Excl. Breastfeeding,Insufficient progress
SDGRC_ECA_NO_LDC,(SDGRC) ECA_Non-Oil LDCs,NT_BW_LBW,"Low birth weight (<2500g), %",Layer 1: Nutrition Outcomes,2020,14.8888,,,Recent (≤5 years),4,Low Birth Weight,On track
SDGRC_ECA_OP,(SDGRC) ECA_Oil producing economies,NT_ANE_WOM_15_49_MOD,"Anaemia in women 15-49 years, %",Layer 1: Nutrition Outcomes,2023,37.8107,,,Recent (≤5 years),1,Anaemia (WRA),On track
SDGRC_ECA_OP,(SDGRC) ECA_Oil producing economies,NT_ANT_HAZ_NE2_MOD,"Stunting (<-2SD HAZ), modelled estimate, %",Layer 1: Nutrition Outcomes,2024,31.6679,,,Recent (≤5 years),0,Stunting,Off track
SDGRC_ECA_OP,(SDGRC) ECA_Oil producing economies,NT_ANT_WHZ_PO2_MOD,"Overweight (>+2SD WHZ), modelled estimate, %",Layer 1: Nutrition Outcomes,2024,4.7119,,,Recent (≤5 years),0,Overweight,Monitor (no numeric target)
SDGRC_ECA_OP,(SDGRC) ECA_Oil producing economies,NT_BF_EXBF,"Exclusive breastfeeding <6 months, %",Layer 1: Nutrition Outcomes,2024,35.6637,,,Recent (≤5 years),0,Excl. Breastfeeding,Off track
SDGRC_ECA_OP,(SDGRC) ECA_Oil producing economies,NT_BW_LBW,"Low birth weight (<2500g), %",Layer 1: Nutrition Outcomes,2020,13.2512,,,Recent (≤5 years),4,Low Birth Weight,On track
SDGRC_ECA_O_LDC,(SDGRC) ECA_Oil LDCs,NT_ANE_WOM_15_49_MOD,"Anaemia in women 15-49 years, %",Layer 1: Nutrition Outcomes,2023,40.2129,,,Recent (≤5 years),1,Anaemia (WRA),On track
SDGRC_ECA_O_LDC,(SDGRC) ECA_Oil LDCs,NT_ANT_HAZ_NE2_MOD,"Stunting (<-2SD HAZ), modelled estimate, %",Layer 1: Nutrition Outcomes,2024,42.005,,,Recent (≤5 years),0,Stunting,Off track
SDGRC_ECA_O_LDC,(SDGRC) ECA_Oil LDCs,NT_ANT_WHZ_PO2_MOD,"Overweight (>+2SD WHZ), modelled estimate, %",Layer 1: Nutrition Outcomes,2024,3.679,,,Recent (≤5 years),0,Overweight,Monitor (no numeric target)
SDGRC_ECA_O_LDC,(SDGRC) ECA_Oil LDCs,NT_BF_EXBF,"Exclusive breastfeeding <6 months, %",Layer 1: Nutrition Outcomes,2024,39.9383,,,Recent (≤5 years),0,Excl. Breastfeeding,Off track
SDGRC_ECA_O_LDC,(SDGRC) ECA_Oil LDCs,NT_BW_LBW,"Low birth weight (<2500g), %",Layer 1: Nutrition Outcomes,2020,13.1326,,,Recent (≤5 years),4,Low Birth Weight,On track
SDGRC_ECA_SA,(SDGRC) Southern Africa,NT_ANE_WOM_15_49_MOD,"Anaemia in women 15-49 years, %",Layer 1: Nutrition Outcomes,2023,35.0678,,,Recent (≤5 years),1,Anaemia (WRA),On track
SDGRC_ECA_SA,(SDGRC) Southern Africa,NT_ANT_HAZ_NE2_MOD,"Stunting (<-2SD HAZ), modelled estimate, %",Layer 1: Nutrition Outcomes,2024,34.0435,,,Recent (≤5 years),0,Stunting,Off track
SDGRC_ECA_SA,(SDGRC) Southern Africa,NT_ANT_WHZ_PO2_MOD,"Overweight (>+2SD WHZ), modelled estimate, %",Layer 1: Nutrition Outcomes,2024,6.5888,,,Recent (≤5 years),0,Overweight,Monitor (no numeric target)
SDGRC_ECA_SA,(SDGRC) Southern Africa,NT_BF_EXBF,"Exclusive breastfeeding <6 months, %",Layer 1: Nutrition Outcomes,2024,49.8126,,,Recent (≤5 years),0,Excl. Breastfeeding,Insufficient progress
SDGRC_ECA_SA,(SDGRC) Southern Africa,NT_BW_LBW,"Low birth weight (<2500g), %",Layer 1: Nutrition Outcomes,2020,15.3967,,,Recent (≤5 years),4,Low Birth Weight,On track
SDGRC_ECA_SACU,(SDGRC) ECA_Southern Africa Customs Union (SACU),NT_ANE_WOM_15_49_MOD,"Anaemia in women 15-49 years, %",Layer 1: Nutrition Outcomes,2023,30.9974,,,Recent (≤5 years),1,Anaemia (WRA),On track
SDGRC_ECA_SACU,(SDGRC) ECA_Southern Africa Customs Union (SACU),NT_ANT_HAZ_NE2_MOD,"Stunting (<-2SD HAZ), modelled estimate, %",Layer 1: Nutrition Outcomes,2024,24.0801,,,Recent (≤5 years),0,Stunting,Off track
SDGRC_ECA_SACU,(SDGRC) ECA_Southern Africa Customs Union (SACU),NT_ANT_WHZ_PO2_MOD,"Overweight (>+2SD WHZ), modelled estimate, %",Layer 1: Nutrition Outcomes,2024,12.0885,,,Recent (≤5 years),0,Overweight,Monitor (no numeric target)
SDGRC_ECA_SACU,(SDGRC) ECA_Southern Africa Customs Union (SACU),NT_BW_LBW,"Low birth weight (<2500g), %",Layer 1: Nutrition Outcomes,2020,16.3273,,,Recent (≤5 years),4,Low Birth Weight,On track
SDGRC_ECA_SADC,(SDGRC) ECA_SADC,NT_ANE_WOM_15_49_MOD,"Anaemia in women 15-49 years, %",Layer 1: Nutrition Outcomes,2023,36.9917,,,Recent (≤5 years),1,Anaemia (WRA),On track
SDGRC_ECA_SADC,(SDGRC) ECA_SADC,NT_ANT_HAZ_NE2_MOD,"Stunting (<-2SD HAZ), modelled estimate, %",Layer 1: Nutrition Outcomes,2024,36.7457,,,Recent (≤5 years),0,Stunting,Off track
SDGRC_ECA_SADC,(SDGRC) ECA_SADC,NT_ANT_WHZ_PO2_MOD,"Overweight (>+2SD WHZ), modelled estimate, %",Layer 1: Nutrition Outcomes,2024,5.197,,,Recent (≤5 years),0,Overweight,Monitor (no numeric target)
SDGRC_ECA_SADC,(SDGRC) ECA_SADC,NT_BF_EXBF,"Exclusive breastfeeding <6 months, %",Layer 1: Nutrition Outcomes,2024,53.7976,,,Recent (≤5 years),0,Excl. Breastfeeding,Insufficient progress
SDGRC_ECA_SADC,(SDGRC) ECA_SADC,NT_BW_LBW,"Low birth weight (<2500g), %",Layer 1: Nutrition Outcomes,2020,13.0548,,,Recent (≤5 years),4,Low Birth Weight,On track
SDGRC_ECA_SAHEL,(SDGRC) ECA_Sahel,NT_ANE_WOM_15_49_MOD,"Anaemia in women 15-49 years, %",Layer 1: Nutrition Outcomes,2023,41.2494,,,Recent (≤5 years),1,Anaemia (WRA),On track
SDGRC_ECA_SAHEL,(SDGRC) ECA_Sahel,NT_ANT_HAZ_NE2_MOD,"Stunting (<-2SD HAZ), modelled estimate, %",Layer 1: Nutrition Outcomes,2024,31.5329,,,Recent (≤5 years),0,Stunting,Off track
SDGRC_ECA_SAHEL,(SDGRC) ECA_Sahel,NT_ANT_WHZ_PO2_MOD,"Overweight (>+2SD WHZ), modelled estimate, %",Layer 1: Nutrition Outcomes,2024,2.7959,,,Recent (≤5 years),0,Overweight,Monitor (no numeric target)
SDGRC_ECA_SAHEL,(SDGRC) ECA_Sahel,NT_BF_EXBF,"Exclusive breastfeeding <6 months, %",Layer 1: Nutrition Outcomes,2024,31.0037,,,Recent (≤5 years),0,Excl. Breastfeeding,Off track
SDGRC_ECA_SAHEL,(SDGRC) ECA_Sahel,NT_BW_LBW,"Low birth weight (<2500g), %",Layer 1: Nutrition Outcomes,2020,13.8046,,,Recent (≤5 years),4,Low Birth Weight,On track
SDGRC_ECA_SIS,(SDGRC) ECA_Small Island states,NT_ANE_WOM_15_49_MOD,"Anaemia in women 15-49 years, %",Layer 1: Nutrition Outcomes,2023,33.6599,,,Recent (≤5 years),1,Anaemia (WRA),On track
SDGRC_ECA_SIS,(SDGRC) ECA_Small Island states,NT_ANT_HAZ_NE2_MOD,"Stunting (<-2SD HAZ), modelled estimate, %",Layer 1: Nutrition Outcomes,2024,12.0604,,,Recent (≤5 years),0,Stunting,Insufficient progress
SDGRC_ECA_SIS,(SDGRC) ECA_Small Island states,NT_ANT_WHZ_PO2_MOD,"Overweight (>+2SD WHZ), modelled estimate, %",Layer 1: Nutrition Outcomes,2024,5.3176,,,Recent (≤5 years),0,Overweight,Monitor (no numeric target)
SDGRC_ECA_SIS,(SDGRC) ECA_Small Island states,NT_BF_EXBF,"Exclusive breastfeeding <6 months, %",Layer 1: Nutrition Outcomes,2024,33.1505,,,Recent (≤5 years),0,Excl. Breastfeeding,Off track
SDGRC_ECA_SIS,(SDGRC) ECA_Small Island states,NT_BW_LBW,"Low birth weight (<2500g), %",Layer 1: Nutrition Outcomes,2020,18.7341,,,Recent (≤5 years),4,Low Birth Weight,On track
SDGRC_ECA_SSA,(SDGRC) ECA_Sub-Saharan Africa,NT_ANE_WOM_15_49_MOD,"Anaemia in women 15-49 years, %",Layer 1: Nutrition Outcomes,2023,36.6056,,,Recent (≤5 years),1,Anaemia (WRA),On track
SDGRC_ECA_SSA,(SDGRC) ECA_Sub-Saharan Africa,NT_ANT_HAZ_NE2_MOD,"Stunting (<-2SD HAZ), modelled estimate, %",Layer 1: Nutrition Outcomes,2024,32.3269,,,Recent (≤5 years),0,Stunting,Off track
SDGRC_ECA_SSA,(SDGRC) ECA_Sub-Saharan Africa,NT_ANT_WHZ_PO2_MOD,"Overweight (>+2SD WHZ), modelled estimate, %",Layer 1: Nutrition Outcomes,2024,3.843,,,Recent (≤5 years),0,Overweight,Monitor (no numeric target)
SDGRC_ECA_SSA,(SDGRC) ECA_Sub-Saharan Africa,NT_BF_EXBF,"Exclusive breastfeeding <6 months, %",Layer 1: Nutrition Outcomes,2024,45.6644,,,Recent (≤5 years),0,Excl. Breastfeeding,Insufficient progress
SDGRC_ECA_SSA,(SDGRC) ECA_Sub-Saharan Africa,NT_BW_LBW,"Low birth weight (<2500g), %",Layer 1: Nutrition Outcomes,2020,13.8976,,,Recent (≤5 years),4,Low Birth Weight,On track
SDGRC_ECA_WA,(SDGRC) West Africa,NT_ANE_WOM_15_49_MOD,"Anaemia in women 15-49 years, %",Layer 1: Nutrition Outcomes,2023,41.7198,,,Recent (≤5 years),1,Anaemia (WRA),On track
SDGRC_ECA_WA,(SDGRC) West Africa,NT_ANT_HAZ_NE2_MOD,"Stunting (<-2SD HAZ), modelled estimate, %",Layer 1: Nutrition Outcomes,2024,29.8206,,,Recent (≤5 years),0,Stunting,Off track
SDGRC_ECA_WA,(SDGRC) West Africa,NT_ANT_WHZ_PO2_MOD,"Overweight (>+2SD WHZ), modelled estimate, %",Layer 1: Nutrition Outcomes,2024,2.2244,,,Recent (≤5 years),0,Overweight,Monitor (no numeric target)
SDGRC_ECA_WA,(SDGRC) West Africa,NT_BF_EXBF,"Exclusive breastfeeding <6 months, %",Layer 1: Nutrition Outcomes,2024,34.5515,,,Recent (≤5 years),0,Excl. Breastfeeding,Off track
SDGRC_ECA_WA,(SDGRC) West Africa,NT_BW_LBW,"Low birth weight (<2500g), %",Layer 1: Nutrition Outcomes,2020,14.2827,,,Recent (≤5 years),4,Low Birth Weight,On track
SDGRC_ECE_ALL,ECE_All countries,NT_ANE_WOM_15_49_MOD,"Anaemia in women 15-49 years, %",Layer 1: Nutrition Outcomes,2023,19.4197,,,Recent (≤5 years),1,Anaemia (WRA),On track
SDGRC_ECE_ALL,ECE_All countries,NT_ANT_HAZ_NE2_MOD,"Stunting (<-2SD HAZ), modelled estimate, %",Layer 1: Nutrition Outcomes,2024,4.4211,,,Recent (≤5 years),0,Stunting,On track
SDGRC_ECE_ALL,ECE_All countries,NT_ANT_WHZ_PO2_MOD,"Overweight (>+2SD WHZ), modelled estimate, %",Layer 1: Nutrition Outcomes,2024,8.2045,,,Recent (≤5 years),0,Overweight,Monitor (no numeric target)
SDGRC_ECE_ALL,ECE_All countries,NT_BW_LBW,"Low birth weight (<2500g), %",Layer 1: Nutrition Outcomes,2020,7.7499,,,Recent (≤5 years),4,Low Birth Weight,On track
SDGRC_ECE_CIS11,ECE_CIS (CWG),NT_ANE_WOM_15_49_MOD,"Anaemia in women 15-49 years, %",Layer 1: Nutrition Outcomes,2023,26.1806,,,Recent (≤5 years),1,Anaemia (WRA),On track
SDGRC_ECE_CIS11,ECE_CIS (CWG),NT_ANT_HAZ_NE2_MOD,"Stunting (<-2SD HAZ), modelled estimate, %",Layer 1: Nutrition Outcomes,2024,6.4202,,,Recent (≤5 years),0,Stunting,On track
SDGRC_ECE_CIS11,ECE_CIS (CWG),NT_ANT_WHZ_PO2_MOD,"Overweight (>+2SD WHZ), modelled estimate, %",Layer 1: Nutrition Outcomes,2024,8.0623,,,Recent (≤5 years),0,Overweight,Monitor (no numeric target)
SDGRC_ECE_CIS11,ECE_CIS (CWG),NT_BW_LBW,"Low birth weight (<2500g), %",Layer 1: Nutrition Outcomes,2020,6.6289,,,Recent (≤5 years),4,Low Birth Weight,On track
SDGRC_ECE_EAEU,ECE_Eurasian Economic Union (EAEU),NT_ANE_WOM_15_49_MOD,"Anaemia in women 15-49 years, %",Layer 1: Nutrition Outcomes,2023,24.9767,,,Recent (≤5 years),1,Anaemia (WRA),On track
SDGRC_ECE_EAEU,ECE_Eurasian Economic Union (EAEU),NT_ANT_HAZ_NE2_MOD,"Stunting (<-2SD HAZ), modelled estimate, %",Layer 1: Nutrition Outcomes,2024,4.8019,,,Recent (≤5 years),0,Stunting,On track
SDGRC_ECE_EAEU,ECE_Eurasian Economic Union (EAEU),NT_ANT_WHZ_PO2_MOD,"Overweight (>+2SD WHZ), modelled estimate, %",Layer 1: Nutrition Outcomes,2024,9.2036,,,Recent (≤5 years),0,Overweight,Monitor (no numeric target)
SDGRC_ECE_EAEU,ECE_Eurasian Economic Union (EAEU),NT_BW_LBW,"Low birth weight (<2500g), %",Layer 1: Nutrition Outcomes,2020,6.7322,,,Recent (≤5 years),4,Low Birth Weight,On track
SDGRC_ECE_EECCA,"ECE_Eastern Europe, Caucasus and Central Asia (CIS)",NT_ANE_WOM_15_49_MOD,"Anaemia in women 15-49 years, %",Layer 1: Nutrition Outcomes,2023,26.2309,,,Recent (≤5 years),1,Anaemia (WRA),On track
SDGRC_ECE_EECCA,"ECE_Eastern Europe, Caucasus and Central Asia (CIS)",NT_ANT_HAZ_NE2_MOD,"Stunting (<-2SD HAZ), modelled estimate, %",Layer 1: Nutrition Outcomes,2024,6.3994,,,Recent (≤5 years),0,Stunting,On track
SDGRC_ECE_EECCA,"ECE_Eastern Europe, Caucasus and Central Asia (CIS)",NT_ANT_WHZ_PO2_MOD,"Overweight (>+2SD WHZ), modelled estimate, %",Layer 1: Nutrition Outcomes,2024,8.0143,,,Recent (≤5 years),0,Overweight,Monitor (no numeric target)
SDGRC_ECE_EECCA,"ECE_Eastern Europe, Caucasus and Central Asia (CIS)",NT_BW_LBW,"Low birth weight (<2500g), %",Layer 1: Nutrition Outcomes,2020,6.6384,,,Recent (≤5 years),4,Low Birth Weight,On track
SDGRC_ECE_EU27,ECE_European Union (E25),NT_ANE_WOM_15_49_MOD,"Anaemia in women 15-49 years, %",Layer 1: Nutrition Outcomes,2023,17.1093,,,Recent (≤5 years),1,Anaemia (WRA),On track
SDGRC_ECE_EU27,ECE_European Union (E25),NT_ANT_HAZ_NE2_MOD,"Stunting (<-2SD HAZ), modelled estimate, %",Layer 1: Nutrition Outcomes,2024,2.8027,,,Recent (≤5 years),0,Stunting,On track
SDGRC_ECE_EU27,ECE_European Union (E25),NT_ANT_WHZ_PO2_MOD,"Overweight (>+2SD WHZ), modelled estimate, %",Layer 1: Nutrition Outcomes,2024,6.7482,,,Recent (≤5 years),0,Overweight,Monitor (no numeric target)
SDGRC_ECE_EU27,ECE_European Union (E25),NT_BW_LBW,"Low birth weight (<2500g), %",Layer 1: Nutrition Outcomes,2020,7.1877,,,Recent (≤5 years),4,Low Birth Weight,On track
SDGRC_ECE_EU_EUROAREA,ECE_Euro area (EMU),NT_ANE_WOM_15_49_MOD,"Anaemia in women 15-49 years, %",Layer 1: Nutrition Outcomes,2023,15.2189,,,Recent (≤5 years),1,Anaemia (WRA),On track
SDGRC_ECE_EU_EUROAREA,ECE_Euro area (EMU),NT_ANT_HAZ_NE2_MOD,"Stunting (<-2SD HAZ), modelled estimate, %",Layer 1: Nutrition Outcomes,2024,2.71,,,Recent (≤5 years),0,Stunting,On track
SDGRC_ECE_EU_EUROAREA,ECE_Euro area (EMU),NT_ANT_WHZ_PO2_MOD,"Overweight (>+2SD WHZ), modelled estimate, %",Layer 1: Nutrition Outcomes,2024,6.572,,,Recent (≤5 years),0,Overweight,Monitor (no numeric target)
SDGRC_ECE_EU_EUROAREA,ECE_Euro area (EMU),NT_BW_LBW,"Low birth weight (<2500g), %",Layer 1: Nutrition Outcomes,2020,7.3299,,,Recent (≤5 years),4,Low Birth Weight,On track
SDGRC_ECE_WESTBALKANS,ECE_West Balkans (ST7),NT_ANE_WOM_15_49_MOD,"Anaemia in women 15-49 years, %",Layer 1: Nutrition Outcomes,2023,24.4317,,,Recent (≤5 years),1,Anaemia (WRA),On track
SDGRC_ECE_WESTBALKANS,ECE_West Balkans (ST7),NT_ANT_HAZ_NE2_MOD,"Stunting (<-2SD HAZ), modelled estimate, %",Layer 1: Nutrition Outcomes,2024,5.3662,,,Recent (≤5 years),0,Stunting,On track
SDGRC_ECE_WESTBALKANS,ECE_West Balkans (ST7),NT_ANT_WHZ_PO2_MOD,"Overweight (>+2SD WHZ), modelled estimate, %",Layer 1: Nutrition Outcomes,2024,12.0689,,,Recent (≤5 years),0,Overweight,Monitor (no numeric target)
SDGRC_ECE_WESTBALKANS,ECE_West Balkans (ST7),NT_BW_LBW,"Low birth weight (<2500g), %",Layer 1: Nutrition Outcomes,2020,6.025,,,Recent (≤5 years),4,Low Birth Weight,On track
SDGRC_ECLAC_ALL,ECLAC_All countries,NT_ANE_WOM_15_49_MOD,"Anaemia in women 15-49 years, %",Layer 1: Nutrition Outcomes,2023,19.9618,,,Recent (≤5 years),1,Anaemia (WRA),On track
SDGRC_ECLAC_ALL,ECLAC_All countries,NT_ANT_HAZ_NE2_MOD,"Stunting (<-2SD HAZ), modelled estimate, %",Layer 1: Nutrition Outcomes,2024,12.3988,,,Recent (≤5 years),0,Stunting,Insufficient progress
SDGRC_ECLAC_ALL,ECLAC_All countries,NT_ANT_WHZ_PO2_MOD,"Overweight (>+2SD WHZ), modelled estimate, %",Layer 1: Nutrition Outcomes,2024,8.7657,,,Recent (≤5 years),0,Overweight,Monitor (no numeric target)
SDGRC_ECLAC_ALL,ECLAC_All countries,NT_BF_EXBF,"Exclusive breastfeeding <6 months, %",Layer 1: Nutrition Outcomes,2024,43.2,,,Recent (≤5 years),0,Excl. Breastfeeding,Off track
SDGRC_ECLAC_ALL,ECLAC_All countries,NT_BW_LBW,"Low birth weight (<2500g), %",Layer 1: Nutrition Outcomes,2020,9.7106,,,Recent (≤5 years),4,Low Birth Weight,On track
SDGRC_ECLAC_CARIBBEAN,ECLAC_Carribean,NT_ANE_WOM_15_49_MOD,"Anaemia in women 15-49 years, %",Layer 1: Nutrition Outcomes,2023,23.0859,,,Recent (≤5 years),1,Anaemia (WRA),On track
SDGRC_ECLAC_CARIBBEAN,ECLAC_Carribean,NT_ANT_HAZ_NE2_MOD,"Stunting (<-2SD HAZ), modelled estimate, %",Layer 1: Nutrition Outcomes,2024,6.6074,,,Recent (≤5 years),0,Stunting,On track
SDGRC_ECLAC_CARIBBEAN,ECLAC_Carribean,NT_ANT_WHZ_PO2_MOD,"Overweight (>+2SD WHZ), modelled estimate, %",Layer 1: Nutrition Outcomes,2024,7.3173,,,Recent (≤5 years),0,Overweight,Monitor (no numeric target)
SDGRC_ECLAC_CARIBBEAN,ECLAC_Carribean,NT_BF_EXBF,"Exclusive breastfeeding <6 months, %",Layer 1: Nutrition Outcomes,2024,28.0401,,,Recent (≤5 years),0,Excl. Breastfeeding,Off track
SDGRC_ECLAC_CARIBBEAN,ECLAC_Carribean,NT_BW_LBW,"Low birth weight (<2500g), %",Layer 1: Nutrition Outcomes,2020,14.8929,,,Recent (≤5 years),4,Low Birth Weight,On track
SDGRC_ECLAC_LA,ECLAC_Latin America,NT_ANE_WOM_15_49_MOD,"Anaemia in women 15-49 years, %",Layer 1: Nutrition Outcomes,2023,19.9247,,,Recent (≤5 years),1,Anaemia (WRA),On track
SDGRC_ECLAC_LA,ECLAC_Latin America,NT_ANT_HAZ_NE2_MOD,"Stunting (<-2SD HAZ), modelled estimate, %",Layer 1: Nutrition Outcomes,2024,12.4733,,,Recent (≤5 years),0,Stunting,Insufficient progress
SDGRC_ECLAC_LA,ECLAC_Latin America,NT_ANT_WHZ_PO2_MOD,"Overweight (>+2SD WHZ), modelled estimate, %",Layer 1: Nutrition Outcomes,2024,8.7844,,,Recent (≤5 years),0,Overweight,Monitor (no numeric target)
SDGRC_ECLAC_LA,ECLAC_Latin America,NT_BF_EXBF,"Exclusive breastfeeding <6 months, %",Layer 1: Nutrition Outcomes,2024,43.3839,,,Recent (≤5 years),0,Excl. Breastfeeding,Off track
SDGRC_ECLAC_LA,ECLAC_Latin America,NT_BW_LBW,"Low birth weight (<2500g), %",Layer 1: Nutrition Outcomes,2020,9.6554,,,Recent (≤5 years),4,Low Birth Weight,On track
SDGRC_ESCAP_ALL,ESCAP_All countries,NT_ANE_WOM_15_49_MOD,"Anaemia in women 15-49 years, %",Layer 1: Nutrition Outcomes,2023,33.3891,,,Recent (≤5 years),1,Anaemia (WRA),On track
SDGRC_ESCAP_ALL,ESCAP_All countries,NT_ANT_HAZ_NE2_MOD,"Stunting (<-2SD HAZ), modelled estimate, %",Layer 1: Nutrition Outcomes,2024,23.0565,,,Recent (≤5 years),0,Stunting,Off track
SDGRC_ESCAP_ALL,ESCAP_All countries,NT_ANT_WHZ_PO2_MOD,"Overweight (>+2SD WHZ), modelled estimate, %",Layer 1: Nutrition Outcomes,2024,5.1603,,,Recent (≤5 years),0,Overweight,Monitor (no numeric target)
SDGRC_ESCAP_ALL,ESCAP_All countries,NT_BF_EXBF,"Exclusive breastfeeding <6 months, %",Layer 1: Nutrition Outcomes,2024,52.4716,,,Recent (≤5 years),0,Excl. Breastfeeding,Insufficient progress
SDGRC_ESCAP_ALL,ESCAP_All countries,NT_BW_LBW,"Low birth weight (<2500g), %",Layer 1: Nutrition Outcomes,2020,17.3409,,,Recent (≤5 years),4,Low Birth Weight,On track
SDGRC_ESCAP_ASEAN,ESCAP_ASEAN (ASEAN),NT_ANE_WOM_15_49_MOD,"Anaemia in women 15-49 years, %",Layer 1: Nutrition Outcomes,2023,24.1892,,,Recent (≤5 years),1,Anaemia (WRA),On track
SDGRC_ESCAP_ASEAN,ESCAP_ASEAN (ASEAN),NT_ANT_HAZ_NE2_MOD,"Stunting (<-2SD HAZ), modelled estimate, %",Layer 1: Nutrition Outcomes,2024,22.7346,,,Recent (≤5 years),0,Stunting,Off track
SDGRC_ESCAP_ASEAN,ESCAP_ASEAN (ASEAN),NT_ANT_WHZ_PO2_MOD,"Overweight (>+2SD WHZ), modelled estimate, %",Layer 1: Nutrition Outcomes,2024,4.3263,,,Recent (≤5 years),0,Overweight,Monitor (no numeric target)
SDGRC_ESCAP_ASEAN,ESCAP_ASEAN (ASEAN),NT_BW_LBW,"Low birth weight (<2500g), %",Layer 1: Nutrition Outcomes,2020,12.0128,,,Recent (≤5 years),4,Low Birth Weight,On track
SDGRC_ESCAP_CSN,ESCAP_Countries with Special Needs,NT_ANE_WOM_15_49_MOD,"Anaemia in women 15-49 years, %",Layer 1: Nutrition Outcomes,2023,36.2485,,,Recent (≤5 years),1,Anaemia (WRA),On track
SDGRC_ESCAP_CSN,ESCAP_Countries with Special Needs,NT_ANT_HAZ_NE2_MOD,"Stunting (<-2SD HAZ), modelled estimate, %",Layer 1: Nutrition Outcomes,2024,23.9407,,,Recent (≤5 years),0,Stunting,Off track
SDGRC_ESCAP_CSN,ESCAP_Countries with Special Needs,NT_ANT_WHZ_PO2_MOD,"Overweight (>+2SD WHZ), modelled estimate, %",Layer 1: Nutrition Outcomes,2024,3.781,,,Recent (≤5 years),0,Overweight,Monitor (no numeric target)
SDGRC_ESCAP_CSN,ESCAP_Countries with Special Needs,NT_BF_EXBF,"Exclusive breastfeeding <6 months, %",Layer 1: Nutrition Outcomes,2024,50.7407,,,Recent (≤5 years),0,Excl. Breastfeeding,Insufficient progress
SDGRC_ESCAP_CSN,ESCAP_Countries with Special Needs,NT_BW_LBW,"Low birth weight (<2500g), %",Layer 1: Nutrition Outcomes,2020,16.7618,,,Recent (≤5 years),4,Low Birth Weight,On track
SDGRC_ESCAP_ENEA,ESCAP_East and North-East Asia (ENEA),NT_ANE_WOM_15_49_MOD,"Anaemia in women 15-49 years, %",Layer 1: Nutrition Outcomes,2023,16.0176,,,Recent (≤5 years),1,Anaemia (WRA),On track
SDGRC_ESCAP_ENEA,ESCAP_East and North-East Asia (ENEA),NT_ANT_HAZ_NE2_MOD,"Stunting (<-2SD HAZ), modelled estimate, %",Layer 1: Nutrition Outcomes,2024,4.8517,,,Recent (≤5 years),0,Stunting,On track
SDGRC_ESCAP_ENEA,ESCAP_East and North-East Asia (ENEA),NT_ANT_WHZ_PO2_MOD,"Overweight (>+2SD WHZ), modelled estimate, %",Layer 1: Nutrition Outcomes,2024,10.1457,,,Recent (≤5 years),0,Overweight,Monitor (no numeric target)
SDGRC_ESCAP_ENEA,ESCAP_East and North-East Asia (ENEA),NT_BF_EXBF,"Exclusive breastfeeding <6 months, %",Layer 1: Nutrition Outcomes,2024,35.2145,,,Recent (≤5 years),0,Excl. Breastfeeding,Off track
SDGRC_ESCAP_ENEA,ESCAP_East and North-East Asia (ENEA),NT_BW_LBW,"Low birth weight (<2500g), %",Layer 1: Nutrition Outcomes,2020,5.5766,,,Recent (≤5 years),4,Low Birth Weight,On track
SDGRC_ESCAP_LDC,ESCAP_LDC (LDC_E),NT_ANE_WOM_15_49_MOD,"Anaemia in women 15-49 years, %",Layer 1: Nutrition Outcomes,2023,38.1489,,,Recent (≤5 years),1,Anaemia (WRA),On track
SDGRC_ESCAP_LDC,ESCAP_LDC (LDC_E),NT_ANT_HAZ_NE2_MOD,"Stunting (<-2SD HAZ), modelled estimate, %",Layer 1: Nutrition Outcomes,2024,28.5629,,,Recent (≤5 years),0,Stunting,Off track
SDGRC_ESCAP_LDC,ESCAP_LDC (LDC_E),NT_ANT_WHZ_PO2_MOD,"Overweight (>+2SD WHZ), modelled estimate, %",Layer 1: Nutrition Outcomes,2024,2.3346,,,Recent (≤5 years),0,Overweight,Monitor (no numeric target)
SDGRC_ESCAP_LDC,ESCAP_LDC (LDC_E),NT_BF_EXBF,"Exclusive breastfeeding <6 months, %",Layer 1: Nutrition Outcomes,2024,55.7958,,,Recent (≤5 years),0,Excl. Breastfeeding,Insufficient progress
SDGRC_ESCAP_LDC,ESCAP_LDC (LDC_E),NT_BW_LBW,"Low birth weight (<2500g), %",Layer 1: Nutrition Outcomes,2020,19.9998,,,Recent (≤5 years),4,Low Birth Weight,On track
SDGRC_ESCAP_LLDC,ESCAP_LLDC (LLDC_E),NT_ANE_WOM_15_49_MOD,"Anaemia in women 15-49 years, %",Layer 1: Nutrition Outcomes,2023,34.7733,,,Recent (≤5 years),1,Anaemia (WRA),On track
SDGRC_ESCAP_LLDC,ESCAP_LLDC (LLDC_E),NT_ANT_HAZ_NE2_MOD,"Stunting (<-2SD HAZ), modelled estimate, %",Layer 1: Nutrition Outcomes,2024,21.8559,,,Recent (≤5 years),0,Stunting,Off track
SDGRC_ESCAP_LLDC,ESCAP_LLDC (LLDC_E),NT_ANT_WHZ_PO2_MOD,"Overweight (>+2SD WHZ), modelled estimate, %",Layer 1: Nutrition Outcomes,2024,5.1277,,,Recent (≤5 years),0,Overweight,Monitor (no numeric target)
SDGRC_ESCAP_LLDC,ESCAP_LLDC (LLDC_E),NT_BF_EXBF,"Exclusive breastfeeding <6 months, %",Layer 1: Nutrition Outcomes,2024,48.3561,,,Recent (≤5 years),0,Excl. Breastfeeding,Insufficient progress
SDGRC_ESCAP_LLDC,ESCAP_LLDC (LLDC_E),NT_BW_LBW,"Low birth weight (<2500g), %",Layer 1: Nutrition Outcomes,2020,13.2591,,,Recent (≤5 years),4,Low Birth Weight,On track
SDGRC_ESCAP_NCA,ESCAP_North and Central Asia (NCA),NT_ANE_WOM_15_49_MOD,"Anaemia in women 15-49 years, %",Layer 1: Nutrition Outcomes,2023,27.3554,,,Recent (≤5 years),1,Anaemia (WRA),On track
SDGRC_ESCAP_NCA,ESCAP_North and Central Asia (NCA),NT_ANT_HAZ_NE2_MOD,"Stunting (<-2SD HAZ), modelled estimate, %",Layer 1: Nutrition Outcomes,2024,6.151,,,Recent (≤5 years),0,Stunting,On track
SDGRC_ESCAP_NCA,ESCAP_North and Central Asia (NCA),NT_ANT_WHZ_PO2_MOD,"Overweight (>+2SD WHZ), modelled estimate, %",Layer 1: Nutrition Outcomes,2024,7.5737,,,Recent (≤5 years),0,Overweight,Monitor (no numeric target)
SDGRC_ESCAP_NCA,ESCAP_North and Central Asia (NCA),NT_BW_LBW,"Low birth weight (<2500g), %",Layer 1: Nutrition Outcomes,2020,6.7636,,,Recent (≤5 years),4,Low Birth Weight,On track
SDGRC_ESCAP_OTHER_AREA,ESCAP_Other Area (OTH_REGION),NT_ANE_WOM_15_49_MOD,"Anaemia in women 15-49 years, %",Layer 1: Nutrition Outcomes,2023,28.2039,,,Recent (≤5 years),1,Anaemia (WRA),On track
SDGRC_ESCAP_OTHER_AREA,ESCAP_Other Area (OTH_REGION),NT_ANT_HAZ_NE2_MOD,"Stunting (<-2SD HAZ), modelled estimate, %",Layer 1: Nutrition Outcomes,2024,21.8018,,,Recent (≤5 years),0,Stunting,Off track
SDGRC_ESCAP_OTHER_AREA,ESCAP_Other Area (OTH_REGION),NT_ANT_WHZ_PO2_MOD,"Overweight (>+2SD WHZ), modelled estimate, %",Layer 1: Nutrition Outcomes,2024,5.7839,,,Recent (≤5 years),0,Overweight,Monitor (no numeric target)
SDGRC_ESCAP_OTHER_AREA,ESCAP_Other Area (OTH_REGION),NT_BW_LBW,"Low birth weight (<2500g), %",Layer 1: Nutrition Outcomes,2020,12.2502,,,Recent (≤5 years),4,Low Birth Weight,On track
SDGRC_ESCAP_PACIFIC,ESCAP_PACIFIC (PAC),NT_ANE_WOM_15_49_MOD,"Anaemia in women 15-49 years, %",Layer 1: Nutrition Outcomes,2023,16.8513,,,Recent (≤5 years),1,Anaemia (WRA),On track
SDGRC_ESCAP_PACIFIC,ESCAP_PACIFIC (PAC),NT_ANT_HAZ_NE2_MOD,"Stunting (<-2SD HAZ), modelled estimate, %",Layer 1: Nutrition Outcomes,2024,20.7683,,,Recent (≤5 years),0,Stunting,Off track
SDGRC_ESCAP_PACIFIC,ESCAP_PACIFIC (PAC),NT_ANT_WHZ_PO2_MOD,"Overweight (>+2SD WHZ), modelled estimate, %",Layer 1: Nutrition Outcomes,2024,19.9719,,,Recent (≤5 years),0,Overweight,Monitor (no numeric target)
SDGRC_ESCAP_PACIFIC,ESCAP_PACIFIC (PAC),NT_BW_LBW,"Low birth weight (<2500g), %",Layer 1: Nutrition Outcomes,2020,11.9302,,,Recent (≤5 years),4,Low Birth Weight,On track
SDGRC_ESCAP_PIDE,ESCAP_Pacific island developing economies (PIDE),NT_ANE_WOM_15_49_MOD,"Anaemia in women 15-49 years, %",Layer 1: Nutrition Outcomes,2023,28.8694,,,Recent (≤5 years),1,Anaemia (WRA),On track
SDGRC_ESCAP_PIDE,ESCAP_Pacific island developing economies (PIDE),NT_ANT_HAZ_NE2_MOD,"Stunting (<-2SD HAZ), modelled estimate, %",Layer 1: Nutrition Outcomes,2024,41.5076,,,Recent (≤5 years),0,Stunting,Off track
SDGRC_ESCAP_PIDE,ESCAP_Pacific island developing economies (PIDE),NT_ANT_WHZ_PO2_MOD,"Overweight (>+2SD WHZ), modelled estimate, %",Layer 1: Nutrition Outcomes,2024,15.9924,,,Recent (≤5 years),0,Overweight,Monitor (no numeric target)
SDGRC_ESCAP_PIDE,ESCAP_Pacific island developing economies (PIDE),NT_BW_LBW,"Low birth weight (<2500g), %",Layer 1: Nutrition Outcomes,2020,17.9386,,,Recent (≤5 years),4,Low Birth Weight,On track
SDGRC_ESCAP_SAARC,ESCAP_SAARC (SAARC),NT_ANE_WOM_15_49_MOD,"Anaemia in women 15-49 years, %",Layer 1: Nutrition Outcomes,2023,50.4351,,,Recent (≤5 years),1,Anaemia (WRA),Insufficient progress
SDGRC_ESCAP_SAARC,ESCAP_SAARC (SAARC),NT_ANT_HAZ_NE2_MOD,"Stunting (<-2SD HAZ), modelled estimate, %",Layer 1: Nutrition Outcomes,2024,32.304,,,Recent (≤5 years),0,Stunting,Off track
SDGRC_ESCAP_SAARC,ESCAP_SAARC (SAARC),NT_ANT_WHZ_PO2_MOD,"Overweight (>+2SD WHZ), modelled estimate, %",Layer 1: Nutrition Outcomes,2024,3.1752,,,Recent (≤5 years),0,Overweight,Monitor (no numeric target)
SDGRC_ESCAP_SAARC,ESCAP_SAARC (SAARC),NT_BF_EXBF,"Exclusive breastfeeding <6 months, %",Layer 1: Nutrition Outcomes,2024,59.5299,,,Recent (≤5 years),0,Excl. Breastfeeding,Insufficient progress
SDGRC_ESCAP_SAARC,ESCAP_SAARC (SAARC),NT_BW_LBW,"Low birth weight (<2500g), %",Layer 1: Nutrition Outcomes,2020,24.7804,,,Recent (≤5 years),4,Low Birth Weight,On track
SDGRC_ESCAP_SEA,ESCAP_South-East Asia (SEA),NT_ANE_WOM_15_49_MOD,"Anaemia in women 15-49 years, %",Layer 1: Nutrition Outcomes,2023,24.1892,,,Recent (≤5 years),1,Anaemia (WRA),On track
SDGRC_ESCAP_SEA,ESCAP_South-East Asia (SEA),NT_ANT_HAZ_NE2_MOD,"Stunting (<-2SD HAZ), modelled estimate, %",Layer 1: Nutrition Outcomes,2024,22.7346,,,Recent (≤5 years),0,Stunting,Off track
SDGRC_ESCAP_SEA,ESCAP_South-East Asia (SEA),NT_ANT_WHZ_PO2_MOD,"Overweight (>+2SD WHZ), modelled estimate, %",Layer 1: Nutrition Outcomes,2024,4.3263,,,Recent (≤5 years),0,Overweight,Monitor (no numeric target)
SDGRC_ESCAP_SEA,ESCAP_South-East Asia (SEA),NT_BW_LBW,"Low birth weight (<2500g), %",Layer 1: Nutrition Outcomes,2020,12.0128,,,Recent (≤5 years),4,Low Birth Weight,On track
SDGRC_ESCAP_SIDS,ESCAP_Small Islands Developing States,NT_ANE_WOM_15_49_MOD,"Anaemia in women 15-49 years, %",Layer 1: Nutrition Outcomes,2023,25.6781,,,Recent (≤5 years),1,Anaemia (WRA),On track
SDGRC_ESCAP_SIDS,ESCAP_Small Islands Developing States,NT_ANT_HAZ_NE2_MOD,"Stunting (<-2SD HAZ), modelled estimate, %",Layer 1: Nutrition Outcomes,2024,36.8418,,,Recent (≤5 years),0,Stunting,Off track
SDGRC_ESCAP_SIDS,ESCAP_Small Islands Developing States,NT_ANT_WHZ_PO2_MOD,"Overweight (>+2SD WHZ), modelled estimate, %",Layer 1: Nutrition Outcomes,2024,13.2229,,,Recent (≤5 years),0,Overweight,Monitor (no numeric target)
SDGRC_ESCAP_SIDS,ESCAP_Small Islands Developing States,NT_BW_LBW,"Low birth weight (<2500g), %",Layer 1: Nutrition Outcomes,2020,17.0849,,,Recent (≤5 years),4,Low Birth Weight,On track
SDGRC_ESCAP_SSWA,ESCAP_South and South-West Asia (SSWA),NT_ANE_WOM_15_49_MOD,"Anaemia in women 15-49 years, %",Layer 1: Nutrition Outcomes,2023,48.4965,,,Recent (≤5 years),1,Anaemia (WRA),On track
SDGRC_ESCAP_SSWA,ESCAP_South and South-West Asia (SSWA),NT_ANT_HAZ_NE2_MOD,"Stunting (<-2SD HAZ), modelled estimate, %",Layer 1: Nutrition Outcomes,2024,30.6097,,,Recent (≤5 years),0,Stunting,Off track
SDGRC_ESCAP_SSWA,ESCAP_South and South-West Asia (SSWA),NT_ANT_WHZ_PO2_MOD,"Overweight (>+2SD WHZ), modelled estimate, %",Layer 1: Nutrition Outcomes,2024,3.2949,,,Recent (≤5 years),0,Overweight,Monitor (no numeric target)
SDGRC_ESCAP_SSWA,ESCAP_South and South-West Asia (SSWA),NT_BF_EXBF,"Exclusive breastfeeding <6 months, %",Layer 1: Nutrition Outcomes,2024,58.9762,,,Recent (≤5 years),0,Excl. Breastfeeding,Insufficient progress
SDGRC_ESCAP_SSWA,ESCAP_South and South-West Asia (SSWA),NT_BW_LBW,"Low birth weight (<2500g), %",Layer 1: Nutrition Outcomes,2020,24.0011,,,Recent (≤5 years),4,Low Birth Weight,On track
SDGRC_ESCAP_WB_HIGH,ESCAP_WB High Income Economies,NT_ANE_WOM_15_49_MOD,"Anaemia in women 15-49 years, %",Layer 1: Nutrition Outcomes,2023,19.8834,,,Recent (≤5 years),1,Anaemia (WRA),On track
SDGRC_ESCAP_WB_HIGH,ESCAP_WB High Income Economies,NT_ANT_HAZ_NE2_MOD,"Stunting (<-2SD HAZ), modelled estimate, %",Layer 1: Nutrition Outcomes,2024,4.2164,,,Recent (≤5 years),0,Stunting,On track
SDGRC_ESCAP_WB_HIGH,ESCAP_WB High Income Economies,NT_ANT_WHZ_PO2_MOD,"Overweight (>+2SD WHZ), modelled estimate, %",Layer 1: Nutrition Outcomes,2024,8.7184,,,Recent (≤5 years),0,Overweight,Monitor (no numeric target)
SDGRC_ESCAP_WB_HIGH,ESCAP_WB High Income Economies,NT_BW_LBW,"Low birth weight (<2500g), %",Layer 1: Nutrition Outcomes,2020,8.4249,,,Recent (≤5 years),4,Low Birth Weight,On track
SDGRC_ESCAP_WB_LOW,ESCAP_WB Low Income Economies,NT_ANE_WOM_15_49_MOD,"Anaemia in women 15-49 years, %",Layer 1: Nutrition Outcomes,2023,38.4893,,,Recent (≤5 years),1,Anaemia (WRA),On track
SDGRC_ESCAP_WB_LOW,ESCAP_WB Low Income Economies,NT_ANT_HAZ_NE2_MOD,"Stunting (<-2SD HAZ), modelled estimate, %",Layer 1: Nutrition Outcomes,2024,36.8968,,,Recent (≤5 years),0,Stunting,Off track
SDGRC_ESCAP_WB_LOW,ESCAP_WB Low Income Economies,NT_ANT_WHZ_PO2_MOD,"Overweight (>+2SD WHZ), modelled estimate, %",Layer 1: Nutrition Outcomes,2024,4.179,,,Recent (≤5 years),0,Overweight,Monitor (no numeric target)
SDGRC_ESCAP_WB_LOW,ESCAP_WB Low Income Economies,NT_BF_EXBF,"Exclusive breastfeeding <6 months, %",Layer 1: Nutrition Outcomes,2024,63.3,,,Recent (≤5 years),0,Excl. Breastfeeding,On track
SDGRC_ESCAP_WB_LOW,ESCAP_WB Low Income Economies,NT_BW_LBW,"Low birth weight (<2500g), %",Layer 1: Nutrition Outcomes,2020,18.5961,,,Recent (≤5 years),4,Low Birth Weight,On track
SDGRC_ESCAP_WB_LOWER_MID,ESCAP_WB Lower Middle Income Economies,NT_ANE_WOM_15_49_MOD,"Anaemia in women 15-49 years, %",Layer 1: Nutrition Outcomes,2023,46.2749,,,Recent (≤5 years),1,Anaemia (WRA),On track
SDGRC_ESCAP_WB_LOWER_MID,ESCAP_WB Lower Middle Income Economies,NT_ANT_HAZ_NE2_MOD,"Stunting (<-2SD HAZ), modelled estimate, %",Layer 1: Nutrition Outcomes,2024,30.3329,,,Recent (≤5 years),0,Stunting,Off track
SDGRC_ESCAP_WB_LOWER_MID,ESCAP_WB Lower Middle Income Economies,NT_ANT_WHZ_PO2_MOD,"Overweight (>+2SD WHZ), modelled estimate, %",Layer 1: Nutrition Outcomes,2024,3.5518,,,Recent (≤5 years),0,Overweight,Monitor (no numeric target)
SDGRC_ESCAP_WB_LOWER_MID,ESCAP_WB Lower Middle Income Economies,NT_BF_EXBF,"Exclusive breastfeeding <6 months, %",Layer 1: Nutrition Outcomes,2024,56.8814,,,Recent (≤5 years),0,Excl. Breastfeeding,Insufficient progress
SDGRC_ESCAP_WB_LOWER_MID,ESCAP_WB Lower Middle Income Economies,NT_BW_LBW,"Low birth weight (<2500g), %",Layer 1: Nutrition Outcomes,2020,23.0183,,,Recent (≤5 years),4,Low Birth Weight,On track
SDGRC_ESCAP_WB_UPPER_MID,ESCAP_WB Upper Middle Income Economies,NT_ANE_WOM_15_49_MOD,"Anaemia in women 15-49 years, %",Layer 1: Nutrition Outcomes,2023,19.3213,,,Recent (≤5 years),1,Anaemia (WRA),On track
SDGRC_ESCAP_WB_UPPER_MID,ESCAP_WB Upper Middle Income Economies,NT_ANT_HAZ_NE2_MOD,"Stunting (<-2SD HAZ), modelled estimate, %",Layer 1: Nutrition Outcomes,2024,9.5503,,,Recent (≤5 years),0,Stunting,On track
SDGRC_ESCAP_WB_UPPER_MID,ESCAP_WB Upper Middle Income Economies,NT_ANT_WHZ_PO2_MOD,"Overweight (>+2SD WHZ), modelled estimate, %",Layer 1: Nutrition Outcomes,2024,8.0523,,,Recent (≤5 years),0,Overweight,Monitor (no numeric target)
SDGRC_ESCAP_WB_UPPER_MID,ESCAP_WB Upper Middle Income Economies,NT_BF_EXBF,"Exclusive breastfeeding <6 months, %",Layer 1: Nutrition Outcomes,2024,35.4679,,,Recent (≤5 years),0,Excl. Breastfeeding,Off track
SDGRC_ESCAP_WB_UPPER_MID,ESCAP_WB Upper Middle Income Economies,NT_BW_LBW,"Low birth weight (<2500g), %",Layer 1: Nutrition Outcomes,2020,7.3538,,,Recent (≤5 years),4,Low Birth Weight,On track
SDGRC_ESCWA_ARAB_HIGH,ESCWA_Arab High-Income Countries (HICs),NT_ANE_WOM_15_49_MOD,"Anaemia in women 15-49 years, %",Layer 1: Nutrition Outcomes,2023,22.6494,,,Recent (≤5 years),1,Anaemia (WRA),On track
SDGRC_ESCWA_ARAB_HIGH,ESCWA_Arab High-Income Countries (HICs),NT_ANT_HAZ_NE2_MOD,"Stunting (<-2SD HAZ), modelled estimate, %",Layer 1: Nutrition Outcomes,2024,9.3759,,,Recent (≤5 years),0,Stunting,On track
SDGRC_ESCWA_ARAB_HIGH,ESCWA_Arab High-Income Countries (HICs),NT_ANT_WHZ_PO2_MOD,"Overweight (>+2SD WHZ), modelled estimate, %",Layer 1: Nutrition Outcomes,2024,8.4612,,,Recent (≤5 years),0,Overweight,Monitor (no numeric target)
SDGRC_ESCWA_ARAB_HIGH,ESCWA_Arab High-Income Countries (HICs),NT_BW_LBW,"Low birth weight (<2500g), %",Layer 1: Nutrition Outcomes,2020,10.9115,,,Recent (≤5 years),4,Low Birth Weight,On track
SDGRC_ESCWA_ARAB_LOW,(SDGRC) ESCWA_Arab Low-Income Countries (LICs),NT_ANE_WOM_15_49_MOD,"Anaemia in women 15-49 years, %",Layer 1: Nutrition Outcomes,2023,35.6582,,,Recent (≤5 years),1,Anaemia (WRA),On track
SDGRC_ESCWA_ARAB_LOW,(SDGRC) ESCWA_Arab Low-Income Countries (LICs),NT_ANT_HAZ_NE2_MOD,"Stunting (<-2SD HAZ), modelled estimate, %",Layer 1: Nutrition Outcomes,2024,35.7915,,,Recent (≤5 years),0,Stunting,Off track
SDGRC_ESCWA_ARAB_LOW,(SDGRC) ESCWA_Arab Low-Income Countries (LICs),NT_ANT_WHZ_PO2_MOD,"Overweight (>+2SD WHZ), modelled estimate, %",Layer 1: Nutrition Outcomes,2024,3.3224,,,Recent (≤5 years),0,Overweight,Monitor (no numeric target)
SDGRC_ESCWA_ARAB_LOW,(SDGRC) ESCWA_Arab Low-Income Countries (LICs),NT_BW_LBW,"Low birth weight (<2500g), %",Layer 1: Nutrition Outcomes,2020,13.6438,,,Recent (≤5 years),4,Low Birth Weight,On track
SDGRC_ESCWA_ARAB_MID,(SDGRC) ESCWA_Arab Middle-Income Countries (MICs),NT_ANE_WOM_15_49_MOD,"Anaemia in women 15-49 years, %",Layer 1: Nutrition Outcomes,2023,31.1869,,,Recent (≤5 years),1,Anaemia (WRA),On track
SDGRC_ESCWA_ARAB_MID,(SDGRC) ESCWA_Arab Middle-Income Countries (MICs),NT_ANT_HAZ_NE2_MOD,"Stunting (<-2SD HAZ), modelled estimate, %",Layer 1: Nutrition Outcomes,2024,11.442,,,Recent (≤5 years),0,Stunting,Insufficient progress
SDGRC_ESCWA_ARAB_MID,(SDGRC) ESCWA_Arab Middle-Income Countries (MICs),NT_ANT_WHZ_PO2_MOD,"Overweight (>+2SD WHZ), modelled estimate, %",Layer 1: Nutrition Outcomes,2024,9.1138,,,Recent (≤5 years),0,Overweight,Monitor (no numeric target)
SDGRC_ESCWA_ARAB_MID,(SDGRC) ESCWA_Arab Middle-Income Countries (MICs),NT_BF_EXBF,"Exclusive breastfeeding <6 months, %",Layer 1: Nutrition Outcomes,2024,33.2876,,,Recent (≤5 years),0,Excl. Breastfeeding,Off track
SDGRC_ESCWA_ARAB_MID,(SDGRC) ESCWA_Arab Middle-Income Countries (MICs),NT_BW_LBW,"Low birth weight (<2500g), %",Layer 1: Nutrition Outcomes,2020,13.3985,,,Recent (≤5 years),4,Low Birth Weight,On track
SDGRC_ESCWA_CONFLICT,(SDGRC) ESCWA_Countries in conflict,NT_ANE_WOM_15_49_MOD,"Anaemia in women 15-49 years, %",Layer 1: Nutrition Outcomes,2023,33.0296,,,Recent (≤5 years),1,Anaemia (WRA),On track
SDGRC_ESCWA_CONFLICT,(SDGRC) ESCWA_Countries in conflict,NT_ANT_HAZ_NE2_MOD,"Stunting (<-2SD HAZ), modelled estimate, %",Layer 1: Nutrition Outcomes,2024,28.9475,,,Recent (≤5 years),0,Stunting,Off track
SDGRC_ESCWA_CONFLICT,(SDGRC) ESCWA_Countries in conflict,NT_ANT_WHZ_PO2_MOD,"Overweight (>+2SD WHZ), modelled estimate, %",Layer 1: Nutrition Outcomes,2024,3.7654,,,Recent (≤5 years),0,Overweight,Monitor (no numeric target)
SDGRC_ESCWA_CONFLICT,(SDGRC) ESCWA_Countries in conflict,NT_BW_LBW,"Low birth weight (<2500g), %",Layer 1: Nutrition Outcomes,2020,12.9439,,,Recent (≤5 years),4,Low Birth Weight,On track
SDGRC_ESCWA_GCC,ESCWA_Gulf Cooperation Council (GCC),NT_ANE_WOM_15_49_MOD,"Anaemia in women 15-49 years, %",Layer 1: Nutrition Outcomes,2023,22.6494,,,Recent (≤5 years),1,Anaemia (WRA),On track
SDGRC_ESCWA_GCC,ESCWA_Gulf Cooperation Council (GCC),NT_ANT_HAZ_NE2_MOD,"Stunting (<-2SD HAZ), modelled estimate, %",Layer 1: Nutrition Outcomes,2024,9.3759,,,Recent (≤5 years),0,Stunting,On track
SDGRC_ESCWA_GCC,ESCWA_Gulf Cooperation Council (GCC),NT_ANT_WHZ_PO2_MOD,"Overweight (>+2SD WHZ), modelled estimate, %",Layer 1: Nutrition Outcomes,2024,8.4612,,,Recent (≤5 years),0,Overweight,Monitor (no numeric target)
SDGRC_ESCWA_GCC,ESCWA_Gulf Cooperation Council (GCC),NT_BW_LBW,"Low birth weight (<2500g), %",Layer 1: Nutrition Outcomes,2020,10.9115,,,Recent (≤5 years),4,Low Birth Weight,On track
SDGRC_ESCWA_LDC,(SDGRC) ESCWA_Arab LDCs subregion,NT_ANE_WOM_15_49_MOD,"Anaemia in women 15-49 years, %",Layer 1: Nutrition Outcomes,2023,37.4602,,,Recent (≤5 years),1,Anaemia (WRA),On track
SDGRC_ESCWA_LDC,(SDGRC) ESCWA_Arab LDCs subregion,NT_ANT_HAZ_NE2_MOD,"Stunting (<-2SD HAZ), modelled estimate, %",Layer 1: Nutrition Outcomes,2024,36.5814,,,Recent (≤5 years),0,Stunting,Off track
SDGRC_ESCWA_LDC,(SDGRC) ESCWA_Arab LDCs subregion,NT_ANT_WHZ_PO2_MOD,"Overweight (>+2SD WHZ), modelled estimate, %",Layer 1: Nutrition Outcomes,2024,2.2521,,,Recent (≤5 years),0,Overweight,Monitor (no numeric target)
SDGRC_ESCWA_LDC,(SDGRC) ESCWA_Arab LDCs subregion,NT_BW_LBW,"Low birth weight (<2500g), %",Layer 1: Nutrition Outcomes,2020,13.6138,,,Recent (≤5 years),4,Low Birth Weight,On track
SDGRC_ESCWA_MAGHREB,(SDGRC) ESCWA_Maghreb subregion,NT_ANE_WOM_15_49_MOD,"Anaemia in women 15-49 years, %",Layer 1: Nutrition Outcomes,2023,30.1811,,,Recent (≤5 years),1,Anaemia (WRA),On track
SDGRC_ESCWA_MAGHREB,(SDGRC) ESCWA_Maghreb subregion,NT_ANT_HAZ_NE2_MOD,"Stunting (<-2SD HAZ), modelled estimate, %",Layer 1: Nutrition Outcomes,2024,10.5481,,,Recent (≤5 years),0,Stunting,Insufficient progress
SDGRC_ESCWA_MAGHREB,(SDGRC) ESCWA_Maghreb subregion,NT_ANT_WHZ_PO2_MOD,"Overweight (>+2SD WHZ), modelled estimate, %",Layer 1: Nutrition Outcomes,2024,10.0284,,,Recent (≤5 years),0,Overweight,Monitor (no numeric target)
SDGRC_ESCWA_MAGHREB,(SDGRC) ESCWA_Maghreb subregion,NT_BF_EXBF,"Exclusive breastfeeding <6 months, %",Layer 1: Nutrition Outcomes,2024,26.8998,,,Recent (≤5 years),0,Excl. Breastfeeding,Off track
SDGRC_ESCWA_MAGHREB,(SDGRC) ESCWA_Maghreb subregion,NT_BW_LBW,"Low birth weight (<2500g), %",Layer 1: Nutrition Outcomes,2020,10.1221,,,Recent (≤5 years),4,Low Birth Weight,On track
SDGRC_ESCWA_MASHREQ,(SDGRC) ESCWA_Mashreq subregion,NT_ANE_WOM_15_49_MOD,"Anaemia in women 15-49 years, %",Layer 1: Nutrition Outcomes,2023,31.122,,,Recent (≤5 years),1,Anaemia (WRA),On track
SDGRC_ESCWA_MASHREQ,(SDGRC) ESCWA_Mashreq subregion,NT_ANT_HAZ_NE2_MOD,"Stunting (<-2SD HAZ), modelled estimate, %",Layer 1: Nutrition Outcomes,2024,12.7019,,,Recent (≤5 years),0,Stunting,Insufficient progress
SDGRC_ESCWA_MASHREQ,(SDGRC) ESCWA_Mashreq subregion,NT_ANT_WHZ_PO2_MOD,"Overweight (>+2SD WHZ), modelled estimate, %",Layer 1: Nutrition Outcomes,2024,9.2617,,,Recent (≤5 years),0,Overweight,Monitor (no numeric target)
SDGRC_ESCWA_MASHREQ,(SDGRC) ESCWA_Mashreq subregion,NT_BF_EXBF,"Exclusive breastfeeding <6 months, %",Layer 1: Nutrition Outcomes,2024,33.9425,,,Recent (≤5 years),0,Excl. Breastfeeding,Off track
SDGRC_ESCWA_MASHREQ,(SDGRC) ESCWA_Mashreq subregion,NT_BW_LBW,"Low birth weight (<2500g), %",Layer 1: Nutrition Outcomes,2020,14.8816,,,Recent (≤5 years),4,Low Birth Weight,On track
SDGRC_ESCWA_NOCONFLICT_MID,(SDGRC) ESCWA_Non-conflict middle income countries,NT_ANE_WOM_15_49_MOD,"Anaemia in women 15-49 years, %",Layer 1: Nutrition Outcomes,2023,31.7212,,,Recent (≤5 years),1,Anaemia (WRA),On track
SDGRC_ESCWA_NOCONFLICT_MID,(SDGRC) ESCWA_Non-conflict middle income countries,NT_ANT_HAZ_NE2_MOD,"Stunting (<-2SD HAZ), modelled estimate, %",Layer 1: Nutrition Outcomes,2024,11.6858,,,Recent (≤5 years),0,Stunting,Insufficient progress
SDGRC_ESCWA_NOCONFLICT_MID,(SDGRC) ESCWA_Non-conflict middle income countries,NT_ANT_WHZ_PO2_MOD,"Overweight (>+2SD WHZ), modelled estimate, %",Layer 1: Nutrition Outcomes,2024,10.7235,,,Recent (≤5 years),0,Overweight,Monitor (no numeric target)
SDGRC_ESCWA_NOCONFLICT_MID,(SDGRC) ESCWA_Non-conflict middle income countries,NT_BF_EXBF,"Exclusive breastfeeding <6 months, %",Layer 1: Nutrition Outcomes,2024,35.0836,,,Recent (≤5 years),0,Excl. Breastfeeding,Off track
SDGRC_ESCWA_NOCONFLICT_MID,(SDGRC) ESCWA_Non-conflict middle income countries,NT_BW_LBW,"Low birth weight (<2500g), %",Layer 1: Nutrition Outcomes,2020,14.1546,,,Recent (≤5 years),4,Low Birth Weight,On track
SDN,Sudan,NT_ANE_WOM_15_49_MOD,"Anaemia in women 15-49 years, %",Layer 1: Nutrition Outcomes,2023,34.0,Middle East and North Africa,Low income,Recent (≤5 years),1,Anaemia (WRA),On track
SDN,Sudan,NT_ANT_HAZ_NE2_MOD,"Stunting (<-2SD HAZ), modelled estimate, %",Layer 1: Nutrition Outcomes,2024,35.3849,Middle East and North Africa,Low income,Recent (≤5 years),0,Stunting,Off track
SDN,Sudan,NT_ANT_WHZ_PO2_MOD,"Overweight (>+2SD WHZ), modelled estimate, %",Layer 1: Nutrition Outcomes,2024,2.578,Middle East and North Africa,Low income,Recent (≤5 years),0,Overweight,Monitor (no numeric target)
SDN,Sudan,NT_BF_EXBF,"Exclusive breastfeeding <6 months, %",Layer 1: Nutrition Outcomes,2014,54.5954,Middle East and North Africa,Low income,Dated (6-10 years),10,Excl. Breastfeeding,Data outdated
SEN,Senegal,NT_ANE_WOM_15_49_MOD,"Anaemia in women 15-49 years, %",Layer 1: Nutrition Outcomes,2023,43.1,Sub-Saharan Africa,Lower middle income,Recent (≤5 years),1,Anaemia (WRA),On track
SEN,Senegal,NT_ANT_HAZ_NE2_MOD,"Stunting (<-2SD HAZ), modelled estimate, %",Layer 1: Nutrition Outcomes,2024,17.1728,Sub-Saharan Africa,Lower middle income,Recent (≤5 years),0,Stunting,Off track
SEN,Senegal,NT_ANT_WHZ_PO2_MOD,"Overweight (>+2SD WHZ), modelled estimate, %",Layer 1: Nutrition Outcomes,2024,2.1285,Sub-Saharan Africa,Lower middle income,Recent (≤5 years),0,Overweight,Monitor (no numeric target)
SEN,Senegal,NT_BF_EXBF,"Exclusive breastfeeding <6 months, %",Layer 1: Nutrition Outcomes,2023,34.4042,Sub-Saharan Africa,Lower middle income,Recent (≤5 years),1,Excl. Breastfeeding,Off track
SEN,Senegal,NT_BW_LBW,"Low birth weight (<2500g), %",Layer 1: Nutrition Outcomes,2020,17.2494,Sub-Saharan Africa,Lower middle income,Recent (≤5 years),4,Low Birth Weight,On track
SGP,Singapore,NT_ANE_WOM_15_49_MOD,"Anaemia in women 15-49 years, %",Layer 1: Nutrition Outcomes,2023,16.6,East Asia and Pacific,High income,Recent (≤5 years),1,Anaemia (WRA),On track
SGP,Singapore,NT_ANT_HAZ_NE2_MOD,"Stunting (<-2SD HAZ), modelled estimate, %",Layer 1: Nutrition Outcomes,2024,2.7867,East Asia and Pacific,High income,Recent (≤5 years),0,Stunting,On track
SGP,Singapore,NT_ANT_WHZ_PO2_MOD,"Overweight (>+2SD WHZ), modelled estimate, %",Layer 1: Nutrition Outcomes,2024,3.8171,East Asia and Pacific,High income,Recent (≤5 years),0,Overweight,Monitor (no numeric target)
SGP,Singapore,NT_BW_LBW,"Low birth weight (<2500g), %",Layer 1: Nutrition Outcomes,2020,10.951,East Asia and Pacific,High income,Recent (≤5 years),4,Low Birth Weight,On track
SLB,Solomon Islands,NT_ANE_WOM_15_49_MOD,"Anaemia in women 15-49 years, %",Layer 1: Nutrition Outcomes,2023,32.6,East Asia and Pacific,Lower middle income,Recent (≤5 years),1,Anaemia (WRA),On track
SLB,Solomon Islands,NT_ANT_HAZ_NE2_MOD,"Stunting (<-2SD HAZ), modelled estimate, %",Layer 1: Nutrition Outcomes,2024,29.8116,East Asia and Pacific,Lower middle income,Recent (≤5 years),0,Stunting,Off track
SLB,Solomon Islands,NT_ANT_WHZ_PO2_MOD,"Overweight (>+2SD WHZ), modelled estimate, %",Layer 1: Nutrition Outcomes,2024,6.2189,East Asia and Pacific,Lower middle income,Recent (≤5 years),0,Overweight,Monitor (no numeric target)
SLB,Solomon Islands,NT_BF_EXBF,"Exclusive breastfeeding <6 months, %",Layer 1: Nutrition Outcomes,2015,76.2,East Asia and Pacific,Lower middle income,Dated (6-10 years),9,Excl. Breastfeeding,Data outdated
SLB,Solomon Islands,NT_BW_LBW,"Low birth weight (<2500g), %",Layer 1: Nutrition Outcomes,2020,13.2339,East Asia and Pacific,Lower middle income,Recent (≤5 years),4,Low Birth Weight,On track
SLE,Sierra Leone,NT_ANE_WOM_15_49_MOD,"Anaemia in women 15-49 years, %",Layer 1: Nutrition Outcomes,2023,44.6,Sub-Saharan Africa,Low income,Recent (≤5 years),1,Anaemia (WRA),On track
SLE,Sierra Leone,NT_ANT_HAZ_NE2_MOD,"Stunting (<-2SD HAZ), modelled estimate, %",Layer 1: Nutrition Outcomes,2024,25.1992,Sub-Saharan Africa,Low income,Recent (≤5 years),0,Stunting,Off track
SLE,Sierra Leone,NT_ANT_WHZ_PO2_MOD,"Overweight (>+2SD WHZ), modelled estimate, %",Layer 1: Nutrition Outcomes,2024,5.4497,Sub-Saharan Africa,Low income,Recent (≤5 years),0,Overweight,Monitor (no numeric target)
SLE,Sierra Leone,NT_BF_EXBF,"Exclusive breastfeeding <6 months, %",Layer 1: Nutrition Outcomes,2021,50.8875,Sub-Saharan Africa,Low income,Recent (≤5 years),3,Excl. Breastfeeding,Insufficient progress
SLE,Sierra Leone,NT_BW_LBW,"Low birth weight (<2500g), %",Layer 1: Nutrition Outcomes,2020,10.3437,Sub-Saharan Africa,Low income,Recent (≤5 years),4,Low Birth Weight,On track
SLV,El Salvador,NT_ANE_WOM_15_49_MOD,"Anaemia in women 15-49 years, %",Layer 1: Nutrition Outcomes,2023,14.4,Latin America and Caribbean,Lower middle income,Recent (≤5 years),1,Anaemia (WRA),On track
SLV,El Salvador,NT_ANT_HAZ_NE2_MOD,"Stunting (<-2SD HAZ), modelled estimate, %",Layer 1: Nutrition Outcomes,2024,9.4267,Latin America and Caribbean,Lower middle income,Recent (≤5 years),0,Stunting,On track
SLV,El Salvador,NT_ANT_WHZ_PO2_MOD,"Overweight (>+2SD WHZ), modelled estimate, %",Layer 1: Nutrition Outcomes,2024,8.4592,Latin America and Caribbean,Lower middle income,Recent (≤5 years),0,Overweight,Monitor (no numeric target)
SLV,El Salvador,NT_BF_EXBF,"Exclusive breastfeeding <6 months, %",Layer 1: Nutrition Outcomes,2021,45.3,Latin America and Caribbean,Lower middle income,Recent (≤5 years),3,Excl. Breastfeeding,Insufficient progress
SLV,El Salvador,NT_BW_LBW,"Low birth weight (<2500g), %",Layer 1: Nutrition Outcomes,2020,10.223,Latin America and Caribbean,Lower middle income,Recent (≤5 years),4,Low Birth Weight,On track
SMR,San Marino,NT_ANE_WOM_15_49_MOD,"Anaemia in women 15-49 years, %",Layer 1: Nutrition Outcomes,2023,15.7,,,Recent (≤5 years),1,Anaemia (WRA),On track
SMR,San Marino,NT_BW_LBW,"Low birth weight (<2500g), %",Layer 1: Nutrition Outcomes,2020,4.2443,,,Recent (≤5 years),4,Low Birth Weight,On track
SOM,Somalia,NT_ANE_WOM_15_49_MOD,"Anaemia in women 15-49 years, %",Layer 1: Nutrition Outcomes,2023,46.2,Sub-Saharan Africa,Low income,Recent (≤5 years),1,Anaemia (WRA),On track
SOM,Somalia,NT_ANT_HAZ_NE2_MOD,"Stunting (<-2SD HAZ), modelled estimate, %",Layer 1: Nutrition Outcomes,2024,23.857,Sub-Saharan Africa,Low income,Recent (≤5 years),0,Stunting,Off track
SOM,Somalia,NT_ANT_WHZ_PO2_MOD,"Overweight (>+2SD WHZ), modelled estimate, %",Layer 1: Nutrition Outcomes,2024,2.4645,Sub-Saharan Africa,Low income,Recent (≤5 years),0,Overweight,Monitor (no numeric target)
SOM,Somalia,NT_BF_EXBF,"Exclusive breastfeeding <6 months, %",Layer 1: Nutrition Outcomes,2018,33.7,Sub-Saharan Africa,Low income,Dated (6-10 years),6,Excl. Breastfeeding,Off track
SRB,Serbia,NT_ANE_WOM_15_49_MOD,"Anaemia in women 15-49 years, %",Layer 1: Nutrition Outcomes,2023,24.9,Europe and Central Asia,Upper middle income,Recent (≤5 years),1,Anaemia (WRA),On track
SRB,Serbia,NT_ANT_HAZ_NE2_MOD,"Stunting (<-2SD HAZ), modelled estimate, %",Layer 1: Nutrition Outcomes,2024,4.5553,Europe and Central Asia,Upper middle income,Recent (≤5 years),0,Stunting,On track
SRB,Serbia,NT_ANT_WHZ_PO2_MOD,"Overweight (>+2SD WHZ), modelled estimate, %",Layer 1: Nutrition Outcomes,2024,12.2284,Europe and Central Asia,Upper middle income,Recent (≤5 years),0,Overweight,Monitor (no numeric target)
SRB,Serbia,NT_BF_EXBF,"Exclusive breastfeeding <6 months, %",Layer 1: Nutrition Outcomes,2019,23.6319,Europe and Central Asia,Upper middle income,Recent (≤5 years),5,Excl. Breastfeeding,Off track
SRB,Serbia,NT_BW_LBW,"Low birth weight (<2500g), %",Layer 1: Nutrition Outcomes,2020,6.2023,Europe and Central Asia,Upper middle income,Recent (≤5 years),4,Low Birth Weight,On track
SSD,South Sudan,NT_ANE_WOM_15_49_MOD,"Anaemia in women 15-49 years, %",Layer 1: Nutrition Outcomes,2023,35.0,Sub-Saharan Africa,Low income,Recent (≤5 years),1,Anaemia (WRA),On track
SSD,South Sudan,NT_ANT_HAZ_NE2_MOD,"Stunting (<-2SD HAZ), modelled estimate, %",Layer 1: Nutrition Outcomes,2024,29.9664,Sub-Saharan Africa,Low income,Recent (≤5 years),0,Stunting,Off track
SSD,South Sudan,NT_ANT_WHZ_PO2_MOD,"Overweight (>+2SD WHZ), modelled estimate, %",Layer 1: Nutrition Outcomes,2024,4.2519,Sub-Saharan Africa,Low income,Recent (≤5 years),0,Overweight,Monitor (no numeric target)
SSD,South Sudan,NT_BF_EXBF,"Exclusive breastfeeding <6 months, %",Layer 1: Nutrition Outcomes,2010,44.5377,Sub-Saharan Africa,Low income,Outdated (>10 years),14,Excl. Breastfeeding,Data outdated
STP,Sao Tome and Principe,NT_ANE_WOM_15_49_MOD,"Anaemia in women 15-49 years, %",Layer 1: Nutrition Outcomes,2023,39.7,Sub-Saharan Africa,Lower middle income,Recent (≤5 years),1,Anaemia (WRA),On track
STP,Sao Tome and Principe,NT_ANT_HAZ_NE2_MOD,"Stunting (<-2SD HAZ), modelled estimate, %",Layer 1: Nutrition Outcomes,2024,9.9549,Sub-Saharan Africa,Lower middle income,Recent (≤5 years),0,Stunting,On track
STP,Sao Tome and Principe,NT_ANT_WHZ_PO2_MOD,"Overweight (>+2SD WHZ), modelled estimate, %",Layer 1: Nutrition Outcomes,2024,6.4154,Sub-Saharan Africa,Lower middle income,Recent (≤5 years),0,Overweight,Monitor (no numeric target)
STP,Sao Tome and Principe,NT_BF_EXBF,"Exclusive breastfeeding <6 months, %",Layer 1: Nutrition Outcomes,2019,63.0553,Sub-Saharan Africa,Lower middle income,Recent (≤5 years),5,Excl. Breastfeeding,On track
STP,Sao Tome and Principe,NT_BW_LBW,"Low birth weight (<2500g), %",Layer 1: Nutrition Outcomes,2020,11.1148,Sub-Saharan Africa,Lower middle income,Recent (≤5 years),4,Low Birth Weight,On track
SUR,Suriname,NT_ANE_WOM_15_49_MOD,"Anaemia in women 15-49 years, %",Layer 1: Nutrition Outcomes,2023,22.2,Latin America and Caribbean,Upper middle income,Recent (≤5 years),1,Anaemia (WRA),On track
SUR,Suriname,NT_ANT_HAZ_NE2_MOD,"Stunting (<-2SD HAZ), modelled estimate, %",Layer 1: Nutrition Outcomes,2024,7.9524,Latin America and Caribbean,Upper middle income,Recent (≤5 years),0,Stunting,On track
SUR,Suriname,NT_ANT_WHZ_PO2_MOD,"Overweight (>+2SD WHZ), modelled estimate, %",Layer 1: Nutrition Outcomes,2024,3.7287,Latin America and Caribbean,Upper middle income,Recent (≤5 years),0,Overweight,Monitor (no numeric target)
SUR,Suriname,NT_BF_EXBF,"Exclusive breastfeeding <6 months, %",Layer 1: Nutrition Outcomes,2018,8.9162,Latin America and Caribbean,Upper middle income,Dated (6-10 years),6,Excl. Breastfeeding,Off track
SUR,Suriname,NT_BW_LBW,"Low birth weight (<2500g), %",Layer 1: Nutrition Outcomes,2020,16.4645,Latin America and Caribbean,Upper middle income,Recent (≤5 years),4,Low Birth Weight,On track
SVK,Slovakia,NT_ANE_WOM_15_49_MOD,"Anaemia in women 15-49 years, %",Layer 1: Nutrition Outcomes,2023,25.3,Europe and Central Asia,High income,Recent (≤5 years),1,Anaemia (WRA),On track
SVK,Slovakia,NT_BW_LBW,"Low birth weight (<2500g), %",Layer 1: Nutrition Outcomes,2020,7.823,Europe and Central Asia,High income,Recent (≤5 years),4,Low Birth Weight,On track
SVN,Slovenia,NT_ANE_WOM_15_49_MOD,"Anaemia in women 15-49 years, %",Layer 1: Nutrition Outcomes,2023,25.7,Europe and Central Asia,High income,Recent (≤5 years),1,Anaemia (WRA),On track
SVN,Slovenia,NT_BW_LBW,"Low birth weight (<2500g), %",Layer 1: Nutrition Outcomes,2020,6.2901,Europe and Central Asia,High income,Recent (≤5 years),4,Low Birth Weight,On track
SWE,Sweden,NT_ANE_WOM_15_49_MOD,"Anaemia in women 15-49 years, %",Layer 1: Nutrition Outcomes,2023,16.8,Europe and Central Asia,High income,Recent (≤5 years),1,Anaemia (WRA),On track
SWE,Sweden,NT_BW_LBW,"Low birth weight (<2500g), %",Layer 1: Nutrition Outcomes,2020,4.1218,Europe and Central Asia,High income,Recent (≤5 years),4,Low Birth Weight,On track
SWZ,Eswatini,NT_ANE_WOM_15_49_MOD,"Anaemia in women 15-49 years, %",Layer 1: Nutrition Outcomes,2023,28.3,Sub-Saharan Africa,Lower middle income,Recent (≤5 years),1,Anaemia (WRA),On track
SWZ,Eswatini,NT_ANT_HAZ_NE2_MOD,"Stunting (<-2SD HAZ), modelled estimate, %",Layer 1: Nutrition Outcomes,2024,18.8842,Sub-Saharan Africa,Lower middle income,Recent (≤5 years),0,Stunting,Off track
SWZ,Eswatini,NT_ANT_WHZ_PO2_MOD,"Overweight (>+2SD WHZ), modelled estimate, %",Layer 1: Nutrition Outcomes,2024,10.2169,Sub-Saharan Africa,Lower middle income,Recent (≤5 years),0,Overweight,Monitor (no numeric target)
SWZ,Eswatini,NT_BF_EXBF,"Exclusive breastfeeding <6 months, %",Layer 1: Nutrition Outcomes,2021,54.0052,Sub-Saharan Africa,Lower middle income,Recent (≤5 years),3,Excl. Breastfeeding,Insufficient progress
SWZ,Eswatini,NT_BW_LBW,"Low birth weight (<2500g), %",Layer 1: Nutrition Outcomes,2020,10.2016,Sub-Saharan Africa,Lower middle income,Recent (≤5 years),4,Low Birth Weight,On track
SYC,Seychelles,NT_ANE_WOM_15_49_MOD,"Anaemia in women 15-49 years, %",Layer 1: Nutrition Outcomes,2023,25.8,Sub-Saharan Africa,High income,Recent (≤5 years),1,Anaemia (WRA),On track
SYC,Seychelles,NT_ANT_HAZ_NE2_MOD,"Stunting (<-2SD HAZ), modelled estimate, %",Layer 1: Nutrition Outcomes,2024,6.1983,Sub-Saharan Africa,High income,Recent (≤5 years),0,Stunting,On track
SYC,Seychelles,NT_ANT_WHZ_PO2_MOD,"Overweight (>+2SD WHZ), modelled estimate, %",Layer 1: Nutrition Outcomes,2024,10.8732,Sub-Saharan Africa,High income,Recent (≤5 years),0,Overweight,Monitor (no numeric target)
SYC,Seychelles,NT_BW_LBW,"Low birth weight (<2500g), %",Layer 1: Nutrition Outcomes,2020,12.4838,Sub-Saharan Africa,High income,Recent (≤5 years),4,Low Birth Weight,On track
SYR,Syrian Arab Republic,NT_ANE_WOM_15_49_MOD,"Anaemia in women 15-49 years, %",Layer 1: Nutrition Outcomes,2023,31.0,Middle East and North Africa,Low income,Recent (≤5 years),1,Anaemia (WRA),On track
SYR,Syrian Arab Republic,NT_ANT_HAZ_NE2_MOD,"Stunting (<-2SD HAZ), modelled estimate, %",Layer 1: Nutrition Outcomes,2024,23.5031,Middle East and North Africa,Low income,Recent (≤5 years),0,Stunting,Off track
SYR,Syrian Arab Republic,NT_ANT_WHZ_PO2_MOD,"Overweight (>+2SD WHZ), modelled estimate, %",Layer 1: Nutrition Outcomes,2024,11.0196,Middle East and North Africa,Low income,Recent (≤5 years),0,Overweight,Monitor (no numeric target)
SYR,Syrian Arab Republic,NT_BF_EXBF,"Exclusive breastfeeding <6 months, %",Layer 1: Nutrition Outcomes,2019,28.5,Middle East and North Africa,Low income,Recent (≤5 years),5,Excl. Breastfeeding,Off track
TCA,Turks and Caicos Islands,NT_ANT_HAZ_NE2_MOD,"Stunting (<-2SD HAZ), modelled estimate, %",Layer 1: Nutrition Outcomes,2024,3.1853,,,Recent (≤5 years),0,Stunting,On track
TCA,Turks and Caicos Islands,NT_ANT_WHZ_PO2_MOD,"Overweight (>+2SD WHZ), modelled estimate, %",Layer 1: Nutrition Outcomes,2024,18.3414,,,Recent (≤5 years),0,Overweight,Monitor (no numeric target)
TCD,Chad,NT_ANE_WOM_15_49_MOD,"Anaemia in women 15-49 years, %",Layer 1: Nutrition Outcomes,2023,46.5,Sub-Saharan Africa,Low income,Recent (≤5 years),1,Anaemia (WRA),On track
TCD,Chad,NT_ANT_HAZ_NE2_MOD,"Stunting (<-2SD HAZ), modelled estimate, %",Layer 1: Nutrition Outcomes,2024,31.5206,Sub-Saharan Africa,Low income,Recent (≤5 years),0,Stunting,Off track
TCD,Chad,NT_ANT_WHZ_PO2_MOD,"Overweight (>+2SD WHZ), modelled estimate, %",Layer 1: Nutrition Outcomes,2024,2.4527,Sub-Saharan Africa,Low income,Recent (≤5 years),0,Overweight,Monitor (no numeric target)
TCD,Chad,NT_BF_EXBF,"Exclusive breastfeeding <6 months, %",Layer 1: Nutrition Outcomes,2022,7.3531,Sub-Saharan Africa,Low income,Recent (≤5 years),2,Excl. Breastfeeding,Off track
TGO,Togo,NT_ANE_WOM_15_49_MOD,"Anaemia in women 15-49 years, %",Layer 1: Nutrition Outcomes,2023,41.5,Sub-Saharan Africa,Low income,Recent (≤5 years),1,Anaemia (WRA),On track
TGO,Togo,NT_ANT_HAZ_NE2_MOD,"Stunting (<-2SD HAZ), modelled estimate, %",Layer 1: Nutrition Outcomes,2024,22.9679,Sub-Saharan Africa,Low income,Recent (≤5 years),0,Stunting,Off track
TGO,Togo,NT_ANT_WHZ_PO2_MOD,"Overweight (>+2SD WHZ), modelled estimate, %",Layer 1: Nutrition Outcomes,2024,3.5926,Sub-Saharan Africa,Low income,Recent (≤5 years),0,Overweight,Monitor (no numeric target)
TGO,Togo,NT_BF_EXBF,"Exclusive breastfeeding <6 months, %",Layer 1: Nutrition Outcomes,2017,64.3296,Sub-Saharan Africa,Low income,Dated (6-10 years),7,Excl. Breastfeeding,On track
TGO,Togo,NT_BW_LBW,"Low birth weight (<2500g), %",Layer 1: Nutrition Outcomes,2020,14.2814,Sub-Saharan Africa,Low income,Recent (≤5 years),4,Low Birth Weight,On track
THA,Thailand,NT_ANE_WOM_15_49_MOD,"Anaemia in women 15-49 years, %",Layer 1: Nutrition Outcomes,2023,20.7,East Asia and Pacific,Upper middle income,Recent (≤5 years),1,Anaemia (WRA),On track
THA,Thailand,NT_ANT_HAZ_NE2_MOD,"Stunting (<-2SD HAZ), modelled estimate, %",Layer 1: Nutrition Outcomes,2024,12.3406,East Asia and Pacific,Upper middle income,Recent (≤5 years),0,Stunting,Insufficient progress
THA,Thailand,NT_ANT_WHZ_PO2_MOD,"Overweight (>+2SD WHZ), modelled estimate, %",Layer 1: Nutrition Outcomes,2024,9.8904,East Asia and Pacific,Upper middle income,Recent (≤5 years),0,Overweight,Monitor (no numeric target)
THA,Thailand,NT_BF_EXBF,"Exclusive breastfeeding <6 months, %",Layer 1: Nutrition Outcomes,2022,28.575,East Asia and Pacific,Upper middle income,Recent (≤5 years),2,Excl. Breastfeeding,Off track
THA,Thailand,NT_BW_LBW,"Low birth weight (<2500g), %",Layer 1: Nutrition Outcomes,2020,10.3029,East Asia and Pacific,Upper middle income,Recent (≤5 years),4,Low Birth Weight,On track
TJK,Tajikistan,NT_ANE_WOM_15_49_MOD,"Anaemia in women 15-49 years, %",Layer 1: Nutrition Outcomes,2023,37.3,Europe and Central Asia,Lower middle income,Recent (≤5 years),1,Anaemia (WRA),On track
TJK,Tajikistan,NT_ANT_HAZ_NE2_MOD,"Stunting (<-2SD HAZ), modelled estimate, %",Layer 1: Nutrition Outcomes,2024,13.105,Europe and Central Asia,Lower middle income,Recent (≤5 years),0,Stunting,Insufficient progress
TJK,Tajikistan,NT_ANT_WHZ_PO2_MOD,"Overweight (>+2SD WHZ), modelled estimate, %",Layer 1: Nutrition Outcomes,2024,4.5814,Europe and Central Asia,Lower middle income,Recent (≤5 years),0,Overweight,Monitor (no numeric target)
TJK,Tajikistan,NT_BF_EXBF,"Exclusive breastfeeding <6 months, %",Layer 1: Nutrition Outcomes,2023,40.7846,Europe and Central Asia,Lower middle income,Recent (≤5 years),1,Excl. Breastfeeding,Off track
TJK,Tajikistan,NT_BW_LBW,"Low birth weight (<2500g), %",Layer 1: Nutrition Outcomes,2020,8.7161,Europe and Central Asia,Lower middle income,Recent (≤5 years),4,Low Birth Weight,On track
TKM,Turkmenistan,NT_ANE_WOM_15_49_MOD,"Anaemia in women 15-49 years, %",Layer 1: Nutrition Outcomes,2023,34.8,Europe and Central Asia,Upper middle income,Recent (≤5 years),1,Anaemia (WRA),On track
TKM,Turkmenistan,NT_ANT_HAZ_NE2_MOD,"Stunting (<-2SD HAZ), modelled estimate, %",Layer 1: Nutrition Outcomes,2024,6.4572,Europe and Central Asia,Upper middle income,Recent (≤5 years),0,Stunting,On track
TKM,Turkmenistan,NT_ANT_WHZ_PO2_MOD,"Overweight (>+2SD WHZ), modelled estimate, %",Layer 1: Nutrition Outcomes,2024,4.7607,Europe and Central Asia,Upper middle income,Recent (≤5 years),0,Overweight,Monitor (no numeric target)
TKM,Turkmenistan,NT_BF_EXBF,"Exclusive breastfeeding <6 months, %",Layer 1: Nutrition Outcomes,2019,56.4768,Europe and Central Asia,Upper middle income,Recent (≤5 years),5,Excl. Breastfeeding,Insufficient progress
TKM,Turkmenistan,NT_BW_LBW,"Low birth weight (<2500g), %",Layer 1: Nutrition Outcomes,2020,4.2878,Europe and Central Asia,Upper middle income,Recent (≤5 years),4,Low Birth Weight,On track
TLS,Timor-Leste,NT_ANE_WOM_15_49_MOD,"Anaemia in women 15-49 years, %",Layer 1: Nutrition Outcomes,2023,29.7,East Asia and Pacific,Lower middle income,Recent (≤5 years),1,Anaemia (WRA),On track
TLS,Timor-Leste,NT_ANT_HAZ_NE2_MOD,"Stunting (<-2SD HAZ), modelled estimate, %",Layer 1: Nutrition Outcomes,2024,45.4021,East Asia and Pacific,Lower middle income,Recent (≤5 years),0,Stunting,Off track
TLS,Timor-Leste,NT_ANT_WHZ_PO2_MOD,"Overweight (>+2SD WHZ), modelled estimate, %",Layer 1: Nutrition Outcomes,2024,1.1906,East Asia and Pacific,Lower middle income,Recent (≤5 years),0,Overweight,Monitor (no numeric target)
TLS,Timor-Leste,NT_BF_EXBF,"Exclusive breastfeeding <6 months, %",Layer 1: Nutrition Outcomes,2020,64.9747,East Asia and Pacific,Lower middle income,Recent (≤5 years),4,Excl. Breastfeeding,On track
TLS,Timor-Leste,NT_BW_LBW,"Low birth weight (<2500g), %",Layer 1: Nutrition Outcomes,2020,18.212,East Asia and Pacific,Lower middle income,Recent (≤5 years),4,Low Birth Weight,On track
TON,Tonga,NT_ANE_WOM_15_49_MOD,"Anaemia in women 15-49 years, %",Layer 1: Nutrition Outcomes,2023,20.7,East Asia and Pacific,Upper middle income,Recent (≤5 years),1,Anaemia (WRA),On track
TON,Tonga,NT_ANT_HAZ_NE2_MOD,"Stunting (<-2SD HAZ), modelled estimate, %",Layer 1: Nutrition Outcomes,2024,1.6145,East Asia and Pacific,Upper middle income,Recent (≤5 years),0,Stunting,On track
TON,Tonga,NT_ANT_WHZ_PO2_MOD,"Overweight (>+2SD WHZ), modelled estimate, %",Layer 1: Nutrition Outcomes,2024,9.4648,East Asia and Pacific,Upper middle income,Recent (≤5 years),0,Overweight,Monitor (no numeric target)
TON,Tonga,NT_BF_EXBF,"Exclusive breastfeeding <6 months, %",Layer 1: Nutrition Outcomes,2019,39.5748,East Asia and Pacific,Upper middle income,Recent (≤5 years),5,Excl. Breastfeeding,Off track
TTO,Trinidad and Tobago,NT_ANE_WOM_15_49_MOD,"Anaemia in women 15-49 years, %",Layer 1: Nutrition Outcomes,2023,22.1,Latin America and Caribbean,High income,Recent (≤5 years),1,Anaemia (WRA),On track
TTO,Trinidad and Tobago,NT_ANT_HAZ_NE2_MOD,"Stunting (<-2SD HAZ), modelled estimate, %",Layer 1: Nutrition Outcomes,2024,7.7989,Latin America and Caribbean,High income,Recent (≤5 years),0,Stunting,On track
TTO,Trinidad and Tobago,NT_ANT_WHZ_PO2_MOD,"Overweight (>+2SD WHZ), modelled estimate, %",Layer 1: Nutrition Outcomes,2024,14.9765,Latin America and Caribbean,High income,Recent (≤5 years),0,Overweight,Monitor (no numeric target)
TTO,Trinidad and Tobago,NT_BF_EXBF,"Exclusive breastfeeding <6 months, %",Layer 1: Nutrition Outcomes,2022,30.4509,Latin America and Caribbean,High income,Recent (≤5 years),2,Excl. Breastfeeding,Off track
TTO,Trinidad and Tobago,NT_BW_LBW,"Low birth weight (<2500g), %",Layer 1: Nutrition Outcomes,2020,16.2741,Latin America and Caribbean,High income,Recent (≤5 years),4,Low Birth Weight,On track
TUN,Tunisia,NT_ANE_WOM_15_49_MOD,"Anaemia in women 15-49 years, %",Layer 1: Nutrition Outcomes,2023,27.7,Middle East and North Africa,Lower middle income,Recent (≤5 years),1,Anaemia (WRA),On track
TUN,Tunisia,NT_ANT_HAZ_NE2_MOD,"Stunting (<-2SD HAZ), modelled estimate, %",Layer 1: Nutrition Outcomes,2024,8.8729,Middle East and North Africa,Lower middle income,Recent (≤5 years),0,Stunting,On track
TUN,Tunisia,NT_ANT_WHZ_PO2_MOD,"Overweight (>+2SD WHZ), modelled estimate, %",Layer 1: Nutrition Outcomes,2024,17.479,Middle East and North Africa,Lower middle income,Recent (≤5 years),0,Overweight,Monitor (no numeric target)
TUN,Tunisia,NT_BF_EXBF,"Exclusive breastfeeding <6 months, %",Layer 1: Nutrition Outcomes,2023,17.8167,Middle East and North Africa,Lower middle income,Recent (≤5 years),1,Excl. Breastfeeding,Off track
TUN,Tunisia,NT_BW_LBW,"Low birth weight (<2500g), %",Layer 1: Nutrition Outcomes,2020,8.2371,Middle East and North Africa,Lower middle income,Recent (≤5 years),4,Low Birth Weight,On track
TUR,تركيا,NT_ANE_WOM_15_49_MOD,"Anaemia in women 15-49 years, %",Layer 1: Nutrition Outcomes,2023,29.3,Europe and Central Asia,Upper middle income,Recent (≤5 years),1,Anaemia (WRA),On track
TUR,تركيا,NT_ANT_HAZ_NE2_MOD,"Stunting (<-2SD HAZ), modelled estimate, %",Layer 1: Nutrition Outcomes,2024,5.5059,Europe and Central Asia,Upper middle income,Recent (≤5 years),0,Stunting,On track
TUR,تركيا,NT_ANT_WHZ_PO2_MOD,"Overweight (>+2SD WHZ), modelled estimate, %",Layer 1: Nutrition Outcomes,2024,7.7012,Europe and Central Asia,Upper middle income,Recent (≤5 years),0,Overweight,Monitor (no numeric target)
TUR,تركيا,NT_BF_EXBF,"Exclusive breastfeeding <6 months, %",Layer 1: Nutrition Outcomes,2018,40.7,Europe and Central Asia,Upper middle income,Dated (6-10 years),6,Excl. Breastfeeding,Off track
TUR,تركيا,NT_BW_LBW,"Low birth weight (<2500g), %",Layer 1: Nutrition Outcomes,2020,12.8968,Europe and Central Asia,Upper middle income,Recent (≤5 years),4,Low Birth Weight,On track
TUV,Tuvalu,NT_ANE_WOM_15_49_MOD,"Anaemia in women 15-49 years, %",Layer 1: Nutrition Outcomes,2023,23.2,East Asia and Pacific,Upper middle income,Recent (≤5 years),1,Anaemia (WRA),On track
TUV,Tuvalu,NT_ANT_HAZ_NE2_MOD,"Stunting (<-2SD HAZ), modelled estimate, %",Layer 1: Nutrition Outcomes,2024,5.2585,East Asia and Pacific,Upper middle income,Recent (≤5 years),0,Stunting,On track
TUV,Tuvalu,NT_ANT_WHZ_PO2_MOD,"Overweight (>+2SD WHZ), modelled estimate, %",Layer 1: Nutrition Outcomes,2024,4.0729,East Asia and Pacific,Upper middle income,Recent (≤5 years),0,Overweight,Monitor (no numeric target)
TUV,Tuvalu,NT_BF_EXBF,"Exclusive breastfeeding <6 months, %",Layer 1: Nutrition Outcomes,2019,43.7958,East Asia and Pacific,Upper middle income,Recent (≤5 years),5,Excl. Breastfeeding,Off track
TZA,United Republic of Tanzania,NT_ANE_WOM_15_49_MOD,"Anaemia in women 15-49 years, %",Layer 1: Nutrition Outcomes,2023,38.8,Sub-Saharan Africa,Lower middle income,Recent (≤5 years),1,Anaemia (WRA),On track
TZA,United Republic of Tanzania,NT_ANT_HAZ_NE2_MOD,"Stunting (<-2SD HAZ), modelled estimate, %",Layer 1: Nutrition Outcomes,2024,29.9333,Sub-Saharan Africa,Lower middle income,Recent (≤5 years),0,Stunting,Off track
TZA,United Republic of Tanzania,NT_ANT_WHZ_PO2_MOD,"Overweight (>+2SD WHZ), modelled estimate, %",Layer 1: Nutrition Outcomes,2024,4.733,Sub-Saharan Africa,Lower middle income,Recent (≤5 years),0,Overweight,Monitor (no numeric target)
TZA,United Republic of Tanzania,NT_BF_EXBF,"Exclusive breastfeeding <6 months, %",Layer 1: Nutrition Outcomes,2022,64.3,Sub-Saharan Africa,Lower middle income,Recent (≤5 years),2,Excl. Breastfeeding,On track
TZA,United Republic of Tanzania,NT_BW_LBW,"Low birth weight (<2500g), %",Layer 1: Nutrition Outcomes,2020,9.7036,Sub-Saharan Africa,Lower middle income,Recent (≤5 years),4,Low Birth Weight,On track
UGA,Uganda,NT_ANE_WOM_15_49_MOD,"Anaemia in women 15-49 years, %",Layer 1: Nutrition Outcomes,2023,27.2,Sub-Saharan Africa,Low income,Recent (≤5 years),1,Anaemia (WRA),On track
UGA,Uganda,NT_ANT_HAZ_NE2_MOD,"Stunting (<-2SD HAZ), modelled estimate, %",Layer 1: Nutrition Outcomes,2024,23.4973,Sub-Saharan Africa,Low income,Recent (≤5 years),0,Stunting,Off track
UGA,Uganda,NT_ANT_WHZ_PO2_MOD,"Overweight (>+2SD WHZ), modelled estimate, %",Layer 1: Nutrition Outcomes,2024,4.229,Sub-Saharan Africa,Low income,Recent (≤5 years),0,Overweight,Monitor (no numeric target)
UGA,Uganda,NT_BF_EXBF,"Exclusive breastfeeding <6 months, %",Layer 1: Nutrition Outcomes,2016,65.4631,Sub-Saharan Africa,Low income,Dated (6-10 years),8,Excl. Breastfeeding,Data outdated
UKR,Ukraine,NT_ANE_WOM_15_49_MOD,"Anaemia in women 15-49 years, %",Layer 1: Nutrition Outcomes,2023,19.4,Europe and Central Asia,Lower middle income,Recent (≤5 years),1,Anaemia (WRA),On track
UKR,Ukraine,NT_ANT_HAZ_NE2_MOD,"Stunting (<-2SD HAZ), modelled estimate, %",Layer 1: Nutrition Outcomes,2024,11.6714,Europe and Central Asia,Lower middle income,Recent (≤5 years),0,Stunting,Insufficient progress
UKR,Ukraine,NT_ANT_WHZ_PO2_MOD,"Overweight (>+2SD WHZ), modelled estimate, %",Layer 1: Nutrition Outcomes,2024,15.9817,Europe and Central Asia,Lower middle income,Recent (≤5 years),0,Overweight,Monitor (no numeric target)
UKR,Ukraine,NT_BF_EXBF,"Exclusive breastfeeding <6 months, %",Layer 1: Nutrition Outcomes,2012,19.7287,Europe and Central Asia,Lower middle income,Outdated (>10 years),12,Excl. Breastfeeding,Data outdated
UKR,Ukraine,NT_BW_LBW,"Low birth weight (<2500g), %",Layer 1: Nutrition Outcomes,2020,5.726,Europe and Central Asia,Lower middle income,Recent (≤5 years),4,Low Birth Weight,On track
UNICEF_EAP,Asia Oriental y Pacífico,NT_ANE_WOM_15_49_MOD,"Anaemia in women 15-49 years, %",Layer 1: Nutrition Outcomes,2023,18.6905,,,Recent (≤5 years),1,Anaemia (WRA),On track
UNICEF_EAP,Asia Oriental y Pacífico,NT_ANT_HAZ_NE2_MOD,"Stunting (<-2SD HAZ), modelled estimate, %",Layer 1: Nutrition Outcomes,2024,13.3597,,,Recent (≤5 years),0,Stunting,Insufficient progress
UNICEF_EAP,Asia Oriental y Pacífico,NT_ANT_WHZ_PO2_MOD,"Overweight (>+2SD WHZ), modelled estimate, %",Layer 1: Nutrition Outcomes,2024,7.8253,,,Recent (≤5 years),0,Overweight,Monitor (no numeric target)
UNICEF_EAP,Asia Oriental y Pacífico,NT_BF_EXBF,"Exclusive breastfeeding <6 months, %",Layer 1: Nutrition Outcomes,2024,37.4477,,,Recent (≤5 years),0,Excl. Breastfeeding,Off track
UNICEF_EAP,Asia Oriental y Pacífico,NT_BW_LBW,"Low birth weight (<2500g), %",Layer 1: Nutrition Outcomes,2020,8.5202,,,Recent (≤5 years),4,Low Birth Weight,On track
UNICEF_EAPRO,East Asia and Pacific (UNICEF Prog.regions),NT_ANE_WOM_15_49_MOD,"Anaemia in women 15-49 years, %",Layer 1: Nutrition Outcomes,2023,18.8702,,,Recent (≤5 years),1,Anaemia (WRA),On track
UNICEF_EAPRO,East Asia and Pacific (UNICEF Prog.regions),NT_ANT_HAZ_NE2_MOD,"Stunting (<-2SD HAZ), modelled estimate, %",Layer 1: Nutrition Outcomes,2024,14.0075,,,Recent (≤5 years),0,Stunting,Insufficient progress
UNICEF_EAPRO,East Asia and Pacific (UNICEF Prog.regions),NT_ANT_WHZ_PO2_MOD,"Overweight (>+2SD WHZ), modelled estimate, %",Layer 1: Nutrition Outcomes,2024,7.8136,,,Recent (≤5 years),0,Overweight,Monitor (no numeric target)
UNICEF_EAPRO,East Asia and Pacific (UNICEF Prog.regions),NT_BF_EXBF,"Exclusive breastfeeding <6 months, %",Layer 1: Nutrition Outcomes,2024,37.4477,,,Recent (≤5 years),0,Excl. Breastfeeding,Off track
UNICEF_EAPRO,East Asia and Pacific (UNICEF Prog.regions),NT_BW_LBW,"Low birth weight (<2500g), %",Layer 1: Nutrition Outcomes,2020,8.4557,,,Recent (≤5 years),4,Low Birth Weight,On track
UNICEF_ECA,Europa y Asia Central,NT_ANE_WOM_15_49_MOD,"Anaemia in women 15-49 years, %",Layer 1: Nutrition Outcomes,2023,21.3349,,,Recent (≤5 years),1,Anaemia (WRA),On track
UNICEF_ECA,Europa y Asia Central,NT_ANT_HAZ_NE2_MOD,"Stunting (<-2SD HAZ), modelled estimate, %",Layer 1: Nutrition Outcomes,2024,4.583,,,Recent (≤5 years),0,Stunting,On track
UNICEF_ECA,Europa y Asia Central,NT_ANT_WHZ_PO2_MOD,"Overweight (>+2SD WHZ), modelled estimate, %",Layer 1: Nutrition Outcomes,2024,7.5288,,,Recent (≤5 years),0,Overweight,Monitor (no numeric target)
UNICEF_ECA,Europa y Asia Central,NT_BW_LBW,"Low birth weight (<2500g), %",Layer 1: Nutrition Outcomes,2020,7.5745,,,Recent (≤5 years),4,Low Birth Weight,On track
UNICEF_ECARO,Europe and Central Asia (UNICEF Prog.regions),NT_ANE_WOM_15_49_MOD,"Anaemia in women 15-49 years, %",Layer 1: Nutrition Outcomes,2023,27.71,,,Recent (≤5 years),1,Anaemia (WRA),On track
UNICEF_ECARO,Europe and Central Asia (UNICEF Prog.regions),NT_ANT_HAZ_NE2_MOD,"Stunting (<-2SD HAZ), modelled estimate, %",Layer 1: Nutrition Outcomes,2024,6.7217,,,Recent (≤5 years),0,Stunting,On track
UNICEF_ECARO,Europe and Central Asia (UNICEF Prog.regions),NT_ANT_WHZ_PO2_MOD,"Overweight (>+2SD WHZ), modelled estimate, %",Layer 1: Nutrition Outcomes,2024,7.5148,,,Recent (≤5 years),0,Overweight,Monitor (no numeric target)
UNICEF_ECARO,Europe and Central Asia (UNICEF Prog.regions),NT_BF_EXBF,"Exclusive breastfeeding <6 months, %",Layer 1: Nutrition Outcomes,2024,34.5621,,,Recent (≤5 years),0,Excl. Breastfeeding,Off track
UNICEF_ECARO,Europe and Central Asia (UNICEF Prog.regions),NT_BW_LBW,"Low birth weight (<2500g), %",Layer 1: Nutrition Outcomes,2020,8.3834,,,Recent (≤5 years),4,Low Birth Weight,On track
UNICEF_EECA,Europa del Este y Asia Central,NT_ANE_WOM_15_49_MOD,"Anaemia in women 15-49 years, %",Layer 1: Nutrition Outcomes,2023,26.7529,,,Recent (≤5 years),1,Anaemia (WRA),On track
UNICEF_EECA,Europa del Este y Asia Central,NT_ANT_HAZ_NE2_MOD,"Stunting (<-2SD HAZ), modelled estimate, %",Layer 1: Nutrition Outcomes,2024,6.1913,,,Recent (≤5 years),0,Stunting,On track
UNICEF_EECA,Europa del Este y Asia Central,NT_ANT_WHZ_PO2_MOD,"Overweight (>+2SD WHZ), modelled estimate, %",Layer 1: Nutrition Outcomes,2024,7.9411,,,Recent (≤5 years),0,Overweight,Monitor (no numeric target)
UNICEF_EECA,Europa del Este y Asia Central,NT_BF_EXBF,"Exclusive breastfeeding <6 months, %",Layer 1: Nutrition Outcomes,2024,34.5621,,,Recent (≤5 years),0,Excl. Breastfeeding,Off track
UNICEF_EECA,Europa del Este y Asia Central,NT_BW_LBW,"Low birth weight (<2500g), %",Layer 1: Nutrition Outcomes,2020,8.06,,,Recent (≤5 years),4,Low Birth Weight,On track
UNICEF_ESA,África Oriental y Meridional,NT_ANE_WOM_15_49_MOD,"Anaemia in women 15-49 years, %",Layer 1: Nutrition Outcomes,2023,32.17,,,Recent (≤5 years),1,Anaemia (WRA),On track
UNICEF_ESA,África Oriental y Meridional,NT_ANT_HAZ_NE2_MOD,"Stunting (<-2SD HAZ), modelled estimate, %",Layer 1: Nutrition Outcomes,2024,32.0866,,,Recent (≤5 years),0,Stunting,Off track
UNICEF_ESA,África Oriental y Meridional,NT_ANT_WHZ_PO2_MOD,"Overweight (>+2SD WHZ), modelled estimate, %",Layer 1: Nutrition Outcomes,2024,4.4697,,,Recent (≤5 years),0,Overweight,Monitor (no numeric target)
UNICEF_ESA,África Oriental y Meridional,NT_BF_EXBF,"Exclusive breastfeeding <6 months, %",Layer 1: Nutrition Outcomes,2024,56.7422,,,Recent (≤5 years),0,Excl. Breastfeeding,Insufficient progress
UNICEF_ESA,África Oriental y Meridional,NT_BW_LBW,"Low birth weight (<2500g), %",Layer 1: Nutrition Outcomes,2020,14.3849,,,Recent (≤5 years),4,Low Birth Weight,On track
UNICEF_ESARO,Eastern and Southern Africa (UNICEF Prog.regions),NT_ANE_WOM_15_49_MOD,"Anaemia in women 15-49 years, %",Layer 1: Nutrition Outcomes,2023,32.0179,,,Recent (≤5 years),1,Anaemia (WRA),On track
UNICEF_ESARO,Eastern and Southern Africa (UNICEF Prog.regions),NT_ANT_HAZ_NE2_MOD,"Stunting (<-2SD HAZ), modelled estimate, %",Layer 1: Nutrition Outcomes,2024,31.8321,,,Recent (≤5 years),0,Stunting,Off track
UNICEF_ESARO,Eastern and Southern Africa (UNICEF Prog.regions),NT_ANT_WHZ_PO2_MOD,"Overweight (>+2SD WHZ), modelled estimate, %",Layer 1: Nutrition Outcomes,2024,4.6302,,,Recent (≤5 years),0,Overweight,Monitor (no numeric target)
UNICEF_ESARO,Eastern and Southern Africa (UNICEF Prog.regions),NT_BF_EXBF,"Exclusive breastfeeding <6 months, %",Layer 1: Nutrition Outcomes,2024,56.7422,,,Recent (≤5 years),0,Excl. Breastfeeding,Insufficient progress
UNICEF_ESARO,Eastern and Southern Africa (UNICEF Prog.regions),NT_BW_LBW,"Low birth weight (<2500g), %",Layer 1: Nutrition Outcomes,2020,14.3848,,,Recent (≤5 years),4,Low Birth Weight,On track
UNICEF_LAC,América Latina y el Caribe,NT_ANE_WOM_15_49_MOD,"Anaemia in women 15-49 years, %",Layer 1: Nutrition Outcomes,2023,19.9618,,,Recent (≤5 years),1,Anaemia (WRA),On track
UNICEF_LAC,América Latina y el Caribe,NT_ANT_HAZ_NE2_MOD,"Stunting (<-2SD HAZ), modelled estimate, %",Layer 1: Nutrition Outcomes,2024,12.4185,,,Recent (≤5 years),0,Stunting,Insufficient progress
UNICEF_LAC,América Latina y el Caribe,NT_ANT_WHZ_PO2_MOD,"Overweight (>+2SD WHZ), modelled estimate, %",Layer 1: Nutrition Outcomes,2024,8.7679,,,Recent (≤5 years),0,Overweight,Monitor (no numeric target)
UNICEF_LAC,América Latina y el Caribe,NT_BF_EXBF,"Exclusive breastfeeding <6 months, %",Layer 1: Nutrition Outcomes,2024,43.2,,,Recent (≤5 years),0,Excl. Breastfeeding,Off track
UNICEF_LAC,América Latina y el Caribe,NT_BW_LBW,"Low birth weight (<2500g), %",Layer 1: Nutrition Outcomes,2020,9.7106,,,Recent (≤5 years),4,Low Birth Weight,On track
UNICEF_LACRO,Latin America and the Caribbean (UNICEF Prog.regions),NT_ANE_WOM_15_49_MOD,"Anaemia in women 15-49 years, %",Layer 1: Nutrition Outcomes,2023,19.9625,,,Recent (≤5 years),1,Anaemia (WRA),On track
UNICEF_LACRO,Latin America and the Caribbean (UNICEF Prog.regions),NT_ANT_HAZ_NE2_MOD,"Stunting (<-2SD HAZ), modelled estimate, %",Layer 1: Nutrition Outcomes,2024,12.4224,,,Recent (≤5 years),0,Stunting,Insufficient progress
UNICEF_LACRO,Latin America and the Caribbean (UNICEF Prog.regions),NT_ANT_WHZ_PO2_MOD,"Overweight (>+2SD WHZ), modelled estimate, %",Layer 1: Nutrition Outcomes,2024,8.7685,,,Recent (≤5 years),0,Overweight,Monitor (no numeric target)
UNICEF_LACRO,Latin America and the Caribbean (UNICEF Prog.regions),NT_BF_EXBF,"Exclusive breastfeeding <6 months, %",Layer 1: Nutrition Outcomes,2024,43.2,,,Recent (≤5 years),0,Excl. Breastfeeding,Off track
UNICEF_LACRO,Latin America and the Caribbean (UNICEF Prog.regions),NT_BW_LBW,"Low birth weight (<2500g), %",Layer 1: Nutrition Outcomes,2020,9.708,,,Recent (≤5 years),4,Low Birth Weight,On track
UNICEF_MENA,Oriente Medio y África del Norte,NT_ANE_WOM_15_49_MOD,"Anaemia in women 15-49 years, %",Layer 1: Nutrition Outcomes,2023,29.1047,,,Recent (≤5 years),1,Anaemia (WRA),On track
UNICEF_MENA,Oriente Medio y África del Norte,NT_ANT_HAZ_NE2_MOD,"Stunting (<-2SD HAZ), modelled estimate, %",Layer 1: Nutrition Outcomes,2024,15.4373,,,Recent (≤5 years),0,Stunting,Off track
UNICEF_MENA,Oriente Medio y África del Norte,NT_ANT_WHZ_PO2_MOD,"Overweight (>+2SD WHZ), modelled estimate, %",Layer 1: Nutrition Outcomes,2024,7.513,,,Recent (≤5 years),0,Overweight,Monitor (no numeric target)
UNICEF_MENA,Oriente Medio y África del Norte,NT_BF_EXBF,"Exclusive breastfeeding <6 months, %",Layer 1: Nutrition Outcomes,2024,32.6988,,,Recent (≤5 years),0,Excl. Breastfeeding,Off track
UNICEF_MENA,Oriente Medio y África del Norte,NT_BW_LBW,"Low birth weight (<2500g), %",Layer 1: Nutrition Outcomes,2020,12.9267,,,Recent (≤5 years),4,Low Birth Weight,On track
UNICEF_MENARO,Middle East and North Africa (UNICEF Prog.regions),NT_ANE_WOM_15_49_MOD,"Anaemia in women 15-49 years, %",Layer 1: Nutrition Outcomes,2023,29.7745,,,Recent (≤5 years),1,Anaemia (WRA),On track
UNICEF_MENARO,Middle East and North Africa (UNICEF Prog.regions),NT_ANT_HAZ_NE2_MOD,"Stunting (<-2SD HAZ), modelled estimate, %",Layer 1: Nutrition Outcomes,2024,18.3709,,,Recent (≤5 years),0,Stunting,Off track
UNICEF_MENARO,Middle East and North Africa (UNICEF Prog.regions),NT_ANT_WHZ_PO2_MOD,"Overweight (>+2SD WHZ), modelled estimate, %",Layer 1: Nutrition Outcomes,2024,6.8306,,,Recent (≤5 years),0,Overweight,Monitor (no numeric target)
UNICEF_MENARO,Middle East and North Africa (UNICEF Prog.regions),NT_BW_LBW,"Low birth weight (<2500g), %",Layer 1: Nutrition Outcomes,2020,13.1911,,,Recent (≤5 years),4,Low Birth Weight,On track
UNICEF_NA,América del Norte,NT_ANE_WOM_15_49_MOD,"Anaemia in women 15-49 years, %",Layer 1: Nutrition Outcomes,2023,14.897,,,Recent (≤5 years),1,Anaemia (WRA),On track
UNICEF_NA,América del Norte,NT_ANT_HAZ_NE2_MOD,"Stunting (<-2SD HAZ), modelled estimate, %",Layer 1: Nutrition Outcomes,2024,4.0803,,,Recent (≤5 years),0,Stunting,On track
UNICEF_NA,América del Norte,NT_ANT_WHZ_PO2_MOD,"Overweight (>+2SD WHZ), modelled estimate, %",Layer 1: Nutrition Outcomes,2024,9.8566,,,Recent (≤5 years),0,Overweight,Monitor (no numeric target)
UNICEF_NA,América del Norte,NT_BF_EXBF,"Exclusive breastfeeding <6 months, %",Layer 1: Nutrition Outcomes,2024,25.8,,,Recent (≤5 years),0,Excl. Breastfeeding,Off track
UNICEF_NA,América del Norte,NT_BW_LBW,"Low birth weight (<2500g), %",Layer 1: Nutrition Outcomes,2020,8.1462,,,Recent (≤5 years),4,Low Birth Weight,On track
UNICEF_ROSA,South Asia (UNICEF Prog.regions),NT_ANE_WOM_15_49_MOD,"Anaemia in women 15-49 years, %",Layer 1: Nutrition Outcomes,2023,50.4351,,,Recent (≤5 years),1,Anaemia (WRA),Insufficient progress
UNICEF_ROSA,South Asia (UNICEF Prog.regions),NT_ANT_HAZ_NE2_MOD,"Stunting (<-2SD HAZ), modelled estimate, %",Layer 1: Nutrition Outcomes,2024,32.304,,,Recent (≤5 years),0,Stunting,Off track
UNICEF_ROSA,South Asia (UNICEF Prog.regions),NT_ANT_WHZ_PO2_MOD,"Overweight (>+2SD WHZ), modelled estimate, %",Layer 1: Nutrition Outcomes,2024,3.1752,,,Recent (≤5 years),0,Overweight,Monitor (no numeric target)
UNICEF_ROSA,South Asia (UNICEF Prog.regions),NT_BF_EXBF,"Exclusive breastfeeding <6 months, %",Layer 1: Nutrition Outcomes,2024,59.5299,,,Recent (≤5 years),0,Excl. Breastfeeding,Insufficient progress
UNICEF_ROSA,South Asia (UNICEF Prog.regions),NT_BW_LBW,"Low birth weight (<2500g), %",Layer 1: Nutrition Outcomes,2020,24.7804,,,Recent (≤5 years),4,Low Birth Weight,On track
UNICEF_SA,Asia Meridional,NT_ANE_WOM_15_49_MOD,"Anaemia in women 15-49 years, %",Layer 1: Nutrition Outcomes,2023,50.4351,,,Recent (≤5 years),1,Anaemia (WRA),Insufficient progress
UNICEF_SA,Asia Meridional,NT_ANT_HAZ_NE2_MOD,"Stunting (<-2SD HAZ), modelled estimate, %",Layer 1: Nutrition Outcomes,2024,32.304,,,Recent (≤5 years),0,Stunting,Off track
UNICEF_SA,Asia Meridional,NT_ANT_WHZ_PO2_MOD,"Overweight (>+2SD WHZ), modelled estimate, %",Layer 1: Nutrition Outcomes,2024,3.1752,,,Recent (≤5 years),0,Overweight,Monitor (no numeric target)
UNICEF_SA,Asia Meridional,NT_BF_EXBF,"Exclusive breastfeeding <6 months, %",Layer 1: Nutrition Outcomes,2024,59.5299,,,Recent (≤5 years),0,Excl. Breastfeeding,Insufficient progress
UNICEF_SA,Asia Meridional,NT_BW_LBW,"Low birth weight (<2500g), %",Layer 1: Nutrition Outcomes,2020,24.7804,,,Recent (≤5 years),4,Low Birth Weight,On track
UNICEF_SSA,África Subsahariana,NT_ANE_WOM_15_49_MOD,"Anaemia in women 15-49 years, %",Layer 1: Nutrition Outcomes,2023,36.6764,,,Recent (≤5 years),1,Anaemia (WRA),On track
UNICEF_SSA,África Subsahariana,NT_ANT_HAZ_NE2_MOD,"Stunting (<-2SD HAZ), modelled estimate, %",Layer 1: Nutrition Outcomes,2024,32.2812,,,Recent (≤5 years),0,Stunting,Off track
UNICEF_SSA,África Subsahariana,NT_ANT_WHZ_PO2_MOD,"Overweight (>+2SD WHZ), modelled estimate, %",Layer 1: Nutrition Outcomes,2024,3.8335,,,Recent (≤5 years),0,Overweight,Monitor (no numeric target)
UNICEF_SSA,África Subsahariana,NT_BF_EXBF,"Exclusive breastfeeding <6 months, %",Layer 1: Nutrition Outcomes,2024,45.6413,,,Recent (≤5 years),0,Excl. Breastfeeding,Insufficient progress
UNICEF_SSA,África Subsahariana,NT_BW_LBW,"Low birth weight (<2500g), %",Layer 1: Nutrition Outcomes,2020,13.8923,,,Recent (≤5 years),4,Low Birth Weight,On track
UNICEF_WCA,África Occidental y Central,NT_ANE_WOM_15_49_MOD,"Anaemia in women 15-49 years, %",Layer 1: Nutrition Outcomes,2023,41.6955,,,Recent (≤5 years),1,Anaemia (WRA),On track
UNICEF_WCA,África Occidental y Central,NT_ANT_HAZ_NE2_MOD,"Stunting (<-2SD HAZ), modelled estimate, %",Layer 1: Nutrition Outcomes,2024,32.4723,,,Recent (≤5 years),0,Stunting,Off track
UNICEF_WCA,África Occidental y Central,NT_ANT_WHZ_PO2_MOD,"Overweight (>+2SD WHZ), modelled estimate, %",Layer 1: Nutrition Outcomes,2024,3.2086,,,Recent (≤5 years),0,Overweight,Monitor (no numeric target)
UNICEF_WCA,África Occidental y Central,NT_BF_EXBF,"Exclusive breastfeeding <6 months, %",Layer 1: Nutrition Outcomes,2024,37.4525,,,Recent (≤5 years),0,Excl. Breastfeeding,Off track
UNICEF_WCA,África Occidental y Central,NT_BW_LBW,"Low birth weight (<2500g), %",Layer 1: Nutrition Outcomes,2020,13.419,,,Recent (≤5 years),4,Low Birth Weight,On track
UNICEF_WCARO,West and Central Africa (UNICEF Prog.regions),NT_ANE_WOM_15_49_MOD,"Anaemia in women 15-49 years, %",Layer 1: Nutrition Outcomes,2023,41.6955,,,Recent (≤5 years),1,Anaemia (WRA),On track
UNICEF_WCARO,West and Central Africa (UNICEF Prog.regions),NT_ANT_HAZ_NE2_MOD,"Stunting (<-2SD HAZ), modelled estimate, %",Layer 1: Nutrition Outcomes,2024,32.4723,,,Recent (≤5 years),0,Stunting,Off track
UNICEF_WCARO,West and Central Africa (UNICEF Prog.regions),NT_ANT_WHZ_PO2_MOD,"Overweight (>+2SD WHZ), modelled estimate, %",Layer 1: Nutrition Outcomes,2024,3.2086,,,Recent (≤5 years),0,Overweight,Monitor (no numeric target)
UNICEF_WCARO,West and Central Africa (UNICEF Prog.regions),NT_BF_EXBF,"Exclusive breastfeeding <6 months, %",Layer 1: Nutrition Outcomes,2024,37.4525,,,Recent (≤5 years),0,Excl. Breastfeeding,Off track
UNICEF_WCARO,West and Central Africa (UNICEF Prog.regions),NT_BW_LBW,"Low birth weight (<2500g), %",Layer 1: Nutrition Outcomes,2020,13.419,,,Recent (≤5 years),4,Low Birth Weight,On track
UNICEF_WE,Europa Occidental,NT_ANE_WOM_15_49_MOD,"Anaemia in women 15-49 years, %",Layer 1: Nutrition Outcomes,2023,16.155,,,Recent (≤5 years),1,Anaemia (WRA),On track
UNICEF_WE,Europa Occidental,NT_ANT_HAZ_NE2_MOD,"Stunting (<-2SD HAZ), modelled estimate, %",Layer 1: Nutrition Outcomes,2024,2.6793,,,Recent (≤5 years),0,Stunting,On track
UNICEF_WE,Europa Occidental,NT_ANT_WHZ_PO2_MOD,"Overweight (>+2SD WHZ), modelled estimate, %",Layer 1: Nutrition Outcomes,2024,7.0407,,,Recent (≤5 years),0,Overweight,Monitor (no numeric target)
UNICEF_WE,Europa Occidental,NT_BW_LBW,"Low birth weight (<2500g), %",Layer 1: Nutrition Outcomes,2020,6.9738,,,Recent (≤5 years),4,Low Birth Weight,On track
UNSDG_AFRICA,Africa (UNSDG),NT_ANE_WOM_15_49_MOD,"Anaemia in women 15-49 years, %",Layer 1: Nutrition Outcomes,2023,35.8945,,,Recent (≤5 years),1,Anaemia (WRA),On track
UNSDG_AFRICA,Africa (UNSDG),NT_ANT_HAZ_NE2_MOD,"Stunting (<-2SD HAZ), modelled estimate, %",Layer 1: Nutrition Outcomes,2024,30.2716,,,Recent (≤5 years),0,Stunting,Off track
UNSDG_AFRICA,Africa (UNSDG),NT_ANT_WHZ_PO2_MOD,"Overweight (>+2SD WHZ), modelled estimate, %",Layer 1: Nutrition Outcomes,2024,4.5078,,,Recent (≤5 years),0,Overweight,Monitor (no numeric target)
UNSDG_AFRICA,Africa (UNSDG),NT_BF_EXBF,"Exclusive breastfeeding <6 months, %",Layer 1: Nutrition Outcomes,2024,44.7919,,,Recent (≤5 years),0,Excl. Breastfeeding,Off track
UNSDG_AFRICA,Africa (UNSDG),NT_BW_LBW,"Low birth weight (<2500g), %",Layer 1: Nutrition Outcomes,2020,13.8886,,,Recent (≤5 years),4,Low Birth Weight,On track
UNSDG_AMERICAS,Americas (UNSDG),NT_ANE_WOM_15_49_MOD,"Anaemia in women 15-49 years, %",Layer 1: Nutrition Outcomes,2023,18.2641,,,Recent (≤5 years),1,Anaemia (WRA),On track
UNSDG_AMERICAS,Americas (UNSDG),NT_ANT_HAZ_NE2_MOD,"Stunting (<-2SD HAZ), modelled estimate, %",Layer 1: Nutrition Outcomes,2024,9.8678,,,Recent (≤5 years),0,Stunting,On track
UNSDG_AMERICAS,Americas (UNSDG),NT_ANT_WHZ_PO2_MOD,"Overweight (>+2SD WHZ), modelled estimate, %",Layer 1: Nutrition Outcomes,2024,9.0974,,,Recent (≤5 years),0,Overweight,Monitor (no numeric target)
UNSDG_AMERICAS,Americas (UNSDG),NT_BF_EXBF,"Exclusive breastfeeding <6 months, %",Layer 1: Nutrition Outcomes,2024,36.7721,,,Recent (≤5 years),0,Excl. Breastfeeding,Off track
UNSDG_AMERICAS,Americas (UNSDG),NT_BW_LBW,"Low birth weight (<2500g), %",Layer 1: Nutrition Outcomes,2020,9.2507,,,Recent (≤5 years),4,Low Birth Weight,On track
UNSDG_ASIA,Asia (UNSDG),NT_ANE_WOM_15_49_MOD,"Anaemia in women 15-49 years, %",Layer 1: Nutrition Outcomes,2023,33.5896,,,Recent (≤5 years),1,Anaemia (WRA),On track
UNSDG_ASIA,Asia (UNSDG),NT_ANT_HAZ_NE2_MOD,"Stunting (<-2SD HAZ), modelled estimate, %",Layer 1: Nutrition Outcomes,2024,23.3846,,,Recent (≤5 years),0,Stunting,Off track
UNSDG_ASIA,Asia (UNSDG),NT_ANT_WHZ_PO2_MOD,"Overweight (>+2SD WHZ), modelled estimate, %",Layer 1: Nutrition Outcomes,2024,4.9579,,,Recent (≤5 years),0,Overweight,Monitor (no numeric target)
UNSDG_ASIA,Asia (UNSDG),NT_BF_EXBF,"Exclusive breastfeeding <6 months, %",Layer 1: Nutrition Outcomes,2024,51.422,,,Recent (≤5 years),0,Excl. Breastfeeding,Insufficient progress
UNSDG_ASIA,Asia (UNSDG),NT_BW_LBW,"Low birth weight (<2500g), %",Layer 1: Nutrition Outcomes,2020,17.2865,,,Recent (≤5 years),4,Low Birth Weight,On track
UNSDG_AUSTRALIANEWZEALAND,Australia and New Zealand (UNSDG),NT_ANE_WOM_15_49_MOD,"Anaemia in women 15-49 years, %",Layer 1: Nutrition Outcomes,2023,11.3101,,,Recent (≤5 years),1,Anaemia (WRA),On track
UNSDG_AUSTRALIANEWZEALAND,Australia and New Zealand (UNSDG),NT_ANT_HAZ_NE2_MOD,"Stunting (<-2SD HAZ), modelled estimate, %",Layer 1: Nutrition Outcomes,2024,3.1163,,,Recent (≤5 years),0,Stunting,On track
UNSDG_AUSTRALIANEWZEALAND,Australia and New Zealand (UNSDG),NT_ANT_WHZ_PO2_MOD,"Overweight (>+2SD WHZ), modelled estimate, %",Layer 1: Nutrition Outcomes,2024,23.3589,,,Recent (≤5 years),0,Overweight,Monitor (no numeric target)
UNSDG_AUSTRALIANEWZEALAND,Australia and New Zealand (UNSDG),NT_BW_LBW,"Low birth weight (<2500g), %",Layer 1: Nutrition Outcomes,2020,6.486,,,Recent (≤5 years),4,Low Birth Weight,On track
UNSDG_CARIBBEAN,Caribbean (UNSDG),NT_ANE_WOM_15_49_MOD,"Anaemia in women 15-49 years, %",Layer 1: Nutrition Outcomes,2023,29.6143,,,Recent (≤5 years),1,Anaemia (WRA),On track
UNSDG_CARIBBEAN,Caribbean (UNSDG),NT_ANT_HAZ_NE2_MOD,"Stunting (<-2SD HAZ), modelled estimate, %",Layer 1: Nutrition Outcomes,2024,12.1887,,,Recent (≤5 years),0,Stunting,Insufficient progress
UNSDG_CARIBBEAN,Caribbean (UNSDG),NT_ANT_WHZ_PO2_MOD,"Overweight (>+2SD WHZ), modelled estimate, %",Layer 1: Nutrition Outcomes,2024,6.6859,,,Recent (≤5 years),0,Overweight,Monitor (no numeric target)
UNSDG_CARIBBEAN,Caribbean (UNSDG),NT_BF_EXBF,"Exclusive breastfeeding <6 months, %",Layer 1: Nutrition Outcomes,2024,25.0138,,,Recent (≤5 years),0,Excl. Breastfeeding,Off track
UNSDG_CARIBBEAN,Caribbean (UNSDG),NT_BW_LBW,"Low birth weight (<2500g), %",Layer 1: Nutrition Outcomes,2020,11.7476,,,Recent (≤5 years),4,Low Birth Weight,On track
UNSDG_CENTRALAMR,Central America (UNSDG),NT_ANE_WOM_15_49_MOD,"Anaemia in women 15-49 years, %",Layer 1: Nutrition Outcomes,2023,13.6307,,,Recent (≤5 years),1,Anaemia (WRA),On track
UNSDG_CENTRALAMR,Central America (UNSDG),NT_ANT_HAZ_NE2_MOD,"Stunting (<-2SD HAZ), modelled estimate, %",Layer 1: Nutrition Outcomes,2024,17.2413,,,Recent (≤5 years),0,Stunting,Off track
UNSDG_CENTRALAMR,Central America (UNSDG),NT_ANT_WHZ_PO2_MOD,"Overweight (>+2SD WHZ), modelled estimate, %",Layer 1: Nutrition Outcomes,2024,6.9753,,,Recent (≤5 years),0,Overweight,Monitor (no numeric target)
UNSDG_CENTRALAMR,Central America (UNSDG),NT_BF_EXBF,"Exclusive breastfeeding <6 months, %",Layer 1: Nutrition Outcomes,2024,37.9489,,,Recent (≤5 years),0,Excl. Breastfeeding,Off track
UNSDG_CENTRALAMR,Central America (UNSDG),NT_BW_LBW,"Low birth weight (<2500g), %",Layer 1: Nutrition Outcomes,2020,10.9234,,,Recent (≤5 years),4,Low Birth Weight,On track
UNSDG_CENTRALASIA,Central Asia (UNSDG),NT_ANE_WOM_15_49_MOD,"Anaemia in women 15-49 years, %",Layer 1: Nutrition Outcomes,2023,31.9745,,,Recent (≤5 years),1,Anaemia (WRA),On track
UNSDG_CENTRALASIA,Central Asia (UNSDG),NT_ANT_HAZ_NE2_MOD,"Stunting (<-2SD HAZ), modelled estimate, %",Layer 1: Nutrition Outcomes,2024,7.4193,,,Recent (≤5 years),0,Stunting,On track
UNSDG_CENTRALASIA,Central Asia (UNSDG),NT_ANT_WHZ_PO2_MOD,"Overweight (>+2SD WHZ), modelled estimate, %",Layer 1: Nutrition Outcomes,2024,6.3871,,,Recent (≤5 years),0,Overweight,Monitor (no numeric target)
UNSDG_CENTRALASIA,Central Asia (UNSDG),NT_BF_EXBF,"Exclusive breastfeeding <6 months, %",Layer 1: Nutrition Outcomes,2024,33.0982,,,Recent (≤5 years),0,Excl. Breastfeeding,Off track
UNSDG_CENTRALASIA,Central Asia (UNSDG),NT_BW_LBW,"Low birth weight (<2500g), %",Layer 1: Nutrition Outcomes,2020,5.9903,,,Recent (≤5 years),4,Low Birth Weight,On track
UNSDG_CENTRALASIASOUTHERNASIA,Central and Southern Asia (UNSDG),NT_ANE_WOM_15_49_MOD,"Anaemia in women 15-49 years, %",Layer 1: Nutrition Outcomes,2023,48.6812,,,Recent (≤5 years),1,Anaemia (WRA),On track
UNSDG_CENTRALASIASOUTHERNASIA,Central and Southern Asia (UNSDG),NT_ANT_HAZ_NE2_MOD,"Stunting (<-2SD HAZ), modelled estimate, %",Layer 1: Nutrition Outcomes,2024,30.1843,,,Recent (≤5 years),0,Stunting,Off track
UNSDG_CENTRALASIASOUTHERNASIA,Central and Southern Asia (UNSDG),NT_ANT_WHZ_PO2_MOD,"Overweight (>+2SD WHZ), modelled estimate, %",Layer 1: Nutrition Outcomes,2024,3.3207,,,Recent (≤5 years),0,Overweight,Monitor (no numeric target)
UNSDG_CENTRALASIASOUTHERNASIA,Central and Southern Asia (UNSDG),NT_BF_EXBF,"Exclusive breastfeeding <6 months, %",Layer 1: Nutrition Outcomes,2024,58.439,,,Recent (≤5 years),0,Excl. Breastfeeding,Insufficient progress
UNSDG_CENTRALASIASOUTHERNASIA,Central and Southern Asia (UNSDG),NT_BW_LBW,"Low birth weight (<2500g), %",Layer 1: Nutrition Outcomes,2020,23.4627,,,Recent (≤5 years),4,Low Birth Weight,On track
UNSDG_EASTERNAFR,Eastern Africa (UNSDG),NT_ANE_WOM_15_49_MOD,"Anaemia in women 15-49 years, %",Layer 1: Nutrition Outcomes,2023,31.3604,,,Recent (≤5 years),1,Anaemia (WRA),On track
UNSDG_EASTERNAFR,Eastern Africa (UNSDG),NT_ANT_HAZ_NE2_MOD,"Stunting (<-2SD HAZ), modelled estimate, %",Layer 1: Nutrition Outcomes,2024,31.1711,,,Recent (≤5 years),0,Stunting,Off track
UNSDG_EASTERNAFR,Eastern Africa (UNSDG),NT_ANT_WHZ_PO2_MOD,"Overweight (>+2SD WHZ), modelled estimate, %",Layer 1: Nutrition Outcomes,2024,3.9251,,,Recent (≤5 years),0,Overweight,Monitor (no numeric target)
UNSDG_EASTERNAFR,Eastern Africa (UNSDG),NT_BF_EXBF,"Exclusive breastfeeding <6 months, %",Layer 1: Nutrition Outcomes,2024,59.1375,,,Recent (≤5 years),0,Excl. Breastfeeding,Insufficient progress
UNSDG_EASTERNAFR,Eastern Africa (UNSDG),NT_BW_LBW,"Low birth weight (<2500g), %",Layer 1: Nutrition Outcomes,2020,14.1087,,,Recent (≤5 years),4,Low Birth Weight,On track
UNSDG_EASTERNASIA,Eastern Asia (UNSDG),NT_ANE_WOM_15_49_MOD,"Anaemia in women 15-49 years, %",Layer 1: Nutrition Outcomes,2023,16.0176,,,Recent (≤5 years),1,Anaemia (WRA),On track
UNSDG_EASTERNASIA,Eastern Asia (UNSDG),NT_ANT_HAZ_NE2_MOD,"Stunting (<-2SD HAZ), modelled estimate, %",Layer 1: Nutrition Outcomes,2024,4.8517,,,Recent (≤5 years),0,Stunting,On track
UNSDG_EASTERNASIA,Eastern Asia (UNSDG),NT_ANT_WHZ_PO2_MOD,"Overweight (>+2SD WHZ), modelled estimate, %",Layer 1: Nutrition Outcomes,2024,10.1457,,,Recent (≤5 years),0,Overweight,Monitor (no numeric target)
UNSDG_EASTERNASIA,Eastern Asia (UNSDG),NT_BF_EXBF,"Exclusive breastfeeding <6 months, %",Layer 1: Nutrition Outcomes,2024,35.2145,,,Recent (≤5 years),0,Excl. Breastfeeding,Off track
UNSDG_EASTERNASIA,Eastern Asia (UNSDG),NT_BW_LBW,"Low birth weight (<2500g), %",Layer 1: Nutrition Outcomes,2020,5.5766,,,Recent (≤5 years),4,Low Birth Weight,On track
UNSDG_EASTERNASIASOUTHEASTERNASIA,Eastern and South-Eastern Asia (UNSDG),NT_ANE_WOM_15_49_MOD,"Anaemia in women 15-49 years, %",Layer 1: Nutrition Outcomes,2023,18.7269,,,Recent (≤5 years),1,Anaemia (WRA),On track
UNSDG_EASTERNASIASOUTHEASTERNASIA,Eastern and South-Eastern Asia (UNSDG),NT_ANT_HAZ_NE2_MOD,"Stunting (<-2SD HAZ), modelled estimate, %",Layer 1: Nutrition Outcomes,2024,13.1304,,,Recent (≤5 years),0,Stunting,Insufficient progress
UNSDG_EASTERNASIASOUTHEASTERNASIA,Eastern and South-Eastern Asia (UNSDG),NT_ANT_WHZ_PO2_MOD,"Overweight (>+2SD WHZ), modelled estimate, %",Layer 1: Nutrition Outcomes,2024,7.4517,,,Recent (≤5 years),0,Overweight,Monitor (no numeric target)
UNSDG_EASTERNASIASOUTHEASTERNASIA,Eastern and South-Eastern Asia (UNSDG),NT_BF_EXBF,"Exclusive breastfeeding <6 months, %",Layer 1: Nutrition Outcomes,2024,37.4018,,,Recent (≤5 years),0,Excl. Breastfeeding,Off track
UNSDG_EASTERNASIASOUTHEASTERNASIA,Eastern and South-Eastern Asia (UNSDG),NT_BW_LBW,"Low birth weight (<2500g), %",Layer 1: Nutrition Outcomes,2020,8.4247,,,Recent (≤5 years),4,Low Birth Weight,On track
UNSDG_EASTERNEUROPE,Eastern Europe (UNSDG),NT_ANE_WOM_15_49_MOD,"Anaemia in women 15-49 years, %",Layer 1: Nutrition Outcomes,2023,23.4643,,,Recent (≤5 years),1,Anaemia (WRA),On track
UNSDG_EASTERNEUROPE,Eastern Europe (UNSDG),NT_ANT_HAZ_NE2_MOD,"Stunting (<-2SD HAZ), modelled estimate, %",Layer 1: Nutrition Outcomes,2024,4.6321,,,Recent (≤5 years),0,Stunting,On track
UNSDG_EASTERNEUROPE,Eastern Europe (UNSDG),NT_ANT_WHZ_PO2_MOD,"Overweight (>+2SD WHZ), modelled estimate, %",Layer 1: Nutrition Outcomes,2024,9.1318,,,Recent (≤5 years),0,Overweight,Monitor (no numeric target)
UNSDG_EASTERNEUROPE,Eastern Europe (UNSDG),NT_BW_LBW,"Low birth weight (<2500g), %",Layer 1: Nutrition Outcomes,2020,7.0566,,,Recent (≤5 years),4,Low Birth Weight,On track
UNSDG_EUROPE,Europe (UNSDG),NT_ANE_WOM_15_49_MOD,"Anaemia in women 15-49 years, %",Layer 1: Nutrition Outcomes,2023,18.6379,,,Recent (≤5 years),1,Anaemia (WRA),On track
UNSDG_EUROPE,Europe (UNSDG),NT_ANT_HAZ_NE2_MOD,"Stunting (<-2SD HAZ), modelled estimate, %",Layer 1: Nutrition Outcomes,2024,3.5803,,,Recent (≤5 years),0,Stunting,On track
UNSDG_EUROPE,Europe (UNSDG),NT_ANT_WHZ_PO2_MOD,"Overweight (>+2SD WHZ), modelled estimate, %",Layer 1: Nutrition Outcomes,2024,7.8832,,,Recent (≤5 years),0,Overweight,Monitor (no numeric target)
UNSDG_EUROPE,Europe (UNSDG),NT_BW_LBW,"Low birth weight (<2500g), %",Layer 1: Nutrition Outcomes,2020,7.008,,,Recent (≤5 years),4,Low Birth Weight,On track
UNSDG_EUROPENORTHERNAMR,Europe and Northern America (UNSDG),NT_ANE_WOM_15_49_MOD,"Anaemia in women 15-49 years, %",Layer 1: Nutrition Outcomes,2023,17.3368,,,Recent (≤5 years),1,Anaemia (WRA),On track
UNSDG_EUROPENORTHERNAMR,Europe and Northern America (UNSDG),NT_ANT_HAZ_NE2_MOD,"Stunting (<-2SD HAZ), modelled estimate, %",Layer 1: Nutrition Outcomes,2024,3.7698,,,Recent (≤5 years),0,Stunting,On track
UNSDG_EUROPENORTHERNAMR,Europe and Northern America (UNSDG),NT_ANT_WHZ_PO2_MOD,"Overweight (>+2SD WHZ), modelled estimate, %",Layer 1: Nutrition Outcomes,2024,8.6315,,,Recent (≤5 years),0,Overweight,Monitor (no numeric target)
UNSDG_EUROPENORTHERNAMR,Europe and Northern America (UNSDG),NT_BW_LBW,"Low birth weight (<2500g), %",Layer 1: Nutrition Outcomes,2020,7.4251,,,Recent (≤5 years),4,Low Birth Weight,On track
UNSDG_LAC,Latin America and the Caribbean (UNSDG),NT_ANE_WOM_15_49_MOD,"Anaemia in women 15-49 years, %",Layer 1: Nutrition Outcomes,2023,19.9618,,,Recent (≤5 years),1,Anaemia (WRA),On track
UNSDG_LAC,Latin America and the Caribbean (UNSDG),NT_ANT_HAZ_NE2_MOD,"Stunting (<-2SD HAZ), modelled estimate, %",Layer 1: Nutrition Outcomes,2024,12.3988,,,Recent (≤5 years),0,Stunting,Insufficient progress
UNSDG_LAC,Latin America and the Caribbean (UNSDG),NT_ANT_WHZ_PO2_MOD,"Overweight (>+2SD WHZ), modelled estimate, %",Layer 1: Nutrition Outcomes,2024,8.7657,,,Recent (≤5 years),0,Overweight,Monitor (no numeric target)
UNSDG_LAC,Latin America and the Caribbean (UNSDG),NT_BF_EXBF,"Exclusive breastfeeding <6 months, %",Layer 1: Nutrition Outcomes,2024,43.2,,,Recent (≤5 years),0,Excl. Breastfeeding,Off track
UNSDG_LAC,Latin America and the Caribbean (UNSDG),NT_BW_LBW,"Low birth weight (<2500g), %",Layer 1: Nutrition Outcomes,2020,9.7106,,,Recent (≤5 years),4,Low Birth Weight,On track
UNSDG_LDC,Países menos adelantados,NT_ANE_WOM_15_49_MOD,"Anaemia in women 15-49 years, %",Layer 1: Nutrition Outcomes,2023,37.2155,,,Recent (≤5 years),1,Anaemia (WRA),On track
UNSDG_LDC,Países menos adelantados,NT_ANT_HAZ_NE2_MOD,"Stunting (<-2SD HAZ), modelled estimate, %",Layer 1: Nutrition Outcomes,2024,33.852,,,Recent (≤5 years),0,Stunting,Off track
UNSDG_LDC,Países menos adelantados,NT_ANT_WHZ_PO2_MOD,"Overweight (>+2SD WHZ), modelled estimate, %",Layer 1: Nutrition Outcomes,2024,3.3276,,,Recent (≤5 years),0,Overweight,Monitor (no numeric target)
UNSDG_LDC,Países menos adelantados,NT_BF_EXBF,"Exclusive breastfeeding <6 months, %",Layer 1: Nutrition Outcomes,2024,51.6533,,,Recent (≤5 years),0,Excl. Breastfeeding,Insufficient progress
UNSDG_LDC,Países menos adelantados,NT_BW_LBW,"Low birth weight (<2500g), %",Layer 1: Nutrition Outcomes,2020,15.355,,,Recent (≤5 years),4,Low Birth Weight,On track
UNSDG_LLDC,Landlocked developing countries (LLDC) (UNSDG),NT_ANE_WOM_15_49_MOD,"Anaemia in women 15-49 years, %",Layer 1: Nutrition Outcomes,2023,32.1986,,,Recent (≤5 years),1,Anaemia (WRA),On track
UNSDG_LLDC,Landlocked developing countries (LLDC) (UNSDG),NT_ANT_HAZ_NE2_MOD,"Stunting (<-2SD HAZ), modelled estimate, %",Layer 1: Nutrition Outcomes,2024,29.1104,,,Recent (≤5 years),0,Stunting,Off track
UNSDG_LLDC,Landlocked developing countries (LLDC) (UNSDG),NT_ANT_WHZ_PO2_MOD,"Overweight (>+2SD WHZ), modelled estimate, %",Layer 1: Nutrition Outcomes,2024,4.1196,,,Recent (≤5 years),0,Overweight,Monitor (no numeric target)
UNSDG_LLDC,Landlocked developing countries (LLDC) (UNSDG),NT_BF_EXBF,"Exclusive breastfeeding <6 months, %",Layer 1: Nutrition Outcomes,2024,49.9119,,,Recent (≤5 years),0,Excl. Breastfeeding,Insufficient progress
UNSDG_LLDC,Landlocked developing countries (LLDC) (UNSDG),NT_BW_LBW,"Low birth weight (<2500g), %",Layer 1: Nutrition Outcomes,2020,14.6748,,,Recent (≤5 years),4,Low Birth Weight,On track
UNSDG_MELANESIA,Melanesia (UNSDG),NT_ANE_WOM_15_49_MOD,"Anaemia in women 15-49 years, %",Layer 1: Nutrition Outcomes,2023,29.1563,,,Recent (≤5 years),1,Anaemia (WRA),On track
UNSDG_MELANESIA,Melanesia (UNSDG),NT_ANT_HAZ_NE2_MOD,"Stunting (<-2SD HAZ), modelled estimate, %",Layer 1: Nutrition Outcomes,2024,43.5707,,,Recent (≤5 years),0,Stunting,Off track
UNSDG_MELANESIA,Melanesia (UNSDG),NT_ANT_WHZ_PO2_MOD,"Overweight (>+2SD WHZ), modelled estimate, %",Layer 1: Nutrition Outcomes,2024,16.603,,,Recent (≤5 years),0,Overweight,Monitor (no numeric target)
UNSDG_MELANESIA,Melanesia (UNSDG),NT_BW_LBW,"Low birth weight (<2500g), %",Layer 1: Nutrition Outcomes,2020,18.1061,,,Recent (≤5 years),4,Low Birth Weight,On track
UNSDG_MICRONESIA,Micronesia (UNSDG),NT_ANE_WOM_15_49_MOD,"Anaemia in women 15-49 years, %",Layer 1: Nutrition Outcomes,2023,24.5544,,,Recent (≤5 years),1,Anaemia (WRA),On track
UNSDG_MICRONESIA,Micronesia (UNSDG),NT_ANT_HAZ_NE2_MOD,"Stunting (<-2SD HAZ), modelled estimate, %",Layer 1: Nutrition Outcomes,2024,13.5627,,,Recent (≤5 years),0,Stunting,Insufficient progress
UNSDG_MICRONESIA,Micronesia (UNSDG),NT_ANT_WHZ_PO2_MOD,"Overweight (>+2SD WHZ), modelled estimate, %",Layer 1: Nutrition Outcomes,2024,5.0363,,,Recent (≤5 years),0,Overweight,Monitor (no numeric target)
UNSDG_MICRONESIA,Micronesia (UNSDG),NT_BF_EXBF,"Exclusive breastfeeding <6 months, %",Layer 1: Nutrition Outcomes,2024,62.7218,,,Recent (≤5 years),0,Excl. Breastfeeding,On track
UNSDG_MICRONESIA,Micronesia (UNSDG),NT_BW_LBW,"Low birth weight (<2500g), %",Layer 1: Nutrition Outcomes,2020,12.3988,,,Recent (≤5 years),4,Low Birth Weight,On track
UNSDG_MIDDLEAFR,Middle Africa (UNSDG),NT_ANE_WOM_15_49_MOD,"Anaemia in women 15-49 years, %",Layer 1: Nutrition Outcomes,2023,41.6897,,,Recent (≤5 years),1,Anaemia (WRA),On track
UNSDG_MIDDLEAFR,Middle Africa (UNSDG),NT_ANT_HAZ_NE2_MOD,"Stunting (<-2SD HAZ), modelled estimate, %",Layer 1: Nutrition Outcomes,2024,40.1066,,,Recent (≤5 years),0,Stunting,Off track
UNSDG_MIDDLEAFR,Middle Africa (UNSDG),NT_ANT_WHZ_PO2_MOD,"Overweight (>+2SD WHZ), modelled estimate, %",Layer 1: Nutrition Outcomes,2024,5.2692,,,Recent (≤5 years),0,Overweight,Monitor (no numeric target)
UNSDG_MIDDLEAFR,Middle Africa (UNSDG),NT_BF_EXBF,"Exclusive breastfeeding <6 months, %",Layer 1: Nutrition Outcomes,2024,41.73,,,Recent (≤5 years),0,Excl. Breastfeeding,Off track
UNSDG_MIDDLEAFR,Middle Africa (UNSDG),NT_BW_LBW,"Low birth weight (<2500g), %",Layer 1: Nutrition Outcomes,2020,12.205,,,Recent (≤5 years),4,Low Birth Weight,On track
UNSDG_NORTHAFR,Northern Africa (UNSDG),NT_ANE_WOM_15_49_MOD,"Anaemia in women 15-49 years, %",Layer 1: Nutrition Outcomes,2023,31.9691,,,Recent (≤5 years),1,Anaemia (WRA),On track
UNSDG_NORTHAFR,Northern Africa (UNSDG),NT_ANT_HAZ_NE2_MOD,"Stunting (<-2SD HAZ), modelled estimate, %",Layer 1: Nutrition Outcomes,2024,18.1291,,,Recent (≤5 years),0,Stunting,Off track
UNSDG_NORTHAFR,Northern Africa (UNSDG),NT_ANT_WHZ_PO2_MOD,"Overweight (>+2SD WHZ), modelled estimate, %",Layer 1: Nutrition Outcomes,2024,8.532,,,Recent (≤5 years),0,Overweight,Monitor (no numeric target)
UNSDG_NORTHAFR,Northern Africa (UNSDG),NT_BF_EXBF,"Exclusive breastfeeding <6 months, %",Layer 1: Nutrition Outcomes,2024,36.164,,,Recent (≤5 years),0,Excl. Breastfeeding,Off track
UNSDG_NORTHAFR,Northern Africa (UNSDG),NT_BW_LBW,"Low birth weight (<2500g), %",Layer 1: Nutrition Outcomes,2020,14.0021,,,Recent (≤5 years),4,Low Birth Weight,On track
UNSDG_NORTHERNAMR,Northern America (UNSDG),NT_ANE_WOM_15_49_MOD,"Anaemia in women 15-49 years, %",Layer 1: Nutrition Outcomes,2023,14.897,,,Recent (≤5 years),1,Anaemia (WRA),On track
UNSDG_NORTHERNAMR,Northern America (UNSDG),NT_ANT_HAZ_NE2_MOD,"Stunting (<-2SD HAZ), modelled estimate, %",Layer 1: Nutrition Outcomes,2024,4.08,,,Recent (≤5 years),0,Stunting,On track
UNSDG_NORTHERNAMR,Northern America (UNSDG),NT_ANT_WHZ_PO2_MOD,"Overweight (>+2SD WHZ), modelled estimate, %",Layer 1: Nutrition Outcomes,2024,9.8559,,,Recent (≤5 years),0,Overweight,Monitor (no numeric target)
UNSDG_NORTHERNAMR,Northern America (UNSDG),NT_BF_EXBF,"Exclusive breastfeeding <6 months, %",Layer 1: Nutrition Outcomes,2024,25.8,,,Recent (≤5 years),0,Excl. Breastfeeding,Off track
UNSDG_NORTHERNAMR,Northern America (UNSDG),NT_BW_LBW,"Low birth weight (<2500g), %",Layer 1: Nutrition Outcomes,2020,8.1462,,,Recent (≤5 years),4,Low Birth Weight,On track
UNSDG_NORTHERNEUROPE,Northern Europe (UNSDG),NT_ANE_WOM_15_49_MOD,"Anaemia in women 15-49 years, %",Layer 1: Nutrition Outcomes,2023,14.7805,,,Recent (≤5 years),1,Anaemia (WRA),On track
UNSDG_NORTHERNEUROPE,Northern Europe (UNSDG),NT_ANT_HAZ_NE2_MOD,"Stunting (<-2SD HAZ), modelled estimate, %",Layer 1: Nutrition Outcomes,2024,3.0264,,,Recent (≤5 years),0,Stunting,On track
UNSDG_NORTHERNEUROPE,Northern Europe (UNSDG),NT_ANT_WHZ_PO2_MOD,"Overweight (>+2SD WHZ), modelled estimate, %",Layer 1: Nutrition Outcomes,2024,7.7619,,,Recent (≤5 years),0,Overweight,Monitor (no numeric target)
UNSDG_NORTHERNEUROPE,Northern Europe (UNSDG),NT_BW_LBW,"Low birth weight (<2500g), %",Layer 1: Nutrition Outcomes,2020,5.9647,,,Recent (≤5 years),4,Low Birth Weight,On track
UNSDG_OCEANIA,Oceania (UNSDG),NT_ANE_WOM_15_49_MOD,"Anaemia in women 15-49 years, %",Layer 1: Nutrition Outcomes,2023,16.8513,,,Recent (≤5 years),1,Anaemia (WRA),On track
UNSDG_OCEANIA,Oceania (UNSDG),NT_ANT_HAZ_NE2_MOD,"Stunting (<-2SD HAZ), modelled estimate, %",Layer 1: Nutrition Outcomes,2024,20.7677,,,Recent (≤5 years),0,Stunting,Off track
UNSDG_OCEANIA,Oceania (UNSDG),NT_ANT_WHZ_PO2_MOD,"Overweight (>+2SD WHZ), modelled estimate, %",Layer 1: Nutrition Outcomes,2024,19.9709,,,Recent (≤5 years),0,Overweight,Monitor (no numeric target)
UNSDG_OCEANIA,Oceania (UNSDG),NT_BW_LBW,"Low birth weight (<2500g), %",Layer 1: Nutrition Outcomes,2020,11.9302,,,Recent (≤5 years),4,Low Birth Weight,On track
UNSDG_OCEANIAexAUSNZL,Oceania (exc. Australia and New Zealand) (UNSDG),NT_ANE_WOM_15_49_MOD,"Anaemia in women 15-49 years, %",Layer 1: Nutrition Outcomes,2023,28.8694,,,Recent (≤5 years),1,Anaemia (WRA),On track
UNSDG_OCEANIAexAUSNZL,Oceania (exc. Australia and New Zealand) (UNSDG),NT_ANT_HAZ_NE2_MOD,"Stunting (<-2SD HAZ), modelled estimate, %",Layer 1: Nutrition Outcomes,2024,41.5031,,,Recent (≤5 years),0,Stunting,Off track
UNSDG_OCEANIAexAUSNZL,Oceania (exc. Australia and New Zealand) (UNSDG),NT_ANT_WHZ_PO2_MOD,"Overweight (>+2SD WHZ), modelled estimate, %",Layer 1: Nutrition Outcomes,2024,15.9909,,,Recent (≤5 years),0,Overweight,Monitor (no numeric target)
UNSDG_OCEANIAexAUSNZL,Oceania (exc. Australia and New Zealand) (UNSDG),NT_BW_LBW,"Low birth weight (<2500g), %",Layer 1: Nutrition Outcomes,2020,17.9386,,,Recent (≤5 years),4,Low Birth Weight,On track
UNSDG_POLYNESIA,Polynesia (UNSDG),NT_ANT_HAZ_NE2_MOD,"Stunting (<-2SD HAZ), modelled estimate, %",Layer 1: Nutrition Outcomes,2024,6.9537,,,Recent (≤5 years),0,Stunting,On track
UNSDG_POLYNESIA,Polynesia (UNSDG),NT_ANT_WHZ_PO2_MOD,"Overweight (>+2SD WHZ), modelled estimate, %",Layer 1: Nutrition Outcomes,2024,8.8776,,,Recent (≤5 years),0,Overweight,Monitor (no numeric target)
UNSDG_POLYNESIA,Polynesia (UNSDG),NT_BF_EXBF,"Exclusive breastfeeding <6 months, %",Layer 1: Nutrition Outcomes,2024,47.896,,,Recent (≤5 years),0,Excl. Breastfeeding,Insufficient progress
UNSDG_POLYNESIA,Polynesia (UNSDG),NT_BW_LBW,"Low birth weight (<2500g), %",Layer 1: Nutrition Outcomes,2020,16.8996,,,Recent (≤5 years),4,Low Birth Weight,On track
UNSDG_REGION_GLOBAL,SDG regions - Global (UNSDG),NT_ANE_WOM_15_49_MOD,"Anaemia in women 15-49 years, %",Layer 1: Nutrition Outcomes,2023,30.6911,,,Recent (≤5 years),1,Anaemia (WRA),On track
UNSDG_REGION_GLOBAL,SDG regions - Global (UNSDG),NT_ANT_HAZ_NE2_MOD,"Stunting (<-2SD HAZ), modelled estimate, %",Layer 1: Nutrition Outcomes,2024,23.225,,,Recent (≤5 years),0,Stunting,Off track
UNSDG_REGION_GLOBAL,SDG regions - Global (UNSDG),NT_ANT_WHZ_PO2_MOD,"Overweight (>+2SD WHZ), modelled estimate, %",Layer 1: Nutrition Outcomes,2024,5.4692,,,Recent (≤5 years),0,Overweight,Monitor (no numeric target)
UNSDG_REGION_GLOBAL,SDG regions - Global (UNSDG),NT_BF_EXBF,"Exclusive breastfeeding <6 months, %",Layer 1: Nutrition Outcomes,2024,47.4336,,,Recent (≤5 years),0,Excl. Breastfeeding,Insufficient progress
UNSDG_REGION_GLOBAL,SDG regions - Global (UNSDG),NT_BW_LBW,"Low birth weight (<2500g), %",Layer 1: Nutrition Outcomes,2020,14.7945,,,Recent (≤5 years),4,Low Birth Weight,On track
UNSDG_SIDS,Small island developing States (SIDS) (UNSDG),NT_ANE_WOM_15_49_MOD,"Anaemia in women 15-49 years, %",Layer 1: Nutrition Outcomes,2023,29.0383,,,Recent (≤5 years),1,Anaemia (WRA),On track
UNSDG_SIDS,Small island developing States (SIDS) (UNSDG),NT_ANT_HAZ_NE2_MOD,"Stunting (<-2SD HAZ), modelled estimate, %",Layer 1: Nutrition Outcomes,2024,21.2436,,,Recent (≤5 years),0,Stunting,Off track
UNSDG_SIDS,Small island developing States (SIDS) (UNSDG),NT_ANT_WHZ_PO2_MOD,"Overweight (>+2SD WHZ), modelled estimate, %",Layer 1: Nutrition Outcomes,2024,8.6249,,,Recent (≤5 years),0,Overweight,Monitor (no numeric target)
UNSDG_SIDS,Small island developing States (SIDS) (UNSDG),NT_BW_LBW,"Low birth weight (<2500g), %",Layer 1: Nutrition Outcomes,2020,14.386,,,Recent (≤5 years),4,Low Birth Weight,On track
UNSDG_SOUTHAMR,South America (UNSDG),NT_ANE_WOM_15_49_MOD,"Anaemia in women 15-49 years, %",Layer 1: Nutrition Outcomes,2023,21.7702,,,Recent (≤5 years),1,Anaemia (WRA),On track
UNSDG_SOUTHAMR,South America (UNSDG),NT_ANT_HAZ_NE2_MOD,"Stunting (<-2SD HAZ), modelled estimate, %",Layer 1: Nutrition Outcomes,2024,9.8742,,,Recent (≤5 years),0,Stunting,On track
UNSDG_SOUTHAMR,South America (UNSDG),NT_ANT_WHZ_PO2_MOD,"Overweight (>+2SD WHZ), modelled estimate, %",Layer 1: Nutrition Outcomes,2024,9.9358,,,Recent (≤5 years),0,Overweight,Monitor (no numeric target)
UNSDG_SOUTHAMR,South America (UNSDG),NT_BF_EXBF,"Exclusive breastfeeding <6 months, %",Layer 1: Nutrition Outcomes,2024,49.7675,,,Recent (≤5 years),0,Excl. Breastfeeding,Insufficient progress
UNSDG_SOUTHAMR,South America (UNSDG),NT_BW_LBW,"Low birth weight (<2500g), %",Layer 1: Nutrition Outcomes,2020,8.8538,,,Recent (≤5 years),4,Low Birth Weight,On track
UNSDG_SOUTHASIA,Southern Asia (UNSDG),NT_ANE_WOM_15_49_MOD,"Anaemia in women 15-49 years, %",Layer 1: Nutrition Outcomes,2023,49.3031,,,Recent (≤5 years),1,Anaemia (WRA),On track
UNSDG_SOUTHASIA,Southern Asia (UNSDG),NT_ANT_HAZ_NE2_MOD,"Stunting (<-2SD HAZ), modelled estimate, %",Layer 1: Nutrition Outcomes,2024,31.3829,,,Recent (≤5 years),0,Stunting,Off track
UNSDG_SOUTHASIA,Southern Asia (UNSDG),NT_ANT_WHZ_PO2_MOD,"Overweight (>+2SD WHZ), modelled estimate, %",Layer 1: Nutrition Outcomes,2024,3.1593,,,Recent (≤5 years),0,Overweight,Monitor (no numeric target)
UNSDG_SOUTHASIA,Southern Asia (UNSDG),NT_BF_EXBF,"Exclusive breastfeeding <6 months, %",Layer 1: Nutrition Outcomes,2024,59.5299,,,Recent (≤5 years),0,Excl. Breastfeeding,Insufficient progress
UNSDG_SOUTHASIA,Southern Asia (UNSDG),NT_BW_LBW,"Low birth weight (<2500g), %",Layer 1: Nutrition Outcomes,2020,24.358,,,Recent (≤5 years),4,Low Birth Weight,On track
UNSDG_SOUTHEASTERNASIA,South-eastern Asia (UNSDG),NT_ANE_WOM_15_49_MOD,"Anaemia in women 15-49 years, %",Layer 1: Nutrition Outcomes,2023,24.1892,,,Recent (≤5 years),1,Anaemia (WRA),On track
UNSDG_SOUTHEASTERNASIA,South-eastern Asia (UNSDG),NT_ANT_HAZ_NE2_MOD,"Stunting (<-2SD HAZ), modelled estimate, %",Layer 1: Nutrition Outcomes,2024,22.7346,,,Recent (≤5 years),0,Stunting,Off track
UNSDG_SOUTHEASTERNASIA,South-eastern Asia (UNSDG),NT_ANT_WHZ_PO2_MOD,"Overweight (>+2SD WHZ), modelled estimate, %",Layer 1: Nutrition Outcomes,2024,4.3263,,,Recent (≤5 years),0,Overweight,Monitor (no numeric target)
UNSDG_SOUTHEASTERNASIA,South-eastern Asia (UNSDG),NT_BW_LBW,"Low birth weight (<2500g), %",Layer 1: Nutrition Outcomes,2020,12.0128,,,Recent (≤5 years),4,Low Birth Weight,On track
UNSDG_SOUTHERNAFR,Southern Africa (UNSDG),NT_ANE_WOM_15_49_MOD,"Anaemia in women 15-49 years, %",Layer 1: Nutrition Outcomes,2023,30.9974,,,Recent (≤5 years),1,Anaemia (WRA),On track
UNSDG_SOUTHERNAFR,Southern Africa (UNSDG),NT_ANT_HAZ_NE2_MOD,"Stunting (<-2SD HAZ), modelled estimate, %",Layer 1: Nutrition Outcomes,2024,24.0801,,,Recent (≤5 years),0,Stunting,Off track
UNSDG_SOUTHERNAFR,Southern Africa (UNSDG),NT_ANT_WHZ_PO2_MOD,"Overweight (>+2SD WHZ), modelled estimate, %",Layer 1: Nutrition Outcomes,2024,12.0885,,,Recent (≤5 years),0,Overweight,Monitor (no numeric target)
UNSDG_SOUTHERNAFR,Southern Africa (UNSDG),NT_BW_LBW,"Low birth weight (<2500g), %",Layer 1: Nutrition Outcomes,2020,16.3273,,,Recent (≤5 years),4,Low Birth Weight,On track
UNSDG_SOUTHERNEUROPE,Southern Europe (UNSDG),NT_ANE_WOM_15_49_MOD,"Anaemia in women 15-49 years, %",Layer 1: Nutrition Outcomes,2023,17.1825,,,Recent (≤5 years),1,Anaemia (WRA),On track
UNSDG_SOUTHERNEUROPE,Southern Europe (UNSDG),NT_ANT_HAZ_NE2_MOD,"Stunting (<-2SD HAZ), modelled estimate, %",Layer 1: Nutrition Outcomes,2024,3.5844,,,Recent (≤5 years),0,Stunting,On track
UNSDG_SOUTHERNEUROPE,Southern Europe (UNSDG),NT_ANT_WHZ_PO2_MOD,"Overweight (>+2SD WHZ), modelled estimate, %",Layer 1: Nutrition Outcomes,2024,9.0202,,,Recent (≤5 years),0,Overweight,Monitor (no numeric target)
UNSDG_SOUTHERNEUROPE,Southern Europe (UNSDG),NT_BW_LBW,"Low birth weight (<2500g), %",Layer 1: Nutrition Outcomes,2020,8.1721,,,Recent (≤5 years),4,Low Birth Weight,On track
UNSDG_SUBSAHARANAFRICA,Sub-Saharan Africa (UNSDG),NT_ANE_WOM_15_49_MOD,"Anaemia in women 15-49 years, %",Layer 1: Nutrition Outcomes,2023,36.7891,,,Recent (≤5 years),1,Anaemia (WRA),On track
UNSDG_SUBSAHARANAFRICA,Sub-Saharan Africa (UNSDG),NT_ANT_HAZ_NE2_MOD,"Stunting (<-2SD HAZ), modelled estimate, %",Layer 1: Nutrition Outcomes,2024,32.1526,,,Recent (≤5 years),0,Stunting,Off track
UNSDG_SUBSAHARANAFRICA,Sub-Saharan Africa (UNSDG),NT_ANT_WHZ_PO2_MOD,"Overweight (>+2SD WHZ), modelled estimate, %",Layer 1: Nutrition Outcomes,2024,3.8844,,,Recent (≤5 years),0,Overweight,Monitor (no numeric target)
UNSDG_SUBSAHARANAFRICA,Sub-Saharan Africa (UNSDG),NT_BF_EXBF,"Exclusive breastfeeding <6 months, %",Layer 1: Nutrition Outcomes,2024,45.6413,,,Recent (≤5 years),0,Excl. Breastfeeding,Insufficient progress
UNSDG_SUBSAHARANAFRICA,Sub-Saharan Africa (UNSDG),NT_BW_LBW,"Low birth weight (<2500g), %",Layer 1: Nutrition Outcomes,2020,13.8709,,,Recent (≤5 years),4,Low Birth Weight,On track
UNSDG_WESTERNAFR,Western Africa (UNSDG),NT_ANE_WOM_15_49_MOD,"Anaemia in women 15-49 years, %",Layer 1: Nutrition Outcomes,2023,41.8653,,,Recent (≤5 years),1,Anaemia (WRA),On track
UNSDG_WESTERNAFR,Western Africa (UNSDG),NT_ANT_HAZ_NE2_MOD,"Stunting (<-2SD HAZ), modelled estimate, %",Layer 1: Nutrition Outcomes,2024,29.7192,,,Recent (≤5 years),0,Stunting,Off track
UNSDG_WESTERNAFR,Western Africa (UNSDG),NT_ANT_WHZ_PO2_MOD,"Overweight (>+2SD WHZ), modelled estimate, %",Layer 1: Nutrition Outcomes,2024,2.2168,,,Recent (≤5 years),0,Overweight,Monitor (no numeric target)
UNSDG_WESTERNAFR,Western Africa (UNSDG),NT_BF_EXBF,"Exclusive breastfeeding <6 months, %",Layer 1: Nutrition Outcomes,2024,34.6296,,,Recent (≤5 years),0,Excl. Breastfeeding,Off track
UNSDG_WESTERNAFR,Western Africa (UNSDG),NT_BW_LBW,"Low birth weight (<2500g), %",Layer 1: Nutrition Outcomes,2020,14.2631,,,Recent (≤5 years),4,Low Birth Weight,On track
UNSDG_WESTERNASIA,Western Asia (UNSDG),NT_ANE_WOM_15_49_MOD,"Anaemia in women 15-49 years, %",Layer 1: Nutrition Outcomes,2023,28.672,,,Recent (≤5 years),1,Anaemia (WRA),On track
UNSDG_WESTERNASIA,Western Asia (UNSDG),NT_ANT_HAZ_NE2_MOD,"Stunting (<-2SD HAZ), modelled estimate, %",Layer 1: Nutrition Outcomes,2024,18.0142,,,Recent (≤5 years),0,Stunting,Off track
UNSDG_WESTERNASIA,Western Asia (UNSDG),NT_ANT_WHZ_PO2_MOD,"Overweight (>+2SD WHZ), modelled estimate, %",Layer 1: Nutrition Outcomes,2024,6.1545,,,Recent (≤5 years),0,Overweight,Monitor (no numeric target)
UNSDG_WESTERNASIA,Western Asia (UNSDG),NT_BF_EXBF,"Exclusive breastfeeding <6 months, %",Layer 1: Nutrition Outcomes,2024,31.0075,,,Recent (≤5 years),0,Excl. Breastfeeding,Off track
UNSDG_WESTERNASIA,Western Asia (UNSDG),NT_BW_LBW,"Low birth weight (<2500g), %",Layer 1: Nutrition Outcomes,2020,12.2885,,,Recent (≤5 years),4,Low Birth Weight,On track
UNSDG_WESTERNASIANORTHERNAFR,Northern Africa and Western Asia (UNSDG),NT_ANE_WOM_15_49_MOD,"Anaemia in women 15-49 years, %",Layer 1: Nutrition Outcomes,2023,30.221,,,Recent (≤5 years),1,Anaemia (WRA),On track
UNSDG_WESTERNASIANORTHERNAFR,Northern Africa and Western Asia (UNSDG),NT_ANT_HAZ_NE2_MOD,"Stunting (<-2SD HAZ), modelled estimate, %",Layer 1: Nutrition Outcomes,2024,18.0718,,,Recent (≤5 years),0,Stunting,Off track
UNSDG_WESTERNASIANORTHERNAFR,Northern Africa and Western Asia (UNSDG),NT_ANT_WHZ_PO2_MOD,"Overweight (>+2SD WHZ), modelled estimate, %",Layer 1: Nutrition Outcomes,2024,7.3464,,,Recent (≤5 years),0,Overweight,Monitor (no numeric target)
UNSDG_WESTERNASIANORTHERNAFR,Northern Africa and Western Asia (UNSDG),NT_BF_EXBF,"Exclusive breastfeeding <6 months, %",Layer 1: Nutrition Outcomes,2024,33.5964,,,Recent (≤5 years),0,Excl. Breastfeeding,Off track
UNSDG_WESTERNASIANORTHERNAFR,Northern Africa and Western Asia (UNSDG),NT_BW_LBW,"Low birth weight (<2500g), %",Layer 1: Nutrition Outcomes,2020,13.1623,,,Recent (≤5 years),4,Low Birth Weight,On track
UNSDG_WESTERNEUROPE,Western Europe (UNSDG),NT_ANE_WOM_15_49_MOD,"Anaemia in women 15-49 years, %",Layer 1: Nutrition Outcomes,2023,14.2481,,,Recent (≤5 years),1,Anaemia (WRA),On track
UNSDG_WESTERNEUROPE,Western Europe (UNSDG),NT_ANT_HAZ_NE2_MOD,"Stunting (<-2SD HAZ), modelled estimate, %",Layer 1: Nutrition Outcomes,2024,2.4757,,,Recent (≤5 years),0,Stunting,On track
UNSDG_WESTERNEUROPE,Western Europe (UNSDG),NT_ANT_WHZ_PO2_MOD,"Overweight (>+2SD WHZ), modelled estimate, %",Layer 1: Nutrition Outcomes,2024,5.6034,,,Recent (≤5 years),0,Overweight,Monitor (no numeric target)
UNSDG_WESTERNEUROPE,Western Europe (UNSDG),NT_BW_LBW,"Low birth weight (<2500g), %",Layer 1: Nutrition Outcomes,2020,6.8423,,,Recent (≤5 years),4,Low Birth Weight,On track
URY,Uruguay,NT_ANE_WOM_15_49_MOD,"Anaemia in women 15-49 years, %",Layer 1: Nutrition Outcomes,2023,24.5,Latin America and Caribbean,High income,Recent (≤5 years),1,Anaemia (WRA),On track
URY,Uruguay,NT_ANT_HAZ_NE2_MOD,"Stunting (<-2SD HAZ), modelled estimate, %",Layer 1: Nutrition Outcomes,2024,6.5222,Latin America and Caribbean,High income,Recent (≤5 years),0,Stunting,On track
URY,Uruguay,NT_ANT_WHZ_PO2_MOD,"Overweight (>+2SD WHZ), modelled estimate, %",Layer 1: Nutrition Outcomes,2024,13.4986,Latin America and Caribbean,High income,Recent (≤5 years),0,Overweight,Monitor (no numeric target)
URY,Uruguay,NT_BF_EXBF,"Exclusive breastfeeding <6 months, %",Layer 1: Nutrition Outcomes,2023,51.3423,Latin America and Caribbean,High income,Recent (≤5 years),1,Excl. Breastfeeding,Insufficient progress
URY,Uruguay,NT_BW_LBW,"Low birth weight (<2500g), %",Layer 1: Nutrition Outcomes,2020,7.803,Latin America and Caribbean,High income,Recent (≤5 years),4,Low Birth Weight,On track
USA,United States,NT_ANE_WOM_15_49_MOD,"Anaemia in women 15-49 years, %",Layer 1: Nutrition Outcomes,2023,15.0,North America,High income,Recent (≤5 years),1,Anaemia (WRA),On track
USA,United States,NT_ANT_HAZ_NE2_MOD,"Stunting (<-2SD HAZ), modelled estimate, %",Layer 1: Nutrition Outcomes,2024,4.2096,North America,High income,Recent (≤5 years),0,Stunting,On track
USA,United States,NT_ANT_WHZ_PO2_MOD,"Overweight (>+2SD WHZ), modelled estimate, %",Layer 1: Nutrition Outcomes,2024,9.694,North America,High income,Recent (≤5 years),0,Overweight,Monitor (no numeric target)
USA,United States,NT_BF_EXBF,"Exclusive breastfeeding <6 months, %",Layer 1: Nutrition Outcomes,2018,25.7992,North America,High income,Dated (6-10 years),6,Excl. Breastfeeding,Off track
USA,United States,NT_BW_LBW,"Low birth weight (<2500g), %",Layer 1: Nutrition Outcomes,2020,8.2614,North America,High income,Recent (≤5 years),4,Low Birth Weight,On track
UZB,Uzbekistan,NT_ANE_WOM_15_49_MOD,"Anaemia in women 15-49 years, %",Layer 1: Nutrition Outcomes,2023,30.4,Europe and Central Asia,Lower middle income,Recent (≤5 years),1,Anaemia (WRA),On track
UZB,Uzbekistan,NT_ANT_HAZ_NE2_MOD,"Stunting (<-2SD HAZ), modelled estimate, %",Layer 1: Nutrition Outcomes,2024,6.6985,Europe and Central Asia,Lower middle income,Recent (≤5 years),0,Stunting,On track
UZB,Uzbekistan,NT_ANT_WHZ_PO2_MOD,"Overweight (>+2SD WHZ), modelled estimate, %",Layer 1: Nutrition Outcomes,2024,5.5178,Europe and Central Asia,Lower middle income,Recent (≤5 years),0,Overweight,Monitor (no numeric target)
UZB,Uzbekistan,NT_BF_EXBF,"Exclusive breastfeeding <6 months, %",Layer 1: Nutrition Outcomes,2021,25.2042,Europe and Central Asia,Lower middle income,Recent (≤5 years),3,Excl. Breastfeeding,Off track
UZB,Uzbekistan,NT_BW_LBW,"Low birth weight (<2500g), %",Layer 1: Nutrition Outcomes,2020,5.8485,Europe and Central Asia,Lower middle income,Recent (≤5 years),4,Low Birth Weight,On track
VCT,Saint Vincent and the Grenadines,NT_ANE_WOM_15_49_MOD,"Anaemia in women 15-49 years, %",Layer 1: Nutrition Outcomes,2023,18.8,Latin America and Caribbean,Upper middle income,Recent (≤5 years),1,Anaemia (WRA),On track
VEN,Venezuela (Bolivarian Republic of),NT_ANE_WOM_15_49_MOD,"Anaemia in women 15-49 years, %",Layer 1: Nutrition Outcomes,2023,25.2,Latin America and Caribbean,Upper middle income,Recent (≤5 years),1,Anaemia (WRA),On track
VEN,Venezuela (Bolivarian Republic of),NT_ANT_HAZ_NE2_MOD,"Stunting (<-2SD HAZ), modelled estimate, %",Layer 1: Nutrition Outcomes,2024,11.665,Latin America and Caribbean,Upper middle income,Recent (≤5 years),0,Stunting,Insufficient progress
VEN,Venezuela (Bolivarian Republic of),NT_ANT_WHZ_PO2_MOD,"Overweight (>+2SD WHZ), modelled estimate, %",Layer 1: Nutrition Outcomes,2024,7.3194,Latin America and Caribbean,Upper middle income,Recent (≤5 years),0,Overweight,Monitor (no numeric target)
VEN,Venezuela (Bolivarian Republic of),NT_BW_LBW,"Low birth weight (<2500g), %",Layer 1: Nutrition Outcomes,2020,9.3029,Latin America and Caribbean,Upper middle income,Recent (≤5 years),4,Low Birth Weight,On track
VNM,Viet Nam,NT_ANE_WOM_15_49_MOD,"Anaemia in women 15-49 years, %",Layer 1: Nutrition Outcomes,2023,20.5,East Asia and Pacific,Lower middle income,Recent (≤5 years),1,Anaemia (WRA),On track
VNM,Viet Nam,NT_ANT_HAZ_NE2_MOD,"Stunting (<-2SD HAZ), modelled estimate, %",Layer 1: Nutrition Outcomes,2024,19.1648,East Asia and Pacific,Lower middle income,Recent (≤5 years),0,Stunting,Off track
VNM,Viet Nam,NT_ANT_WHZ_PO2_MOD,"Overweight (>+2SD WHZ), modelled estimate, %",Layer 1: Nutrition Outcomes,2024,10.5078,East Asia and Pacific,Lower middle income,Recent (≤5 years),0,Overweight,Monitor (no numeric target)
VNM,Viet Nam,NT_BF_EXBF,"Exclusive breastfeeding <6 months, %",Layer 1: Nutrition Outcomes,2020,45.4294,East Asia and Pacific,Lower middle income,Recent (≤5 years),4,Excl. Breastfeeding,Insufficient progress
VNM,Viet Nam,NT_BW_LBW,"Low birth weight (<2500g), %",Layer 1: Nutrition Outcomes,2020,6.3112,East Asia and Pacific,Lower middle income,Recent (≤5 years),4,Low Birth Weight,On track
VUT,Vanuatu,NT_ANE_WOM_15_49_MOD,"Anaemia in women 15-49 years, %",Layer 1: Nutrition Outcomes,2023,30.4,East Asia and Pacific,Lower middle income,Recent (≤5 years),1,Anaemia (WRA),On track
VUT,Vanuatu,NT_ANT_HAZ_NE2_MOD,"Stunting (<-2SD HAZ), modelled estimate, %",Layer 1: Nutrition Outcomes,2024,31.037,East Asia and Pacific,Lower middle income,Recent (≤5 years),0,Stunting,Off track
VUT,Vanuatu,NT_ANT_WHZ_PO2_MOD,"Overweight (>+2SD WHZ), modelled estimate, %",Layer 1: Nutrition Outcomes,2024,5.5,East Asia and Pacific,Lower middle income,Recent (≤5 years),0,Overweight,Monitor (no numeric target)
VUT,Vanuatu,NT_BF_EXBF,"Exclusive breastfeeding <6 months, %",Layer 1: Nutrition Outcomes,2023,75.9419,East Asia and Pacific,Lower middle income,Recent (≤5 years),1,Excl. Breastfeeding,On track
VUT,Vanuatu,NT_BW_LBW,"Low birth weight (<2500g), %",Layer 1: Nutrition Outcomes,2020,13.0626,East Asia and Pacific,Lower middle income,Recent (≤5 years),4,Low Birth Weight,On track
WB_EAP,East Asia and Pacific (World Bank regions),NT_ANE_WOM_15_49_MOD,"Anaemia in women 15-49 years, %",Layer 1: Nutrition Outcomes,2023,18.6905,,,Recent (≤5 years),1,Anaemia (WRA),On track
WB_EAP,East Asia and Pacific (World Bank regions),NT_ANT_HAZ_NE2_MOD,"Stunting (<-2SD HAZ), modelled estimate, %",Layer 1: Nutrition Outcomes,2024,13.289,,,Recent (≤5 years),0,Stunting,Insufficient progress
WB_EAP,East Asia and Pacific (World Bank regions),NT_ANT_WHZ_PO2_MOD,"Overweight (>+2SD WHZ), modelled estimate, %",Layer 1: Nutrition Outcomes,2024,7.8263,,,Recent (≤5 years),0,Overweight,Monitor (no numeric target)
WB_EAP,East Asia and Pacific (World Bank regions),NT_BF_EXBF,"Exclusive breastfeeding <6 months, %",Layer 1: Nutrition Outcomes,2024,37.4477,,,Recent (≤5 years),0,Excl. Breastfeeding,Off track
WB_EAP,East Asia and Pacific (World Bank regions),NT_BW_LBW,"Low birth weight (<2500g), %",Layer 1: Nutrition Outcomes,2020,8.5202,,,Recent (≤5 years),4,Low Birth Weight,On track
WB_ECA,Europe and Central Asia (World Bank regions),NT_ANE_WOM_15_49_MOD,"Anaemia in women 15-49 years, %",Layer 1: Nutrition Outcomes,2023,21.3382,,,Recent (≤5 years),1,Anaemia (WRA),On track
WB_ECA,Europe and Central Asia (World Bank regions),NT_ANT_HAZ_NE2_MOD,"Stunting (<-2SD HAZ), modelled estimate, %",Layer 1: Nutrition Outcomes,2024,4.5834,,,Recent (≤5 years),0,Stunting,On track
WB_ECA,Europe and Central Asia (World Bank regions),NT_ANT_WHZ_PO2_MOD,"Overweight (>+2SD WHZ), modelled estimate, %",Layer 1: Nutrition Outcomes,2024,7.5277,,,Recent (≤5 years),0,Overweight,Monitor (no numeric target)
WB_ECA,Europe and Central Asia (World Bank regions),NT_BW_LBW,"Low birth weight (<2500g), %",Layer 1: Nutrition Outcomes,2020,7.5746,,,Recent (≤5 years),4,Low Birth Weight,On track
WB_HI,World Bank (high income),NT_ANE_WOM_15_49_MOD,"Anaemia in women 15-49 years, %",Layer 1: Nutrition Outcomes,2023,17.274,,,Recent (≤5 years),1,Anaemia (WRA),On track
WB_HI,World Bank (high income),NT_ANT_HAZ_NE2_MOD,"Stunting (<-2SD HAZ), modelled estimate, %",Layer 1: Nutrition Outcomes,2024,4.0397,,,Recent (≤5 years),0,Stunting,On track
WB_HI,World Bank (high income),NT_ANT_WHZ_PO2_MOD,"Overweight (>+2SD WHZ), modelled estimate, %",Layer 1: Nutrition Outcomes,2024,8.4129,,,Recent (≤5 years),0,Overweight,Monitor (no numeric target)
WB_HI,World Bank (high income),NT_BW_LBW,"Low birth weight (<2500g), %",Layer 1: Nutrition Outcomes,2020,8.0168,,,Recent (≤5 years),4,Low Birth Weight,On track
WB_LAC,Latin America and the Caribbean (World Bank regions),NT_ANE_WOM_15_49_MOD,"Anaemia in women 15-49 years, %",Layer 1: Nutrition Outcomes,2023,19.9618,,,Recent (≤5 years),1,Anaemia (WRA),On track
WB_LAC,Latin America and the Caribbean (World Bank regions),NT_ANT_HAZ_NE2_MOD,"Stunting (<-2SD HAZ), modelled estimate, %",Layer 1: Nutrition Outcomes,2024,12.3988,,,Recent (≤5 years),0,Stunting,Insufficient progress
WB_LAC,Latin America and the Caribbean (World Bank regions),NT_ANT_WHZ_PO2_MOD,"Overweight (>+2SD WHZ), modelled estimate, %",Layer 1: Nutrition Outcomes,2024,8.7657,,,Recent (≤5 years),0,Overweight,Monitor (no numeric target)
WB_LAC,Latin America and the Caribbean (World Bank regions),NT_BF_EXBF,"Exclusive breastfeeding <6 months, %",Layer 1: Nutrition Outcomes,2024,43.2,,,Recent (≤5 years),0,Excl. Breastfeeding,Off track
WB_LAC,Latin America and the Caribbean (World Bank regions),NT_BW_LBW,"Low birth weight (<2500g), %",Layer 1: Nutrition Outcomes,2020,9.7106,,,Recent (≤5 years),4,Low Birth Weight,On track
WB_LI,World Bank (low income),NT_ANE_WOM_15_49_MOD,"Anaemia in women 15-49 years, %",Layer 1: Nutrition Outcomes,2023,38.4554,,,Recent (≤5 years),1,Anaemia (WRA),On track
WB_LI,World Bank (low income),NT_ANT_HAZ_NE2_MOD,"Stunting (<-2SD HAZ), modelled estimate, %",Layer 1: Nutrition Outcomes,2024,35.8448,,,Recent (≤5 years),0,Stunting,Off track
WB_LI,World Bank (low income),NT_ANT_WHZ_PO2_MOD,"Overweight (>+2SD WHZ), modelled estimate, %",Layer 1: Nutrition Outcomes,2024,3.5917,,,Recent (≤5 years),0,Overweight,Monitor (no numeric target)
WB_LI,World Bank (low income),NT_BF_EXBF,"Exclusive breastfeeding <6 months, %",Layer 1: Nutrition Outcomes,2024,48.7296,,,Recent (≤5 years),0,Excl. Breastfeeding,Insufficient progress
WB_LI,World Bank (low income),NT_BW_LBW,"Low birth weight (<2500g), %",Layer 1: Nutrition Outcomes,2020,14.6528,,,Recent (≤5 years),4,Low Birth Weight,On track
WB_LMI,World Bank (lower middle income),NT_ANE_WOM_15_49_MOD,"Anaemia in women 15-49 years, %",Layer 1: Nutrition Outcomes,2023,43.8117,,,Recent (≤5 years),1,Anaemia (WRA),On track
WB_LMI,World Bank (lower middle income),NT_ANT_HAZ_NE2_MOD,"Stunting (<-2SD HAZ), modelled estimate, %",Layer 1: Nutrition Outcomes,2024,28.8704,,,Recent (≤5 years),0,Stunting,Off track
WB_LMI,World Bank (lower middle income),NT_ANT_WHZ_PO2_MOD,"Overweight (>+2SD WHZ), modelled estimate, %",Layer 1: Nutrition Outcomes,2024,4.0021,,,Recent (≤5 years),0,Overweight,Monitor (no numeric target)
WB_LMI,World Bank (lower middle income),NT_BF_EXBF,"Exclusive breastfeeding <6 months, %",Layer 1: Nutrition Outcomes,2024,51.0228,,,Recent (≤5 years),0,Excl. Breastfeeding,Insufficient progress
WB_LMI,World Bank (lower middle income),NT_BW_LBW,"Low birth weight (<2500g), %",Layer 1: Nutrition Outcomes,2020,19.5275,,,Recent (≤5 years),4,Low Birth Weight,On track
WB_MNA,Middle East and North Africa (World Bank regions),NT_ANE_WOM_15_49_MOD,"Anaemia in women 15-49 years, %",Layer 1: Nutrition Outcomes,2023,35.216,,,Recent (≤5 years),1,Anaemia (WRA),On track
WB_MNA,Middle East and North Africa (World Bank regions),NT_ANT_HAZ_NE2_MOD,"Stunting (<-2SD HAZ), modelled estimate, %",Layer 1: Nutrition Outcomes,2024,24.1043,,,Recent (≤5 years),0,Stunting,Off track
WB_MNA,Middle East and North Africa (World Bank regions),NT_ANT_WHZ_PO2_MOD,"Overweight (>+2SD WHZ), modelled estimate, %",Layer 1: Nutrition Outcomes,2024,5.2999,,,Recent (≤5 years),0,Overweight,Monitor (no numeric target)
WB_MNA,Middle East and North Africa (World Bank regions),NT_BF_EXBF,"Exclusive breastfeeding <6 months, %",Layer 1: Nutrition Outcomes,2024,43.1847,,,Recent (≤5 years),0,Excl. Breastfeeding,Off track
WB_MNA,Middle East and North Africa (World Bank regions),NT_BW_LBW,"Low birth weight (<2500g), %",Layer 1: Nutrition Outcomes,2020,15.4981,,,Recent (≤5 years),4,Low Birth Weight,On track
WB_NAR,North America (World Bank regions),NT_ANE_WOM_15_49_MOD,"Anaemia in women 15-49 years, %",Layer 1: Nutrition Outcomes,2023,14.897,,,Recent (≤5 years),1,Anaemia (WRA),On track
WB_NAR,North America (World Bank regions),NT_ANT_HAZ_NE2_MOD,"Stunting (<-2SD HAZ), modelled estimate, %",Layer 1: Nutrition Outcomes,2024,4.0801,,,Recent (≤5 years),0,Stunting,On track
WB_NAR,North America (World Bank regions),NT_ANT_WHZ_PO2_MOD,"Overweight (>+2SD WHZ), modelled estimate, %",Layer 1: Nutrition Outcomes,2024,9.8563,,,Recent (≤5 years),0,Overweight,Monitor (no numeric target)
WB_NAR,North America (World Bank regions),NT_BF_EXBF,"Exclusive breastfeeding <6 months, %",Layer 1: Nutrition Outcomes,2024,25.8,,,Recent (≤5 years),0,Excl. Breastfeeding,Off track
WB_NAR,North America (World Bank regions),NT_BW_LBW,"Low birth weight (<2500g), %",Layer 1: Nutrition Outcomes,2020,8.1462,,,Recent (≤5 years),4,Low Birth Weight,On track
WB_SAR,South Asia (World Bank regions),NT_ANE_WOM_15_49_MOD,"Anaemia in women 15-49 years, %",Layer 1: Nutrition Outcomes,2023,51.0866,,,Recent (≤5 years),1,Anaemia (WRA),Insufficient progress
WB_SAR,South Asia (World Bank regions),NT_ANT_HAZ_NE2_MOD,"Stunting (<-2SD HAZ), modelled estimate, %",Layer 1: Nutrition Outcomes,2024,31.509,,,Recent (≤5 years),0,Stunting,Off track
WB_SAR,South Asia (World Bank regions),NT_ANT_WHZ_PO2_MOD,"Overweight (>+2SD WHZ), modelled estimate, %",Layer 1: Nutrition Outcomes,2024,3.3687,,,Recent (≤5 years),0,Overweight,Monitor (no numeric target)
WB_SAR,South Asia (World Bank regions),NT_BF_EXBF,"Exclusive breastfeeding <6 months, %",Layer 1: Nutrition Outcomes,2024,62.222,,,Recent (≤5 years),0,Excl. Breastfeeding,On track
WB_SAR,South Asia (World Bank regions),NT_BW_LBW,"Low birth weight (<2500g), %",Layer 1: Nutrition Outcomes,2020,26.5832,,,Recent (≤5 years),4,Low Birth Weight,On track
WB_SSA,Sub-Saharan Africa (World Bank regions),NT_ANE_WOM_15_49_MOD,"Anaemia in women 15-49 years, %",Layer 1: Nutrition Outcomes,2023,36.6814,,,Recent (≤5 years),1,Anaemia (WRA),On track
WB_SSA,Sub-Saharan Africa (World Bank regions),NT_ANT_HAZ_NE2_MOD,"Stunting (<-2SD HAZ), modelled estimate, %",Layer 1: Nutrition Outcomes,2024,32.2879,,,Recent (≤5 years),0,Stunting,Off track
WB_SSA,Sub-Saharan Africa (World Bank regions),NT_ANT_WHZ_PO2_MOD,"Overweight (>+2SD WHZ), modelled estimate, %",Layer 1: Nutrition Outcomes,2024,3.8325,,,Recent (≤5 years),0,Overweight,Monitor (no numeric target)
WB_SSA,Sub-Saharan Africa (World Bank regions),NT_BF_EXBF,"Exclusive breastfeeding <6 months, %",Layer 1: Nutrition Outcomes,2024,45.6413,,,Recent (≤5 years),0,Excl. Breastfeeding,Insufficient progress
WB_SSA,Sub-Saharan Africa (World Bank regions),NT_BW_LBW,"Low birth weight (<2500g), %",Layer 1: Nutrition Outcomes,2020,13.8939,,,Recent (≤5 years),4,Low Birth Weight,On track
WB_UMI,World Bank (upper middle income),NT_ANE_WOM_15_49_MOD,"Anaemia in women 15-49 years, %",Layer 1: Nutrition Outcomes,2023,20.0713,,,Recent (≤5 years),1,Anaemia (WRA),On track
WB_UMI,World Bank (upper middle income),NT_ANT_HAZ_NE2_MOD,"Stunting (<-2SD HAZ), modelled estimate, %",Layer 1: Nutrition Outcomes,2024,10.8057,,,Recent (≤5 years),0,Stunting,Insufficient progress
WB_UMI,World Bank (upper middle income),NT_ANT_WHZ_PO2_MOD,"Overweight (>+2SD WHZ), modelled estimate, %",Layer 1: Nutrition Outcomes,2024,8.568,,,Recent (≤5 years),0,Overweight,Monitor (no numeric target)
WB_UMI,World Bank (upper middle income),NT_BF_EXBF,"Exclusive breastfeeding <6 months, %",Layer 1: Nutrition Outcomes,2024,37.0327,,,Recent (≤5 years),0,Excl. Breastfeeding,Off track
WB_UMI,World Bank (upper middle income),NT_BW_LBW,"Low birth weight (<2500g), %",Layer 1: Nutrition Outcomes,2020,8.3858,,,Recent (≤5 years),4,Low Birth Weight,On track
WHO_AFRO,Africa (WHO regions),NT_ANE_WOM_15_49_MOD,"Anaemia in women 15-49 years, %",Layer 1: Nutrition Outcomes,2023,36.4727,,,Recent (≤5 years),1,Anaemia (WRA),On track
WHO_AFRO,Africa (WHO regions),NT_ANT_HAZ_NE2_MOD,"Stunting (<-2SD HAZ), modelled estimate, %",Layer 1: Nutrition Outcomes,2024,31.7362,,,Recent (≤5 years),0,Stunting,Off track
WHO_AFRO,Africa (WHO regions),NT_ANT_WHZ_PO2_MOD,"Overweight (>+2SD WHZ), modelled estimate, %",Layer 1: Nutrition Outcomes,2024,4.1436,,,Recent (≤5 years),0,Overweight,Monitor (no numeric target)
WHO_AFRO,Africa (WHO regions),NT_BF_EXBF,"Exclusive breastfeeding <6 months, %",Layer 1: Nutrition Outcomes,2024,45.472,,,Recent (≤5 years),0,Excl. Breastfeeding,Insufficient progress
WHO_AFRO,Africa (WHO regions),NT_BW_LBW,"Low birth weight (<2500g), %",Layer 1: Nutrition Outcomes,2020,13.7224,,,Recent (≤5 years),4,Low Birth Weight,On track
WHO_AMRO,Americas (WHO regions),NT_ANE_WOM_15_49_MOD,"Anaemia in women 15-49 years, %",Layer 1: Nutrition Outcomes,2023,18.2641,,,Recent (≤5 years),1,Anaemia (WRA),On track
WHO_AMRO,Americas (WHO regions),NT_ANT_HAZ_NE2_MOD,"Stunting (<-2SD HAZ), modelled estimate, %",Layer 1: Nutrition Outcomes,2024,9.8783,,,Recent (≤5 years),0,Stunting,On track
WHO_AMRO,Americas (WHO regions),NT_ANT_WHZ_PO2_MOD,"Overweight (>+2SD WHZ), modelled estimate, %",Layer 1: Nutrition Outcomes,2024,9.0996,,,Recent (≤5 years),0,Overweight,Monitor (no numeric target)
WHO_AMRO,Americas (WHO regions),NT_BF_EXBF,"Exclusive breastfeeding <6 months, %",Layer 1: Nutrition Outcomes,2024,36.7721,,,Recent (≤5 years),0,Excl. Breastfeeding,Off track
WHO_AMRO,Americas (WHO regions),NT_BW_LBW,"Low birth weight (<2500g), %",Layer 1: Nutrition Outcomes,2020,9.2507,,,Recent (≤5 years),4,Low Birth Weight,On track
WHO_EMRO,Eastern Mediterranean (WHO regions),NT_ANE_WOM_15_49_MOD,"Anaemia in women 15-49 years, %",Layer 1: Nutrition Outcomes,2023,35.797,,,Recent (≤5 years),1,Anaemia (WRA),On track
WHO_EMRO,Eastern Mediterranean (WHO regions),NT_ANT_HAZ_NE2_MOD,"Stunting (<-2SD HAZ), modelled estimate, %",Layer 1: Nutrition Outcomes,2024,25.9732,,,Recent (≤5 years),0,Stunting,Off track
WHO_EMRO,Eastern Mediterranean (WHO regions),NT_ANT_WHZ_PO2_MOD,"Overweight (>+2SD WHZ), modelled estimate, %",Layer 1: Nutrition Outcomes,2024,4.5524,,,Recent (≤5 years),0,Overweight,Monitor (no numeric target)
WHO_EMRO,Eastern Mediterranean (WHO regions),NT_BF_EXBF,"Exclusive breastfeeding <6 months, %",Layer 1: Nutrition Outcomes,2024,43.6014,,,Recent (≤5 years),0,Excl. Breastfeeding,Off track
WHO_EMRO,Eastern Mediterranean (WHO regions),NT_BW_LBW,"Low birth weight (<2500g), %",Layer 1: Nutrition Outcomes,2020,15.787,,,Recent (≤5 years),4,Low Birth Weight,On track
WHO_EURO,Europe (WHO regions),NT_ANE_WOM_15_49_MOD,"Anaemia in women 15-49 years, %",Layer 1: Nutrition Outcomes,2023,21.2666,,,Recent (≤5 years),1,Anaemia (WRA),On track
WHO_EURO,Europe (WHO regions),NT_ANT_HAZ_NE2_MOD,"Stunting (<-2SD HAZ), modelled estimate, %",Layer 1: Nutrition Outcomes,2024,4.5591,,,Recent (≤5 years),0,Stunting,On track
WHO_EURO,Europe (WHO regions),NT_ANT_WHZ_PO2_MOD,"Overweight (>+2SD WHZ), modelled estimate, %",Layer 1: Nutrition Outcomes,2024,7.5352,,,Recent (≤5 years),0,Overweight,Monitor (no numeric target)
WHO_EURO,Europe (WHO regions),NT_BW_LBW,"Low birth weight (<2500g), %",Layer 1: Nutrition Outcomes,2020,7.5978,,,Recent (≤5 years),4,Low Birth Weight,On track
WHO_SEARO,South-East Asia (WHO regions),NT_ANE_WOM_15_49_MOD,"Anaemia in women 15-49 years, %",Layer 1: Nutrition Outcomes,2023,49.3214,,,Recent (≤5 years),1,Anaemia (WRA),On track
WHO_SEARO,South-East Asia (WHO regions),NT_ANT_HAZ_NE2_MOD,"Stunting (<-2SD HAZ), modelled estimate, %",Layer 1: Nutrition Outcomes,2024,30.7293,,,Recent (≤5 years),0,Stunting,Off track
WHO_SEARO,South-East Asia (WHO regions),NT_ANT_WHZ_PO2_MOD,"Overweight (>+2SD WHZ), modelled estimate, %",Layer 1: Nutrition Outcomes,2024,3.4185,,,Recent (≤5 years),0,Overweight,Monitor (no numeric target)
WHO_SEARO,South-East Asia (WHO regions),NT_BF_EXBF,"Exclusive breastfeeding <6 months, %",Layer 1: Nutrition Outcomes,2024,61.5069,,,Recent (≤5 years),0,Excl. Breastfeeding,On track
WHO_SEARO,South-East Asia (WHO regions),NT_BW_LBW,"Low birth weight (<2500g), %",Layer 1: Nutrition Outcomes,2020,25.5957,,,Recent (≤5 years),4,Low Birth Weight,On track
WHO_WPRO,Western Pacific (WHO regions),NT_ANE_WOM_15_49_MOD,"Anaemia in women 15-49 years, %",Layer 1: Nutrition Outcomes,2023,17.9186,,,Recent (≤5 years),1,Anaemia (WRA),On track
WHO_WPRO,Western Pacific (WHO regions),NT_ANT_HAZ_NE2_MOD,"Stunting (<-2SD HAZ), modelled estimate, %",Layer 1: Nutrition Outcomes,2024,12.822,,,Recent (≤5 years),0,Stunting,Insufficient progress
WHO_WPRO,Western Pacific (WHO regions),NT_ANT_WHZ_PO2_MOD,"Overweight (>+2SD WHZ), modelled estimate, %",Layer 1: Nutrition Outcomes,2024,8.1527,,,Recent (≤5 years),0,Overweight,Monitor (no numeric target)
WHO_WPRO,Western Pacific (WHO regions),NT_BF_EXBF,"Exclusive breastfeeding <6 months, %",Layer 1: Nutrition Outcomes,2024,37.7934,,,Recent (≤5 years),0,Excl. Breastfeeding,Off track
WHO_WPRO,Western Pacific (WHO regions),NT_BW_LBW,"Low birth weight (<2500g), %",Layer 1: Nutrition Outcomes,2020,8.2729,,,Recent (≤5 years),4,Low Birth Weight,On track
WSM,Samoa,NT_ANE_WOM_15_49_MOD,"Anaemia in women 15-49 years, %",Layer 1: Nutrition Outcomes,2023,21.9,East Asia and Pacific,Lower middle income,Recent (≤5 years),1,Anaemia (WRA),On track
WSM,Samoa,NT_ANT_HAZ_NE2_MOD,"Stunting (<-2SD HAZ), modelled estimate, %",Layer 1: Nutrition Outcomes,2024,8.4156,East Asia and Pacific,Lower middle income,Recent (≤5 years),0,Stunting,On track
WSM,Samoa,NT_ANT_WHZ_PO2_MOD,"Overweight (>+2SD WHZ), modelled estimate, %",Layer 1: Nutrition Outcomes,2024,9.4475,East Asia and Pacific,Lower middle income,Recent (≤5 years),0,Overweight,Monitor (no numeric target)
WSM,Samoa,NT_BF_EXBF,"Exclusive breastfeeding <6 months, %",Layer 1: Nutrition Outcomes,2019,51.7396,East Asia and Pacific,Lower middle income,Recent (≤5 years),5,Excl. Breastfeeding,Insufficient progress
YEM,Yemen,NT_ANE_WOM_15_49_MOD,"Anaemia in women 15-49 years, %",Layer 1: Nutrition Outcomes,2023,36.4,Middle East and North Africa,Low income,Recent (≤5 years),1,Anaemia (WRA),On track
YEM,Yemen,NT_ANT_HAZ_NE2_MOD,"Stunting (<-2SD HAZ), modelled estimate, %",Layer 1: Nutrition Outcomes,2024,47.412,Middle East and North Africa,Low income,Recent (≤5 years),0,Stunting,Off track
YEM,Yemen,NT_ANT_WHZ_PO2_MOD,"Overweight (>+2SD WHZ), modelled estimate, %",Layer 1: Nutrition Outcomes,2024,1.6736,Middle East and North Africa,Low income,Recent (≤5 years),0,Overweight,Monitor (no numeric target)
YEM,Yemen,NT_BF_EXBF,"Exclusive breastfeeding <6 months, %",Layer 1: Nutrition Outcomes,2013,9.6996,Middle East and North Africa,Low income,Outdated (>10 years),11,Excl. Breastfeeding,Data outdated
ZAF,South Africa,NT_ANE_WOM_15_49_MOD,"Anaemia in women 15-49 years, %",Layer 1: Nutrition Outcomes,2023,31.2,Sub-Saharan Africa,Upper middle income,Recent (≤5 years),1,Anaemia (WRA),On track
ZAF,South Africa,NT_ANT_HAZ_NE2_MOD,"Stunting (<-2SD HAZ), modelled estimate, %",Layer 1: Nutrition Outcomes,2024,24.3791,Sub-Saharan Africa,Upper middle income,Recent (≤5 years),0,Stunting,Off track
ZAF,South Africa,NT_ANT_WHZ_PO2_MOD,"Overweight (>+2SD WHZ), modelled estimate, %",Layer 1: Nutrition Outcomes,2024,12.8154,Sub-Saharan Africa,Upper middle income,Recent (≤5 years),0,Overweight,Monitor (no numeric target)
ZAF,South Africa,NT_BF_EXBF,"Exclusive breastfeeding <6 months, %",Layer 1: Nutrition Outcomes,2016,31.6147,Sub-Saharan Africa,Upper middle income,Dated (6-10 years),8,Excl. Breastfeeding,Data outdated
ZAF,South Africa,NT_BW_LBW,"Low birth weight (<2500g), %",Layer 1: Nutrition Outcomes,2020,16.6384,Sub-Saharan Africa,Upper middle income,Recent (≤5 years),4,Low Birth Weight,On track
ZMB,Zambia,NT_ANE_WOM_15_49_MOD,"Anaemia in women 15-49 years, %",Layer 1: Nutrition Outcomes,2023,27.1,Sub-Saharan Africa,Lower middle income,Recent (≤5 years),1,Anaemia (WRA),On track
ZMB,Zambia,NT_ANT_HAZ_NE2_MOD,"Stunting (<-2SD HAZ), modelled estimate, %",Layer 1: Nutrition Outcomes,2024,32.3429,Sub-Saharan Africa,Lower middle income,Recent (≤5 years),0,Stunting,Off track
ZMB,Zambia,NT_ANT_WHZ_PO2_MOD,"Overweight (>+2SD WHZ), modelled estimate, %",Layer 1: Nutrition Outcomes,2024,6.3325,Sub-Saharan Africa,Lower middle income,Recent (≤5 years),0,Overweight,Monitor (no numeric target)
ZMB,Zambia,NT_BF_EXBF,"Exclusive breastfeeding <6 months, %",Layer 1: Nutrition Outcomes,2024,64.1,Sub-Saharan Africa,Lower middle income,Recent (≤5 years),0,Excl. Breastfeeding,On track
ZMB,Zambia,NT_BW_LBW,"Low birth weight (<2500g), %",Layer 1: Nutrition Outcomes,2020,11.2469,Sub-Saharan Africa,Lower middle income,Recent (≤5 years),4,Low Birth Weight,On track
ZWE,Zimbabwe,NT_ANE_WOM_15_49_MOD,"Anaemia in women 15-49 years, %",Layer 1: Nutrition Outcomes,2023,27.5,Sub-Saharan Africa,Lower middle income,Recent (≤5 years),1,Anaemia (WRA),On track
ZWE,Zimbabwe,NT_ANT_HAZ_NE2_MOD,"Stunting (<-2SD HAZ), modelled estimate, %",Layer 1: Nutrition Outcomes,2024,23.7133,Sub-Saharan Africa,Lower middle income,Recent (≤5 years),0,Stunting,Off track
ZWE,Zimbabwe,NT_ANT_WHZ_PO2_MOD,"Overweight (>+2SD WHZ), modelled estimate, %",Layer 1: Nutrition Outcomes,2024,3.9648,Sub-Saharan Africa,Lower middle income,Recent (≤5 years),0,Overweight,Monitor (no numeric target)
ZWE,Zimbabwe,NT_BF_EXBF,"Exclusive breastfeeding <6 months, %",Layer 1: Nutrition Outcomes,2024,42.4,Sub-Saharan Africa,Lower middle income,Recent (≤5 years),0,Excl. Breastfeeding,Off track
ZWE,Zimbabwe,NT_BW_LBW,"Low birth weight (<2500g), %",Layer 1: Nutrition Outcomes,2020,11.8297,Sub-Saharan Africa,Lower middle income,Recent (≤5 years),4,Low Birth Weight,On track
