iso3,country,indicator,indicator_label,framework_layer,year,value,region,income_group,data_status,years_since_estimate,indicator_short,l2_dimension
AFG,Afghanistan,IM_DTP3,"DTP3 immunisation coverage, % (proxy for health system reach)",Layer 2: Underlying Determinants,2024,59.0,South Asia,Low income,Recent (≤5 years),0,DTP3 Immunisation,Services & Programme Coverage
AFG,Afghanistan,MNCH_ANC4,"ANC 4+ visits coverage, %",Layer 2: Underlying Determinants,2023,33.4,South Asia,Low income,Recent (≤5 years),1,ANC 4+ Visits,Services & Programme Coverage
AFG,Afghanistan,MNCH_SAB,"Skilled birth attendance, %",Layer 2: Underlying Determinants,2023,67.5,South Asia,Low income,Recent (≤5 years),1,Skilled Birth Attendance,Services & Programme Coverage
AFG,Afghanistan,NT_BF_EIBF,"Early initiation of breastfeeding within 1 hour, %",Layer 2: Underlying Determinants,2022,47.7087,South Asia,Low income,Recent (≤5 years),2,Early Initiation of BF,Diets & Care (IYCF)
AFG,Afghanistan,NT_BF_EXBF,"Exclusive breastfeeding <6 months, %",Layer 1: Nutrition Outcomes,2022,63.2718,South Asia,Low income,Recent (≤5 years),2,Exclusive BF <6m,Diets & Care (IYCF)
AFG,Afghanistan,NT_CF_MAD,"Minimum acceptable diet (6-23 months), %",Layer 2: Underlying Determinants,2022,6.7867,South Asia,Low income,Recent (≤5 years),2,Minimum Acceptable Diet,Diets & Care (IYCF)
AFG,Afghanistan,NT_CF_MDD,"Minimum dietary diversity >=5/8 food groups (6-23 months), %",Layer 2: Underlying Determinants,2022,14.7925,South Asia,Low income,Recent (≤5 years),2,Minimum Dietary Diversity,Diets & Care (IYCF)
AFG,Afghanistan,NT_CF_MMF,"Minimum meal frequency (6-23 months), %",Layer 2: Underlying Determinants,2022,33.5821,South Asia,Low income,Recent (≤5 years),2,Minimum Meal Frequency,Diets & Care (IYCF)
AGO,Angola,IM_DTP3,"DTP3 immunisation coverage, % (proxy for health system reach)",Layer 2: Underlying Determinants,2024,64.0,Sub-Saharan Africa,Lower middle income,Recent (≤5 years),0,DTP3 Immunisation,Services & Programme Coverage
AGO,Angola,MNCH_ANC4,"ANC 4+ visits coverage, %",Layer 2: Underlying Determinants,2024,51.2,Sub-Saharan Africa,Lower middle income,Recent (≤5 years),0,ANC 4+ Visits,Services & Programme Coverage
AGO,Angola,MNCH_SAB,"Skilled birth attendance, %",Layer 2: Underlying Determinants,2016,49.6,Sub-Saharan Africa,Lower middle income,Dated (6-10 years),8,Skilled Birth Attendance,Services & Programme Coverage
AGO,Angola,NT_BF_EIBF,"Early initiation of breastfeeding within 1 hour, %",Layer 2: Underlying Determinants,2023,53.4,Sub-Saharan Africa,Lower middle income,Recent (≤5 years),1,Early Initiation of BF,Diets & Care (IYCF)
AGO,Angola,NT_BF_EXBF,"Exclusive breastfeeding <6 months, %",Layer 1: Nutrition Outcomes,2023,32.7,Sub-Saharan Africa,Lower middle income,Recent (≤5 years),1,Exclusive BF <6m,Diets & Care (IYCF)
AGO,Angola,NT_CF_MAD,"Minimum acceptable diet (6-23 months), %",Layer 2: Underlying Determinants,2015,12.1911,Sub-Saharan Africa,Lower middle income,Dated (6-10 years),9,Minimum Acceptable Diet,Diets & Care (IYCF)
AGO,Angola,NT_CF_MDD,"Minimum dietary diversity >=5/8 food groups (6-23 months), %",Layer 2: Underlying Determinants,2023,19.9,Sub-Saharan Africa,Lower middle income,Recent (≤5 years),1,Minimum Dietary Diversity,Diets & Care (IYCF)
AGO,Angola,NT_CF_MMF,"Minimum meal frequency (6-23 months), %",Layer 2: Underlying Determinants,2015,31.0009,Sub-Saharan Africa,Lower middle income,Dated (6-10 years),9,Minimum Meal Frequency,Diets & Care (IYCF)
AIA,Anguilla,MNCH_SAB,"Skilled birth attendance, %",Layer 2: Underlying Determinants,2024,100.0,,,Recent (≤5 years),0,Skilled Birth Attendance,Services & Programme Coverage
ALB,Albania,IM_DTP3,"DTP3 immunisation coverage, % (proxy for health system reach)",Layer 2: Underlying Determinants,2024,97.0,Europe and Central Asia,Upper middle income,Recent (≤5 years),0,DTP3 Immunisation,Services & Programme Coverage
ALB,Albania,MNCH_ANC4,"ANC 4+ visits coverage, %",Layer 2: Underlying Determinants,2018,77.8,Europe and Central Asia,Upper middle income,Dated (6-10 years),6,ANC 4+ Visits,Services & Programme Coverage
ALB,Albania,MNCH_SAB,"Skilled birth attendance, %",Layer 2: Underlying Determinants,2022,100.0,Europe and Central Asia,Upper middle income,Recent (≤5 years),2,Skilled Birth Attendance,Services & Programme Coverage
ALB,Albania,NT_BF_EIBF,"Early initiation of breastfeeding within 1 hour, %",Layer 2: Underlying Determinants,2017,56.5221,Europe and Central Asia,Upper middle income,Dated (6-10 years),7,Early Initiation of BF,Diets & Care (IYCF)
ALB,Albania,NT_BF_EXBF,"Exclusive breastfeeding <6 months, %",Layer 1: Nutrition Outcomes,2017,36.5385,Europe and Central Asia,Upper middle income,Dated (6-10 years),7,Exclusive BF <6m,Diets & Care (IYCF)
ALB,Albania,NT_CF_MAD,"Minimum acceptable diet (6-23 months), %",Layer 2: Underlying Determinants,2017,26.5559,Europe and Central Asia,Upper middle income,Dated (6-10 years),7,Minimum Acceptable Diet,Diets & Care (IYCF)
ALB,Albania,NT_CF_MDD,"Minimum dietary diversity >=5/8 food groups (6-23 months), %",Layer 2: Underlying Determinants,2017,52.4985,Europe and Central Asia,Upper middle income,Dated (6-10 years),7,Minimum Dietary Diversity,Diets & Care (IYCF)
ALB,Albania,NT_CF_MMF,"Minimum meal frequency (6-23 months), %",Layer 2: Underlying Determinants,2017,45.4756,Europe and Central Asia,Upper middle income,Dated (6-10 years),7,Minimum Meal Frequency,Diets & Care (IYCF)
AND,Andorra,IM_DTP3,"DTP3 immunisation coverage, % (proxy for health system reach)",Layer 2: Underlying Determinants,2024,98.0,,,Recent (≤5 years),0,DTP3 Immunisation,Services & Programme Coverage
AND,Andorra,MNCH_SAB,"Skilled birth attendance, %",Layer 2: Underlying Determinants,2017,100.0,,,Dated (6-10 years),7,Skilled Birth Attendance,Services & Programme Coverage
ARE,United Arab Emirates,IM_DTP3,"DTP3 immunisation coverage, % (proxy for health system reach)",Layer 2: Underlying Determinants,2024,96.0,Middle East and North Africa,High income,Recent (≤5 years),0,DTP3 Immunisation,Services & Programme Coverage
ARE,United Arab Emirates,MNCH_SAB,"Skilled birth attendance, %",Layer 2: Underlying Determinants,2022,100.0,Middle East and North Africa,High income,Recent (≤5 years),2,Skilled Birth Attendance,Services & Programme Coverage
ARG,Argentina,IM_DTP3,"DTP3 immunisation coverage, % (proxy for health system reach)",Layer 2: Underlying Determinants,2024,75.0,Latin America and Caribbean,Upper middle income,Recent (≤5 years),0,DTP3 Immunisation,Services & Programme Coverage
ARG,Argentina,MNCH_ANC4,"ANC 4+ visits coverage, %",Layer 2: Underlying Determinants,2020,90.4,Latin America and Caribbean,Upper middle income,Recent (≤5 years),4,ANC 4+ Visits,Services & Programme Coverage
ARG,Argentina,MNCH_SAB,"Skilled birth attendance, %",Layer 2: Underlying Determinants,2023,99.3,Latin America and Caribbean,Upper middle income,Recent (≤5 years),1,Skilled Birth Attendance,Services & Programme Coverage
ARG,Argentina,NT_BF_EIBF,"Early initiation of breastfeeding within 1 hour, %",Layer 2: Underlying Determinants,2019,57.7382,Latin America and Caribbean,Upper middle income,Recent (≤5 years),5,Early Initiation of BF,Diets & Care (IYCF)
ARG,Argentina,NT_BF_EXBF,"Exclusive breastfeeding <6 months, %",Layer 1: Nutrition Outcomes,2011,31.9519,Latin America and Caribbean,Upper middle income,Outdated (>10 years),13,Exclusive BF <6m,Diets & Care (IYCF)
ARG,Argentina,NT_CF_MMF,"Minimum meal frequency (6-23 months), %",Layer 2: Underlying Determinants,2011,63.8611,Latin America and Caribbean,Upper middle income,Outdated (>10 years),13,Minimum Meal Frequency,Diets & Care (IYCF)
ARM,Armenia,IM_DTP3,"DTP3 immunisation coverage, % (proxy for health system reach)",Layer 2: Underlying Determinants,2024,94.0,Europe and Central Asia,Upper middle income,Recent (≤5 years),0,DTP3 Immunisation,Services & Programme Coverage
ARM,Armenia,MNCH_ANC4,"ANC 4+ visits coverage, %",Layer 2: Underlying Determinants,2016,96.0,Europe and Central Asia,Upper middle income,Dated (6-10 years),8,ANC 4+ Visits,Services & Programme Coverage
ARM,Armenia,MNCH_SAB,"Skilled birth attendance, %",Layer 2: Underlying Determinants,2016,99.8,Europe and Central Asia,Upper middle income,Dated (6-10 years),8,Skilled Birth Attendance,Services & Programme Coverage
ARM,Armenia,NT_BF_EIBF,"Early initiation of breastfeeding within 1 hour, %",Layer 2: Underlying Determinants,2016,40.8796,Europe and Central Asia,Upper middle income,Dated (6-10 years),8,Early Initiation of BF,Diets & Care (IYCF)
ARM,Armenia,NT_BF_EXBF,"Exclusive breastfeeding <6 months, %",Layer 1: Nutrition Outcomes,2016,44.4904,Europe and Central Asia,Upper middle income,Dated (6-10 years),8,Exclusive BF <6m,Diets & Care (IYCF)
ARM,Armenia,NT_CF_MAD,"Minimum acceptable diet (6-23 months), %",Layer 2: Underlying Determinants,2016,22.3229,Europe and Central Asia,Upper middle income,Dated (6-10 years),8,Minimum Acceptable Diet,Diets & Care (IYCF)
ARM,Armenia,NT_CF_MDD,"Minimum dietary diversity >=5/8 food groups (6-23 months), %",Layer 2: Underlying Determinants,2016,36.3088,Europe and Central Asia,Upper middle income,Dated (6-10 years),8,Minimum Dietary Diversity,Diets & Care (IYCF)
ARM,Armenia,NT_CF_MMF,"Minimum meal frequency (6-23 months), %",Layer 2: Underlying Determinants,2016,62.3639,Europe and Central Asia,Upper middle income,Dated (6-10 years),8,Minimum Meal Frequency,Diets & Care (IYCF)
ATG,Antigua and Barbuda,IM_DTP3,"DTP3 immunisation coverage, % (proxy for health system reach)",Layer 2: Underlying Determinants,2024,99.0,Latin America and Caribbean,High income,Recent (≤5 years),0,DTP3 Immunisation,Services & Programme Coverage
ATG,Antigua and Barbuda,MNCH_ANC4,"ANC 4+ visits coverage, %",Layer 2: Underlying Determinants,2013,100.0,Latin America and Caribbean,High income,Outdated (>10 years),11,ANC 4+ Visits,Services & Programme Coverage
ATG,Antigua and Barbuda,MNCH_SAB,"Skilled birth attendance, %",Layer 2: Underlying Determinants,2024,99.0,Latin America and Caribbean,High income,Recent (≤5 years),0,Skilled Birth Attendance,Services & Programme Coverage
AUREC_AMU,Arab Maghreb Union (AMU),IM_DTP3,"DTP3 immunisation coverage, % (proxy for health system reach)",Layer 2: Underlying Determinants,2024,93.0,,,Recent (≤5 years),0,DTP3 Immunisation,Services & Programme Coverage
AUREC_AMU,Arab Maghreb Union (AMU),MNCH_ANC4,"ANC 4+ visits coverage, %",Layer 2: Underlying Determinants,2024,73.6,,,Recent (≤5 years),0,ANC 4+ Visits,Services & Programme Coverage
AUREC_AMU,Arab Maghreb Union (AMU),MNCH_SAB,"Skilled birth attendance, %",Layer 2: Underlying Determinants,2024,95.1,,,Recent (≤5 years),0,Skilled Birth Attendance,Services & Programme Coverage
AUREC_AMU,Arab Maghreb Union (AMU),NT_BF_EIBF,"Early initiation of breastfeeding within 1 hour, %",Layer 2: Underlying Determinants,2024,36.1974,,,Recent (≤5 years),0,Early Initiation of BF,Diets & Care (IYCF)
AUREC_AMU,Arab Maghreb Union (AMU),NT_BF_EXBF,"Exclusive breastfeeding <6 months, %",Layer 1: Nutrition Outcomes,2024,28.8595,,,Recent (≤5 years),0,Exclusive BF <6m,Diets & Care (IYCF)
AUREC_AMU,Arab Maghreb Union (AMU),NT_CF_MAD,"Minimum acceptable diet (6-23 months), %",Layer 2: Underlying Determinants,2024,21.6594,,,Recent (≤5 years),0,Minimum Acceptable Diet,Diets & Care (IYCF)
AUREC_AMU,Arab Maghreb Union (AMU),NT_CF_MDD,"Minimum dietary diversity >=5/8 food groups (6-23 months), %",Layer 2: Underlying Determinants,2024,40.0645,,,Recent (≤5 years),0,Minimum Dietary Diversity,Diets & Care (IYCF)
AUREC_AMU,Arab Maghreb Union (AMU),NT_CF_MMF,"Minimum meal frequency (6-23 months), %",Layer 2: Underlying Determinants,2024,46.5991,,,Recent (≤5 years),0,Minimum Meal Frequency,Diets & Care (IYCF)
AUREC_CEN_SAD,Community of Sahel-Saharan States (CEN-SAD),IM_DTP3,"DTP3 immunisation coverage, % (proxy for health system reach)",Layer 2: Underlying Determinants,2024,75.0,,,Recent (≤5 years),0,DTP3 Immunisation,Services & Programme Coverage
AUREC_CEN_SAD,Community of Sahel-Saharan States (CEN-SAD),MNCH_ANC4,"ANC 4+ visits coverage, %",Layer 2: Underlying Determinants,2024,57.6,,,Recent (≤5 years),0,ANC 4+ Visits,Services & Programme Coverage
AUREC_CEN_SAD,Community of Sahel-Saharan States (CEN-SAD),MNCH_SAB,"Skilled birth attendance, %",Layer 2: Underlying Determinants,2024,69.2,,,Recent (≤5 years),0,Skilled Birth Attendance,Services & Programme Coverage
AUREC_CEN_SAD,Community of Sahel-Saharan States (CEN-SAD),NT_BF_EIBF,"Early initiation of breastfeeding within 1 hour, %",Layer 2: Underlying Determinants,2024,43.0171,,,Recent (≤5 years),0,Early Initiation of BF,Diets & Care (IYCF)
AUREC_CEN_SAD,Community of Sahel-Saharan States (CEN-SAD),NT_BF_EXBF,"Exclusive breastfeeding <6 months, %",Layer 1: Nutrition Outcomes,2024,33.5011,,,Recent (≤5 years),0,Exclusive BF <6m,Diets & Care (IYCF)
AUREC_CEN_SAD,Community of Sahel-Saharan States (CEN-SAD),NT_CF_MAD,"Minimum acceptable diet (6-23 months), %",Layer 2: Underlying Determinants,2024,13.3042,,,Recent (≤5 years),0,Minimum Acceptable Diet,Diets & Care (IYCF)
AUREC_CEN_SAD,Community of Sahel-Saharan States (CEN-SAD),NT_CF_MDD,"Minimum dietary diversity >=5/8 food groups (6-23 months), %",Layer 2: Underlying Determinants,2024,22.2748,,,Recent (≤5 years),0,Minimum Dietary Diversity,Diets & Care (IYCF)
AUREC_CEN_SAD,Community of Sahel-Saharan States (CEN-SAD),NT_CF_MMF,"Minimum meal frequency (6-23 months), %",Layer 2: Underlying Determinants,2024,43.5868,,,Recent (≤5 years),0,Minimum Meal Frequency,Diets & Care (IYCF)
AUREC_COMESA,Common Market for Eastern and Southern Africa (COMESA),IM_DTP3,"DTP3 immunisation coverage, % (proxy for health system reach)",Layer 2: Underlying Determinants,2024,76.0,,,Recent (≤5 years),0,DTP3 Immunisation,Services & Programme Coverage
AUREC_COMESA,Common Market for Eastern and Southern Africa (COMESA),MNCH_ANC4,"ANC 4+ visits coverage, %",Layer 2: Underlying Determinants,2024,60.4,,,Recent (≤5 years),0,ANC 4+ Visits,Services & Programme Coverage
AUREC_COMESA,Common Market for Eastern and Southern Africa (COMESA),MNCH_SAB,"Skilled birth attendance, %",Layer 2: Underlying Determinants,2024,79.8,,,Recent (≤5 years),0,Skilled Birth Attendance,Services & Programme Coverage
AUREC_COMESA,Common Market for Eastern and Southern Africa (COMESA),NT_BF_EIBF,"Early initiation of breastfeeding within 1 hour, %",Layer 2: Underlying Determinants,2024,61.2868,,,Recent (≤5 years),0,Early Initiation of BF,Diets & Care (IYCF)
AUREC_COMESA,Common Market for Eastern and Southern Africa (COMESA),NT_BF_EXBF,"Exclusive breastfeeding <6 months, %",Layer 1: Nutrition Outcomes,2024,53.8249,,,Recent (≤5 years),0,Exclusive BF <6m,Diets & Care (IYCF)
AUREC_COMESA,Common Market for Eastern and Southern Africa (COMESA),NT_CF_MAD,"Minimum acceptable diet (6-23 months), %",Layer 2: Underlying Determinants,2024,14.0672,,,Recent (≤5 years),0,Minimum Acceptable Diet,Diets & Care (IYCF)
AUREC_COMESA,Common Market for Eastern and Southern Africa (COMESA),NT_CF_MDD,"Minimum dietary diversity >=5/8 food groups (6-23 months), %",Layer 2: Underlying Determinants,2024,21.8533,,,Recent (≤5 years),0,Minimum Dietary Diversity,Diets & Care (IYCF)
AUREC_COMESA,Common Market for Eastern and Southern Africa (COMESA),NT_CF_MMF,"Minimum meal frequency (6-23 months), %",Layer 2: Underlying Determinants,2024,49.585,,,Recent (≤5 years),0,Minimum Meal Frequency,Diets & Care (IYCF)
AUREC_EAC,East African Community (EAC),IM_DTP3,"DTP3 immunisation coverage, % (proxy for health system reach)",Layer 2: Underlying Determinants,2024,79.0,,,Recent (≤5 years),0,DTP3 Immunisation,Services & Programme Coverage
AUREC_EAC,East African Community (EAC),MNCH_ANC4,"ANC 4+ visits coverage, %",Layer 2: Underlying Determinants,2024,57.2,,,Recent (≤5 years),0,ANC 4+ Visits,Services & Programme Coverage
AUREC_EAC,East African Community (EAC),MNCH_SAB,"Skilled birth attendance, %",Layer 2: Underlying Determinants,2024,85.9,,,Recent (≤5 years),0,Skilled Birth Attendance,Services & Programme Coverage
AUREC_EAC,East African Community (EAC),NT_BF_EIBF,"Early initiation of breastfeeding within 1 hour, %",Layer 2: Underlying Determinants,2024,65.0098,,,Recent (≤5 years),0,Early Initiation of BF,Diets & Care (IYCF)
AUREC_EAC,East African Community (EAC),NT_BF_EXBF,"Exclusive breastfeeding <6 months, %",Layer 1: Nutrition Outcomes,2024,59.4807,,,Recent (≤5 years),0,Exclusive BF <6m,Diets & Care (IYCF)
AUREC_EAC,East African Community (EAC),NT_CF_MAD,"Minimum acceptable diet (6-23 months), %",Layer 2: Underlying Determinants,2024,10.9494,,,Recent (≤5 years),0,Minimum Acceptable Diet,Diets & Care (IYCF)
AUREC_EAC,East African Community (EAC),NT_CF_MDD,"Minimum dietary diversity >=5/8 food groups (6-23 months), %",Layer 2: Underlying Determinants,2024,18.9743,,,Recent (≤5 years),0,Minimum Dietary Diversity,Diets & Care (IYCF)
AUREC_EAC,East African Community (EAC),NT_CF_MMF,"Minimum meal frequency (6-23 months), %",Layer 2: Underlying Determinants,2024,40.8344,,,Recent (≤5 years),0,Minimum Meal Frequency,Diets & Care (IYCF)
AUREC_ECCAS,Economic Community of Central African States (ECCAS),IM_DTP3,"DTP3 immunisation coverage, % (proxy for health system reach)",Layer 2: Underlying Determinants,2024,69.0,,,Recent (≤5 years),0,DTP3 Immunisation,Services & Programme Coverage
AUREC_ECCAS,Economic Community of Central African States (ECCAS),MNCH_ANC4,"ANC 4+ visits coverage, %",Layer 2: Underlying Determinants,2024,50.3,,,Recent (≤5 years),0,ANC 4+ Visits,Services & Programme Coverage
AUREC_ECCAS,Economic Community of Central African States (ECCAS),MNCH_SAB,"Skilled birth attendance, %",Layer 2: Underlying Determinants,2024,79.9,,,Recent (≤5 years),0,Skilled Birth Attendance,Services & Programme Coverage
AUREC_ECCAS,Economic Community of Central African States (ECCAS),NT_BF_EIBF,"Early initiation of breastfeeding within 1 hour, %",Layer 2: Underlying Determinants,2024,55.8239,,,Recent (≤5 years),0,Early Initiation of BF,Diets & Care (IYCF)
AUREC_ECCAS,Economic Community of Central African States (ECCAS),NT_BF_EXBF,"Exclusive breastfeeding <6 months, %",Layer 1: Nutrition Outcomes,2024,45.7325,,,Recent (≤5 years),0,Exclusive BF <6m,Diets & Care (IYCF)
AUREC_ECCAS,Economic Community of Central African States (ECCAS),NT_CF_MAD,"Minimum acceptable diet (6-23 months), %",Layer 2: Underlying Determinants,2024,11.6337,,,Recent (≤5 years),0,Minimum Acceptable Diet,Diets & Care (IYCF)
AUREC_ECCAS,Economic Community of Central African States (ECCAS),NT_CF_MDD,"Minimum dietary diversity >=5/8 food groups (6-23 months), %",Layer 2: Underlying Determinants,2024,18.8143,,,Recent (≤5 years),0,Minimum Dietary Diversity,Diets & Care (IYCF)
AUREC_ECCAS,Economic Community of Central African States (ECCAS),NT_CF_MMF,"Minimum meal frequency (6-23 months), %",Layer 2: Underlying Determinants,2024,34.7417,,,Recent (≤5 years),0,Minimum Meal Frequency,Diets & Care (IYCF)
AUREC_ECOWAS,Economic Community of West African States (ECOWAS),IM_DTP3,"DTP3 immunisation coverage, % (proxy for health system reach)",Layer 2: Underlying Determinants,2024,75.0,,,Recent (≤5 years),0,DTP3 Immunisation,Services & Programme Coverage
AUREC_ECOWAS,Economic Community of West African States (ECOWAS),MNCH_ANC4,"ANC 4+ visits coverage, %",Layer 2: Underlying Determinants,2024,60.2,,,Recent (≤5 years),0,ANC 4+ Visits,Services & Programme Coverage
AUREC_ECOWAS,Economic Community of West African States (ECOWAS),MNCH_SAB,"Skilled birth attendance, %",Layer 2: Underlying Determinants,2024,61.9,,,Recent (≤5 years),0,Skilled Birth Attendance,Services & Programme Coverage
AUREC_ECOWAS,Economic Community of West African States (ECOWAS),NT_BF_EIBF,"Early initiation of breastfeeding within 1 hour, %",Layer 2: Underlying Determinants,2024,38.8503,,,Recent (≤5 years),0,Early Initiation of BF,Diets & Care (IYCF)
AUREC_ECOWAS,Economic Community of West African States (ECOWAS),NT_BF_EXBF,"Exclusive breastfeeding <6 months, %",Layer 1: Nutrition Outcomes,2024,33.9591,,,Recent (≤5 years),0,Exclusive BF <6m,Diets & Care (IYCF)
AUREC_ECOWAS,Economic Community of West African States (ECOWAS),NT_CF_MAD,"Minimum acceptable diet (6-23 months), %",Layer 2: Underlying Determinants,2024,8.4197,,,Recent (≤5 years),0,Minimum Acceptable Diet,Diets & Care (IYCF)
AUREC_ECOWAS,Economic Community of West African States (ECOWAS),NT_CF_MDD,"Minimum dietary diversity >=5/8 food groups (6-23 months), %",Layer 2: Underlying Determinants,2024,18.454,,,Recent (≤5 years),0,Minimum Dietary Diversity,Diets & Care (IYCF)
AUREC_ECOWAS,Economic Community of West African States (ECOWAS),NT_CF_MMF,"Minimum meal frequency (6-23 months), %",Layer 2: Underlying Determinants,2024,37.5535,,,Recent (≤5 years),0,Minimum Meal Frequency,Diets & Care (IYCF)
AUREC_ECOWAS_202502,Economic Community of West African States (ECOWAS 2025),IM_DTP3,"DTP3 immunisation coverage, % (proxy for health system reach)",Layer 2: Underlying Determinants,2024,72.0,,,Recent (≤5 years),0,DTP3 Immunisation,Services & Programme Coverage
AUREC_IGAD,Intergovernmental Authority on Development (IGAD),IM_DTP3,"DTP3 immunisation coverage, % (proxy for health system reach)",Layer 2: Underlying Determinants,2024,73.0,,,Recent (≤5 years),0,DTP3 Immunisation,Services & Programme Coverage
AUREC_IGAD,Intergovernmental Authority on Development (IGAD),MNCH_ANC4,"ANC 4+ visits coverage, %",Layer 2: Underlying Determinants,2024,56.4,,,Recent (≤5 years),0,ANC 4+ Visits,Services & Programme Coverage
AUREC_IGAD,Intergovernmental Authority on Development (IGAD),MNCH_SAB,"Skilled birth attendance, %",Layer 2: Underlying Determinants,2024,70.3,,,Recent (≤5 years),0,Skilled Birth Attendance,Services & Programme Coverage
AUREC_IGAD,Intergovernmental Authority on Development (IGAD),NT_BF_EIBF,"Early initiation of breastfeeding within 1 hour, %",Layer 2: Underlying Determinants,2024,70.6292,,,Recent (≤5 years),0,Early Initiation of BF,Diets & Care (IYCF)
AUREC_IGAD,Intergovernmental Authority on Development (IGAD),NT_BF_EXBF,"Exclusive breastfeeding <6 months, %",Layer 1: Nutrition Outcomes,2024,55.9656,,,Recent (≤5 years),0,Exclusive BF <6m,Diets & Care (IYCF)
AUREC_IGAD,Intergovernmental Authority on Development (IGAD),NT_CF_MAD,"Minimum acceptable diet (6-23 months), %",Layer 2: Underlying Determinants,2024,14.3477,,,Recent (≤5 years),0,Minimum Acceptable Diet,Diets & Care (IYCF)
AUREC_IGAD,Intergovernmental Authority on Development (IGAD),NT_CF_MDD,"Minimum dietary diversity >=5/8 food groups (6-23 months), %",Layer 2: Underlying Determinants,2024,18.4353,,,Recent (≤5 years),0,Minimum Dietary Diversity,Diets & Care (IYCF)
AUREC_IGAD,Intergovernmental Authority on Development (IGAD),NT_CF_MMF,"Minimum meal frequency (6-23 months), %",Layer 2: Underlying Determinants,2024,59.9772,,,Recent (≤5 years),0,Minimum Meal Frequency,Diets & Care (IYCF)
AUREC_SADC,Southern African Development Community (SADC),IM_DTP3,"DTP3 immunisation coverage, % (proxy for health system reach)",Layer 2: Underlying Determinants,2024,73.0,,,Recent (≤5 years),0,DTP3 Immunisation,Services & Programme Coverage
AUREC_SADC,Southern African Development Community (SADC),MNCH_ANC4,"ANC 4+ visits coverage, %",Layer 2: Underlying Determinants,2024,58.7,,,Recent (≤5 years),0,ANC 4+ Visits,Services & Programme Coverage
AUREC_SADC,Southern African Development Community (SADC),MNCH_SAB,"Skilled birth attendance, %",Layer 2: Underlying Determinants,2024,83.7,,,Recent (≤5 years),0,Skilled Birth Attendance,Services & Programme Coverage
AUREC_SADC,Southern African Development Community (SADC),NT_BF_EIBF,"Early initiation of breastfeeding within 1 hour, %",Layer 2: Underlying Determinants,2024,61.6899,,,Recent (≤5 years),0,Early Initiation of BF,Diets & Care (IYCF)
AUREC_SADC,Southern African Development Community (SADC),NT_BF_EXBF,"Exclusive breastfeeding <6 months, %",Layer 1: Nutrition Outcomes,2024,53.7976,,,Recent (≤5 years),0,Exclusive BF <6m,Diets & Care (IYCF)
AUREC_SADC,Southern African Development Community (SADC),NT_CF_MAD,"Minimum acceptable diet (6-23 months), %",Layer 2: Underlying Determinants,2024,7.6358,,,Recent (≤5 years),0,Minimum Acceptable Diet,Diets & Care (IYCF)
AUREC_SADC,Southern African Development Community (SADC),NT_CF_MDD,"Minimum dietary diversity >=5/8 food groups (6-23 months), %",Layer 2: Underlying Determinants,2024,17.2834,,,Recent (≤5 years),0,Minimum Dietary Diversity,Diets & Care (IYCF)
AUREC_SADC,Southern African Development Community (SADC),NT_CF_MMF,"Minimum meal frequency (6-23 months), %",Layer 2: Underlying Determinants,2024,34.6938,,,Recent (≤5 years),0,Minimum Meal Frequency,Diets & Care (IYCF)
AUS,Australia,IM_DTP3,"DTP3 immunisation coverage, % (proxy for health system reach)",Layer 2: Underlying Determinants,2024,93.0,East Asia and Pacific,High income,Recent (≤5 years),0,DTP3 Immunisation,Services & Programme Coverage
AUS,Australia,MNCH_ANC4,"ANC 4+ visits coverage, %",Layer 2: Underlying Determinants,2008,92.0,East Asia and Pacific,High income,Outdated (>10 years),16,ANC 4+ Visits,Services & Programme Coverage
AUS,Australia,MNCH_SAB,"Skilled birth attendance, %",Layer 2: Underlying Determinants,2023,98.5,East Asia and Pacific,High income,Recent (≤5 years),1,Skilled Birth Attendance,Services & Programme Coverage
AUT,Austria,IM_DTP3,"DTP3 immunisation coverage, % (proxy for health system reach)",Layer 2: Underlying Determinants,2024,85.0,Europe and Central Asia,High income,Recent (≤5 years),0,DTP3 Immunisation,Services & Programme Coverage
AUT,Austria,MNCH_SAB,"Skilled birth attendance, %",Layer 2: Underlying Determinants,2024,98.7,Europe and Central Asia,High income,Recent (≤5 years),0,Skilled Birth Attendance,Services & Programme Coverage
AU_AFRICA,African Union,IM_DTP3,"DTP3 immunisation coverage, % (proxy for health system reach)",Layer 2: Underlying Determinants,2024,76.0,,,Recent (≤5 years),0,DTP3 Immunisation,Services & Programme Coverage
AU_AFRICA,African Union,MNCH_ANC4,"ANC 4+ visits coverage, %",Layer 2: Underlying Determinants,2024,59.9,,,Recent (≤5 years),0,ANC 4+ Visits,Services & Programme Coverage
AU_AFRICA,African Union,MNCH_SAB,"Skilled birth attendance, %",Layer 2: Underlying Determinants,2024,74.8,,,Recent (≤5 years),0,Skilled Birth Attendance,Services & Programme Coverage
AU_AFRICA,African Union,NT_BF_EIBF,"Early initiation of breastfeeding within 1 hour, %",Layer 2: Underlying Determinants,2024,54.4855,,,Recent (≤5 years),0,Early Initiation of BF,Diets & Care (IYCF)
AU_AFRICA,African Union,NT_BF_EXBF,"Exclusive breastfeeding <6 months, %",Layer 1: Nutrition Outcomes,2024,44.7919,,,Recent (≤5 years),0,Exclusive BF <6m,Diets & Care (IYCF)
AU_AFRICA,African Union,NT_CF_MAD,"Minimum acceptable diet (6-23 months), %",Layer 2: Underlying Determinants,2024,11.9608,,,Recent (≤5 years),0,Minimum Acceptable Diet,Diets & Care (IYCF)
AU_AFRICA,African Union,NT_CF_MDD,"Minimum dietary diversity >=5/8 food groups (6-23 months), %",Layer 2: Underlying Determinants,2024,20.5327,,,Recent (≤5 years),0,Minimum Dietary Diversity,Diets & Care (IYCF)
AU_AFRICA,African Union,NT_CF_MMF,"Minimum meal frequency (6-23 months), %",Layer 2: Underlying Determinants,2024,44.014,,,Recent (≤5 years),0,Minimum Meal Frequency,Diets & Care (IYCF)
AU_CENTRAL_AFRICA,Central Africa (African Union),IM_DTP3,"DTP3 immunisation coverage, % (proxy for health system reach)",Layer 2: Underlying Determinants,2024,68.0,,,Recent (≤5 years),0,DTP3 Immunisation,Services & Programme Coverage
AU_CENTRAL_AFRICA,Central Africa (African Union),MNCH_ANC4,"ANC 4+ visits coverage, %",Layer 2: Underlying Determinants,2024,49.5,,,Recent (≤5 years),0,ANC 4+ Visits,Services & Programme Coverage
AU_CENTRAL_AFRICA,Central Africa (African Union),MNCH_SAB,"Skilled birth attendance, %",Layer 2: Underlying Determinants,2024,80.4,,,Recent (≤5 years),0,Skilled Birth Attendance,Services & Programme Coverage
AU_CENTRAL_AFRICA,Central Africa (African Union),NT_BF_EIBF,"Early initiation of breastfeeding within 1 hour, %",Layer 2: Underlying Determinants,2024,54.6445,,,Recent (≤5 years),0,Early Initiation of BF,Diets & Care (IYCF)
AU_CENTRAL_AFRICA,Central Africa (African Union),NT_BF_EXBF,"Exclusive breastfeeding <6 months, %",Layer 1: Nutrition Outcomes,2024,46.301,,,Recent (≤5 years),0,Exclusive BF <6m,Diets & Care (IYCF)
AU_CENTRAL_AFRICA,Central Africa (African Union),NT_CF_MAD,"Minimum acceptable diet (6-23 months), %",Layer 2: Underlying Determinants,2024,11.0413,,,Recent (≤5 years),0,Minimum Acceptable Diet,Diets & Care (IYCF)
AU_CENTRAL_AFRICA,Central Africa (African Union),NT_CF_MDD,"Minimum dietary diversity >=5/8 food groups (6-23 months), %",Layer 2: Underlying Determinants,2024,17.6455,,,Recent (≤5 years),0,Minimum Dietary Diversity,Diets & Care (IYCF)
AU_CENTRAL_AFRICA,Central Africa (African Union),NT_CF_MMF,"Minimum meal frequency (6-23 months), %",Layer 2: Underlying Determinants,2024,34.1165,,,Recent (≤5 years),0,Minimum Meal Frequency,Diets & Care (IYCF)
AU_EASTERN_AFRICA,Eastern Africa (African Union),IM_DTP3,"DTP3 immunisation coverage, % (proxy for health system reach)",Layer 2: Underlying Determinants,2024,75.0,,,Recent (≤5 years),0,DTP3 Immunisation,Services & Programme Coverage
AU_EASTERN_AFRICA,Eastern Africa (African Union),MNCH_ANC4,"ANC 4+ visits coverage, %",Layer 2: Underlying Determinants,2024,58.9,,,Recent (≤5 years),0,ANC 4+ Visits,Services & Programme Coverage
AU_EASTERN_AFRICA,Eastern Africa (African Union),MNCH_SAB,"Skilled birth attendance, %",Layer 2: Underlying Determinants,2024,72.9,,,Recent (≤5 years),0,Skilled Birth Attendance,Services & Programme Coverage
AU_EASTERN_AFRICA,Eastern Africa (African Union),NT_BF_EIBF,"Early initiation of breastfeeding within 1 hour, %",Layer 2: Underlying Determinants,2024,70.5408,,,Recent (≤5 years),0,Early Initiation of BF,Diets & Care (IYCF)
AU_EASTERN_AFRICA,Eastern Africa (African Union),NT_BF_EXBF,"Exclusive breastfeeding <6 months, %",Layer 1: Nutrition Outcomes,2024,58.6432,,,Recent (≤5 years),0,Exclusive BF <6m,Diets & Care (IYCF)
AU_EASTERN_AFRICA,Eastern Africa (African Union),NT_CF_MAD,"Minimum acceptable diet (6-23 months), %",Layer 2: Underlying Determinants,2024,13.2806,,,Recent (≤5 years),0,Minimum Acceptable Diet,Diets & Care (IYCF)
AU_EASTERN_AFRICA,Eastern Africa (African Union),NT_CF_MDD,"Minimum dietary diversity >=5/8 food groups (6-23 months), %",Layer 2: Underlying Determinants,2024,19.2618,,,Recent (≤5 years),0,Minimum Dietary Diversity,Diets & Care (IYCF)
AU_EASTERN_AFRICA,Eastern Africa (African Union),NT_CF_MMF,"Minimum meal frequency (6-23 months), %",Layer 2: Underlying Determinants,2024,54.5226,,,Recent (≤5 years),0,Minimum Meal Frequency,Diets & Care (IYCF)
AU_NORTHERN_AFRICA,Northern Africa (African Union),IM_DTP3,"DTP3 immunisation coverage, % (proxy for health system reach)",Layer 2: Underlying Determinants,2024,95.0,,,Recent (≤5 years),0,DTP3 Immunisation,Services & Programme Coverage
AU_NORTHERN_AFRICA,Northern Africa (African Union),MNCH_ANC4,"ANC 4+ visits coverage, %",Layer 2: Underlying Determinants,2024,82.6,,,Recent (≤5 years),0,ANC 4+ Visits,Services & Programme Coverage
AU_NORTHERN_AFRICA,Northern Africa (African Union),MNCH_SAB,"Skilled birth attendance, %",Layer 2: Underlying Determinants,2024,96.4,,,Recent (≤5 years),0,Skilled Birth Attendance,Services & Programme Coverage
AU_NORTHERN_AFRICA,Northern Africa (African Union),NT_BF_EIBF,"Early initiation of breastfeeding within 1 hour, %",Layer 2: Underlying Determinants,2024,34.0011,,,Recent (≤5 years),0,Early Initiation of BF,Diets & Care (IYCF)
AU_NORTHERN_AFRICA,Northern Africa (African Union),NT_BF_EXBF,"Exclusive breastfeeding <6 months, %",Layer 1: Nutrition Outcomes,2024,36.3869,,,Recent (≤5 years),0,Exclusive BF <6m,Diets & Care (IYCF)
AU_NORTHERN_AFRICA,Northern Africa (African Union),NT_CF_MAD,"Minimum acceptable diet (6-23 months), %",Layer 2: Underlying Determinants,2024,24.6515,,,Recent (≤5 years),0,Minimum Acceptable Diet,Diets & Care (IYCF)
AU_NORTHERN_AFRICA,Northern Africa (African Union),NT_CF_MDD,"Minimum dietary diversity >=5/8 food groups (6-23 months), %",Layer 2: Underlying Determinants,2024,41.0763,,,Recent (≤5 years),0,Minimum Dietary Diversity,Diets & Care (IYCF)
AU_NORTHERN_AFRICA,Northern Africa (African Union),NT_CF_MMF,"Minimum meal frequency (6-23 months), %",Layer 2: Underlying Determinants,2024,52.3986,,,Recent (≤5 years),0,Minimum Meal Frequency,Diets & Care (IYCF)
AU_SOUTHERN_AFRICA,Southern Africa (African Union),IM_DTP3,"DTP3 immunisation coverage, % (proxy for health system reach)",Layer 2: Underlying Determinants,2024,77.0,,,Recent (≤5 years),0,DTP3 Immunisation,Services & Programme Coverage
AU_SOUTHERN_AFRICA,Southern Africa (African Union),MNCH_ANC4,"ANC 4+ visits coverage, %",Layer 2: Underlying Determinants,2024,63.9,,,Recent (≤5 years),0,ANC 4+ Visits,Services & Programme Coverage
AU_SOUTHERN_AFRICA,Southern Africa (African Union),MNCH_SAB,"Skilled birth attendance, %",Layer 2: Underlying Determinants,2024,85.0,,,Recent (≤5 years),0,Skilled Birth Attendance,Services & Programme Coverage
AU_SOUTHERN_AFRICA,Southern Africa (African Union),NT_BF_EIBF,"Early initiation of breastfeeding within 1 hour, %",Layer 2: Underlying Determinants,2024,64.7591,,,Recent (≤5 years),0,Early Initiation of BF,Diets & Care (IYCF)
AU_SOUTHERN_AFRICA,Southern Africa (African Union),NT_BF_EXBF,"Exclusive breastfeeding <6 months, %",Layer 1: Nutrition Outcomes,2024,49.8126,,,Recent (≤5 years),0,Exclusive BF <6m,Diets & Care (IYCF)
AU_SOUTHERN_AFRICA,Southern Africa (African Union),NT_CF_MAD,"Minimum acceptable diet (6-23 months), %",Layer 2: Underlying Determinants,2024,8.1972,,,Recent (≤5 years),0,Minimum Acceptable Diet,Diets & Care (IYCF)
AU_SOUTHERN_AFRICA,Southern Africa (African Union),NT_CF_MDD,"Minimum dietary diversity >=5/8 food groups (6-23 months), %",Layer 2: Underlying Determinants,2024,18.8725,,,Recent (≤5 years),0,Minimum Dietary Diversity,Diets & Care (IYCF)
AU_SOUTHERN_AFRICA,Southern Africa (African Union),NT_CF_MMF,"Minimum meal frequency (6-23 months), %",Layer 2: Underlying Determinants,2024,39.1838,,,Recent (≤5 years),0,Minimum Meal Frequency,Diets & Care (IYCF)
AU_WESTERN_AFRICA,Western Africa (African Union),IM_DTP3,"DTP3 immunisation coverage, % (proxy for health system reach)",Layer 2: Underlying Determinants,2024,75.0,,,Recent (≤5 years),0,DTP3 Immunisation,Services & Programme Coverage
AU_WESTERN_AFRICA,Western Africa (African Union),MNCH_ANC4,"ANC 4+ visits coverage, %",Layer 2: Underlying Determinants,2024,57.7,,,Recent (≤5 years),0,ANC 4+ Visits,Services & Programme Coverage
AU_WESTERN_AFRICA,Western Africa (African Union),MNCH_SAB,"Skilled birth attendance, %",Layer 2: Underlying Determinants,2024,63.1,,,Recent (≤5 years),0,Skilled Birth Attendance,Services & Programme Coverage
AU_WESTERN_AFRICA,Western Africa (African Union),NT_BF_EIBF,"Early initiation of breastfeeding within 1 hour, %",Layer 2: Underlying Determinants,2024,42.8765,,,Recent (≤5 years),0,Early Initiation of BF,Diets & Care (IYCF)
AU_WESTERN_AFRICA,Western Africa (African Union),NT_BF_EXBF,"Exclusive breastfeeding <6 months, %",Layer 1: Nutrition Outcomes,2024,34.5515,,,Recent (≤5 years),0,Exclusive BF <6m,Diets & Care (IYCF)
AU_WESTERN_AFRICA,Western Africa (African Union),NT_CF_MAD,"Minimum acceptable diet (6-23 months), %",Layer 2: Underlying Determinants,2024,8.78,,,Recent (≤5 years),0,Minimum Acceptable Diet,Diets & Care (IYCF)
AU_WESTERN_AFRICA,Western Africa (African Union),NT_CF_MDD,"Minimum dietary diversity >=5/8 food groups (6-23 months), %",Layer 2: Underlying Determinants,2024,17.9982,,,Recent (≤5 years),0,Minimum Dietary Diversity,Diets & Care (IYCF)
AU_WESTERN_AFRICA,Western Africa (African Union),NT_CF_MMF,"Minimum meal frequency (6-23 months), %",Layer 2: Underlying Determinants,2024,39.3074,,,Recent (≤5 years),0,Minimum Meal Frequency,Diets & Care (IYCF)
AZE,Azerbaijan,IM_DTP3,"DTP3 immunisation coverage, % (proxy for health system reach)",Layer 2: Underlying Determinants,2024,51.0,Europe and Central Asia,Upper middle income,Recent (≤5 years),0,DTP3 Immunisation,Services & Programme Coverage
AZE,Azerbaijan,MNCH_ANC4,"ANC 4+ visits coverage, %",Layer 2: Underlying Determinants,2023,91.4,Europe and Central Asia,Upper middle income,Recent (≤5 years),1,ANC 4+ Visits,Services & Programme Coverage
AZE,Azerbaijan,MNCH_SAB,"Skilled birth attendance, %",Layer 2: Underlying Determinants,2023,99.8,Europe and Central Asia,Upper middle income,Recent (≤5 years),1,Skilled Birth Attendance,Services & Programme Coverage
AZE,Azerbaijan,NT_BF_EIBF,"Early initiation of breastfeeding within 1 hour, %",Layer 2: Underlying Determinants,2023,13.717,Europe and Central Asia,Upper middle income,Recent (≤5 years),1,Early Initiation of BF,Diets & Care (IYCF)
AZE,Azerbaijan,NT_BF_EXBF,"Exclusive breastfeeding <6 months, %",Layer 1: Nutrition Outcomes,2023,18.4198,Europe and Central Asia,Upper middle income,Recent (≤5 years),1,Exclusive BF <6m,Diets & Care (IYCF)
AZE,Azerbaijan,NT_CF_MAD,"Minimum acceptable diet (6-23 months), %",Layer 2: Underlying Determinants,2023,35.2076,Europe and Central Asia,Upper middle income,Recent (≤5 years),1,Minimum Acceptable Diet,Diets & Care (IYCF)
AZE,Azerbaijan,NT_CF_MDD,"Minimum dietary diversity >=5/8 food groups (6-23 months), %",Layer 2: Underlying Determinants,2023,57.4704,Europe and Central Asia,Upper middle income,Recent (≤5 years),1,Minimum Dietary Diversity,Diets & Care (IYCF)
AZE,Azerbaijan,NT_CF_MMF,"Minimum meal frequency (6-23 months), %",Layer 2: Underlying Determinants,2023,74.3208,Europe and Central Asia,Upper middle income,Recent (≤5 years),1,Minimum Meal Frequency,Diets & Care (IYCF)
BDI,Burundi,IM_DTP3,"DTP3 immunisation coverage, % (proxy for health system reach)",Layer 2: Underlying Determinants,2024,89.0,Sub-Saharan Africa,Low income,Recent (≤5 years),0,DTP3 Immunisation,Services & Programme Coverage
BDI,Burundi,MNCH_ANC4,"ANC 4+ visits coverage, %",Layer 2: Underlying Determinants,2017,49.3,Sub-Saharan Africa,Low income,Dated (6-10 years),7,ANC 4+ Visits,Services & Programme Coverage
BDI,Burundi,MNCH_SAB,"Skilled birth attendance, %",Layer 2: Underlying Determinants,2022,75.2,Sub-Saharan Africa,Low income,Recent (≤5 years),2,Skilled Birth Attendance,Services & Programme Coverage
BDI,Burundi,NT_BF_EIBF,"Early initiation of breastfeeding within 1 hour, %",Layer 2: Underlying Determinants,2024,89.3,Sub-Saharan Africa,Low income,Recent (≤5 years),0,Early Initiation of BF,Diets & Care (IYCF)
BDI,Burundi,NT_BF_EXBF,"Exclusive breastfeeding <6 months, %",Layer 1: Nutrition Outcomes,2024,83.3,Sub-Saharan Africa,Low income,Recent (≤5 years),0,Exclusive BF <6m,Diets & Care (IYCF)
BDI,Burundi,NT_CF_MAD,"Minimum acceptable diet (6-23 months), %",Layer 2: Underlying Determinants,2024,18.2,Sub-Saharan Africa,Low income,Recent (≤5 years),0,Minimum Acceptable Diet,Diets & Care (IYCF)
BDI,Burundi,NT_CF_MDD,"Minimum dietary diversity >=5/8 food groups (6-23 months), %",Layer 2: Underlying Determinants,2024,28.6,Sub-Saharan Africa,Low income,Recent (≤5 years),0,Minimum Dietary Diversity,Diets & Care (IYCF)
BDI,Burundi,NT_CF_MMF,"Minimum meal frequency (6-23 months), %",Layer 2: Underlying Determinants,2024,50.4,Sub-Saharan Africa,Low income,Recent (≤5 years),0,Minimum Meal Frequency,Diets & Care (IYCF)
BEL,Belgium,IM_DTP3,"DTP3 immunisation coverage, % (proxy for health system reach)",Layer 2: Underlying Determinants,2024,97.0,Europe and Central Asia,High income,Recent (≤5 years),0,DTP3 Immunisation,Services & Programme Coverage
BEN,Benin,IM_DTP3,"DTP3 immunisation coverage, % (proxy for health system reach)",Layer 2: Underlying Determinants,2024,63.0,Sub-Saharan Africa,Lower middle income,Recent (≤5 years),0,DTP3 Immunisation,Services & Programme Coverage
BEN,Benin,MNCH_ANC4,"ANC 4+ visits coverage, %",Layer 2: Underlying Determinants,2022,52.6,Sub-Saharan Africa,Lower middle income,Recent (≤5 years),2,ANC 4+ Visits,Services & Programme Coverage
BEN,Benin,MNCH_SAB,"Skilled birth attendance, %",Layer 2: Underlying Determinants,2022,80.8,Sub-Saharan Africa,Lower middle income,Recent (≤5 years),2,Skilled Birth Attendance,Services & Programme Coverage
BEN,Benin,NT_BF_EIBF,"Early initiation of breastfeeding within 1 hour, %",Layer 2: Underlying Determinants,2021,25.1392,Sub-Saharan Africa,Lower middle income,Recent (≤5 years),3,Early Initiation of BF,Diets & Care (IYCF)
BEN,Benin,NT_BF_EXBF,"Exclusive breastfeeding <6 months, %",Layer 1: Nutrition Outcomes,2021,44.9468,Sub-Saharan Africa,Lower middle income,Recent (≤5 years),3,Exclusive BF <6m,Diets & Care (IYCF)
BEN,Benin,NT_CF_MAD,"Minimum acceptable diet (6-23 months), %",Layer 2: Underlying Determinants,2021,9.2583,Sub-Saharan Africa,Lower middle income,Recent (≤5 years),3,Minimum Acceptable Diet,Diets & Care (IYCF)
BEN,Benin,NT_CF_MDD,"Minimum dietary diversity >=5/8 food groups (6-23 months), %",Layer 2: Underlying Determinants,2021,21.9636,Sub-Saharan Africa,Lower middle income,Recent (≤5 years),3,Minimum Dietary Diversity,Diets & Care (IYCF)
BEN,Benin,NT_CF_MMF,"Minimum meal frequency (6-23 months), %",Layer 2: Underlying Determinants,2021,32.1361,Sub-Saharan Africa,Lower middle income,Recent (≤5 years),3,Minimum Meal Frequency,Diets & Care (IYCF)
BFA,Burkina Faso,IM_DTP3,"DTP3 immunisation coverage, % (proxy for health system reach)",Layer 2: Underlying Determinants,2024,91.0,Sub-Saharan Africa,Low income,Recent (≤5 years),0,DTP3 Immunisation,Services & Programme Coverage
BFA,Burkina Faso,MNCH_ANC4,"ANC 4+ visits coverage, %",Layer 2: Underlying Determinants,2024,49.3,Sub-Saharan Africa,Low income,Recent (≤5 years),0,ANC 4+ Visits,Services & Programme Coverage
BFA,Burkina Faso,MNCH_SAB,"Skilled birth attendance, %",Layer 2: Underlying Determinants,2021,95.8,Sub-Saharan Africa,Low income,Recent (≤5 years),3,Skilled Birth Attendance,Services & Programme Coverage
BFA,Burkina Faso,NT_BF_EIBF,"Early initiation of breastfeeding within 1 hour, %",Layer 2: Underlying Determinants,2021,60.2991,Sub-Saharan Africa,Low income,Recent (≤5 years),3,Early Initiation of BF,Diets & Care (IYCF)
BFA,Burkina Faso,NT_BF_EXBF,"Exclusive breastfeeding <6 months, %",Layer 1: Nutrition Outcomes,2021,51.2577,Sub-Saharan Africa,Low income,Recent (≤5 years),3,Exclusive BF <6m,Diets & Care (IYCF)
BFA,Burkina Faso,NT_CF_MAD,"Minimum acceptable diet (6-23 months), %",Layer 2: Underlying Determinants,2021,11.1901,Sub-Saharan Africa,Low income,Recent (≤5 years),3,Minimum Acceptable Diet,Diets & Care (IYCF)
BFA,Burkina Faso,NT_CF_MDD,"Minimum dietary diversity >=5/8 food groups (6-23 months), %",Layer 2: Underlying Determinants,2021,19.0218,Sub-Saharan Africa,Low income,Recent (≤5 years),3,Minimum Dietary Diversity,Diets & Care (IYCF)
BFA,Burkina Faso,NT_CF_MMF,"Minimum meal frequency (6-23 months), %",Layer 2: Underlying Determinants,2021,37.8035,Sub-Saharan Africa,Low income,Recent (≤5 years),3,Minimum Meal Frequency,Diets & Care (IYCF)
BGD,Bangladesh,IM_DTP3,"DTP3 immunisation coverage, % (proxy for health system reach)",Layer 2: Underlying Determinants,2024,97.0,South Asia,Lower middle income,Recent (≤5 years),0,DTP3 Immunisation,Services & Programme Coverage
BGD,Bangladesh,MNCH_ANC4,"ANC 4+ visits coverage, %",Layer 2: Underlying Determinants,2022,38.3,South Asia,Lower middle income,Recent (≤5 years),2,ANC 4+ Visits,Services & Programme Coverage
BGD,Bangladesh,MNCH_SAB,"Skilled birth attendance, %",Layer 2: Underlying Determinants,2023,69.7,South Asia,Lower middle income,Recent (≤5 years),1,Skilled Birth Attendance,Services & Programme Coverage
BGD,Bangladesh,NT_BF_EIBF,"Early initiation of breastfeeding within 1 hour, %",Layer 2: Underlying Determinants,2022,36.9344,South Asia,Lower middle income,Recent (≤5 years),2,Early Initiation of BF,Diets & Care (IYCF)
BGD,Bangladesh,NT_BF_EXBF,"Exclusive breastfeeding <6 months, %",Layer 1: Nutrition Outcomes,2022,53.2855,South Asia,Lower middle income,Recent (≤5 years),2,Exclusive BF <6m,Diets & Care (IYCF)
BGD,Bangladesh,NT_CF_MAD,"Minimum acceptable diet (6-23 months), %",Layer 2: Underlying Determinants,2022,29.6212,South Asia,Lower middle income,Recent (≤5 years),2,Minimum Acceptable Diet,Diets & Care (IYCF)
BGD,Bangladesh,NT_CF_MDD,"Minimum dietary diversity >=5/8 food groups (6-23 months), %",Layer 2: Underlying Determinants,2022,37.5694,South Asia,Lower middle income,Recent (≤5 years),2,Minimum Dietary Diversity,Diets & Care (IYCF)
BGD,Bangladesh,NT_CF_MMF,"Minimum meal frequency (6-23 months), %",Layer 2: Underlying Determinants,2022,65.3074,South Asia,Lower middle income,Recent (≤5 years),2,Minimum Meal Frequency,Diets & Care (IYCF)
BGR,Bulgaria,IM_DTP3,"DTP3 immunisation coverage, % (proxy for health system reach)",Layer 2: Underlying Determinants,2024,94.0,Europe and Central Asia,Upper middle income,Recent (≤5 years),0,DTP3 Immunisation,Services & Programme Coverage
BGR,Bulgaria,MNCH_SAB,"Skilled birth attendance, %",Layer 2: Underlying Determinants,2022,94.2,Europe and Central Asia,Upper middle income,Recent (≤5 years),2,Skilled Birth Attendance,Services & Programme Coverage
BHR,Bahrain,IM_DTP3,"DTP3 immunisation coverage, % (proxy for health system reach)",Layer 2: Underlying Determinants,2024,96.0,Middle East and North Africa,High income,Recent (≤5 years),0,DTP3 Immunisation,Services & Programme Coverage
BHR,Bahrain,MNCH_ANC4,"ANC 4+ visits coverage, %",Layer 2: Underlying Determinants,2013,100.0,Middle East and North Africa,High income,Outdated (>10 years),11,ANC 4+ Visits,Services & Programme Coverage
BHR,Bahrain,MNCH_SAB,"Skilled birth attendance, %",Layer 2: Underlying Determinants,2024,100.0,Middle East and North Africa,High income,Recent (≤5 years),0,Skilled Birth Attendance,Services & Programme Coverage
BHS,Bahamas,IM_DTP3,"DTP3 immunisation coverage, % (proxy for health system reach)",Layer 2: Underlying Determinants,2024,90.0,Latin America and Caribbean,High income,Recent (≤5 years),0,DTP3 Immunisation,Services & Programme Coverage
BHS,Bahamas,MNCH_ANC4,"ANC 4+ visits coverage, %",Layer 2: Underlying Determinants,2013,85.0,Latin America and Caribbean,High income,Outdated (>10 years),11,ANC 4+ Visits,Services & Programme Coverage
BHS,Bahamas,MNCH_SAB,"Skilled birth attendance, %",Layer 2: Underlying Determinants,2024,99.7,Latin America and Caribbean,High income,Recent (≤5 years),0,Skilled Birth Attendance,Services & Programme Coverage
BIH,Bosnia and Herzegovina,IM_DTP3,"DTP3 immunisation coverage, % (proxy for health system reach)",Layer 2: Underlying Determinants,2024,79.0,Europe and Central Asia,Upper middle income,Recent (≤5 years),0,DTP3 Immunisation,Services & Programme Coverage
BIH,Bosnia and Herzegovina,MNCH_ANC4,"ANC 4+ visits coverage, %",Layer 2: Underlying Determinants,2012,84.2,Europe and Central Asia,Upper middle income,Outdated (>10 years),12,ANC 4+ Visits,Services & Programme Coverage
BIH,Bosnia and Herzegovina,MNCH_SAB,"Skilled birth attendance, %",Layer 2: Underlying Determinants,2023,99.9,Europe and Central Asia,Upper middle income,Recent (≤5 years),1,Skilled Birth Attendance,Services & Programme Coverage
BIH,Bosnia and Herzegovina,NT_BF_EIBF,"Early initiation of breastfeeding within 1 hour, %",Layer 2: Underlying Determinants,2012,42.2883,Europe and Central Asia,Upper middle income,Outdated (>10 years),12,Early Initiation of BF,Diets & Care (IYCF)
BIH,Bosnia and Herzegovina,NT_BF_EXBF,"Exclusive breastfeeding <6 months, %",Layer 1: Nutrition Outcomes,2012,18.1893,Europe and Central Asia,Upper middle income,Outdated (>10 years),12,Exclusive BF <6m,Diets & Care (IYCF)
BIH,Bosnia and Herzegovina,NT_CF_MMF,"Minimum meal frequency (6-23 months), %",Layer 2: Underlying Determinants,2012,70.6393,Europe and Central Asia,Upper middle income,Outdated (>10 years),12,Minimum Meal Frequency,Diets & Care (IYCF)
BLR,Belarus,IM_DTP3,"DTP3 immunisation coverage, % (proxy for health system reach)",Layer 2: Underlying Determinants,2024,98.0,Europe and Central Asia,,Recent (≤5 years),0,DTP3 Immunisation,Services & Programme Coverage
BLR,Belarus,MNCH_ANC4,"ANC 4+ visits coverage, %",Layer 2: Underlying Determinants,2019,99.9,Europe and Central Asia,,Recent (≤5 years),5,ANC 4+ Visits,Services & Programme Coverage
BLR,Belarus,MNCH_SAB,"Skilled birth attendance, %",Layer 2: Underlying Determinants,2024,99.9,Europe and Central Asia,,Recent (≤5 years),0,Skilled Birth Attendance,Services & Programme Coverage
BLR,Belarus,NT_BF_EIBF,"Early initiation of breastfeeding within 1 hour, %",Layer 2: Underlying Determinants,2019,23.552,Europe and Central Asia,,Recent (≤5 years),5,Early Initiation of BF,Diets & Care (IYCF)
BLR,Belarus,NT_BF_EXBF,"Exclusive breastfeeding <6 months, %",Layer 1: Nutrition Outcomes,2019,21.7044,Europe and Central Asia,,Recent (≤5 years),5,Exclusive BF <6m,Diets & Care (IYCF)
BLR,Belarus,NT_CF_MAD,"Minimum acceptable diet (6-23 months), %",Layer 2: Underlying Determinants,2019,56.6607,Europe and Central Asia,,Recent (≤5 years),5,Minimum Acceptable Diet,Diets & Care (IYCF)
BLR,Belarus,NT_CF_MDD,"Minimum dietary diversity >=5/8 food groups (6-23 months), %",Layer 2: Underlying Determinants,2019,69.5846,Europe and Central Asia,,Recent (≤5 years),5,Minimum Dietary Diversity,Diets & Care (IYCF)
BLR,Belarus,NT_CF_MMF,"Minimum meal frequency (6-23 months), %",Layer 2: Underlying Determinants,2019,92.8542,Europe and Central Asia,,Recent (≤5 years),5,Minimum Meal Frequency,Diets & Care (IYCF)
BLZ,Belize,IM_DTP3,"DTP3 immunisation coverage, % (proxy for health system reach)",Layer 2: Underlying Determinants,2024,88.0,Latin America and Caribbean,Lower middle income,Recent (≤5 years),0,DTP3 Immunisation,Services & Programme Coverage
BLZ,Belize,MNCH_ANC4,"ANC 4+ visits coverage, %",Layer 2: Underlying Determinants,2024,76.1,Latin America and Caribbean,Lower middle income,Recent (≤5 years),0,ANC 4+ Visits,Services & Programme Coverage
BLZ,Belize,MNCH_SAB,"Skilled birth attendance, %",Layer 2: Underlying Determinants,2024,94.9,Latin America and Caribbean,Lower middle income,Recent (≤5 years),0,Skilled Birth Attendance,Services & Programme Coverage
BLZ,Belize,NT_BF_EIBF,"Early initiation of breastfeeding within 1 hour, %",Layer 2: Underlying Determinants,2015,68.2541,Latin America and Caribbean,Lower middle income,Dated (6-10 years),9,Early Initiation of BF,Diets & Care (IYCF)
BLZ,Belize,NT_BF_EXBF,"Exclusive breastfeeding <6 months, %",Layer 1: Nutrition Outcomes,2015,33.1646,Latin America and Caribbean,Lower middle income,Dated (6-10 years),9,Exclusive BF <6m,Diets & Care (IYCF)
BLZ,Belize,NT_CF_MDD,"Minimum dietary diversity >=5/8 food groups (6-23 months), %",Layer 2: Underlying Determinants,2015,57.8296,Latin America and Caribbean,Lower middle income,Dated (6-10 years),9,Minimum Dietary Diversity,Diets & Care (IYCF)
BLZ,Belize,NT_CF_MMF,"Minimum meal frequency (6-23 months), %",Layer 2: Underlying Determinants,2011,63.7069,Latin America and Caribbean,Lower middle income,Outdated (>10 years),13,Minimum Meal Frequency,Diets & Care (IYCF)
BMU,Bermuda,MNCH_SAB,"Skilled birth attendance, %",Layer 2: Underlying Determinants,2023,99.3,,,Recent (≤5 years),1,Skilled Birth Attendance,Services & Programme Coverage
BOL,Bolivia (Plurinational State of),IM_DTP3,"DTP3 immunisation coverage, % (proxy for health system reach)",Layer 2: Underlying Determinants,2024,59.0,Latin America and Caribbean,Lower middle income,Recent (≤5 years),0,DTP3 Immunisation,Services & Programme Coverage
BOL,Bolivia (Plurinational State of),MNCH_ANC4,"ANC 4+ visits coverage, %",Layer 2: Underlying Determinants,2016,85.6,Latin America and Caribbean,Lower middle income,Dated (6-10 years),8,ANC 4+ Visits,Services & Programme Coverage
BOL,Bolivia (Plurinational State of),MNCH_SAB,"Skilled birth attendance, %",Layer 2: Underlying Determinants,2024,97.5,Latin America and Caribbean,Lower middle income,Recent (≤5 years),0,Skilled Birth Attendance,Services & Programme Coverage
BOL,Bolivia (Plurinational State of),NT_BF_EIBF,"Early initiation of breastfeeding within 1 hour, %",Layer 2: Underlying Determinants,2023,79.4746,Latin America and Caribbean,Lower middle income,Recent (≤5 years),1,Early Initiation of BF,Diets & Care (IYCF)
BOL,Bolivia (Plurinational State of),NT_BF_EXBF,"Exclusive breastfeeding <6 months, %",Layer 1: Nutrition Outcomes,2016,55.6582,Latin America and Caribbean,Lower middle income,Dated (6-10 years),8,Exclusive BF <6m,Diets & Care (IYCF)
BOL,Bolivia (Plurinational State of),NT_CF_MDD,"Minimum dietary diversity >=5/8 food groups (6-23 months), %",Layer 2: Underlying Determinants,2023,74.2455,Latin America and Caribbean,Lower middle income,Recent (≤5 years),1,Minimum Dietary Diversity,Diets & Care (IYCF)
BRA,Brazil,IM_DTP3,"DTP3 immunisation coverage, % (proxy for health system reach)",Layer 2: Underlying Determinants,2024,91.0,Latin America and Caribbean,Upper middle income,Recent (≤5 years),0,DTP3 Immunisation,Services & Programme Coverage
BRA,Brazil,MNCH_ANC4,"ANC 4+ visits coverage, %",Layer 2: Underlying Determinants,2024,94.2,Latin America and Caribbean,Upper middle income,Recent (≤5 years),0,ANC 4+ Visits,Services & Programme Coverage
BRA,Brazil,MNCH_SAB,"Skilled birth attendance, %",Layer 2: Underlying Determinants,2024,98.4,Latin America and Caribbean,Upper middle income,Recent (≤5 years),0,Skilled Birth Attendance,Services & Programme Coverage
BRA,Brazil,NT_BF_EIBF,"Early initiation of breastfeeding within 1 hour, %",Layer 2: Underlying Determinants,2019,62.4,Latin America and Caribbean,Upper middle income,Recent (≤5 years),5,Early Initiation of BF,Diets & Care (IYCF)
BRA,Brazil,NT_BF_EXBF,"Exclusive breastfeeding <6 months, %",Layer 1: Nutrition Outcomes,2019,45.8,Latin America and Caribbean,Upper middle income,Recent (≤5 years),5,Exclusive BF <6m,Diets & Care (IYCF)
BRA,Brazil,NT_CF_MDD,"Minimum dietary diversity >=5/8 food groups (6-23 months), %",Layer 2: Underlying Determinants,2019,63.3,Latin America and Caribbean,Upper middle income,Recent (≤5 years),5,Minimum Dietary Diversity,Diets & Care (IYCF)
BRB,Barbados,IM_DTP3,"DTP3 immunisation coverage, % (proxy for health system reach)",Layer 2: Underlying Determinants,2024,94.0,Latin America and Caribbean,High income,Recent (≤5 years),0,DTP3 Immunisation,Services & Programme Coverage
BRB,Barbados,MNCH_ANC4,"ANC 4+ visits coverage, %",Layer 2: Underlying Determinants,2012,87.9,Latin America and Caribbean,High income,Outdated (>10 years),12,ANC 4+ Visits,Services & Programme Coverage
BRB,Barbados,MNCH_SAB,"Skilled birth attendance, %",Layer 2: Underlying Determinants,2024,99.3,Latin America and Caribbean,High income,Recent (≤5 years),0,Skilled Birth Attendance,Services & Programme Coverage
BRB,Barbados,NT_BF_EIBF,"Early initiation of breastfeeding within 1 hour, %",Layer 2: Underlying Determinants,2012,40.2905,Latin America and Caribbean,High income,Outdated (>10 years),12,Early Initiation of BF,Diets & Care (IYCF)
BRB,Barbados,NT_BF_EXBF,"Exclusive breastfeeding <6 months, %",Layer 1: Nutrition Outcomes,2012,19.6969,Latin America and Caribbean,High income,Outdated (>10 years),12,Exclusive BF <6m,Diets & Care (IYCF)
BRB,Barbados,NT_CF_MMF,"Minimum meal frequency (6-23 months), %",Layer 2: Underlying Determinants,2012,58.4839,Latin America and Caribbean,High income,Outdated (>10 years),12,Minimum Meal Frequency,Diets & Care (IYCF)
BRN,Brunei Darussalam,IM_DTP3,"DTP3 immunisation coverage, % (proxy for health system reach)",Layer 2: Underlying Determinants,2024,99.0,East Asia and Pacific,High income,Recent (≤5 years),0,DTP3 Immunisation,Services & Programme Coverage
BRN,Brunei Darussalam,MNCH_ANC4,"ANC 4+ visits coverage, %",Layer 2: Underlying Determinants,2012,93.2,East Asia and Pacific,High income,Outdated (>10 years),12,ANC 4+ Visits,Services & Programme Coverage
BRN,Brunei Darussalam,MNCH_SAB,"Skilled birth attendance, %",Layer 2: Underlying Determinants,2023,99.6,East Asia and Pacific,High income,Recent (≤5 years),1,Skilled Birth Attendance,Services & Programme Coverage
BTN,Bhutan,IM_DTP3,"DTP3 immunisation coverage, % (proxy for health system reach)",Layer 2: Underlying Determinants,2024,98.0,South Asia,Lower middle income,Recent (≤5 years),0,DTP3 Immunisation,Services & Programme Coverage
BTN,Bhutan,MNCH_ANC4,"ANC 4+ visits coverage, %",Layer 2: Underlying Determinants,2023,87.2,South Asia,Lower middle income,Recent (≤5 years),1,ANC 4+ Visits,Services & Programme Coverage
BTN,Bhutan,MNCH_SAB,"Skilled birth attendance, %",Layer 2: Underlying Determinants,2023,98.5,South Asia,Lower middle income,Recent (≤5 years),1,Skilled Birth Attendance,Services & Programme Coverage
BTN,Bhutan,NT_BF_EIBF,"Early initiation of breastfeeding within 1 hour, %",Layer 2: Underlying Determinants,2023,81.8,South Asia,Lower middle income,Recent (≤5 years),1,Early Initiation of BF,Diets & Care (IYCF)
BTN,Bhutan,NT_BF_EXBF,"Exclusive breastfeeding <6 months, %",Layer 1: Nutrition Outcomes,2023,69.4,South Asia,Lower middle income,Recent (≤5 years),1,Exclusive BF <6m,Diets & Care (IYCF)
BTN,Bhutan,NT_CF_MDD,"Minimum dietary diversity >=5/8 food groups (6-23 months), %",Layer 2: Underlying Determinants,2015,15.5002,South Asia,Lower middle income,Dated (6-10 years),9,Minimum Dietary Diversity,Diets & Care (IYCF)
BTN,Bhutan,NT_CF_MMF,"Minimum meal frequency (6-23 months), %",Layer 2: Underlying Determinants,2010,62.5084,South Asia,Lower middle income,Outdated (>10 years),14,Minimum Meal Frequency,Diets & Care (IYCF)
BWA,Botswana,IM_DTP3,"DTP3 immunisation coverage, % (proxy for health system reach)",Layer 2: Underlying Determinants,2024,95.0,Sub-Saharan Africa,Upper middle income,Recent (≤5 years),0,DTP3 Immunisation,Services & Programme Coverage
BWA,Botswana,MNCH_ANC4,"ANC 4+ visits coverage, %",Layer 2: Underlying Determinants,2007,73.3,Sub-Saharan Africa,Upper middle income,Outdated (>10 years),17,ANC 4+ Visits,Services & Programme Coverage
BWA,Botswana,MNCH_SAB,"Skilled birth attendance, %",Layer 2: Underlying Determinants,2021,99.8,Sub-Saharan Africa,Upper middle income,Recent (≤5 years),3,Skilled Birth Attendance,Services & Programme Coverage
BWA,Botswana,NT_BF_EIBF,"Early initiation of breastfeeding within 1 hour, %",Layer 2: Underlying Determinants,2017,52.8209,Sub-Saharan Africa,Upper middle income,Dated (6-10 years),7,Early Initiation of BF,Diets & Care (IYCF)
BWA,Botswana,NT_BF_EXBF,"Exclusive breastfeeding <6 months, %",Layer 1: Nutrition Outcomes,2017,29.9944,Sub-Saharan Africa,Upper middle income,Dated (6-10 years),7,Exclusive BF <6m,Diets & Care (IYCF)
CAF,Central African Republic,IM_DTP3,"DTP3 immunisation coverage, % (proxy for health system reach)",Layer 2: Underlying Determinants,2024,42.0,Sub-Saharan Africa,Low income,Recent (≤5 years),0,DTP3 Immunisation,Services & Programme Coverage
CAF,Central African Republic,MNCH_ANC4,"ANC 4+ visits coverage, %",Layer 2: Underlying Determinants,2019,41.4,Sub-Saharan Africa,Low income,Recent (≤5 years),5,ANC 4+ Visits,Services & Programme Coverage
CAF,Central African Republic,MNCH_SAB,"Skilled birth attendance, %",Layer 2: Underlying Determinants,2019,40.3,Sub-Saharan Africa,Low income,Recent (≤5 years),5,Skilled Birth Attendance,Services & Programme Coverage
CAF,Central African Republic,NT_BF_EIBF,"Early initiation of breastfeeding within 1 hour, %",Layer 2: Underlying Determinants,2022,62.5,Sub-Saharan Africa,Low income,Recent (≤5 years),2,Early Initiation of BF,Diets & Care (IYCF)
CAF,Central African Republic,NT_BF_EXBF,"Exclusive breastfeeding <6 months, %",Layer 1: Nutrition Outcomes,2019,36.1522,Sub-Saharan Africa,Low income,Recent (≤5 years),5,Exclusive BF <6m,Diets & Care (IYCF)
CAF,Central African Republic,NT_CF_MAD,"Minimum acceptable diet (6-23 months), %",Layer 2: Underlying Determinants,2010,8.5664,Sub-Saharan Africa,Low income,Outdated (>10 years),14,Minimum Acceptable Diet,Diets & Care (IYCF)
CAF,Central African Republic,NT_CF_MDD,"Minimum dietary diversity >=5/8 food groups (6-23 months), %",Layer 2: Underlying Determinants,2010,26.6005,Sub-Saharan Africa,Low income,Outdated (>10 years),14,Minimum Dietary Diversity,Diets & Care (IYCF)
CAF,Central African Republic,NT_CF_MMF,"Minimum meal frequency (6-23 months), %",Layer 2: Underlying Determinants,2022,11.3,Sub-Saharan Africa,Low income,Recent (≤5 years),2,Minimum Meal Frequency,Diets & Care (IYCF)
CAN,Canada,IM_DTP3,"DTP3 immunisation coverage, % (proxy for health system reach)",Layer 2: Underlying Determinants,2024,92.0,North America,High income,Recent (≤5 years),0,DTP3 Immunisation,Services & Programme Coverage
CAN,Canada,MNCH_ANC4,"ANC 4+ visits coverage, %",Layer 2: Underlying Determinants,2007,99.0,North America,High income,Outdated (>10 years),17,ANC 4+ Visits,Services & Programme Coverage
CAN,Canada,MNCH_SAB,"Skilled birth attendance, %",Layer 2: Underlying Determinants,2023,97.8,North America,High income,Recent (≤5 years),1,Skilled Birth Attendance,Services & Programme Coverage
CHE,Switzerland,IM_DTP3,"DTP3 immunisation coverage, % (proxy for health system reach)",Layer 2: Underlying Determinants,2024,96.0,Europe and Central Asia,High income,Recent (≤5 years),0,DTP3 Immunisation,Services & Programme Coverage
CHL,Chile,IM_DTP3,"DTP3 immunisation coverage, % (proxy for health system reach)",Layer 2: Underlying Determinants,2024,95.0,Latin America and Caribbean,High income,Recent (≤5 years),0,DTP3 Immunisation,Services & Programme Coverage
CHL,Chile,MNCH_SAB,"Skilled birth attendance, %",Layer 2: Underlying Determinants,2022,99.4,Latin America and Caribbean,High income,Recent (≤5 years),2,Skilled Birth Attendance,Services & Programme Coverage
CHN,China,IM_DTP3,"DTP3 immunisation coverage, % (proxy for health system reach)",Layer 2: Underlying Determinants,2024,97.0,East Asia and Pacific,Upper middle income,Recent (≤5 years),0,DTP3 Immunisation,Services & Programme Coverage
CHN,China,MNCH_ANC4,"ANC 4+ visits coverage, %",Layer 2: Underlying Determinants,2018,92.9,East Asia and Pacific,Upper middle income,Dated (6-10 years),6,ANC 4+ Visits,Services & Programme Coverage
CHN,China,MNCH_SAB,"Skilled birth attendance, %",Layer 2: Underlying Determinants,2016,99.9,East Asia and Pacific,Upper middle income,Dated (6-10 years),8,Skilled Birth Attendance,Services & Programme Coverage
CHN,China,NT_BF_EIBF,"Early initiation of breastfeeding within 1 hour, %",Layer 2: Underlying Determinants,2013,28.7,East Asia and Pacific,Upper middle income,Outdated (>10 years),11,Early Initiation of BF,Diets & Care (IYCF)
CHN,China,NT_BF_EXBF,"Exclusive breastfeeding <6 months, %",Layer 1: Nutrition Outcomes,2017,35.1,East Asia and Pacific,Upper middle income,Dated (6-10 years),7,Exclusive BF <6m,Diets & Care (IYCF)
CHN,China,NT_CF_MAD,"Minimum acceptable diet (6-23 months), %",Layer 2: Underlying Determinants,2017,43.4,East Asia and Pacific,Upper middle income,Dated (6-10 years),7,Minimum Acceptable Diet,Diets & Care (IYCF)
CHN,China,NT_CF_MDD,"Minimum dietary diversity >=5/8 food groups (6-23 months), %",Layer 2: Underlying Determinants,2017,60.6,East Asia and Pacific,Upper middle income,Dated (6-10 years),7,Minimum Dietary Diversity,Diets & Care (IYCF)
CHN,China,NT_CF_MMF,"Minimum meal frequency (6-23 months), %",Layer 2: Underlying Determinants,2017,72.4,East Asia and Pacific,Upper middle income,Dated (6-10 years),7,Minimum Meal Frequency,Diets & Care (IYCF)
CIV,Côte d'Ivoire,IM_DTP3,"DTP3 immunisation coverage, % (proxy for health system reach)",Layer 2: Underlying Determinants,2024,77.0,Sub-Saharan Africa,Lower middle income,Recent (≤5 years),0,DTP3 Immunisation,Services & Programme Coverage
CIV,Côte d'Ivoire,MNCH_ANC4,"ANC 4+ visits coverage, %",Layer 2: Underlying Determinants,2021,56.3,Sub-Saharan Africa,Lower middle income,Recent (≤5 years),3,ANC 4+ Visits,Services & Programme Coverage
CIV,Côte d'Ivoire,MNCH_SAB,"Skilled birth attendance, %",Layer 2: Underlying Determinants,2021,84.1,Sub-Saharan Africa,Lower middle income,Recent (≤5 years),3,Skilled Birth Attendance,Services & Programme Coverage
CIV,Côte d'Ivoire,NT_BF_EIBF,"Early initiation of breastfeeding within 1 hour, %",Layer 2: Underlying Determinants,2021,42.3316,Sub-Saharan Africa,Lower middle income,Recent (≤5 years),3,Early Initiation of BF,Diets & Care (IYCF)
CIV,Côte d'Ivoire,NT_BF_EXBF,"Exclusive breastfeeding <6 months, %",Layer 1: Nutrition Outcomes,2021,33.9636,Sub-Saharan Africa,Lower middle income,Recent (≤5 years),3,Exclusive BF <6m,Diets & Care (IYCF)
CIV,Côte d'Ivoire,NT_CF_MAD,"Minimum acceptable diet (6-23 months), %",Layer 2: Underlying Determinants,2021,11.098,Sub-Saharan Africa,Lower middle income,Recent (≤5 years),3,Minimum Acceptable Diet,Diets & Care (IYCF)
CIV,Côte d'Ivoire,NT_CF_MDD,"Minimum dietary diversity >=5/8 food groups (6-23 months), %",Layer 2: Underlying Determinants,2021,28.3858,Sub-Saharan Africa,Lower middle income,Recent (≤5 years),3,Minimum Dietary Diversity,Diets & Care (IYCF)
CIV,Côte d'Ivoire,NT_CF_MMF,"Minimum meal frequency (6-23 months), %",Layer 2: Underlying Determinants,2021,28.6077,Sub-Saharan Africa,Lower middle income,Recent (≤5 years),3,Minimum Meal Frequency,Diets & Care (IYCF)
CMR,Cameroon,IM_DTP3,"DTP3 immunisation coverage, % (proxy for health system reach)",Layer 2: Underlying Determinants,2024,77.0,Sub-Saharan Africa,Lower middle income,Recent (≤5 years),0,DTP3 Immunisation,Services & Programme Coverage
CMR,Cameroon,MNCH_ANC4,"ANC 4+ visits coverage, %",Layer 2: Underlying Determinants,2022,64.6,Sub-Saharan Africa,Lower middle income,Recent (≤5 years),2,ANC 4+ Visits,Services & Programme Coverage
CMR,Cameroon,MNCH_SAB,"Skilled birth attendance, %",Layer 2: Underlying Determinants,2018,69.0,Sub-Saharan Africa,Lower middle income,Dated (6-10 years),6,Skilled Birth Attendance,Services & Programme Coverage
CMR,Cameroon,NT_BF_EIBF,"Early initiation of breastfeeding within 1 hour, %",Layer 2: Underlying Determinants,2018,48.3787,Sub-Saharan Africa,Lower middle income,Dated (6-10 years),6,Early Initiation of BF,Diets & Care (IYCF)
CMR,Cameroon,NT_BF_EXBF,"Exclusive breastfeeding <6 months, %",Layer 1: Nutrition Outcomes,2018,39.4132,Sub-Saharan Africa,Lower middle income,Dated (6-10 years),6,Exclusive BF <6m,Diets & Care (IYCF)
CMR,Cameroon,NT_CF_MAD,"Minimum acceptable diet (6-23 months), %",Layer 2: Underlying Determinants,2018,10.4706,Sub-Saharan Africa,Lower middle income,Dated (6-10 years),6,Minimum Acceptable Diet,Diets & Care (IYCF)
CMR,Cameroon,NT_CF_MDD,"Minimum dietary diversity >=5/8 food groups (6-23 months), %",Layer 2: Underlying Determinants,2018,19.7696,Sub-Saharan Africa,Lower middle income,Dated (6-10 years),6,Minimum Dietary Diversity,Diets & Care (IYCF)
CMR,Cameroon,NT_CF_MMF,"Minimum meal frequency (6-23 months), %",Layer 2: Underlying Determinants,2018,43.589,Sub-Saharan Africa,Lower middle income,Dated (6-10 years),6,Minimum Meal Frequency,Diets & Care (IYCF)
COD,Democratic Republic of the Congo,IM_DTP3,"DTP3 immunisation coverage, % (proxy for health system reach)",Layer 2: Underlying Determinants,2024,65.0,Sub-Saharan Africa,Low income,Recent (≤5 years),0,DTP3 Immunisation,Services & Programme Coverage
COD,Democratic Republic of the Congo,MNCH_ANC4,"ANC 4+ visits coverage, %",Layer 2: Underlying Determinants,2024,44.9,Sub-Saharan Africa,Low income,Recent (≤5 years),0,ANC 4+ Visits,Services & Programme Coverage
COD,Democratic Republic of the Congo,MNCH_SAB,"Skilled birth attendance, %",Layer 2: Underlying Determinants,2024,85.0,Sub-Saharan Africa,Low income,Recent (≤5 years),0,Skilled Birth Attendance,Services & Programme Coverage
COD,Democratic Republic of the Congo,NT_BF_EIBF,"Early initiation of breastfeeding within 1 hour, %",Layer 2: Underlying Determinants,2023,53.207,Sub-Saharan Africa,Low income,Recent (≤5 years),1,Early Initiation of BF,Diets & Care (IYCF)
COD,Democratic Republic of the Congo,NT_BF_EXBF,"Exclusive breastfeeding <6 months, %",Layer 1: Nutrition Outcomes,2023,52.2599,Sub-Saharan Africa,Low income,Recent (≤5 years),1,Exclusive BF <6m,Diets & Care (IYCF)
COD,Democratic Republic of the Congo,NT_CF_MAD,"Minimum acceptable diet (6-23 months), %",Layer 2: Underlying Determinants,2023,5.4152,Sub-Saharan Africa,Low income,Recent (≤5 years),1,Minimum Acceptable Diet,Diets & Care (IYCF)
COD,Democratic Republic of the Congo,NT_CF_MDD,"Minimum dietary diversity >=5/8 food groups (6-23 months), %",Layer 2: Underlying Determinants,2023,13.9271,Sub-Saharan Africa,Low income,Recent (≤5 years),1,Minimum Dietary Diversity,Diets & Care (IYCF)
COD,Democratic Republic of the Congo,NT_CF_MMF,"Minimum meal frequency (6-23 months), %",Layer 2: Underlying Determinants,2023,24.4173,Sub-Saharan Africa,Low income,Recent (≤5 years),1,Minimum Meal Frequency,Diets & Care (IYCF)
COG,Congo,IM_DTP3,"DTP3 immunisation coverage, % (proxy for health system reach)",Layer 2: Underlying Determinants,2024,78.0,Sub-Saharan Africa,Lower middle income,Recent (≤5 years),0,DTP3 Immunisation,Services & Programme Coverage
COG,Congo,MNCH_ANC4,"ANC 4+ visits coverage, %",Layer 2: Underlying Determinants,2015,79.0,Sub-Saharan Africa,Lower middle income,Dated (6-10 years),9,ANC 4+ Visits,Services & Programme Coverage
COG,Congo,MNCH_SAB,"Skilled birth attendance, %",Layer 2: Underlying Determinants,2015,94.4,Sub-Saharan Africa,Lower middle income,Dated (6-10 years),9,Skilled Birth Attendance,Services & Programme Coverage
COG,Congo,NT_BF_EIBF,"Early initiation of breastfeeding within 1 hour, %",Layer 2: Underlying Determinants,2014,25.2739,Sub-Saharan Africa,Lower middle income,Dated (6-10 years),10,Early Initiation of BF,Diets & Care (IYCF)
COG,Congo,NT_BF_EXBF,"Exclusive breastfeeding <6 months, %",Layer 1: Nutrition Outcomes,2014,32.8551,Sub-Saharan Africa,Lower middle income,Dated (6-10 years),10,Exclusive BF <6m,Diets & Care (IYCF)
COG,Congo,NT_CF_MAD,"Minimum acceptable diet (6-23 months), %",Layer 2: Underlying Determinants,2014,4.4472,Sub-Saharan Africa,Lower middle income,Dated (6-10 years),10,Minimum Acceptable Diet,Diets & Care (IYCF)
COG,Congo,NT_CF_MDD,"Minimum dietary diversity >=5/8 food groups (6-23 months), %",Layer 2: Underlying Determinants,2014,13.7475,Sub-Saharan Africa,Lower middle income,Dated (6-10 years),10,Minimum Dietary Diversity,Diets & Care (IYCF)
COG,Congo,NT_CF_MMF,"Minimum meal frequency (6-23 months), %",Layer 2: Underlying Determinants,2014,28.9516,Sub-Saharan Africa,Lower middle income,Dated (6-10 years),10,Minimum Meal Frequency,Diets & Care (IYCF)
COK,Cook Islands,IM_DTP3,"DTP3 immunisation coverage, % (proxy for health system reach)",Layer 2: Underlying Determinants,2024,75.0,,,Recent (≤5 years),0,DTP3 Immunisation,Services & Programme Coverage
COK,Cook Islands,MNCH_SAB,"Skilled birth attendance, %",Layer 2: Underlying Determinants,2009,100.0,,,Outdated (>10 years),15,Skilled Birth Attendance,Services & Programme Coverage
COL,Colombia,IM_DTP3,"DTP3 immunisation coverage, % (proxy for health system reach)",Layer 2: Underlying Determinants,2024,89.0,Latin America and Caribbean,Upper middle income,Recent (≤5 years),0,DTP3 Immunisation,Services & Programme Coverage
COL,Colombia,MNCH_ANC4,"ANC 4+ visits coverage, %",Layer 2: Underlying Determinants,2016,89.8,Latin America and Caribbean,Upper middle income,Dated (6-10 years),8,ANC 4+ Visits,Services & Programme Coverage
COL,Colombia,MNCH_SAB,"Skilled birth attendance, %",Layer 2: Underlying Determinants,2023,97.8,Latin America and Caribbean,Upper middle income,Recent (≤5 years),1,Skilled Birth Attendance,Services & Programme Coverage
COL,Colombia,NT_BF_EIBF,"Early initiation of breastfeeding within 1 hour, %",Layer 2: Underlying Determinants,2016,68.5278,Latin America and Caribbean,Upper middle income,Dated (6-10 years),8,Early Initiation of BF,Diets & Care (IYCF)
COL,Colombia,NT_BF_EXBF,"Exclusive breastfeeding <6 months, %",Layer 1: Nutrition Outcomes,2016,36.673,Latin America and Caribbean,Upper middle income,Dated (6-10 years),8,Exclusive BF <6m,Diets & Care (IYCF)
COL,Colombia,NT_CF_MAD,"Minimum acceptable diet (6-23 months), %",Layer 2: Underlying Determinants,2016,42.4151,Latin America and Caribbean,Upper middle income,Dated (6-10 years),8,Minimum Acceptable Diet,Diets & Care (IYCF)
COL,Colombia,NT_CF_MDD,"Minimum dietary diversity >=5/8 food groups (6-23 months), %",Layer 2: Underlying Determinants,2010,62.717,Latin America and Caribbean,Upper middle income,Outdated (>10 years),14,Minimum Dietary Diversity,Diets & Care (IYCF)
COL,Colombia,NT_CF_MMF,"Minimum meal frequency (6-23 months), %",Layer 2: Underlying Determinants,2016,60.3404,Latin America and Caribbean,Upper middle income,Dated (6-10 years),8,Minimum Meal Frequency,Diets & Care (IYCF)
COM,Comoros,IM_DTP3,"DTP3 immunisation coverage, % (proxy for health system reach)",Layer 2: Underlying Determinants,2024,75.0,Sub-Saharan Africa,Lower middle income,Recent (≤5 years),0,DTP3 Immunisation,Services & Programme Coverage
COM,Comoros,MNCH_ANC4,"ANC 4+ visits coverage, %",Layer 2: Underlying Determinants,2022,64.3,Sub-Saharan Africa,Lower middle income,Recent (≤5 years),2,ANC 4+ Visits,Services & Programme Coverage
COM,Comoros,MNCH_SAB,"Skilled birth attendance, %",Layer 2: Underlying Determinants,2022,97.2,Sub-Saharan Africa,Lower middle income,Recent (≤5 years),2,Skilled Birth Attendance,Services & Programme Coverage
COM,Comoros,NT_BF_EIBF,"Early initiation of breastfeeding within 1 hour, %",Layer 2: Underlying Determinants,2022,16.7775,Sub-Saharan Africa,Lower middle income,Recent (≤5 years),2,Early Initiation of BF,Diets & Care (IYCF)
COM,Comoros,NT_BF_EXBF,"Exclusive breastfeeding <6 months, %",Layer 1: Nutrition Outcomes,2022,22.5729,Sub-Saharan Africa,Lower middle income,Recent (≤5 years),2,Exclusive BF <6m,Diets & Care (IYCF)
COM,Comoros,NT_CF_MAD,"Minimum acceptable diet (6-23 months), %",Layer 2: Underlying Determinants,2012,5.2077,Sub-Saharan Africa,Lower middle income,Outdated (>10 years),12,Minimum Acceptable Diet,Diets & Care (IYCF)
COM,Comoros,NT_CF_MDD,"Minimum dietary diversity >=5/8 food groups (6-23 months), %",Layer 2: Underlying Determinants,2022,16.1459,Sub-Saharan Africa,Lower middle income,Recent (≤5 years),2,Minimum Dietary Diversity,Diets & Care (IYCF)
COM,Comoros,NT_CF_MMF,"Minimum meal frequency (6-23 months), %",Layer 2: Underlying Determinants,2012,27.813,Sub-Saharan Africa,Lower middle income,Outdated (>10 years),12,Minimum Meal Frequency,Diets & Care (IYCF)
CPV,Cabo Verde,IM_DTP3,"DTP3 immunisation coverage, % (proxy for health system reach)",Layer 2: Underlying Determinants,2024,93.0,Sub-Saharan Africa,Lower middle income,Recent (≤5 years),0,DTP3 Immunisation,Services & Programme Coverage
CPV,Cabo Verde,MNCH_ANC4,"ANC 4+ visits coverage, %",Layer 2: Underlying Determinants,2018,85.6,Sub-Saharan Africa,Lower middle income,Dated (6-10 years),6,ANC 4+ Visits,Services & Programme Coverage
CPV,Cabo Verde,MNCH_SAB,"Skilled birth attendance, %",Layer 2: Underlying Determinants,2022,98.4,Sub-Saharan Africa,Lower middle income,Recent (≤5 years),2,Skilled Birth Attendance,Services & Programme Coverage
CPV,Cabo Verde,NT_BF_EIBF,"Early initiation of breastfeeding within 1 hour, %",Layer 2: Underlying Determinants,2018,71.1,Sub-Saharan Africa,Lower middle income,Dated (6-10 years),6,Early Initiation of BF,Diets & Care (IYCF)
CPV,Cabo Verde,NT_BF_EXBF,"Exclusive breastfeeding <6 months, %",Layer 1: Nutrition Outcomes,2018,41.8,Sub-Saharan Africa,Lower middle income,Dated (6-10 years),6,Exclusive BF <6m,Diets & Care (IYCF)
CRI,Costa Rica,IM_DTP3,"DTP3 immunisation coverage, % (proxy for health system reach)",Layer 2: Underlying Determinants,2024,99.0,Latin America and Caribbean,Upper middle income,Recent (≤5 years),0,DTP3 Immunisation,Services & Programme Coverage
CRI,Costa Rica,MNCH_ANC4,"ANC 4+ visits coverage, %",Layer 2: Underlying Determinants,2018,94.1,Latin America and Caribbean,Upper middle income,Dated (6-10 years),6,ANC 4+ Visits,Services & Programme Coverage
CRI,Costa Rica,MNCH_SAB,"Skilled birth attendance, %",Layer 2: Underlying Determinants,2023,98.9,Latin America and Caribbean,Upper middle income,Recent (≤5 years),1,Skilled Birth Attendance,Services & Programme Coverage
CRI,Costa Rica,NT_BF_EIBF,"Early initiation of breastfeeding within 1 hour, %",Layer 2: Underlying Determinants,2018,52.924,Latin America and Caribbean,Upper middle income,Dated (6-10 years),6,Early Initiation of BF,Diets & Care (IYCF)
CRI,Costa Rica,NT_BF_EXBF,"Exclusive breastfeeding <6 months, %",Layer 1: Nutrition Outcomes,2018,25.2885,Latin America and Caribbean,Upper middle income,Dated (6-10 years),6,Exclusive BF <6m,Diets & Care (IYCF)
CRI,Costa Rica,NT_CF_MDD,"Minimum dietary diversity >=5/8 food groups (6-23 months), %",Layer 2: Underlying Determinants,2018,75.6718,Latin America and Caribbean,Upper middle income,Dated (6-10 years),6,Minimum Dietary Diversity,Diets & Care (IYCF)
CRI,Costa Rica,NT_CF_MMF,"Minimum meal frequency (6-23 months), %",Layer 2: Underlying Determinants,2011,75.5236,Latin America and Caribbean,Upper middle income,Outdated (>10 years),13,Minimum Meal Frequency,Diets & Care (IYCF)
CUB,Cuba,IM_DTP3,"DTP3 immunisation coverage, % (proxy for health system reach)",Layer 2: Underlying Determinants,2024,99.0,Latin America and Caribbean,Upper middle income,Recent (≤5 years),0,DTP3 Immunisation,Services & Programme Coverage
CUB,Cuba,MNCH_ANC4,"ANC 4+ visits coverage, %",Layer 2: Underlying Determinants,2019,79.3,Latin America and Caribbean,Upper middle income,Recent (≤5 years),5,ANC 4+ Visits,Services & Programme Coverage
CUB,Cuba,MNCH_SAB,"Skilled birth attendance, %",Layer 2: Underlying Determinants,2024,99.8,Latin America and Caribbean,Upper middle income,Recent (≤5 years),0,Skilled Birth Attendance,Services & Programme Coverage
CUB,Cuba,NT_BF_EIBF,"Early initiation of breastfeeding within 1 hour, %",Layer 2: Underlying Determinants,2019,64.1126,Latin America and Caribbean,Upper middle income,Recent (≤5 years),5,Early Initiation of BF,Diets & Care (IYCF)
CUB,Cuba,NT_BF_EXBF,"Exclusive breastfeeding <6 months, %",Layer 1: Nutrition Outcomes,2019,40.5533,Latin America and Caribbean,Upper middle income,Recent (≤5 years),5,Exclusive BF <6m,Diets & Care (IYCF)
CUB,Cuba,NT_CF_MAD,"Minimum acceptable diet (6-23 months), %",Layer 2: Underlying Determinants,2014,54.2438,Latin America and Caribbean,Upper middle income,Dated (6-10 years),10,Minimum Acceptable Diet,Diets & Care (IYCF)
CUB,Cuba,NT_CF_MDD,"Minimum dietary diversity >=5/8 food groups (6-23 months), %",Layer 2: Underlying Determinants,2019,57.9257,Latin America and Caribbean,Upper middle income,Recent (≤5 years),5,Minimum Dietary Diversity,Diets & Care (IYCF)
CUB,Cuba,NT_CF_MMF,"Minimum meal frequency (6-23 months), %",Layer 2: Underlying Determinants,2014,76.1211,Latin America and Caribbean,Upper middle income,Dated (6-10 years),10,Minimum Meal Frequency,Diets & Care (IYCF)
CYP,Cyprus,IM_DTP3,"DTP3 immunisation coverage, % (proxy for health system reach)",Layer 2: Underlying Determinants,2024,94.0,Europe and Central Asia,High income,Recent (≤5 years),0,DTP3 Immunisation,Services & Programme Coverage
CYP,Cyprus,MNCH_SAB,"Skilled birth attendance, %",Layer 2: Underlying Determinants,2021,99.9,Europe and Central Asia,High income,Recent (≤5 years),3,Skilled Birth Attendance,Services & Programme Coverage
CZE,Czechia,IM_DTP3,"DTP3 immunisation coverage, % (proxy for health system reach)",Layer 2: Underlying Determinants,2024,86.0,Europe and Central Asia,High income,Recent (≤5 years),0,DTP3 Immunisation,Services & Programme Coverage
CZE,Czechia,MNCH_SAB,"Skilled birth attendance, %",Layer 2: Underlying Determinants,2017,99.8,Europe and Central Asia,High income,Dated (6-10 years),7,Skilled Birth Attendance,Services & Programme Coverage
DEU,Germany,IM_DTP3,"DTP3 immunisation coverage, % (proxy for health system reach)",Layer 2: Underlying Determinants,2024,89.0,Europe and Central Asia,High income,Recent (≤5 years),0,DTP3 Immunisation,Services & Programme Coverage
DEU,Germany,MNCH_ANC4,"ANC 4+ visits coverage, %",Layer 2: Underlying Determinants,2014,99.3,Europe and Central Asia,High income,Dated (6-10 years),10,ANC 4+ Visits,Services & Programme Coverage
DEU,Germany,MNCH_SAB,"Skilled birth attendance, %",Layer 2: Underlying Determinants,2023,96.4,Europe and Central Asia,High income,Recent (≤5 years),1,Skilled Birth Attendance,Services & Programme Coverage
DJI,Djibouti,IM_DTP3,"DTP3 immunisation coverage, % (proxy for health system reach)",Layer 2: Underlying Determinants,2024,77.0,Middle East and North Africa,Lower middle income,Recent (≤5 years),0,DTP3 Immunisation,Services & Programme Coverage
DJI,Djibouti,MNCH_ANC4,"ANC 4+ visits coverage, %",Layer 2: Underlying Determinants,2012,22.6,Middle East and North Africa,Lower middle income,Outdated (>10 years),12,ANC 4+ Visits,Services & Programme Coverage
DJI,Djibouti,MNCH_SAB,"Skilled birth attendance, %",Layer 2: Underlying Determinants,2012,87.4,Middle East and North Africa,Lower middle income,Outdated (>10 years),12,Skilled Birth Attendance,Services & Programme Coverage
DJI,Djibouti,NT_BF_EIBF,"Early initiation of breastfeeding within 1 hour, %",Layer 2: Underlying Determinants,2012,52.0,Middle East and North Africa,Lower middle income,Outdated (>10 years),12,Early Initiation of BF,Diets & Care (IYCF)
DJI,Djibouti,NT_BF_EXBF,"Exclusive breastfeeding <6 months, %",Layer 1: Nutrition Outcomes,2012,12.4,Middle East and North Africa,Lower middle income,Outdated (>10 years),12,Exclusive BF <6m,Diets & Care (IYCF)
DMA,Dominica,IM_DTP3,"DTP3 immunisation coverage, % (proxy for health system reach)",Layer 2: Underlying Determinants,2024,90.0,Latin America and Caribbean,Upper middle income,Recent (≤5 years),0,DTP3 Immunisation,Services & Programme Coverage
DMA,Dominica,MNCH_SAB,"Skilled birth attendance, %",Layer 2: Underlying Determinants,2024,100.0,Latin America and Caribbean,Upper middle income,Recent (≤5 years),0,Skilled Birth Attendance,Services & Programme Coverage
DNK,Denmark,IM_DTP3,"DTP3 immunisation coverage, % (proxy for health system reach)",Layer 2: Underlying Determinants,2024,96.0,Europe and Central Asia,High income,Recent (≤5 years),0,DTP3 Immunisation,Services & Programme Coverage
DNK,Denmark,MNCH_SAB,"Skilled birth attendance, %",Layer 2: Underlying Determinants,2024,96.9,Europe and Central Asia,High income,Recent (≤5 years),0,Skilled Birth Attendance,Services & Programme Coverage
DOM,Dominican Republic,IM_DTP3,"DTP3 immunisation coverage, % (proxy for health system reach)",Layer 2: Underlying Determinants,2024,87.0,Latin America and Caribbean,Upper middle income,Recent (≤5 years),0,DTP3 Immunisation,Services & Programme Coverage
DOM,Dominican Republic,MNCH_ANC4,"ANC 4+ visits coverage, %",Layer 2: Underlying Determinants,2019,92.6,Latin America and Caribbean,Upper middle income,Recent (≤5 years),5,ANC 4+ Visits,Services & Programme Coverage
DOM,Dominican Republic,MNCH_SAB,"Skilled birth attendance, %",Layer 2: Underlying Determinants,2023,99.9,Latin America and Caribbean,Upper middle income,Recent (≤5 years),1,Skilled Birth Attendance,Services & Programme Coverage
DOM,Dominican Republic,NT_BF_EIBF,"Early initiation of breastfeeding within 1 hour, %",Layer 2: Underlying Determinants,2019,41.5806,Latin America and Caribbean,Upper middle income,Recent (≤5 years),5,Early Initiation of BF,Diets & Care (IYCF)
DOM,Dominican Republic,NT_BF_EXBF,"Exclusive breastfeeding <6 months, %",Layer 1: Nutrition Outcomes,2019,15.8444,Latin America and Caribbean,Upper middle income,Recent (≤5 years),5,Exclusive BF <6m,Diets & Care (IYCF)
DOM,Dominican Republic,NT_CF_MAD,"Minimum acceptable diet (6-23 months), %",Layer 2: Underlying Determinants,2014,42.3262,Latin America and Caribbean,Upper middle income,Dated (6-10 years),10,Minimum Acceptable Diet,Diets & Care (IYCF)
DOM,Dominican Republic,NT_CF_MDD,"Minimum dietary diversity >=5/8 food groups (6-23 months), %",Layer 2: Underlying Determinants,2019,65.7719,Latin America and Caribbean,Upper middle income,Recent (≤5 years),5,Minimum Dietary Diversity,Diets & Care (IYCF)
DOM,Dominican Republic,NT_CF_MMF,"Minimum meal frequency (6-23 months), %",Layer 2: Underlying Determinants,2014,76.6361,Latin America and Caribbean,Upper middle income,Dated (6-10 years),10,Minimum Meal Frequency,Diets & Care (IYCF)
DZA,Algeria,IM_DTP3,"DTP3 immunisation coverage, % (proxy for health system reach)",Layer 2: Underlying Determinants,2024,92.0,Middle East and North Africa,Lower middle income,Recent (≤5 years),0,DTP3 Immunisation,Services & Programme Coverage
DZA,Algeria,MNCH_ANC4,"ANC 4+ visits coverage, %",Layer 2: Underlying Determinants,2019,69.8,Middle East and North Africa,Lower middle income,Recent (≤5 years),5,ANC 4+ Visits,Services & Programme Coverage
DZA,Algeria,MNCH_SAB,"Skilled birth attendance, %",Layer 2: Underlying Determinants,2019,98.8,Middle East and North Africa,Lower middle income,Recent (≤5 years),5,Skilled Birth Attendance,Services & Programme Coverage
DZA,Algeria,NT_BF_EIBF,"Early initiation of breastfeeding within 1 hour, %",Layer 2: Underlying Determinants,2019,32.7338,Middle East and North Africa,Lower middle income,Recent (≤5 years),5,Early Initiation of BF,Diets & Care (IYCF)
DZA,Algeria,NT_BF_EXBF,"Exclusive breastfeeding <6 months, %",Layer 1: Nutrition Outcomes,2019,28.6316,Middle East and North Africa,Lower middle income,Recent (≤5 years),5,Exclusive BF <6m,Diets & Care (IYCF)
DZA,Algeria,NT_CF_MAD,"Minimum acceptable diet (6-23 months), %",Layer 2: Underlying Determinants,2019,19.156,Middle East and North Africa,Lower middle income,Recent (≤5 years),5,Minimum Acceptable Diet,Diets & Care (IYCF)
DZA,Algeria,NT_CF_MDD,"Minimum dietary diversity >=5/8 food groups (6-23 months), %",Layer 2: Underlying Determinants,2019,39.3562,Middle East and North Africa,Lower middle income,Recent (≤5 years),5,Minimum Dietary Diversity,Diets & Care (IYCF)
DZA,Algeria,NT_CF_MMF,"Minimum meal frequency (6-23 months), %",Layer 2: Underlying Determinants,2019,46.1141,Middle East and North Africa,Lower middle income,Recent (≤5 years),5,Minimum Meal Frequency,Diets & Care (IYCF)
ECU,Ecuador,IM_DTP3,"DTP3 immunisation coverage, % (proxy for health system reach)",Layer 2: Underlying Determinants,2024,70.0,Latin America and Caribbean,Upper middle income,Recent (≤5 years),0,DTP3 Immunisation,Services & Programme Coverage
ECU,Ecuador,MNCH_ANC4,"ANC 4+ visits coverage, %",Layer 2: Underlying Determinants,2024,89.4,Latin America and Caribbean,Upper middle income,Recent (≤5 years),0,ANC 4+ Visits,Services & Programme Coverage
ECU,Ecuador,MNCH_SAB,"Skilled birth attendance, %",Layer 2: Underlying Determinants,2024,97.2,Latin America and Caribbean,Upper middle income,Recent (≤5 years),0,Skilled Birth Attendance,Services & Programme Coverage
ECU,Ecuador,NT_BF_EIBF,"Early initiation of breastfeeding within 1 hour, %",Layer 2: Underlying Determinants,2024,49.1278,Latin America and Caribbean,Upper middle income,Recent (≤5 years),0,Early Initiation of BF,Diets & Care (IYCF)
ECU,Ecuador,NT_BF_EXBF,"Exclusive breastfeeding <6 months, %",Layer 1: Nutrition Outcomes,2004,39.6,Latin America and Caribbean,Upper middle income,Outdated (>10 years),20,Exclusive BF <6m,Diets & Care (IYCF)
ECU,Ecuador,NT_CF_MAD,"Minimum acceptable diet (6-23 months), %",Layer 2: Underlying Determinants,2024,65.4681,Latin America and Caribbean,Upper middle income,Recent (≤5 years),0,Minimum Acceptable Diet,Diets & Care (IYCF)
ECU,Ecuador,NT_CF_MDD,"Minimum dietary diversity >=5/8 food groups (6-23 months), %",Layer 2: Underlying Determinants,2024,79.7467,Latin America and Caribbean,Upper middle income,Recent (≤5 years),0,Minimum Dietary Diversity,Diets & Care (IYCF)
ECU,Ecuador,NT_CF_MMF,"Minimum meal frequency (6-23 months), %",Layer 2: Underlying Determinants,2024,92.2292,Latin America and Caribbean,Upper middle income,Recent (≤5 years),0,Minimum Meal Frequency,Diets & Care (IYCF)
EGY,Egypt,IM_DTP3,"DTP3 immunisation coverage, % (proxy for health system reach)",Layer 2: Underlying Determinants,2024,97.0,Middle East and North Africa,Lower middle income,Recent (≤5 years),0,DTP3 Immunisation,Services & Programme Coverage
EGY,Egypt,MNCH_ANC4,"ANC 4+ visits coverage, %",Layer 2: Underlying Determinants,2021,89.9,Middle East and North Africa,Lower middle income,Recent (≤5 years),3,ANC 4+ Visits,Services & Programme Coverage
EGY,Egypt,MNCH_SAB,"Skilled birth attendance, %",Layer 2: Underlying Determinants,2021,97.1,Middle East and North Africa,Lower middle income,Recent (≤5 years),3,Skilled Birth Attendance,Services & Programme Coverage
EGY,Egypt,NT_BF_EIBF,"Early initiation of breastfeeding within 1 hour, %",Layer 2: Underlying Determinants,2021,32.9,Middle East and North Africa,Lower middle income,Recent (≤5 years),3,Early Initiation of BF,Diets & Care (IYCF)
EGY,Egypt,NT_BF_EXBF,"Exclusive breastfeeding <6 months, %",Layer 1: Nutrition Outcomes,2021,40.2,Middle East and North Africa,Lower middle income,Recent (≤5 years),3,Exclusive BF <6m,Diets & Care (IYCF)
EGY,Egypt,NT_CF_MAD,"Minimum acceptable diet (6-23 months), %",Layer 2: Underlying Determinants,2021,26.1759,Middle East and North Africa,Lower middle income,Recent (≤5 years),3,Minimum Acceptable Diet,Diets & Care (IYCF)
EGY,Egypt,NT_CF_MDD,"Minimum dietary diversity >=5/8 food groups (6-23 months), %",Layer 2: Underlying Determinants,2021,41.5576,Middle East and North Africa,Lower middle income,Recent (≤5 years),3,Minimum Dietary Diversity,Diets & Care (IYCF)
EGY,Egypt,NT_CF_MMF,"Minimum meal frequency (6-23 months), %",Layer 2: Underlying Determinants,2021,55.4444,Middle East and North Africa,Lower middle income,Recent (≤5 years),3,Minimum Meal Frequency,Diets & Care (IYCF)
ERI,Eritrea,IM_DTP3,"DTP3 immunisation coverage, % (proxy for health system reach)",Layer 2: Underlying Determinants,2024,95.0,Sub-Saharan Africa,Low income,Recent (≤5 years),0,DTP3 Immunisation,Services & Programme Coverage
ERI,Eritrea,MNCH_ANC4,"ANC 4+ visits coverage, %",Layer 2: Underlying Determinants,2010,57.4,Sub-Saharan Africa,Low income,Outdated (>10 years),14,ANC 4+ Visits,Services & Programme Coverage
ERI,Eritrea,MNCH_SAB,"Skilled birth attendance, %",Layer 2: Underlying Determinants,2010,34.1,Sub-Saharan Africa,Low income,Outdated (>10 years),14,Skilled Birth Attendance,Services & Programme Coverage
ERI,Eritrea,NT_BF_EIBF,"Early initiation of breastfeeding within 1 hour, %",Layer 2: Underlying Determinants,2010,93.1,Sub-Saharan Africa,Low income,Outdated (>10 years),14,Early Initiation of BF,Diets & Care (IYCF)
ERI,Eritrea,NT_BF_EXBF,"Exclusive breastfeeding <6 months, %",Layer 1: Nutrition Outcomes,2010,68.7,Sub-Saharan Africa,Low income,Outdated (>10 years),14,Exclusive BF <6m,Diets & Care (IYCF)
ESP,Spain,IM_DTP3,"DTP3 immunisation coverage, % (proxy for health system reach)",Layer 2: Underlying Determinants,2024,94.0,Europe and Central Asia,High income,Recent (≤5 years),0,DTP3 Immunisation,Services & Programme Coverage
ESP,Spain,MNCH_SAB,"Skilled birth attendance, %",Layer 2: Underlying Determinants,2023,99.9,Europe and Central Asia,High income,Recent (≤5 years),1,Skilled Birth Attendance,Services & Programme Coverage
EST,Estonia,IM_DTP3,"DTP3 immunisation coverage, % (proxy for health system reach)",Layer 2: Underlying Determinants,2024,81.0,Europe and Central Asia,High income,Recent (≤5 years),0,DTP3 Immunisation,Services & Programme Coverage
EST,Estonia,MNCH_ANC4,"ANC 4+ visits coverage, %",Layer 2: Underlying Determinants,2014,96.8,Europe and Central Asia,High income,Dated (6-10 years),10,ANC 4+ Visits,Services & Programme Coverage
EST,Estonia,MNCH_SAB,"Skilled birth attendance, %",Layer 2: Underlying Determinants,2024,99.9,Europe and Central Asia,High income,Recent (≤5 years),0,Skilled Birth Attendance,Services & Programme Coverage
ETH,Ethiopia,IM_DTP3,"DTP3 immunisation coverage, % (proxy for health system reach)",Layer 2: Underlying Determinants,2024,73.0,Sub-Saharan Africa,Low income,Recent (≤5 years),0,DTP3 Immunisation,Services & Programme Coverage
ETH,Ethiopia,MNCH_ANC4,"ANC 4+ visits coverage, %",Layer 2: Underlying Determinants,2019,43.0,Sub-Saharan Africa,Low income,Recent (≤5 years),5,ANC 4+ Visits,Services & Programme Coverage
ETH,Ethiopia,MNCH_SAB,"Skilled birth attendance, %",Layer 2: Underlying Determinants,2019,49.8,Sub-Saharan Africa,Low income,Recent (≤5 years),5,Skilled Birth Attendance,Services & Programme Coverage
ETH,Ethiopia,NT_BF_EIBF,"Early initiation of breastfeeding within 1 hour, %",Layer 2: Underlying Determinants,2019,71.9781,Sub-Saharan Africa,Low income,Recent (≤5 years),5,Early Initiation of BF,Diets & Care (IYCF)
ETH,Ethiopia,NT_BF_EXBF,"Exclusive breastfeeding <6 months, %",Layer 1: Nutrition Outcomes,2019,58.8143,Sub-Saharan Africa,Low income,Recent (≤5 years),5,Exclusive BF <6m,Diets & Care (IYCF)
ETH,Ethiopia,NT_CF_MAD,"Minimum acceptable diet (6-23 months), %",Layer 2: Underlying Determinants,2019,11.2796,Sub-Saharan Africa,Low income,Recent (≤5 years),5,Minimum Acceptable Diet,Diets & Care (IYCF)
ETH,Ethiopia,NT_CF_MDD,"Minimum dietary diversity >=5/8 food groups (6-23 months), %",Layer 2: Underlying Determinants,2024,16.2,Sub-Saharan Africa,Low income,Recent (≤5 years),0,Minimum Dietary Diversity,Diets & Care (IYCF)
ETH,Ethiopia,NT_CF_MMF,"Minimum meal frequency (6-23 months), %",Layer 2: Underlying Determinants,2019,54.7662,Sub-Saharan Africa,Low income,Recent (≤5 years),5,Minimum Meal Frequency,Diets & Care (IYCF)
FAO_LIFDC,Low Income Food Deficit Countries (LIFDCs),NT_BF_EIBF,"Early initiation of breastfeeding within 1 hour, %",Layer 2: Underlying Determinants,2024,60.3962,,,Recent (≤5 years),0,Early Initiation of BF,Diets & Care (IYCF)
FAO_LIFDC,Low Income Food Deficit Countries (LIFDCs),NT_BF_EXBF,"Exclusive breastfeeding <6 months, %",Layer 1: Nutrition Outcomes,2024,50.4478,,,Recent (≤5 years),0,Exclusive BF <6m,Diets & Care (IYCF)
FAO_LIFDC,Low Income Food Deficit Countries (LIFDCs),NT_CF_MAD,"Minimum acceptable diet (6-23 months), %",Layer 2: Underlying Determinants,2024,12.7082,,,Recent (≤5 years),0,Minimum Acceptable Diet,Diets & Care (IYCF)
FAO_LIFDC,Low Income Food Deficit Countries (LIFDCs),NT_CF_MDD,"Minimum dietary diversity >=5/8 food groups (6-23 months), %",Layer 2: Underlying Determinants,2024,20.558,,,Recent (≤5 years),0,Minimum Dietary Diversity,Diets & Care (IYCF)
FAO_LIFDC,Low Income Food Deficit Countries (LIFDCs),NT_CF_MMF,"Minimum meal frequency (6-23 months), %",Layer 2: Underlying Determinants,2024,45.2931,,,Recent (≤5 years),0,Minimum Meal Frequency,Diets & Care (IYCF)
FIN,Finland,IM_DTP3,"DTP3 immunisation coverage, % (proxy for health system reach)",Layer 2: Underlying Determinants,2024,91.0,Europe and Central Asia,High income,Recent (≤5 years),0,DTP3 Immunisation,Services & Programme Coverage
FIN,Finland,MNCH_SAB,"Skilled birth attendance, %",Layer 2: Underlying Determinants,2024,99.5,Europe and Central Asia,High income,Recent (≤5 years),0,Skilled Birth Attendance,Services & Programme Coverage
FJI,Fiji,IM_DTP3,"DTP3 immunisation coverage, % (proxy for health system reach)",Layer 2: Underlying Determinants,2024,94.0,East Asia and Pacific,Upper middle income,Recent (≤5 years),0,DTP3 Immunisation,Services & Programme Coverage
FJI,Fiji,MNCH_ANC4,"ANC 4+ visits coverage, %",Layer 2: Underlying Determinants,2021,88.7,East Asia and Pacific,Upper middle income,Recent (≤5 years),3,ANC 4+ Visits,Services & Programme Coverage
FJI,Fiji,MNCH_SAB,"Skilled birth attendance, %",Layer 2: Underlying Determinants,2021,99.8,East Asia and Pacific,Upper middle income,Recent (≤5 years),3,Skilled Birth Attendance,Services & Programme Coverage
FJI,Fiji,NT_BF_EIBF,"Early initiation of breastfeeding within 1 hour, %",Layer 2: Underlying Determinants,2021,63.2595,East Asia and Pacific,Upper middle income,Recent (≤5 years),3,Early Initiation of BF,Diets & Care (IYCF)
FJI,Fiji,NT_BF_EXBF,"Exclusive breastfeeding <6 months, %",Layer 1: Nutrition Outcomes,2021,42.8527,East Asia and Pacific,Upper middle income,Recent (≤5 years),3,Exclusive BF <6m,Diets & Care (IYCF)
FJI,Fiji,NT_CF_MAD,"Minimum acceptable diet (6-23 months), %",Layer 2: Underlying Determinants,2021,41.0043,East Asia and Pacific,Upper middle income,Recent (≤5 years),3,Minimum Acceptable Diet,Diets & Care (IYCF)
FJI,Fiji,NT_CF_MDD,"Minimum dietary diversity >=5/8 food groups (6-23 months), %",Layer 2: Underlying Determinants,2021,59.1561,East Asia and Pacific,Upper middle income,Recent (≤5 years),3,Minimum Dietary Diversity,Diets & Care (IYCF)
FJI,Fiji,NT_CF_MMF,"Minimum meal frequency (6-23 months), %",Layer 2: Underlying Determinants,2021,69.2042,East Asia and Pacific,Upper middle income,Recent (≤5 years),3,Minimum Meal Frequency,Diets & Care (IYCF)
FRA,France,IM_DTP3,"DTP3 immunisation coverage, % (proxy for health system reach)",Layer 2: Underlying Determinants,2024,96.0,Europe and Central Asia,High income,Recent (≤5 years),0,DTP3 Immunisation,Services & Programme Coverage
FRA,France,MNCH_ANC4,"ANC 4+ visits coverage, %",Layer 2: Underlying Determinants,2010,98.9,Europe and Central Asia,High income,Outdated (>10 years),14,ANC 4+ Visits,Services & Programme Coverage
FRA,France,MNCH_SAB,"Skilled birth attendance, %",Layer 2: Underlying Determinants,2023,97.6,Europe and Central Asia,High income,Recent (≤5 years),1,Skilled Birth Attendance,Services & Programme Coverage
FSM,Micronesia (Federated States of),IM_DTP3,"DTP3 immunisation coverage, % (proxy for health system reach)",Layer 2: Underlying Determinants,2024,76.0,East Asia and Pacific,,Recent (≤5 years),0,DTP3 Immunisation,Services & Programme Coverage
FSM,Micronesia (Federated States of),MNCH_SAB,"Skilled birth attendance, %",Layer 2: Underlying Determinants,2009,100.0,East Asia and Pacific,,Outdated (>10 years),15,Skilled Birth Attendance,Services & Programme Coverage
GAB,Gabon,IM_DTP3,"DTP3 immunisation coverage, % (proxy for health system reach)",Layer 2: Underlying Determinants,2024,61.0,Sub-Saharan Africa,Upper middle income,Recent (≤5 years),0,DTP3 Immunisation,Services & Programme Coverage
GAB,Gabon,MNCH_ANC4,"ANC 4+ visits coverage, %",Layer 2: Underlying Determinants,2021,77.8,Sub-Saharan Africa,Upper middle income,Recent (≤5 years),3,ANC 4+ Visits,Services & Programme Coverage
GAB,Gabon,MNCH_SAB,"Skilled birth attendance, %",Layer 2: Underlying Determinants,2021,95.2,Sub-Saharan Africa,Upper middle income,Recent (≤5 years),3,Skilled Birth Attendance,Services & Programme Coverage
GAB,Gabon,NT_BF_EIBF,"Early initiation of breastfeeding within 1 hour, %",Layer 2: Underlying Determinants,2020,70.3329,Sub-Saharan Africa,Upper middle income,Recent (≤5 years),4,Early Initiation of BF,Diets & Care (IYCF)
GAB,Gabon,NT_BF_EXBF,"Exclusive breastfeeding <6 months, %",Layer 1: Nutrition Outcomes,2020,19.3594,Sub-Saharan Africa,Upper middle income,Recent (≤5 years),4,Exclusive BF <6m,Diets & Care (IYCF)
GAB,Gabon,NT_CF_MAD,"Minimum acceptable diet (6-23 months), %",Layer 2: Underlying Determinants,2020,12.4684,Sub-Saharan Africa,Upper middle income,Recent (≤5 years),4,Minimum Acceptable Diet,Diets & Care (IYCF)
GAB,Gabon,NT_CF_MDD,"Minimum dietary diversity >=5/8 food groups (6-23 months), %",Layer 2: Underlying Determinants,2020,26.3195,Sub-Saharan Africa,Upper middle income,Recent (≤5 years),4,Minimum Dietary Diversity,Diets & Care (IYCF)
GAB,Gabon,NT_CF_MMF,"Minimum meal frequency (6-23 months), %",Layer 2: Underlying Determinants,2020,40.2609,Sub-Saharan Africa,Upper middle income,Recent (≤5 years),4,Minimum Meal Frequency,Diets & Care (IYCF)
GBR,United Kingdom,IM_DTP3,"DTP3 immunisation coverage, % (proxy for health system reach)",Layer 2: Underlying Determinants,2024,92.0,Europe and Central Asia,High income,Recent (≤5 years),0,DTP3 Immunisation,Services & Programme Coverage
GEO,Georgia,IM_DTP3,"DTP3 immunisation coverage, % (proxy for health system reach)",Layer 2: Underlying Determinants,2024,86.0,Europe and Central Asia,Upper middle income,Recent (≤5 years),0,DTP3 Immunisation,Services & Programme Coverage
GEO,Georgia,MNCH_ANC4,"ANC 4+ visits coverage, %",Layer 2: Underlying Determinants,2024,83.7,Europe and Central Asia,Upper middle income,Recent (≤5 years),0,ANC 4+ Visits,Services & Programme Coverage
GEO,Georgia,MNCH_SAB,"Skilled birth attendance, %",Layer 2: Underlying Determinants,2023,99.8,Europe and Central Asia,Upper middle income,Recent (≤5 years),1,Skilled Birth Attendance,Services & Programme Coverage
GEO,Georgia,NT_BF_EIBF,"Early initiation of breastfeeding within 1 hour, %",Layer 2: Underlying Determinants,2018,32.846,Europe and Central Asia,Upper middle income,Dated (6-10 years),6,Early Initiation of BF,Diets & Care (IYCF)
GEO,Georgia,NT_BF_EXBF,"Exclusive breastfeeding <6 months, %",Layer 1: Nutrition Outcomes,2018,20.3753,Europe and Central Asia,Upper middle income,Dated (6-10 years),6,Exclusive BF <6m,Diets & Care (IYCF)
GEO,Georgia,NT_CF_MAD,"Minimum acceptable diet (6-23 months), %",Layer 2: Underlying Determinants,2018,28.2838,Europe and Central Asia,Upper middle income,Dated (6-10 years),6,Minimum Acceptable Diet,Diets & Care (IYCF)
GEO,Georgia,NT_CF_MDD,"Minimum dietary diversity >=5/8 food groups (6-23 months), %",Layer 2: Underlying Determinants,2018,52.5895,Europe and Central Asia,Upper middle income,Dated (6-10 years),6,Minimum Dietary Diversity,Diets & Care (IYCF)
GEO,Georgia,NT_CF_MMF,"Minimum meal frequency (6-23 months), %",Layer 2: Underlying Determinants,2018,64.5646,Europe and Central Asia,Upper middle income,Dated (6-10 years),6,Minimum Meal Frequency,Diets & Care (IYCF)
GHA,Ghana,IM_DTP3,"DTP3 immunisation coverage, % (proxy for health system reach)",Layer 2: Underlying Determinants,2024,95.0,Sub-Saharan Africa,Lower middle income,Recent (≤5 years),0,DTP3 Immunisation,Services & Programme Coverage
GHA,Ghana,MNCH_ANC4,"ANC 4+ visits coverage, %",Layer 2: Underlying Determinants,2022,87.8,Sub-Saharan Africa,Lower middle income,Recent (≤5 years),2,ANC 4+ Visits,Services & Programme Coverage
GHA,Ghana,MNCH_SAB,"Skilled birth attendance, %",Layer 2: Underlying Determinants,2023,87.6,Sub-Saharan Africa,Lower middle income,Recent (≤5 years),1,Skilled Birth Attendance,Services & Programme Coverage
GHA,Ghana,NT_BF_EIBF,"Early initiation of breastfeeding within 1 hour, %",Layer 2: Underlying Determinants,2022,58.1603,Sub-Saharan Africa,Lower middle income,Recent (≤5 years),2,Early Initiation of BF,Diets & Care (IYCF)
GHA,Ghana,NT_BF_EXBF,"Exclusive breastfeeding <6 months, %",Layer 1: Nutrition Outcomes,2022,52.5853,Sub-Saharan Africa,Lower middle income,Recent (≤5 years),2,Exclusive BF <6m,Diets & Care (IYCF)
GHA,Ghana,NT_CF_MAD,"Minimum acceptable diet (6-23 months), %",Layer 2: Underlying Determinants,2022,23.4406,Sub-Saharan Africa,Lower middle income,Recent (≤5 years),2,Minimum Acceptable Diet,Diets & Care (IYCF)
GHA,Ghana,NT_CF_MDD,"Minimum dietary diversity >=5/8 food groups (6-23 months), %",Layer 2: Underlying Determinants,2022,41.4343,Sub-Saharan Africa,Lower middle income,Recent (≤5 years),2,Minimum Dietary Diversity,Diets & Care (IYCF)
GHA,Ghana,NT_CF_MMF,"Minimum meal frequency (6-23 months), %",Layer 2: Underlying Determinants,2022,49.0355,Sub-Saharan Africa,Lower middle income,Recent (≤5 years),2,Minimum Meal Frequency,Diets & Care (IYCF)
GIN,Guinea,IM_DTP3,"DTP3 immunisation coverage, % (proxy for health system reach)",Layer 2: Underlying Determinants,2024,63.0,Sub-Saharan Africa,Low income,Recent (≤5 years),0,DTP3 Immunisation,Services & Programme Coverage
GIN,Guinea,MNCH_ANC4,"ANC 4+ visits coverage, %",Layer 2: Underlying Determinants,2021,58.3,Sub-Saharan Africa,Low income,Recent (≤5 years),3,ANC 4+ Visits,Services & Programme Coverage
GIN,Guinea,MNCH_SAB,"Skilled birth attendance, %",Layer 2: Underlying Determinants,2018,55.3,Sub-Saharan Africa,Low income,Dated (6-10 years),6,Skilled Birth Attendance,Services & Programme Coverage
GIN,Guinea,NT_BF_EIBF,"Early initiation of breastfeeding within 1 hour, %",Layer 2: Underlying Determinants,2022,25.8,Sub-Saharan Africa,Low income,Recent (≤5 years),2,Early Initiation of BF,Diets & Care (IYCF)
GIN,Guinea,NT_BF_EXBF,"Exclusive breastfeeding <6 months, %",Layer 1: Nutrition Outcomes,2022,43.7,Sub-Saharan Africa,Low income,Recent (≤5 years),2,Exclusive BF <6m,Diets & Care (IYCF)
GIN,Guinea,NT_CF_MAD,"Minimum acceptable diet (6-23 months), %",Layer 2: Underlying Determinants,2018,3.6998,Sub-Saharan Africa,Low income,Dated (6-10 years),6,Minimum Acceptable Diet,Diets & Care (IYCF)
GIN,Guinea,NT_CF_MDD,"Minimum dietary diversity >=5/8 food groups (6-23 months), %",Layer 2: Underlying Determinants,2022,11.1,Sub-Saharan Africa,Low income,Recent (≤5 years),2,Minimum Dietary Diversity,Diets & Care (IYCF)
GIN,Guinea,NT_CF_MMF,"Minimum meal frequency (6-23 months), %",Layer 2: Underlying Determinants,2018,22.3736,Sub-Saharan Africa,Low income,Dated (6-10 years),6,Minimum Meal Frequency,Diets & Care (IYCF)
GMB,Gambia,IM_DTP3,"DTP3 immunisation coverage, % (proxy for health system reach)",Layer 2: Underlying Determinants,2024,80.0,Sub-Saharan Africa,Low income,Recent (≤5 years),0,DTP3 Immunisation,Services & Programme Coverage
GMB,Gambia,MNCH_ANC4,"ANC 4+ visits coverage, %",Layer 2: Underlying Determinants,2020,78.5,Sub-Saharan Africa,Low income,Recent (≤5 years),4,ANC 4+ Visits,Services & Programme Coverage
GMB,Gambia,MNCH_SAB,"Skilled birth attendance, %",Layer 2: Underlying Determinants,2020,83.8,Sub-Saharan Africa,Low income,Recent (≤5 years),4,Skilled Birth Attendance,Services & Programme Coverage
GMB,Gambia,NT_BF_EIBF,"Early initiation of breastfeeding within 1 hour, %",Layer 2: Underlying Determinants,2020,35.4824,Sub-Saharan Africa,Low income,Recent (≤5 years),4,Early Initiation of BF,Diets & Care (IYCF)
GMB,Gambia,NT_BF_EXBF,"Exclusive breastfeeding <6 months, %",Layer 1: Nutrition Outcomes,2020,53.6345,Sub-Saharan Africa,Low income,Recent (≤5 years),4,Exclusive BF <6m,Diets & Care (IYCF)
GMB,Gambia,NT_CF_MAD,"Minimum acceptable diet (6-23 months), %",Layer 2: Underlying Determinants,2020,14.7282,Sub-Saharan Africa,Low income,Recent (≤5 years),4,Minimum Acceptable Diet,Diets & Care (IYCF)
GMB,Gambia,NT_CF_MDD,"Minimum dietary diversity >=5/8 food groups (6-23 months), %",Layer 2: Underlying Determinants,2020,22.8291,Sub-Saharan Africa,Low income,Recent (≤5 years),4,Minimum Dietary Diversity,Diets & Care (IYCF)
GMB,Gambia,NT_CF_MMF,"Minimum meal frequency (6-23 months), %",Layer 2: Underlying Determinants,2020,51.1895,Sub-Saharan Africa,Low income,Recent (≤5 years),4,Minimum Meal Frequency,Diets & Care (IYCF)
GNB,Guinea-Bissau,IM_DTP3,"DTP3 immunisation coverage, % (proxy for health system reach)",Layer 2: Underlying Determinants,2024,68.0,Sub-Saharan Africa,Low income,Recent (≤5 years),0,DTP3 Immunisation,Services & Programme Coverage
GNB,Guinea-Bissau,MNCH_ANC4,"ANC 4+ visits coverage, %",Layer 2: Underlying Determinants,2019,80.7,Sub-Saharan Africa,Low income,Recent (≤5 years),5,ANC 4+ Visits,Services & Programme Coverage
GNB,Guinea-Bissau,MNCH_SAB,"Skilled birth attendance, %",Layer 2: Underlying Determinants,2019,53.8,Sub-Saharan Africa,Low income,Recent (≤5 years),5,Skilled Birth Attendance,Services & Programme Coverage
GNB,Guinea-Bissau,NT_BF_EIBF,"Early initiation of breastfeeding within 1 hour, %",Layer 2: Underlying Determinants,2019,46.331,Sub-Saharan Africa,Low income,Recent (≤5 years),5,Early Initiation of BF,Diets & Care (IYCF)
GNB,Guinea-Bissau,NT_BF_EXBF,"Exclusive breastfeeding <6 months, %",Layer 1: Nutrition Outcomes,2019,59.3486,Sub-Saharan Africa,Low income,Recent (≤5 years),5,Exclusive BF <6m,Diets & Care (IYCF)
GNB,Guinea-Bissau,NT_CF_MAD,"Minimum acceptable diet (6-23 months), %",Layer 2: Underlying Determinants,2019,2.7357,Sub-Saharan Africa,Low income,Recent (≤5 years),5,Minimum Acceptable Diet,Diets & Care (IYCF)
GNB,Guinea-Bissau,NT_CF_MDD,"Minimum dietary diversity >=5/8 food groups (6-23 months), %",Layer 2: Underlying Determinants,2019,8.0891,Sub-Saharan Africa,Low income,Recent (≤5 years),5,Minimum Dietary Diversity,Diets & Care (IYCF)
GNB,Guinea-Bissau,NT_CF_MMF,"Minimum meal frequency (6-23 months), %",Layer 2: Underlying Determinants,2019,35.0623,Sub-Saharan Africa,Low income,Recent (≤5 years),5,Minimum Meal Frequency,Diets & Care (IYCF)
GNQ,Equatorial Guinea,IM_DTP3,"DTP3 immunisation coverage, % (proxy for health system reach)",Layer 2: Underlying Determinants,2024,68.0,Sub-Saharan Africa,Upper middle income,Recent (≤5 years),0,DTP3 Immunisation,Services & Programme Coverage
GNQ,Equatorial Guinea,MNCH_ANC4,"ANC 4+ visits coverage, %",Layer 2: Underlying Determinants,2011,66.9,Sub-Saharan Africa,Upper middle income,Outdated (>10 years),13,ANC 4+ Visits,Services & Programme Coverage
GNQ,Equatorial Guinea,MNCH_SAB,"Skilled birth attendance, %",Layer 2: Underlying Determinants,2011,68.3,Sub-Saharan Africa,Upper middle income,Outdated (>10 years),13,Skilled Birth Attendance,Services & Programme Coverage
GNQ,Equatorial Guinea,NT_BF_EXBF,"Exclusive breastfeeding <6 months, %",Layer 1: Nutrition Outcomes,2011,7.4,Sub-Saharan Africa,Upper middle income,Outdated (>10 years),13,Exclusive BF <6m,Diets & Care (IYCF)
GRC,Greece,IM_DTP3,"DTP3 immunisation coverage, % (proxy for health system reach)",Layer 2: Underlying Determinants,2024,95.0,Europe and Central Asia,High income,Recent (≤5 years),0,DTP3 Immunisation,Services & Programme Coverage
GRC,Greece,MNCH_SAB,"Skilled birth attendance, %",Layer 2: Underlying Determinants,2023,99.7,Europe and Central Asia,High income,Recent (≤5 years),1,Skilled Birth Attendance,Services & Programme Coverage
GRD,Grenada,IM_DTP3,"DTP3 immunisation coverage, % (proxy for health system reach)",Layer 2: Underlying Determinants,2024,93.0,Latin America and Caribbean,Upper middle income,Recent (≤5 years),0,DTP3 Immunisation,Services & Programme Coverage
GRD,Grenada,MNCH_SAB,"Skilled birth attendance, %",Layer 2: Underlying Determinants,2024,100.0,Latin America and Caribbean,Upper middle income,Recent (≤5 years),0,Skilled Birth Attendance,Services & Programme Coverage
GTM,Guatemala,IM_DTP3,"DTP3 immunisation coverage, % (proxy for health system reach)",Layer 2: Underlying Determinants,2024,81.0,Latin America and Caribbean,Upper middle income,Recent (≤5 years),0,DTP3 Immunisation,Services & Programme Coverage
GTM,Guatemala,MNCH_ANC4,"ANC 4+ visits coverage, %",Layer 2: Underlying Determinants,2015,86.2,Latin America and Caribbean,Upper middle income,Dated (6-10 years),9,ANC 4+ Visits,Services & Programme Coverage
GTM,Guatemala,MNCH_SAB,"Skilled birth attendance, %",Layer 2: Underlying Determinants,2022,96.0,Latin America and Caribbean,Upper middle income,Recent (≤5 years),2,Skilled Birth Attendance,Services & Programme Coverage
GTM,Guatemala,NT_BF_EIBF,"Early initiation of breastfeeding within 1 hour, %",Layer 2: Underlying Determinants,2021,52.8,Latin America and Caribbean,Upper middle income,Recent (≤5 years),3,Early Initiation of BF,Diets & Care (IYCF)
GTM,Guatemala,NT_BF_EXBF,"Exclusive breastfeeding <6 months, %",Layer 1: Nutrition Outcomes,2021,58.5,Latin America and Caribbean,Upper middle income,Recent (≤5 years),3,Exclusive BF <6m,Diets & Care (IYCF)
GTM,Guatemala,NT_CF_MAD,"Minimum acceptable diet (6-23 months), %",Layer 2: Underlying Determinants,2015,51.8962,Latin America and Caribbean,Upper middle income,Dated (6-10 years),9,Minimum Acceptable Diet,Diets & Care (IYCF)
GTM,Guatemala,NT_CF_MDD,"Minimum dietary diversity >=5/8 food groups (6-23 months), %",Layer 2: Underlying Determinants,2015,59.3161,Latin America and Caribbean,Upper middle income,Dated (6-10 years),9,Minimum Dietary Diversity,Diets & Care (IYCF)
GTM,Guatemala,NT_CF_MMF,"Minimum meal frequency (6-23 months), %",Layer 2: Underlying Determinants,2015,81.7593,Latin America and Caribbean,Upper middle income,Dated (6-10 years),9,Minimum Meal Frequency,Diets & Care (IYCF)
GUY,Guyana,IM_DTP3,"DTP3 immunisation coverage, % (proxy for health system reach)",Layer 2: Underlying Determinants,2024,98.0,Latin America and Caribbean,Upper middle income,Recent (≤5 years),0,DTP3 Immunisation,Services & Programme Coverage
GUY,Guyana,MNCH_ANC4,"ANC 4+ visits coverage, %",Layer 2: Underlying Determinants,2020,84.7,Latin America and Caribbean,Upper middle income,Recent (≤5 years),4,ANC 4+ Visits,Services & Programme Coverage
GUY,Guyana,MNCH_SAB,"Skilled birth attendance, %",Layer 2: Underlying Determinants,2023,98.0,Latin America and Caribbean,Upper middle income,Recent (≤5 years),1,Skilled Birth Attendance,Services & Programme Coverage
GUY,Guyana,NT_BF_EIBF,"Early initiation of breastfeeding within 1 hour, %",Layer 2: Underlying Determinants,2019,46.0431,Latin America and Caribbean,Upper middle income,Recent (≤5 years),5,Early Initiation of BF,Diets & Care (IYCF)
GUY,Guyana,NT_BF_EXBF,"Exclusive breastfeeding <6 months, %",Layer 1: Nutrition Outcomes,2019,28.5434,Latin America and Caribbean,Upper middle income,Recent (≤5 years),5,Exclusive BF <6m,Diets & Care (IYCF)
GUY,Guyana,NT_CF_MAD,"Minimum acceptable diet (6-23 months), %",Layer 2: Underlying Determinants,2014,35.8529,Latin America and Caribbean,Upper middle income,Dated (6-10 years),10,Minimum Acceptable Diet,Diets & Care (IYCF)
GUY,Guyana,NT_CF_MDD,"Minimum dietary diversity >=5/8 food groups (6-23 months), %",Layer 2: Underlying Determinants,2019,40.3192,Latin America and Caribbean,Upper middle income,Recent (≤5 years),5,Minimum Dietary Diversity,Diets & Care (IYCF)
GUY,Guyana,NT_CF_MMF,"Minimum meal frequency (6-23 months), %",Layer 2: Underlying Determinants,2014,61.0871,Latin America and Caribbean,Upper middle income,Dated (6-10 years),10,Minimum Meal Frequency,Diets & Care (IYCF)
HND,Honduras,IM_DTP3,"DTP3 immunisation coverage, % (proxy for health system reach)",Layer 2: Underlying Determinants,2024,75.0,Latin America and Caribbean,Lower middle income,Recent (≤5 years),0,DTP3 Immunisation,Services & Programme Coverage
HND,Honduras,MNCH_ANC4,"ANC 4+ visits coverage, %",Layer 2: Underlying Determinants,2019,88.3,Latin America and Caribbean,Lower middle income,Recent (≤5 years),5,ANC 4+ Visits,Services & Programme Coverage
HND,Honduras,MNCH_SAB,"Skilled birth attendance, %",Layer 2: Underlying Determinants,2019,94.1,Latin America and Caribbean,Lower middle income,Recent (≤5 years),5,Skilled Birth Attendance,Services & Programme Coverage
HND,Honduras,NT_BF_EIBF,"Early initiation of breastfeeding within 1 hour, %",Layer 2: Underlying Determinants,2019,51.375,Latin America and Caribbean,Lower middle income,Recent (≤5 years),5,Early Initiation of BF,Diets & Care (IYCF)
HND,Honduras,NT_BF_EXBF,"Exclusive breastfeeding <6 months, %",Layer 1: Nutrition Outcomes,2019,30.2217,Latin America and Caribbean,Lower middle income,Recent (≤5 years),5,Exclusive BF <6m,Diets & Care (IYCF)
HND,Honduras,NT_CF_MAD,"Minimum acceptable diet (6-23 months), %",Layer 2: Underlying Determinants,2012,54.5998,Latin America and Caribbean,Lower middle income,Outdated (>10 years),12,Minimum Acceptable Diet,Diets & Care (IYCF)
HND,Honduras,NT_CF_MDD,"Minimum dietary diversity >=5/8 food groups (6-23 months), %",Layer 2: Underlying Determinants,2019,57.3431,Latin America and Caribbean,Lower middle income,Recent (≤5 years),5,Minimum Dietary Diversity,Diets & Care (IYCF)
HND,Honduras,NT_CF_MMF,"Minimum meal frequency (6-23 months), %",Layer 2: Underlying Determinants,2012,85.1029,Latin America and Caribbean,Lower middle income,Outdated (>10 years),12,Minimum Meal Frequency,Diets & Care (IYCF)
HRV,Croatia,IM_DTP3,"DTP3 immunisation coverage, % (proxy for health system reach)",Layer 2: Underlying Determinants,2024,92.0,Europe and Central Asia,High income,Recent (≤5 years),0,DTP3 Immunisation,Services & Programme Coverage
HRV,Croatia,MNCH_ANC4,"ANC 4+ visits coverage, %",Layer 2: Underlying Determinants,2022,96.5,Europe and Central Asia,High income,Recent (≤5 years),2,ANC 4+ Visits,Services & Programme Coverage
HRV,Croatia,MNCH_SAB,"Skilled birth attendance, %",Layer 2: Underlying Determinants,2023,99.9,Europe and Central Asia,High income,Recent (≤5 years),1,Skilled Birth Attendance,Services & Programme Coverage
HTI,Haiti,IM_DTP3,"DTP3 immunisation coverage, % (proxy for health system reach)",Layer 2: Underlying Determinants,2024,60.0,Latin America and Caribbean,Lower middle income,Recent (≤5 years),0,DTP3 Immunisation,Services & Programme Coverage
HTI,Haiti,MNCH_ANC4,"ANC 4+ visits coverage, %",Layer 2: Underlying Determinants,2017,66.6,Latin America and Caribbean,Lower middle income,Dated (6-10 years),7,ANC 4+ Visits,Services & Programme Coverage
HTI,Haiti,MNCH_SAB,"Skilled birth attendance, %",Layer 2: Underlying Determinants,2023,75.6,Latin America and Caribbean,Lower middle income,Recent (≤5 years),1,Skilled Birth Attendance,Services & Programme Coverage
HTI,Haiti,NT_BF_EIBF,"Early initiation of breastfeeding within 1 hour, %",Layer 2: Underlying Determinants,2023,48.0,Latin America and Caribbean,Lower middle income,Recent (≤5 years),1,Early Initiation of BF,Diets & Care (IYCF)
HTI,Haiti,NT_BF_EXBF,"Exclusive breastfeeding <6 months, %",Layer 1: Nutrition Outcomes,2017,39.8753,Latin America and Caribbean,Lower middle income,Dated (6-10 years),7,Exclusive BF <6m,Diets & Care (IYCF)
HTI,Haiti,NT_CF_MAD,"Minimum acceptable diet (6-23 months), %",Layer 2: Underlying Determinants,2017,11.1026,Latin America and Caribbean,Lower middle income,Dated (6-10 years),7,Minimum Acceptable Diet,Diets & Care (IYCF)
HTI,Haiti,NT_CF_MDD,"Minimum dietary diversity >=5/8 food groups (6-23 months), %",Layer 2: Underlying Determinants,2017,19.1763,Latin America and Caribbean,Lower middle income,Dated (6-10 years),7,Minimum Dietary Diversity,Diets & Care (IYCF)
HTI,Haiti,NT_CF_MMF,"Minimum meal frequency (6-23 months), %",Layer 2: Underlying Determinants,2017,39.25,Latin America and Caribbean,Lower middle income,Dated (6-10 years),7,Minimum Meal Frequency,Diets & Care (IYCF)
HUN,Hungary,IM_DTP3,"DTP3 immunisation coverage, % (proxy for health system reach)",Layer 2: Underlying Determinants,2024,99.0,Europe and Central Asia,High income,Recent (≤5 years),0,DTP3 Immunisation,Services & Programme Coverage
HUN,Hungary,MNCH_SAB,"Skilled birth attendance, %",Layer 2: Underlying Determinants,2023,98.7,Europe and Central Asia,High income,Recent (≤5 years),1,Skilled Birth Attendance,Services & Programme Coverage
IDN,Indonesia,IM_DTP3,"DTP3 immunisation coverage, % (proxy for health system reach)",Layer 2: Underlying Determinants,2024,78.0,East Asia and Pacific,Lower middle income,Recent (≤5 years),0,DTP3 Immunisation,Services & Programme Coverage
IDN,Indonesia,MNCH_ANC4,"ANC 4+ visits coverage, %",Layer 2: Underlying Determinants,2023,68.1,East Asia and Pacific,Lower middle income,Recent (≤5 years),1,ANC 4+ Visits,Services & Programme Coverage
IDN,Indonesia,MNCH_SAB,"Skilled birth attendance, %",Layer 2: Underlying Determinants,2024,96.8,East Asia and Pacific,Lower middle income,Recent (≤5 years),0,Skilled Birth Attendance,Services & Programme Coverage
IDN,Indonesia,NT_BF_EIBF,"Early initiation of breastfeeding within 1 hour, %",Layer 2: Underlying Determinants,2018,58.2,East Asia and Pacific,Lower middle income,Dated (6-10 years),6,Early Initiation of BF,Diets & Care (IYCF)
IDN,Indonesia,NT_BF_EXBF,"Exclusive breastfeeding <6 months, %",Layer 1: Nutrition Outcomes,2017,50.6726,East Asia and Pacific,Lower middle income,Dated (6-10 years),7,Exclusive BF <6m,Diets & Care (IYCF)
IDN,Indonesia,NT_CF_MAD,"Minimum acceptable diet (6-23 months), %",Layer 2: Underlying Determinants,2017,40.0233,East Asia and Pacific,Lower middle income,Dated (6-10 years),7,Minimum Acceptable Diet,Diets & Care (IYCF)
IDN,Indonesia,NT_CF_MDD,"Minimum dietary diversity >=5/8 food groups (6-23 months), %",Layer 2: Underlying Determinants,2017,53.9253,East Asia and Pacific,Lower middle income,Dated (6-10 years),7,Minimum Dietary Diversity,Diets & Care (IYCF)
IDN,Indonesia,NT_CF_MMF,"Minimum meal frequency (6-23 months), %",Layer 2: Underlying Determinants,2017,71.0665,East Asia and Pacific,Lower middle income,Dated (6-10 years),7,Minimum Meal Frequency,Diets & Care (IYCF)
IND,India,IM_DTP3,"DTP3 immunisation coverage, % (proxy for health system reach)",Layer 2: Underlying Determinants,2024,94.0,South Asia,Lower middle income,Recent (≤5 years),0,DTP3 Immunisation,Services & Programme Coverage
IND,India,MNCH_ANC4,"ANC 4+ visits coverage, %",Layer 2: Underlying Determinants,2021,58.4,South Asia,Lower middle income,Recent (≤5 years),3,ANC 4+ Visits,Services & Programme Coverage
IND,India,MNCH_SAB,"Skilled birth attendance, %",Layer 2: Underlying Determinants,2021,89.4,South Asia,Lower middle income,Recent (≤5 years),3,Skilled Birth Attendance,Services & Programme Coverage
IND,India,NT_BF_EIBF,"Early initiation of breastfeeding within 1 hour, %",Layer 2: Underlying Determinants,2020,41.4162,South Asia,Lower middle income,Recent (≤5 years),4,Early Initiation of BF,Diets & Care (IYCF)
IND,India,NT_BF_EXBF,"Exclusive breastfeeding <6 months, %",Layer 1: Nutrition Outcomes,2020,63.6885,South Asia,Lower middle income,Recent (≤5 years),4,Exclusive BF <6m,Diets & Care (IYCF)
IND,India,NT_CF_MAD,"Minimum acceptable diet (6-23 months), %",Layer 2: Underlying Determinants,2020,11.0996,South Asia,Lower middle income,Recent (≤5 years),4,Minimum Acceptable Diet,Diets & Care (IYCF)
IND,India,NT_CF_MDD,"Minimum dietary diversity >=5/8 food groups (6-23 months), %",Layer 2: Underlying Determinants,2020,23.5529,South Asia,Lower middle income,Recent (≤5 years),4,Minimum Dietary Diversity,Diets & Care (IYCF)
IND,India,NT_CF_MMF,"Minimum meal frequency (6-23 months), %",Layer 2: Underlying Determinants,2020,34.5698,South Asia,Lower middle income,Recent (≤5 years),4,Minimum Meal Frequency,Diets & Care (IYCF)
IRL,Ireland,IM_DTP3,"DTP3 immunisation coverage, % (proxy for health system reach)",Layer 2: Underlying Determinants,2024,92.0,Europe and Central Asia,High income,Recent (≤5 years),0,DTP3 Immunisation,Services & Programme Coverage
IRL,Ireland,MNCH_SAB,"Skilled birth attendance, %",Layer 2: Underlying Determinants,2021,99.5,Europe and Central Asia,High income,Recent (≤5 years),3,Skilled Birth Attendance,Services & Programme Coverage
IRN,Iran (Islamic Republic of),IM_DTP3,"DTP3 immunisation coverage, % (proxy for health system reach)",Layer 2: Underlying Determinants,2024,98.0,Middle East and North Africa,Upper middle income,Recent (≤5 years),0,DTP3 Immunisation,Services & Programme Coverage
IRN,Iran (Islamic Republic of),MNCH_ANC4,"ANC 4+ visits coverage, %",Layer 2: Underlying Determinants,2016,93.4,Middle East and North Africa,Upper middle income,Dated (6-10 years),8,ANC 4+ Visits,Services & Programme Coverage
IRN,Iran (Islamic Republic of),MNCH_SAB,"Skilled birth attendance, %",Layer 2: Underlying Determinants,2023,99.0,Middle East and North Africa,Upper middle income,Recent (≤5 years),1,Skilled Birth Attendance,Services & Programme Coverage
IRN,Iran (Islamic Republic of),NT_BF_EIBF,"Early initiation of breastfeeding within 1 hour, %",Layer 2: Underlying Determinants,2017,80.6,Middle East and North Africa,Upper middle income,Dated (6-10 years),7,Early Initiation of BF,Diets & Care (IYCF)
IRN,Iran (Islamic Republic of),NT_BF_EXBF,"Exclusive breastfeeding <6 months, %",Layer 1: Nutrition Outcomes,2017,47.4,Middle East and North Africa,Upper middle income,Dated (6-10 years),7,Exclusive BF <6m,Diets & Care (IYCF)
IRN,Iran (Islamic Republic of),NT_CF_MDD,"Minimum dietary diversity >=5/8 food groups (6-23 months), %",Layer 2: Underlying Determinants,2017,84.0,Middle East and North Africa,Upper middle income,Dated (6-10 years),7,Minimum Dietary Diversity,Diets & Care (IYCF)
IRQ,Iraq,IM_DTP3,"DTP3 immunisation coverage, % (proxy for health system reach)",Layer 2: Underlying Determinants,2024,90.0,Middle East and North Africa,Upper middle income,Recent (≤5 years),0,DTP3 Immunisation,Services & Programme Coverage
IRQ,Iraq,MNCH_ANC4,"ANC 4+ visits coverage, %",Layer 2: Underlying Determinants,2018,67.9,Middle East and North Africa,Upper middle income,Dated (6-10 years),6,ANC 4+ Visits,Services & Programme Coverage
IRQ,Iraq,MNCH_SAB,"Skilled birth attendance, %",Layer 2: Underlying Determinants,2021,96.0,Middle East and North Africa,Upper middle income,Recent (≤5 years),3,Skilled Birth Attendance,Services & Programme Coverage
IRQ,Iraq,NT_BF_EIBF,"Early initiation of breastfeeding within 1 hour, %",Layer 2: Underlying Determinants,2018,32.3583,Middle East and North Africa,Upper middle income,Dated (6-10 years),6,Early Initiation of BF,Diets & Care (IYCF)
IRQ,Iraq,NT_BF_EXBF,"Exclusive breastfeeding <6 months, %",Layer 1: Nutrition Outcomes,2018,25.8224,Middle East and North Africa,Upper middle income,Dated (6-10 years),6,Exclusive BF <6m,Diets & Care (IYCF)
IRQ,Iraq,NT_CF_MAD,"Minimum acceptable diet (6-23 months), %",Layer 2: Underlying Determinants,2018,34.1185,Middle East and North Africa,Upper middle income,Dated (6-10 years),6,Minimum Acceptable Diet,Diets & Care (IYCF)
IRQ,Iraq,NT_CF_MDD,"Minimum dietary diversity >=5/8 food groups (6-23 months), %",Layer 2: Underlying Determinants,2018,44.5826,Middle East and North Africa,Upper middle income,Dated (6-10 years),6,Minimum Dietary Diversity,Diets & Care (IYCF)
IRQ,Iraq,NT_CF_MMF,"Minimum meal frequency (6-23 months), %",Layer 2: Underlying Determinants,2018,74.3352,Middle East and North Africa,Upper middle income,Dated (6-10 years),6,Minimum Meal Frequency,Diets & Care (IYCF)
ISL,Iceland,IM_DTP3,"DTP3 immunisation coverage, % (proxy for health system reach)",Layer 2: Underlying Determinants,2024,94.0,Europe and Central Asia,High income,Recent (≤5 years),0,DTP3 Immunisation,Services & Programme Coverage
ISL,Iceland,MNCH_SAB,"Skilled birth attendance, %",Layer 2: Underlying Determinants,2023,97.6,Europe and Central Asia,High income,Recent (≤5 years),1,Skilled Birth Attendance,Services & Programme Coverage
ISR,Israel,IM_DTP3,"DTP3 immunisation coverage, % (proxy for health system reach)",Layer 2: Underlying Determinants,2024,98.0,Middle East and North Africa,High income,Recent (≤5 years),0,DTP3 Immunisation,Services & Programme Coverage
ISR,Israel,MNCH_SAB,"Skilled birth attendance, %",Layer 2: Underlying Determinants,2023,99.5,Middle East and North Africa,High income,Recent (≤5 years),1,Skilled Birth Attendance,Services & Programme Coverage
ITA,Italy,IM_DTP3,"DTP3 immunisation coverage, % (proxy for health system reach)",Layer 2: Underlying Determinants,2024,94.0,Europe and Central Asia,High income,Recent (≤5 years),0,DTP3 Immunisation,Services & Programme Coverage
ITA,Italy,MNCH_ANC4,"ANC 4+ visits coverage, %",Layer 2: Underlying Determinants,2003,68.1,Europe and Central Asia,High income,Outdated (>10 years),21,ANC 4+ Visits,Services & Programme Coverage
ITA,Italy,MNCH_SAB,"Skilled birth attendance, %",Layer 2: Underlying Determinants,2023,99.9,Europe and Central Asia,High income,Recent (≤5 years),1,Skilled Birth Attendance,Services & Programme Coverage
JAM,Jamaica,IM_DTP3,"DTP3 immunisation coverage, % (proxy for health system reach)",Layer 2: Underlying Determinants,2024,99.0,Latin America and Caribbean,Upper middle income,Recent (≤5 years),0,DTP3 Immunisation,Services & Programme Coverage
JAM,Jamaica,MNCH_ANC4,"ANC 4+ visits coverage, %",Layer 2: Underlying Determinants,2021,83.6,Latin America and Caribbean,Upper middle income,Recent (≤5 years),3,ANC 4+ Visits,Services & Programme Coverage
JAM,Jamaica,MNCH_SAB,"Skilled birth attendance, %",Layer 2: Underlying Determinants,2023,98.8,Latin America and Caribbean,Upper middle income,Recent (≤5 years),1,Skilled Birth Attendance,Services & Programme Coverage
JAM,Jamaica,NT_BF_EIBF,"Early initiation of breastfeeding within 1 hour, %",Layer 2: Underlying Determinants,2011,64.719,Latin America and Caribbean,Upper middle income,Outdated (>10 years),13,Early Initiation of BF,Diets & Care (IYCF)
JAM,Jamaica,NT_BF_EXBF,"Exclusive breastfeeding <6 months, %",Layer 1: Nutrition Outcomes,2022,32.9926,Latin America and Caribbean,Upper middle income,Recent (≤5 years),2,Exclusive BF <6m,Diets & Care (IYCF)
JAM,Jamaica,NT_CF_MAD,"Minimum acceptable diet (6-23 months), %",Layer 2: Underlying Determinants,2022,33.354,Latin America and Caribbean,Upper middle income,Recent (≤5 years),2,Minimum Acceptable Diet,Diets & Care (IYCF)
JAM,Jamaica,NT_CF_MDD,"Minimum dietary diversity >=5/8 food groups (6-23 months), %",Layer 2: Underlying Determinants,2022,51.3693,Latin America and Caribbean,Upper middle income,Recent (≤5 years),2,Minimum Dietary Diversity,Diets & Care (IYCF)
JAM,Jamaica,NT_CF_MMF,"Minimum meal frequency (6-23 months), %",Layer 2: Underlying Determinants,2022,60.6592,Latin America and Caribbean,Upper middle income,Recent (≤5 years),2,Minimum Meal Frequency,Diets & Care (IYCF)
JOR,Jordan,IM_DTP3,"DTP3 immunisation coverage, % (proxy for health system reach)",Layer 2: Underlying Determinants,2024,96.0,Middle East and North Africa,Upper middle income,Recent (≤5 years),0,DTP3 Immunisation,Services & Programme Coverage
JOR,Jordan,MNCH_ANC4,"ANC 4+ visits coverage, %",Layer 2: Underlying Determinants,2023,93.1,Middle East and North Africa,Upper middle income,Recent (≤5 years),1,ANC 4+ Visits,Services & Programme Coverage
JOR,Jordan,MNCH_SAB,"Skilled birth attendance, %",Layer 2: Underlying Determinants,2023,99.9,Middle East and North Africa,Upper middle income,Recent (≤5 years),1,Skilled Birth Attendance,Services & Programme Coverage
JOR,Jordan,NT_BF_EIBF,"Early initiation of breastfeeding within 1 hour, %",Layer 2: Underlying Determinants,2023,33.7693,Middle East and North Africa,Upper middle income,Recent (≤5 years),1,Early Initiation of BF,Diets & Care (IYCF)
JOR,Jordan,NT_BF_EXBF,"Exclusive breastfeeding <6 months, %",Layer 1: Nutrition Outcomes,2023,23.9101,Middle East and North Africa,Upper middle income,Recent (≤5 years),1,Exclusive BF <6m,Diets & Care (IYCF)
JOR,Jordan,NT_CF_MAD,"Minimum acceptable diet (6-23 months), %",Layer 2: Underlying Determinants,2023,27.2309,Middle East and North Africa,Upper middle income,Recent (≤5 years),1,Minimum Acceptable Diet,Diets & Care (IYCF)
JOR,Jordan,NT_CF_MDD,"Minimum dietary diversity >=5/8 food groups (6-23 months), %",Layer 2: Underlying Determinants,2023,42.4242,Middle East and North Africa,Upper middle income,Recent (≤5 years),1,Minimum Dietary Diversity,Diets & Care (IYCF)
JOR,Jordan,NT_CF_MMF,"Minimum meal frequency (6-23 months), %",Layer 2: Underlying Determinants,2023,59.8446,Middle East and North Africa,Upper middle income,Recent (≤5 years),1,Minimum Meal Frequency,Diets & Care (IYCF)
JPN,Japan,IM_DTP3,"DTP3 immunisation coverage, % (proxy for health system reach)",Layer 2: Underlying Determinants,2024,99.0,East Asia and Pacific,High income,Recent (≤5 years),0,DTP3 Immunisation,Services & Programme Coverage
JPN,Japan,MNCH_SAB,"Skilled birth attendance, %",Layer 2: Underlying Determinants,2023,99.8,East Asia and Pacific,High income,Recent (≤5 years),1,Skilled Birth Attendance,Services & Programme Coverage
KAZ,Kazakhstan,IM_DTP3,"DTP3 immunisation coverage, % (proxy for health system reach)",Layer 2: Underlying Determinants,2024,98.0,Europe and Central Asia,Upper middle income,Recent (≤5 years),0,DTP3 Immunisation,Services & Programme Coverage
KAZ,Kazakhstan,MNCH_ANC4,"ANC 4+ visits coverage, %",Layer 2: Underlying Determinants,2015,95.3,Europe and Central Asia,Upper middle income,Dated (6-10 years),9,ANC 4+ Visits,Services & Programme Coverage
KAZ,Kazakhstan,MNCH_SAB,"Skilled birth attendance, %",Layer 2: Underlying Determinants,2018,99.9,Europe and Central Asia,Upper middle income,Dated (6-10 years),6,Skilled Birth Attendance,Services & Programme Coverage
KAZ,Kazakhstan,NT_BF_EIBF,"Early initiation of breastfeeding within 1 hour, %",Layer 2: Underlying Determinants,2015,83.2887,Europe and Central Asia,Upper middle income,Dated (6-10 years),9,Early Initiation of BF,Diets & Care (IYCF)
KAZ,Kazakhstan,NT_BF_EXBF,"Exclusive breastfeeding <6 months, %",Layer 1: Nutrition Outcomes,2015,37.7719,Europe and Central Asia,Upper middle income,Dated (6-10 years),9,Exclusive BF <6m,Diets & Care (IYCF)
KAZ,Kazakhstan,NT_CF_MAD,"Minimum acceptable diet (6-23 months), %",Layer 2: Underlying Determinants,2015,36.6726,Europe and Central Asia,Upper middle income,Dated (6-10 years),9,Minimum Acceptable Diet,Diets & Care (IYCF)
KAZ,Kazakhstan,NT_CF_MDD,"Minimum dietary diversity >=5/8 food groups (6-23 months), %",Layer 2: Underlying Determinants,2015,48.9808,Europe and Central Asia,Upper middle income,Dated (6-10 years),9,Minimum Dietary Diversity,Diets & Care (IYCF)
KAZ,Kazakhstan,NT_CF_MMF,"Minimum meal frequency (6-23 months), %",Layer 2: Underlying Determinants,2015,73.208,Europe and Central Asia,Upper middle income,Dated (6-10 years),9,Minimum Meal Frequency,Diets & Care (IYCF)
KEN,Kenya,IM_DTP3,"DTP3 immunisation coverage, % (proxy for health system reach)",Layer 2: Underlying Determinants,2024,91.0,Sub-Saharan Africa,Lower middle income,Recent (≤5 years),0,DTP3 Immunisation,Services & Programme Coverage
KEN,Kenya,MNCH_ANC4,"ANC 4+ visits coverage, %",Layer 2: Underlying Determinants,2022,66.0,Sub-Saharan Africa,Lower middle income,Recent (≤5 years),2,ANC 4+ Visits,Services & Programme Coverage
KEN,Kenya,MNCH_SAB,"Skilled birth attendance, %",Layer 2: Underlying Determinants,2022,89.3,Sub-Saharan Africa,Lower middle income,Recent (≤5 years),2,Skilled Birth Attendance,Services & Programme Coverage
KEN,Kenya,NT_BF_EIBF,"Early initiation of breastfeeding within 1 hour, %",Layer 2: Underlying Determinants,2022,60.1271,Sub-Saharan Africa,Lower middle income,Recent (≤5 years),2,Early Initiation of BF,Diets & Care (IYCF)
KEN,Kenya,NT_BF_EXBF,"Exclusive breastfeeding <6 months, %",Layer 1: Nutrition Outcomes,2022,59.7122,Sub-Saharan Africa,Lower middle income,Recent (≤5 years),2,Exclusive BF <6m,Diets & Care (IYCF)
KEN,Kenya,NT_CF_MAD,"Minimum acceptable diet (6-23 months), %",Layer 2: Underlying Determinants,2022,30.6664,Sub-Saharan Africa,Lower middle income,Recent (≤5 years),2,Minimum Acceptable Diet,Diets & Care (IYCF)
KEN,Kenya,NT_CF_MDD,"Minimum dietary diversity >=5/8 food groups (6-23 months), %",Layer 2: Underlying Determinants,2022,36.9253,Sub-Saharan Africa,Lower middle income,Recent (≤5 years),2,Minimum Dietary Diversity,Diets & Care (IYCF)
KEN,Kenya,NT_CF_MMF,"Minimum meal frequency (6-23 months), %",Layer 2: Underlying Determinants,2022,70.9052,Sub-Saharan Africa,Lower middle income,Recent (≤5 years),2,Minimum Meal Frequency,Diets & Care (IYCF)
KGZ,Kyrgyzstan,IM_DTP3,"DTP3 immunisation coverage, % (proxy for health system reach)",Layer 2: Underlying Determinants,2024,85.0,Europe and Central Asia,Lower middle income,Recent (≤5 years),0,DTP3 Immunisation,Services & Programme Coverage
KGZ,Kyrgyzstan,MNCH_ANC4,"ANC 4+ visits coverage, %",Layer 2: Underlying Determinants,2023,94.4,Europe and Central Asia,Lower middle income,Recent (≤5 years),1,ANC 4+ Visits,Services & Programme Coverage
KGZ,Kyrgyzstan,MNCH_SAB,"Skilled birth attendance, %",Layer 2: Underlying Determinants,2023,99.8,Europe and Central Asia,Lower middle income,Recent (≤5 years),1,Skilled Birth Attendance,Services & Programme Coverage
KGZ,Kyrgyzstan,NT_BF_EIBF,"Early initiation of breastfeeding within 1 hour, %",Layer 2: Underlying Determinants,2023,73.2173,Europe and Central Asia,Lower middle income,Recent (≤5 years),1,Early Initiation of BF,Diets & Care (IYCF)
KGZ,Kyrgyzstan,NT_BF_EXBF,"Exclusive breastfeeding <6 months, %",Layer 1: Nutrition Outcomes,2023,44.2549,Europe and Central Asia,Lower middle income,Recent (≤5 years),1,Exclusive BF <6m,Diets & Care (IYCF)
KGZ,Kyrgyzstan,NT_CF_MAD,"Minimum acceptable diet (6-23 months), %",Layer 2: Underlying Determinants,2023,50.515,Europe and Central Asia,Lower middle income,Recent (≤5 years),1,Minimum Acceptable Diet,Diets & Care (IYCF)
KGZ,Kyrgyzstan,NT_CF_MDD,"Minimum dietary diversity >=5/8 food groups (6-23 months), %",Layer 2: Underlying Determinants,2023,65.7408,Europe and Central Asia,Lower middle income,Recent (≤5 years),1,Minimum Dietary Diversity,Diets & Care (IYCF)
KGZ,Kyrgyzstan,NT_CF_MMF,"Minimum meal frequency (6-23 months), %",Layer 2: Underlying Determinants,2023,77.778,Europe and Central Asia,Lower middle income,Recent (≤5 years),1,Minimum Meal Frequency,Diets & Care (IYCF)
KHM,Cambodia,IM_DTP3,"DTP3 immunisation coverage, % (proxy for health system reach)",Layer 2: Underlying Determinants,2024,83.0,East Asia and Pacific,Lower middle income,Recent (≤5 years),0,DTP3 Immunisation,Services & Programme Coverage
KHM,Cambodia,MNCH_ANC4,"ANC 4+ visits coverage, %",Layer 2: Underlying Determinants,2022,86.0,East Asia and Pacific,Lower middle income,Recent (≤5 years),2,ANC 4+ Visits,Services & Programme Coverage
KHM,Cambodia,MNCH_SAB,"Skilled birth attendance, %",Layer 2: Underlying Determinants,2022,98.7,East Asia and Pacific,Lower middle income,Recent (≤5 years),2,Skilled Birth Attendance,Services & Programme Coverage
KHM,Cambodia,NT_BF_EIBF,"Early initiation of breastfeeding within 1 hour, %",Layer 2: Underlying Determinants,2021,53.9956,East Asia and Pacific,Lower middle income,Recent (≤5 years),3,Early Initiation of BF,Diets & Care (IYCF)
KHM,Cambodia,NT_BF_EXBF,"Exclusive breastfeeding <6 months, %",Layer 1: Nutrition Outcomes,2021,50.2936,East Asia and Pacific,Lower middle income,Recent (≤5 years),3,Exclusive BF <6m,Diets & Care (IYCF)
KHM,Cambodia,NT_CF_MAD,"Minimum acceptable diet (6-23 months), %",Layer 2: Underlying Determinants,2021,42.0349,East Asia and Pacific,Lower middle income,Recent (≤5 years),3,Minimum Acceptable Diet,Diets & Care (IYCF)
KHM,Cambodia,NT_CF_MDD,"Minimum dietary diversity >=5/8 food groups (6-23 months), %",Layer 2: Underlying Determinants,2021,48.6445,East Asia and Pacific,Lower middle income,Recent (≤5 years),3,Minimum Dietary Diversity,Diets & Care (IYCF)
KHM,Cambodia,NT_CF_MMF,"Minimum meal frequency (6-23 months), %",Layer 2: Underlying Determinants,2021,81.6674,East Asia and Pacific,Lower middle income,Recent (≤5 years),3,Minimum Meal Frequency,Diets & Care (IYCF)
KIR,Kiribati,IM_DTP3,"DTP3 immunisation coverage, % (proxy for health system reach)",Layer 2: Underlying Determinants,2024,94.0,East Asia and Pacific,Lower middle income,Recent (≤5 years),0,DTP3 Immunisation,Services & Programme Coverage
KIR,Kiribati,MNCH_ANC4,"ANC 4+ visits coverage, %",Layer 2: Underlying Determinants,2019,67.0,East Asia and Pacific,Lower middle income,Recent (≤5 years),5,ANC 4+ Visits,Services & Programme Coverage
KIR,Kiribati,MNCH_SAB,"Skilled birth attendance, %",Layer 2: Underlying Determinants,2019,91.9,East Asia and Pacific,Lower middle income,Recent (≤5 years),5,Skilled Birth Attendance,Services & Programme Coverage
KIR,Kiribati,NT_BF_EIBF,"Early initiation of breastfeeding within 1 hour, %",Layer 2: Underlying Determinants,2018,45.5991,East Asia and Pacific,Lower middle income,Dated (6-10 years),6,Early Initiation of BF,Diets & Care (IYCF)
KIR,Kiribati,NT_BF_EXBF,"Exclusive breastfeeding <6 months, %",Layer 1: Nutrition Outcomes,2018,63.5852,East Asia and Pacific,Lower middle income,Dated (6-10 years),6,Exclusive BF <6m,Diets & Care (IYCF)
KIR,Kiribati,NT_CF_MAD,"Minimum acceptable diet (6-23 months), %",Layer 2: Underlying Determinants,2018,8.2732,East Asia and Pacific,Lower middle income,Dated (6-10 years),6,Minimum Acceptable Diet,Diets & Care (IYCF)
KIR,Kiribati,NT_CF_MDD,"Minimum dietary diversity >=5/8 food groups (6-23 months), %",Layer 2: Underlying Determinants,2018,9.3019,East Asia and Pacific,Lower middle income,Dated (6-10 years),6,Minimum Dietary Diversity,Diets & Care (IYCF)
KIR,Kiribati,NT_CF_MMF,"Minimum meal frequency (6-23 months), %",Layer 2: Underlying Determinants,2018,74.1032,East Asia and Pacific,Lower middle income,Dated (6-10 years),6,Minimum Meal Frequency,Diets & Care (IYCF)
KNA,Saint Kitts and Nevis,IM_DTP3,"DTP3 immunisation coverage, % (proxy for health system reach)",Layer 2: Underlying Determinants,2024,97.0,Latin America and Caribbean,High income,Recent (≤5 years),0,DTP3 Immunisation,Services & Programme Coverage
KNA,Saint Kitts and Nevis,MNCH_SAB,"Skilled birth attendance, %",Layer 2: Underlying Determinants,2024,99.4,Latin America and Caribbean,High income,Recent (≤5 years),0,Skilled Birth Attendance,Services & Programme Coverage
KOR,Republic of Korea,IM_DTP3,"DTP3 immunisation coverage, % (proxy for health system reach)",Layer 2: Underlying Determinants,2024,97.0,East Asia and Pacific,High income,Recent (≤5 years),0,DTP3 Immunisation,Services & Programme Coverage
KOR,Republic of Korea,MNCH_ANC4,"ANC 4+ visits coverage, %",Layer 2: Underlying Determinants,2012,96.8,East Asia and Pacific,High income,Outdated (>10 years),12,ANC 4+ Visits,Services & Programme Coverage
KOR,Republic of Korea,MNCH_SAB,"Skilled birth attendance, %",Layer 2: Underlying Determinants,2024,99.8,East Asia and Pacific,High income,Recent (≤5 years),0,Skilled Birth Attendance,Services & Programme Coverage
KWT,Kuwait,IM_DTP3,"DTP3 immunisation coverage, % (proxy for health system reach)",Layer 2: Underlying Determinants,2024,99.0,Middle East and North Africa,High income,Recent (≤5 years),0,DTP3 Immunisation,Services & Programme Coverage
KWT,Kuwait,MNCH_SAB,"Skilled birth attendance, %",Layer 2: Underlying Determinants,2024,100.0,Middle East and North Africa,High income,Recent (≤5 years),0,Skilled Birth Attendance,Services & Programme Coverage
LAO,Lao People's Democratic Republic,IM_DTP3,"DTP3 immunisation coverage, % (proxy for health system reach)",Layer 2: Underlying Determinants,2024,67.0,East Asia and Pacific,Lower middle income,Recent (≤5 years),0,DTP3 Immunisation,Services & Programme Coverage
LAO,Lao People's Democratic Republic,MNCH_ANC4,"ANC 4+ visits coverage, %",Layer 2: Underlying Determinants,2023,71.6,East Asia and Pacific,Lower middle income,Recent (≤5 years),1,ANC 4+ Visits,Services & Programme Coverage
LAO,Lao People's Democratic Republic,MNCH_SAB,"Skilled birth attendance, %",Layer 2: Underlying Determinants,2023,79.8,East Asia and Pacific,Lower middle income,Recent (≤5 years),1,Skilled Birth Attendance,Services & Programme Coverage
LAO,Lao People's Democratic Republic,NT_BF_EIBF,"Early initiation of breastfeeding within 1 hour, %",Layer 2: Underlying Determinants,2023,44.8747,East Asia and Pacific,Lower middle income,Recent (≤5 years),1,Early Initiation of BF,Diets & Care (IYCF)
LAO,Lao People's Democratic Republic,NT_BF_EXBF,"Exclusive breastfeeding <6 months, %",Layer 1: Nutrition Outcomes,2023,50.3193,East Asia and Pacific,Lower middle income,Recent (≤5 years),1,Exclusive BF <6m,Diets & Care (IYCF)
LAO,Lao People's Democratic Republic,NT_CF_MAD,"Minimum acceptable diet (6-23 months), %",Layer 2: Underlying Determinants,2017,25.906,East Asia and Pacific,Lower middle income,Dated (6-10 years),7,Minimum Acceptable Diet,Diets & Care (IYCF)
LAO,Lao People's Democratic Republic,NT_CF_MDD,"Minimum dietary diversity >=5/8 food groups (6-23 months), %",Layer 2: Underlying Determinants,2023,41.0038,East Asia and Pacific,Lower middle income,Recent (≤5 years),1,Minimum Dietary Diversity,Diets & Care (IYCF)
LAO,Lao People's Democratic Republic,NT_CF_MMF,"Minimum meal frequency (6-23 months), %",Layer 2: Underlying Determinants,2017,68.5912,East Asia and Pacific,Lower middle income,Dated (6-10 years),7,Minimum Meal Frequency,Diets & Care (IYCF)
LBN,Lebanon,IM_DTP3,"DTP3 immunisation coverage, % (proxy for health system reach)",Layer 2: Underlying Determinants,2024,49.0,Middle East and North Africa,Upper middle income,Recent (≤5 years),0,DTP3 Immunisation,Services & Programme Coverage
LBN,Lebanon,MNCH_SAB,"Skilled birth attendance, %",Layer 2: Underlying Determinants,2004,98.2,Middle East and North Africa,Upper middle income,Outdated (>10 years),20,Skilled Birth Attendance,Services & Programme Coverage
LBN,Lebanon,NT_BF_EIBF,"Early initiation of breastfeeding within 1 hour, %",Layer 2: Underlying Determinants,2023,58.8,Middle East and North Africa,Upper middle income,Recent (≤5 years),1,Early Initiation of BF,Diets & Care (IYCF)
LBN,Lebanon,NT_BF_EXBF,"Exclusive breastfeeding <6 months, %",Layer 1: Nutrition Outcomes,2023,22.7,Middle East and North Africa,Upper middle income,Recent (≤5 years),1,Exclusive BF <6m,Diets & Care (IYCF)
LBN,Lebanon,NT_CF_MDD,"Minimum dietary diversity >=5/8 food groups (6-23 months), %",Layer 2: Underlying Determinants,2023,25.8,Middle East and North Africa,Upper middle income,Recent (≤5 years),1,Minimum Dietary Diversity,Diets & Care (IYCF)
LBR,Liberia,IM_DTP3,"DTP3 immunisation coverage, % (proxy for health system reach)",Layer 2: Underlying Determinants,2024,83.0,Sub-Saharan Africa,Low income,Recent (≤5 years),0,DTP3 Immunisation,Services & Programme Coverage
LBR,Liberia,MNCH_ANC4,"ANC 4+ visits coverage, %",Layer 2: Underlying Determinants,2022,83.8,Sub-Saharan Africa,Low income,Recent (≤5 years),2,ANC 4+ Visits,Services & Programme Coverage
LBR,Liberia,MNCH_SAB,"Skilled birth attendance, %",Layer 2: Underlying Determinants,2020,84.4,Sub-Saharan Africa,Low income,Recent (≤5 years),4,Skilled Birth Attendance,Services & Programme Coverage
LBR,Liberia,NT_BF_EIBF,"Early initiation of breastfeeding within 1 hour, %",Layer 2: Underlying Determinants,2019,66.485,Sub-Saharan Africa,Low income,Recent (≤5 years),5,Early Initiation of BF,Diets & Care (IYCF)
LBR,Liberia,NT_BF_EXBF,"Exclusive breastfeeding <6 months, %",Layer 1: Nutrition Outcomes,2019,55.2284,Sub-Saharan Africa,Low income,Recent (≤5 years),5,Exclusive BF <6m,Diets & Care (IYCF)
LBR,Liberia,NT_CF_MAD,"Minimum acceptable diet (6-23 months), %",Layer 2: Underlying Determinants,2019,3.1415,Sub-Saharan Africa,Low income,Recent (≤5 years),5,Minimum Acceptable Diet,Diets & Care (IYCF)
LBR,Liberia,NT_CF_MDD,"Minimum dietary diversity >=5/8 food groups (6-23 months), %",Layer 2: Underlying Determinants,2019,8.6074,Sub-Saharan Africa,Low income,Recent (≤5 years),5,Minimum Dietary Diversity,Diets & Care (IYCF)
LBR,Liberia,NT_CF_MMF,"Minimum meal frequency (6-23 months), %",Layer 2: Underlying Determinants,2019,21.8293,Sub-Saharan Africa,Low income,Recent (≤5 years),5,Minimum Meal Frequency,Diets & Care (IYCF)
LBY,Libya,IM_DTP3,"DTP3 immunisation coverage, % (proxy for health system reach)",Layer 2: Underlying Determinants,2024,86.0,Middle East and North Africa,Upper middle income,Recent (≤5 years),0,DTP3 Immunisation,Services & Programme Coverage
LBY,Libya,MNCH_ANC4,"ANC 4+ visits coverage, %",Layer 2: Underlying Determinants,2024,79.9,Middle East and North Africa,Upper middle income,Recent (≤5 years),0,ANC 4+ Visits,Services & Programme Coverage
LBY,Libya,MNCH_SAB,"Skilled birth attendance, %",Layer 2: Underlying Determinants,2013,99.9,Middle East and North Africa,Upper middle income,Outdated (>10 years),11,Skilled Birth Attendance,Services & Programme Coverage
LBY,Libya,NT_BF_EIBF,"Early initiation of breastfeeding within 1 hour, %",Layer 2: Underlying Determinants,2014,28.8,Middle East and North Africa,Upper middle income,Dated (6-10 years),10,Early Initiation of BF,Diets & Care (IYCF)
LCA,Saint Lucia,IM_DTP3,"DTP3 immunisation coverage, % (proxy for health system reach)",Layer 2: Underlying Determinants,2024,99.0,Latin America and Caribbean,Upper middle income,Recent (≤5 years),0,DTP3 Immunisation,Services & Programme Coverage
LCA,Saint Lucia,MNCH_ANC4,"ANC 4+ visits coverage, %",Layer 2: Underlying Determinants,2012,90.3,Latin America and Caribbean,Upper middle income,Outdated (>10 years),12,ANC 4+ Visits,Services & Programme Coverage
LCA,Saint Lucia,MNCH_SAB,"Skilled birth attendance, %",Layer 2: Underlying Determinants,2024,100.0,Latin America and Caribbean,Upper middle income,Recent (≤5 years),0,Skilled Birth Attendance,Services & Programme Coverage
LCA,Saint Lucia,NT_BF_EIBF,"Early initiation of breastfeeding within 1 hour, %",Layer 2: Underlying Determinants,2012,49.5829,Latin America and Caribbean,Upper middle income,Outdated (>10 years),12,Early Initiation of BF,Diets & Care (IYCF)
LCA,Saint Lucia,NT_BF_EXBF,"Exclusive breastfeeding <6 months, %",Layer 1: Nutrition Outcomes,2012,3.497,Latin America and Caribbean,Upper middle income,Outdated (>10 years),12,Exclusive BF <6m,Diets & Care (IYCF)
LCA,Saint Lucia,NT_CF_MMF,"Minimum meal frequency (6-23 months), %",Layer 2: Underlying Determinants,2012,42.9957,Latin America and Caribbean,Upper middle income,Outdated (>10 years),12,Minimum Meal Frequency,Diets & Care (IYCF)
LKA,Sri Lanka,IM_DTP3,"DTP3 immunisation coverage, % (proxy for health system reach)",Layer 2: Underlying Determinants,2024,97.0,South Asia,Lower middle income,Recent (≤5 years),0,DTP3 Immunisation,Services & Programme Coverage
LKA,Sri Lanka,MNCH_ANC4,"ANC 4+ visits coverage, %",Layer 2: Underlying Determinants,2007,92.5,South Asia,Lower middle income,Outdated (>10 years),17,ANC 4+ Visits,Services & Programme Coverage
LKA,Sri Lanka,MNCH_SAB,"Skilled birth attendance, %",Layer 2: Underlying Determinants,2016,99.5,South Asia,Lower middle income,Dated (6-10 years),8,Skilled Birth Attendance,Services & Programme Coverage
LKA,Sri Lanka,NT_BF_EIBF,"Early initiation of breastfeeding within 1 hour, %",Layer 2: Underlying Determinants,2022,90.7,South Asia,Lower middle income,Recent (≤5 years),2,Early Initiation of BF,Diets & Care (IYCF)
LKA,Sri Lanka,NT_BF_EXBF,"Exclusive breastfeeding <6 months, %",Layer 1: Nutrition Outcomes,2016,80.9288,South Asia,Lower middle income,Dated (6-10 years),8,Exclusive BF <6m,Diets & Care (IYCF)
LKA,Sri Lanka,NT_CF_MDD,"Minimum dietary diversity >=5/8 food groups (6-23 months), %",Layer 2: Underlying Determinants,2016,78.4447,South Asia,Lower middle income,Dated (6-10 years),8,Minimum Dietary Diversity,Diets & Care (IYCF)
LSO,Lesotho,IM_DTP3,"DTP3 immunisation coverage, % (proxy for health system reach)",Layer 2: Underlying Determinants,2024,86.0,Sub-Saharan Africa,Lower middle income,Recent (≤5 years),0,DTP3 Immunisation,Services & Programme Coverage
LSO,Lesotho,MNCH_ANC4,"ANC 4+ visits coverage, %",Layer 2: Underlying Determinants,2024,81.9,Sub-Saharan Africa,Lower middle income,Recent (≤5 years),0,ANC 4+ Visits,Services & Programme Coverage
LSO,Lesotho,MNCH_SAB,"Skilled birth attendance, %",Layer 2: Underlying Determinants,2024,88.8,Sub-Saharan Africa,Lower middle income,Recent (≤5 years),0,Skilled Birth Attendance,Services & Programme Coverage
LSO,Lesotho,NT_BF_EIBF,"Early initiation of breastfeeding within 1 hour, %",Layer 2: Underlying Determinants,2024,67.1393,Sub-Saharan Africa,Lower middle income,Recent (≤5 years),0,Early Initiation of BF,Diets & Care (IYCF)
LSO,Lesotho,NT_BF_EXBF,"Exclusive breastfeeding <6 months, %",Layer 1: Nutrition Outcomes,2024,60.7438,Sub-Saharan Africa,Lower middle income,Recent (≤5 years),0,Exclusive BF <6m,Diets & Care (IYCF)
LSO,Lesotho,NT_CF_MAD,"Minimum acceptable diet (6-23 months), %",Layer 2: Underlying Determinants,2024,8.4973,Sub-Saharan Africa,Lower middle income,Recent (≤5 years),0,Minimum Acceptable Diet,Diets & Care (IYCF)
LSO,Lesotho,NT_CF_MDD,"Minimum dietary diversity >=5/8 food groups (6-23 months), %",Layer 2: Underlying Determinants,2024,14.9936,Sub-Saharan Africa,Lower middle income,Recent (≤5 years),0,Minimum Dietary Diversity,Diets & Care (IYCF)
LSO,Lesotho,NT_CF_MMF,"Minimum meal frequency (6-23 months), %",Layer 2: Underlying Determinants,2024,58.3699,Sub-Saharan Africa,Lower middle income,Recent (≤5 years),0,Minimum Meal Frequency,Diets & Care (IYCF)
LTU,Lithuania,IM_DTP3,"DTP3 immunisation coverage, % (proxy for health system reach)",Layer 2: Underlying Determinants,2024,89.0,Europe and Central Asia,High income,Recent (≤5 years),0,DTP3 Immunisation,Services & Programme Coverage
LTU,Lithuania,MNCH_SAB,"Skilled birth attendance, %",Layer 2: Underlying Determinants,2024,100.0,Europe and Central Asia,High income,Recent (≤5 years),0,Skilled Birth Attendance,Services & Programme Coverage
LUX,Luxembourg,IM_DTP3,"DTP3 immunisation coverage, % (proxy for health system reach)",Layer 2: Underlying Determinants,2024,99.0,Europe and Central Asia,High income,Recent (≤5 years),0,DTP3 Immunisation,Services & Programme Coverage
LUX,Luxembourg,MNCH_ANC4,"ANC 4+ visits coverage, %",Layer 2: Underlying Determinants,2011,97.3,Europe and Central Asia,High income,Outdated (>10 years),13,ANC 4+ Visits,Services & Programme Coverage
LUX,Luxembourg,MNCH_SAB,"Skilled birth attendance, %",Layer 2: Underlying Determinants,2019,99.8,Europe and Central Asia,High income,Recent (≤5 years),5,Skilled Birth Attendance,Services & Programme Coverage
LVA,Latvia,IM_DTP3,"DTP3 immunisation coverage, % (proxy for health system reach)",Layer 2: Underlying Determinants,2024,97.0,Europe and Central Asia,High income,Recent (≤5 years),0,DTP3 Immunisation,Services & Programme Coverage
LVA,Latvia,MNCH_SAB,"Skilled birth attendance, %",Layer 2: Underlying Determinants,2024,98.5,Europe and Central Asia,High income,Recent (≤5 years),0,Skilled Birth Attendance,Services & Programme Coverage
MAR,Morocco,IM_DTP3,"DTP3 immunisation coverage, % (proxy for health system reach)",Layer 2: Underlying Determinants,2024,96.0,Middle East and North Africa,Lower middle income,Recent (≤5 years),0,DTP3 Immunisation,Services & Programme Coverage
MAR,Morocco,MNCH_ANC4,"ANC 4+ visits coverage, %",Layer 2: Underlying Determinants,2018,53.5,Middle East and North Africa,Lower middle income,Dated (6-10 years),6,ANC 4+ Visits,Services & Programme Coverage
MAR,Morocco,MNCH_SAB,"Skilled birth attendance, %",Layer 2: Underlying Determinants,2018,86.6,Middle East and North Africa,Lower middle income,Dated (6-10 years),6,Skilled Birth Attendance,Services & Programme Coverage
MAR,Morocco,NT_BF_EIBF,"Early initiation of breastfeeding within 1 hour, %",Layer 2: Underlying Determinants,2017,42.6,Middle East and North Africa,Lower middle income,Dated (6-10 years),7,Early Initiation of BF,Diets & Care (IYCF)
MAR,Morocco,NT_BF_EXBF,"Exclusive breastfeeding <6 months, %",Layer 1: Nutrition Outcomes,2017,35.0,Middle East and North Africa,Lower middle income,Dated (6-10 years),7,Exclusive BF <6m,Diets & Care (IYCF)
MCO,Monaco,IM_DTP3,"DTP3 immunisation coverage, % (proxy for health system reach)",Layer 2: Underlying Determinants,2024,99.0,,,Recent (≤5 years),0,DTP3 Immunisation,Services & Programme Coverage
MDA,Republic of Moldova,IM_DTP3,"DTP3 immunisation coverage, % (proxy for health system reach)",Layer 2: Underlying Determinants,2024,86.0,Europe and Central Asia,Lower middle income,Recent (≤5 years),0,DTP3 Immunisation,Services & Programme Coverage
MDA,Republic of Moldova,MNCH_ANC4,"ANC 4+ visits coverage, %",Layer 2: Underlying Determinants,2012,95.4,Europe and Central Asia,Lower middle income,Outdated (>10 years),12,ANC 4+ Visits,Services & Programme Coverage
MDA,Republic of Moldova,MNCH_SAB,"Skilled birth attendance, %",Layer 2: Underlying Determinants,2024,99.6,Europe and Central Asia,Lower middle income,Recent (≤5 years),0,Skilled Birth Attendance,Services & Programme Coverage
MDA,Republic of Moldova,NT_BF_EIBF,"Early initiation of breastfeeding within 1 hour, %",Layer 2: Underlying Determinants,2012,60.9195,Europe and Central Asia,Lower middle income,Outdated (>10 years),12,Early Initiation of BF,Diets & Care (IYCF)
MDA,Republic of Moldova,NT_BF_EXBF,"Exclusive breastfeeding <6 months, %",Layer 1: Nutrition Outcomes,2012,36.3703,Europe and Central Asia,Lower middle income,Outdated (>10 years),12,Exclusive BF <6m,Diets & Care (IYCF)
MDA,Republic of Moldova,NT_CF_MDD,"Minimum dietary diversity >=5/8 food groups (6-23 months), %",Layer 2: Underlying Determinants,2005,69.7046,Europe and Central Asia,Lower middle income,Outdated (>10 years),19,Minimum Dietary Diversity,Diets & Care (IYCF)
MDA,Republic of Moldova,NT_CF_MMF,"Minimum meal frequency (6-23 months), %",Layer 2: Underlying Determinants,2012,46.0767,Europe and Central Asia,Lower middle income,Outdated (>10 years),12,Minimum Meal Frequency,Diets & Care (IYCF)
MDG,Madagascar,IM_DTP3,"DTP3 immunisation coverage, % (proxy for health system reach)",Layer 2: Underlying Determinants,2024,60.0,Sub-Saharan Africa,Low income,Recent (≤5 years),0,DTP3 Immunisation,Services & Programme Coverage
MDG,Madagascar,MNCH_ANC4,"ANC 4+ visits coverage, %",Layer 2: Underlying Determinants,2021,59.9,Sub-Saharan Africa,Low income,Recent (≤5 years),3,ANC 4+ Visits,Services & Programme Coverage
MDG,Madagascar,MNCH_SAB,"Skilled birth attendance, %",Layer 2: Underlying Determinants,2021,45.8,Sub-Saharan Africa,Low income,Recent (≤5 years),3,Skilled Birth Attendance,Services & Programme Coverage
MDG,Madagascar,NT_BF_EIBF,"Early initiation of breastfeeding within 1 hour, %",Layer 2: Underlying Determinants,2024,66.1,Sub-Saharan Africa,Low income,Recent (≤5 years),0,Early Initiation of BF,Diets & Care (IYCF)
MDG,Madagascar,NT_BF_EXBF,"Exclusive breastfeeding <6 months, %",Layer 1: Nutrition Outcomes,2021,54.4131,Sub-Saharan Africa,Low income,Recent (≤5 years),3,Exclusive BF <6m,Diets & Care (IYCF)
MDG,Madagascar,NT_CF_MAD,"Minimum acceptable diet (6-23 months), %",Layer 2: Underlying Determinants,2024,14.9,Sub-Saharan Africa,Low income,Recent (≤5 years),0,Minimum Acceptable Diet,Diets & Care (IYCF)
MDG,Madagascar,NT_CF_MDD,"Minimum dietary diversity >=5/8 food groups (6-23 months), %",Layer 2: Underlying Determinants,2024,21.1,Sub-Saharan Africa,Low income,Recent (≤5 years),0,Minimum Dietary Diversity,Diets & Care (IYCF)
MDG,Madagascar,NT_CF_MMF,"Minimum meal frequency (6-23 months), %",Layer 2: Underlying Determinants,2024,69.2,Sub-Saharan Africa,Low income,Recent (≤5 years),0,Minimum Meal Frequency,Diets & Care (IYCF)
MDV,Maldives,IM_DTP3,"DTP3 immunisation coverage, % (proxy for health system reach)",Layer 2: Underlying Determinants,2024,99.0,South Asia,Upper middle income,Recent (≤5 years),0,DTP3 Immunisation,Services & Programme Coverage
MDV,Maldives,MNCH_ANC4,"ANC 4+ visits coverage, %",Layer 2: Underlying Determinants,2017,81.6,South Asia,Upper middle income,Dated (6-10 years),7,ANC 4+ Visits,Services & Programme Coverage
MDV,Maldives,MNCH_SAB,"Skilled birth attendance, %",Layer 2: Underlying Determinants,2021,99.9,South Asia,Upper middle income,Recent (≤5 years),3,Skilled Birth Attendance,Services & Programme Coverage
MDV,Maldives,NT_BF_EIBF,"Early initiation of breastfeeding within 1 hour, %",Layer 2: Underlying Determinants,2017,66.463,South Asia,Upper middle income,Dated (6-10 years),7,Early Initiation of BF,Diets & Care (IYCF)
MDV,Maldives,NT_BF_EXBF,"Exclusive breastfeeding <6 months, %",Layer 1: Nutrition Outcomes,2017,63.0329,South Asia,Upper middle income,Dated (6-10 years),7,Exclusive BF <6m,Diets & Care (IYCF)
MDV,Maldives,NT_CF_MAD,"Minimum acceptable diet (6-23 months), %",Layer 2: Underlying Determinants,2017,49.9955,South Asia,Upper middle income,Dated (6-10 years),7,Minimum Acceptable Diet,Diets & Care (IYCF)
MDV,Maldives,NT_CF_MDD,"Minimum dietary diversity >=5/8 food groups (6-23 months), %",Layer 2: Underlying Determinants,2017,71.3791,South Asia,Upper middle income,Dated (6-10 years),7,Minimum Dietary Diversity,Diets & Care (IYCF)
MDV,Maldives,NT_CF_MMF,"Minimum meal frequency (6-23 months), %",Layer 2: Underlying Determinants,2017,68.1684,South Asia,Upper middle income,Dated (6-10 years),7,Minimum Meal Frequency,Diets & Care (IYCF)
MEX,Mexico,IM_DTP3,"DTP3 immunisation coverage, % (proxy for health system reach)",Layer 2: Underlying Determinants,2024,78.0,Latin America and Caribbean,Upper middle income,Recent (≤5 years),0,DTP3 Immunisation,Services & Programme Coverage
MEX,Mexico,MNCH_ANC4,"ANC 4+ visits coverage, %",Layer 2: Underlying Determinants,2015,94.3,Latin America and Caribbean,Upper middle income,Dated (6-10 years),9,ANC 4+ Visits,Services & Programme Coverage
MEX,Mexico,MNCH_SAB,"Skilled birth attendance, %",Layer 2: Underlying Determinants,2022,87.5,Latin America and Caribbean,Upper middle income,Recent (≤5 years),2,Skilled Birth Attendance,Services & Programme Coverage
MEX,Mexico,NT_BF_EIBF,"Early initiation of breastfeeding within 1 hour, %",Layer 2: Underlying Determinants,2023,62.5123,Latin America and Caribbean,Upper middle income,Recent (≤5 years),1,Early Initiation of BF,Diets & Care (IYCF)
MEX,Mexico,NT_BF_EXBF,"Exclusive breastfeeding <6 months, %",Layer 1: Nutrition Outcomes,2023,34.9976,Latin America and Caribbean,Upper middle income,Recent (≤5 years),1,Exclusive BF <6m,Diets & Care (IYCF)
MEX,Mexico,NT_CF_MAD,"Minimum acceptable diet (6-23 months), %",Layer 2: Underlying Determinants,2015,47.97,Latin America and Caribbean,Upper middle income,Dated (6-10 years),9,Minimum Acceptable Diet,Diets & Care (IYCF)
MEX,Mexico,NT_CF_MDD,"Minimum dietary diversity >=5/8 food groups (6-23 months), %",Layer 2: Underlying Determinants,2015,59.4437,Latin America and Caribbean,Upper middle income,Dated (6-10 years),9,Minimum Dietary Diversity,Diets & Care (IYCF)
MEX,Mexico,NT_CF_MMF,"Minimum meal frequency (6-23 months), %",Layer 2: Underlying Determinants,2023,75.2357,Latin America and Caribbean,Upper middle income,Recent (≤5 years),1,Minimum Meal Frequency,Diets & Care (IYCF)
MHL,Marshall Islands,IM_DTP3,"DTP3 immunisation coverage, % (proxy for health system reach)",Layer 2: Underlying Determinants,2024,85.0,East Asia and Pacific,Upper middle income,Recent (≤5 years),0,DTP3 Immunisation,Services & Programme Coverage
MHL,Marshall Islands,MNCH_ANC4,"ANC 4+ visits coverage, %",Layer 2: Underlying Determinants,2007,77.1,East Asia and Pacific,Upper middle income,Outdated (>10 years),17,ANC 4+ Visits,Services & Programme Coverage
MHL,Marshall Islands,MNCH_SAB,"Skilled birth attendance, %",Layer 2: Underlying Determinants,2017,92.4,East Asia and Pacific,Upper middle income,Dated (6-10 years),7,Skilled Birth Attendance,Services & Programme Coverage
MHL,Marshall Islands,NT_BF_EIBF,"Early initiation of breastfeeding within 1 hour, %",Layer 2: Underlying Determinants,2017,60.8,East Asia and Pacific,Upper middle income,Dated (6-10 years),7,Early Initiation of BF,Diets & Care (IYCF)
MHL,Marshall Islands,NT_BF_EXBF,"Exclusive breastfeeding <6 months, %",Layer 1: Nutrition Outcomes,2017,43.1171,East Asia and Pacific,Upper middle income,Dated (6-10 years),7,Exclusive BF <6m,Diets & Care (IYCF)
MHL,Marshall Islands,NT_CF_MAD,"Minimum acceptable diet (6-23 months), %",Layer 2: Underlying Determinants,2017,14.7558,East Asia and Pacific,Upper middle income,Dated (6-10 years),7,Minimum Acceptable Diet,Diets & Care (IYCF)
MHL,Marshall Islands,NT_CF_MDD,"Minimum dietary diversity >=5/8 food groups (6-23 months), %",Layer 2: Underlying Determinants,2017,34.1445,East Asia and Pacific,Upper middle income,Dated (6-10 years),7,Minimum Dietary Diversity,Diets & Care (IYCF)
MHL,Marshall Islands,NT_CF_MMF,"Minimum meal frequency (6-23 months), %",Layer 2: Underlying Determinants,2017,49.6807,East Asia and Pacific,Upper middle income,Dated (6-10 years),7,Minimum Meal Frequency,Diets & Care (IYCF)
MKD,North Macedonia,IM_DTP3,"DTP3 immunisation coverage, % (proxy for health system reach)",Layer 2: Underlying Determinants,2024,89.0,Europe and Central Asia,Upper middle income,Recent (≤5 years),0,DTP3 Immunisation,Services & Programme Coverage
MKD,North Macedonia,MNCH_ANC4,"ANC 4+ visits coverage, %",Layer 2: Underlying Determinants,2019,95.7,Europe and Central Asia,Upper middle income,Recent (≤5 years),5,ANC 4+ Visits,Services & Programme Coverage
MKD,North Macedonia,MNCH_SAB,"Skilled birth attendance, %",Layer 2: Underlying Determinants,2023,100.0,Europe and Central Asia,Upper middle income,Recent (≤5 years),1,Skilled Birth Attendance,Services & Programme Coverage
MKD,North Macedonia,NT_BF_EIBF,"Early initiation of breastfeeding within 1 hour, %",Layer 2: Underlying Determinants,2019,9.5046,Europe and Central Asia,Upper middle income,Recent (≤5 years),5,Early Initiation of BF,Diets & Care (IYCF)
MKD,North Macedonia,NT_BF_EXBF,"Exclusive breastfeeding <6 months, %",Layer 1: Nutrition Outcomes,2019,27.519,Europe and Central Asia,Upper middle income,Recent (≤5 years),5,Exclusive BF <6m,Diets & Care (IYCF)
MKD,North Macedonia,NT_CF_MAD,"Minimum acceptable diet (6-23 months), %",Layer 2: Underlying Determinants,2019,42.8593,Europe and Central Asia,Upper middle income,Recent (≤5 years),5,Minimum Acceptable Diet,Diets & Care (IYCF)
MKD,North Macedonia,NT_CF_MDD,"Minimum dietary diversity >=5/8 food groups (6-23 months), %",Layer 2: Underlying Determinants,2019,54.1924,Europe and Central Asia,Upper middle income,Recent (≤5 years),5,Minimum Dietary Diversity,Diets & Care (IYCF)
MKD,North Macedonia,NT_CF_MMF,"Minimum meal frequency (6-23 months), %",Layer 2: Underlying Determinants,2019,79.719,Europe and Central Asia,Upper middle income,Recent (≤5 years),5,Minimum Meal Frequency,Diets & Care (IYCF)
MLI,Mali,IM_DTP3,"DTP3 immunisation coverage, % (proxy for health system reach)",Layer 2: Underlying Determinants,2024,82.0,Sub-Saharan Africa,Low income,Recent (≤5 years),0,DTP3 Immunisation,Services & Programme Coverage
MLI,Mali,MNCH_ANC4,"ANC 4+ visits coverage, %",Layer 2: Underlying Determinants,2024,51.3,Sub-Saharan Africa,Low income,Recent (≤5 years),0,ANC 4+ Visits,Services & Programme Coverage
MLI,Mali,MNCH_SAB,"Skilled birth attendance, %",Layer 2: Underlying Determinants,2024,65.5,Sub-Saharan Africa,Low income,Recent (≤5 years),0,Skilled Birth Attendance,Services & Programme Coverage
MLI,Mali,NT_BF_EIBF,"Early initiation of breastfeeding within 1 hour, %",Layer 2: Underlying Determinants,2024,45.4731,Sub-Saharan Africa,Low income,Recent (≤5 years),0,Early Initiation of BF,Diets & Care (IYCF)
MLI,Mali,NT_BF_EXBF,"Exclusive breastfeeding <6 months, %",Layer 1: Nutrition Outcomes,2024,40.3986,Sub-Saharan Africa,Low income,Recent (≤5 years),0,Exclusive BF <6m,Diets & Care (IYCF)
MLI,Mali,NT_CF_MAD,"Minimum acceptable diet (6-23 months), %",Layer 2: Underlying Determinants,2024,9.2582,Sub-Saharan Africa,Low income,Recent (≤5 years),0,Minimum Acceptable Diet,Diets & Care (IYCF)
MLI,Mali,NT_CF_MDD,"Minimum dietary diversity >=5/8 food groups (6-23 months), %",Layer 2: Underlying Determinants,2024,17.2612,Sub-Saharan Africa,Low income,Recent (≤5 years),0,Minimum Dietary Diversity,Diets & Care (IYCF)
MLI,Mali,NT_CF_MMF,"Minimum meal frequency (6-23 months), %",Layer 2: Underlying Determinants,2024,34.2726,Sub-Saharan Africa,Low income,Recent (≤5 years),0,Minimum Meal Frequency,Diets & Care (IYCF)
MLT,Malta,IM_DTP3,"DTP3 immunisation coverage, % (proxy for health system reach)",Layer 2: Underlying Determinants,2024,97.0,Europe and Central Asia,High income,Recent (≤5 years),0,DTP3 Immunisation,Services & Programme Coverage
MLT,Malta,MNCH_SAB,"Skilled birth attendance, %",Layer 2: Underlying Determinants,2023,99.8,Europe and Central Asia,High income,Recent (≤5 years),1,Skilled Birth Attendance,Services & Programme Coverage
MMR,Myanmar,IM_DTP3,"DTP3 immunisation coverage, % (proxy for health system reach)",Layer 2: Underlying Determinants,2024,71.0,East Asia and Pacific,Lower middle income,Recent (≤5 years),0,DTP3 Immunisation,Services & Programme Coverage
MMR,Myanmar,MNCH_ANC4,"ANC 4+ visits coverage, %",Layer 2: Underlying Determinants,2016,58.6,East Asia and Pacific,Lower middle income,Dated (6-10 years),8,ANC 4+ Visits,Services & Programme Coverage
MMR,Myanmar,MNCH_SAB,"Skilled birth attendance, %",Layer 2: Underlying Determinants,2016,60.2,East Asia and Pacific,Lower middle income,Dated (6-10 years),8,Skilled Birth Attendance,Services & Programme Coverage
MMR,Myanmar,NT_BF_EIBF,"Early initiation of breastfeeding within 1 hour, %",Layer 2: Underlying Determinants,2016,66.7642,East Asia and Pacific,Lower middle income,Dated (6-10 years),8,Early Initiation of BF,Diets & Care (IYCF)
MMR,Myanmar,NT_BF_EXBF,"Exclusive breastfeeding <6 months, %",Layer 1: Nutrition Outcomes,2016,51.2379,East Asia and Pacific,Lower middle income,Dated (6-10 years),8,Exclusive BF <6m,Diets & Care (IYCF)
MMR,Myanmar,NT_CF_MAD,"Minimum acceptable diet (6-23 months), %",Layer 2: Underlying Determinants,2016,15.8531,East Asia and Pacific,Lower middle income,Dated (6-10 years),8,Minimum Acceptable Diet,Diets & Care (IYCF)
MMR,Myanmar,NT_CF_MDD,"Minimum dietary diversity >=5/8 food groups (6-23 months), %",Layer 2: Underlying Determinants,2016,21.3297,East Asia and Pacific,Lower middle income,Dated (6-10 years),8,Minimum Dietary Diversity,Diets & Care (IYCF)
MMR,Myanmar,NT_CF_MMF,"Minimum meal frequency (6-23 months), %",Layer 2: Underlying Determinants,2016,57.4074,East Asia and Pacific,Lower middle income,Dated (6-10 years),8,Minimum Meal Frequency,Diets & Care (IYCF)
MNE,Montenegro,IM_DTP3,"DTP3 immunisation coverage, % (proxy for health system reach)",Layer 2: Underlying Determinants,2024,81.0,Europe and Central Asia,Upper middle income,Recent (≤5 years),0,DTP3 Immunisation,Services & Programme Coverage
MNE,Montenegro,MNCH_ANC4,"ANC 4+ visits coverage, %",Layer 2: Underlying Determinants,2018,94.2,Europe and Central Asia,Upper middle income,Dated (6-10 years),6,ANC 4+ Visits,Services & Programme Coverage
MNE,Montenegro,MNCH_SAB,"Skilled birth attendance, %",Layer 2: Underlying Determinants,2018,98.8,Europe and Central Asia,Upper middle income,Dated (6-10 years),6,Skilled Birth Attendance,Services & Programme Coverage
MNE,Montenegro,NT_BF_EIBF,"Early initiation of breastfeeding within 1 hour, %",Layer 2: Underlying Determinants,2022,45.4,Europe and Central Asia,Upper middle income,Recent (≤5 years),2,Early Initiation of BF,Diets & Care (IYCF)
MNE,Montenegro,NT_BF_EXBF,"Exclusive breastfeeding <6 months, %",Layer 1: Nutrition Outcomes,2018,19.5167,Europe and Central Asia,Upper middle income,Dated (6-10 years),6,Exclusive BF <6m,Diets & Care (IYCF)
MNE,Montenegro,NT_CF_MAD,"Minimum acceptable diet (6-23 months), %",Layer 2: Underlying Determinants,2018,47.5133,Europe and Central Asia,Upper middle income,Dated (6-10 years),6,Minimum Acceptable Diet,Diets & Care (IYCF)
MNE,Montenegro,NT_CF_MDD,"Minimum dietary diversity >=5/8 food groups (6-23 months), %",Layer 2: Underlying Determinants,2018,66.0231,Europe and Central Asia,Upper middle income,Dated (6-10 years),6,Minimum Dietary Diversity,Diets & Care (IYCF)
MNE,Montenegro,NT_CF_MMF,"Minimum meal frequency (6-23 months), %",Layer 2: Underlying Determinants,2022,87.3,Europe and Central Asia,Upper middle income,Recent (≤5 years),2,Minimum Meal Frequency,Diets & Care (IYCF)
MNG,Mongolia,IM_DTP3,"DTP3 immunisation coverage, % (proxy for health system reach)",Layer 2: Underlying Determinants,2024,96.0,East Asia and Pacific,Lower middle income,Recent (≤5 years),0,DTP3 Immunisation,Services & Programme Coverage
MNG,Mongolia,MNCH_ANC4,"ANC 4+ visits coverage, %",Layer 2: Underlying Determinants,2023,93.6,East Asia and Pacific,Lower middle income,Recent (≤5 years),1,ANC 4+ Visits,Services & Programme Coverage
MNG,Mongolia,MNCH_SAB,"Skilled birth attendance, %",Layer 2: Underlying Determinants,2023,100.0,East Asia and Pacific,Lower middle income,Recent (≤5 years),1,Skilled Birth Attendance,Services & Programme Coverage
MNG,Mongolia,NT_BF_EIBF,"Early initiation of breastfeeding within 1 hour, %",Layer 2: Underlying Determinants,2023,71.9,East Asia and Pacific,Lower middle income,Recent (≤5 years),1,Early Initiation of BF,Diets & Care (IYCF)
MNG,Mongolia,NT_BF_EXBF,"Exclusive breastfeeding <6 months, %",Layer 1: Nutrition Outcomes,2023,51.1,East Asia and Pacific,Lower middle income,Recent (≤5 years),1,Exclusive BF <6m,Diets & Care (IYCF)
MNG,Mongolia,NT_CF_MAD,"Minimum acceptable diet (6-23 months), %",Layer 2: Underlying Determinants,2018,27.8667,East Asia and Pacific,Lower middle income,Dated (6-10 years),6,Minimum Acceptable Diet,Diets & Care (IYCF)
MNG,Mongolia,NT_CF_MDD,"Minimum dietary diversity >=5/8 food groups (6-23 months), %",Layer 2: Underlying Determinants,2023,45.2,East Asia and Pacific,Lower middle income,Recent (≤5 years),1,Minimum Dietary Diversity,Diets & Care (IYCF)
MNG,Mongolia,NT_CF_MMF,"Minimum meal frequency (6-23 months), %",Layer 2: Underlying Determinants,2018,65.565,East Asia and Pacific,Lower middle income,Dated (6-10 years),6,Minimum Meal Frequency,Diets & Care (IYCF)
MOZ,Mozambique,IM_DTP3,"DTP3 immunisation coverage, % (proxy for health system reach)",Layer 2: Underlying Determinants,2024,70.0,Sub-Saharan Africa,Low income,Recent (≤5 years),0,DTP3 Immunisation,Services & Programme Coverage
MOZ,Mozambique,MNCH_ANC4,"ANC 4+ visits coverage, %",Layer 2: Underlying Determinants,2023,48.6,Sub-Saharan Africa,Low income,Recent (≤5 years),1,ANC 4+ Visits,Services & Programme Coverage
MOZ,Mozambique,MNCH_SAB,"Skilled birth attendance, %",Layer 2: Underlying Determinants,2023,67.5,Sub-Saharan Africa,Low income,Recent (≤5 years),1,Skilled Birth Attendance,Services & Programme Coverage
MOZ,Mozambique,NT_BF_EIBF,"Early initiation of breastfeeding within 1 hour, %",Layer 2: Underlying Determinants,2022,77.0969,Sub-Saharan Africa,Low income,Recent (≤5 years),2,Early Initiation of BF,Diets & Care (IYCF)
MOZ,Mozambique,NT_BF_EXBF,"Exclusive breastfeeding <6 months, %",Layer 1: Nutrition Outcomes,2022,55.5006,Sub-Saharan Africa,Low income,Recent (≤5 years),2,Exclusive BF <6m,Diets & Care (IYCF)
MOZ,Mozambique,NT_CF_MAD,"Minimum acceptable diet (6-23 months), %",Layer 2: Underlying Determinants,2022,4.4213,Sub-Saharan Africa,Low income,Recent (≤5 years),2,Minimum Acceptable Diet,Diets & Care (IYCF)
MOZ,Mozambique,NT_CF_MDD,"Minimum dietary diversity >=5/8 food groups (6-23 months), %",Layer 2: Underlying Determinants,2022,14.389,Sub-Saharan Africa,Low income,Recent (≤5 years),2,Minimum Dietary Diversity,Diets & Care (IYCF)
MOZ,Mozambique,NT_CF_MMF,"Minimum meal frequency (6-23 months), %",Layer 2: Underlying Determinants,2022,26.4129,Sub-Saharan Africa,Low income,Recent (≤5 years),2,Minimum Meal Frequency,Diets & Care (IYCF)
MRT,Mauritania,IM_DTP3,"DTP3 immunisation coverage, % (proxy for health system reach)",Layer 2: Underlying Determinants,2024,86.0,Sub-Saharan Africa,Lower middle income,Recent (≤5 years),0,DTP3 Immunisation,Services & Programme Coverage
MRT,Mauritania,MNCH_ANC4,"ANC 4+ visits coverage, %",Layer 2: Underlying Determinants,2021,38.5,Sub-Saharan Africa,Lower middle income,Recent (≤5 years),3,ANC 4+ Visits,Services & Programme Coverage
MRT,Mauritania,MNCH_SAB,"Skilled birth attendance, %",Layer 2: Underlying Determinants,2021,70.4,Sub-Saharan Africa,Lower middle income,Recent (≤5 years),3,Skilled Birth Attendance,Services & Programme Coverage
MRT,Mauritania,NT_BF_EIBF,"Early initiation of breastfeeding within 1 hour, %",Layer 2: Underlying Determinants,2020,55.5353,Sub-Saharan Africa,Lower middle income,Recent (≤5 years),4,Early Initiation of BF,Diets & Care (IYCF)
MRT,Mauritania,NT_BF_EXBF,"Exclusive breastfeeding <6 months, %",Layer 1: Nutrition Outcomes,2020,40.8994,Sub-Saharan Africa,Lower middle income,Recent (≤5 years),4,Exclusive BF <6m,Diets & Care (IYCF)
MRT,Mauritania,NT_CF_MAD,"Minimum acceptable diet (6-23 months), %",Layer 2: Underlying Determinants,2020,8.0893,Sub-Saharan Africa,Lower middle income,Recent (≤5 years),4,Minimum Acceptable Diet,Diets & Care (IYCF)
MRT,Mauritania,NT_CF_MDD,"Minimum dietary diversity >=5/8 food groups (6-23 months), %",Layer 2: Underlying Determinants,2020,19.9632,Sub-Saharan Africa,Lower middle income,Recent (≤5 years),4,Minimum Dietary Diversity,Diets & Care (IYCF)
MRT,Mauritania,NT_CF_MMF,"Minimum meal frequency (6-23 months), %",Layer 2: Underlying Determinants,2020,22.7971,Sub-Saharan Africa,Lower middle income,Recent (≤5 years),4,Minimum Meal Frequency,Diets & Care (IYCF)
MSR,Montserrat,MNCH_SAB,"Skilled birth attendance, %",Layer 2: Underlying Determinants,2023,100.0,,,Recent (≤5 years),1,Skilled Birth Attendance,Services & Programme Coverage
MUS,Mauritius,IM_DTP3,"DTP3 immunisation coverage, % (proxy for health system reach)",Layer 2: Underlying Determinants,2024,93.0,Sub-Saharan Africa,Upper middle income,Recent (≤5 years),0,DTP3 Immunisation,Services & Programme Coverage
MUS,Mauritius,MNCH_SAB,"Skilled birth attendance, %",Layer 2: Underlying Determinants,2023,99.8,Sub-Saharan Africa,Upper middle income,Recent (≤5 years),1,Skilled Birth Attendance,Services & Programme Coverage
MWI,Malawi,IM_DTP3,"DTP3 immunisation coverage, % (proxy for health system reach)",Layer 2: Underlying Determinants,2024,91.0,Sub-Saharan Africa,Low income,Recent (≤5 years),0,DTP3 Immunisation,Services & Programme Coverage
MWI,Malawi,MNCH_ANC4,"ANC 4+ visits coverage, %",Layer 2: Underlying Determinants,2024,62.4,Sub-Saharan Africa,Low income,Recent (≤5 years),0,ANC 4+ Visits,Services & Programme Coverage
MWI,Malawi,MNCH_SAB,"Skilled birth attendance, %",Layer 2: Underlying Determinants,2024,96.3,Sub-Saharan Africa,Low income,Recent (≤5 years),0,Skilled Birth Attendance,Services & Programme Coverage
MWI,Malawi,NT_BF_EIBF,"Early initiation of breastfeeding within 1 hour, %",Layer 2: Underlying Determinants,2020,60.3429,Sub-Saharan Africa,Low income,Recent (≤5 years),4,Early Initiation of BF,Diets & Care (IYCF)
MWI,Malawi,NT_BF_EXBF,"Exclusive breastfeeding <6 months, %",Layer 1: Nutrition Outcomes,2020,64.0525,Sub-Saharan Africa,Low income,Recent (≤5 years),4,Exclusive BF <6m,Diets & Care (IYCF)
MWI,Malawi,NT_CF_MAD,"Minimum acceptable diet (6-23 months), %",Layer 2: Underlying Determinants,2020,8.6782,Sub-Saharan Africa,Low income,Recent (≤5 years),4,Minimum Acceptable Diet,Diets & Care (IYCF)
MWI,Malawi,NT_CF_MDD,"Minimum dietary diversity >=5/8 food groups (6-23 months), %",Layer 2: Underlying Determinants,2020,17.3055,Sub-Saharan Africa,Low income,Recent (≤5 years),4,Minimum Dietary Diversity,Diets & Care (IYCF)
MWI,Malawi,NT_CF_MMF,"Minimum meal frequency (6-23 months), %",Layer 2: Underlying Determinants,2020,36.8344,Sub-Saharan Africa,Low income,Recent (≤5 years),4,Minimum Meal Frequency,Diets & Care (IYCF)
MYS,Malaysia,IM_DTP3,"DTP3 immunisation coverage, % (proxy for health system reach)",Layer 2: Underlying Determinants,2024,93.0,East Asia and Pacific,Upper middle income,Recent (≤5 years),0,DTP3 Immunisation,Services & Programme Coverage
MYS,Malaysia,MNCH_ANC4,"ANC 4+ visits coverage, %",Layer 2: Underlying Determinants,2022,98.1,East Asia and Pacific,Upper middle income,Recent (≤5 years),2,ANC 4+ Visits,Services & Programme Coverage
MYS,Malaysia,MNCH_SAB,"Skilled birth attendance, %",Layer 2: Underlying Determinants,2022,99.8,East Asia and Pacific,Upper middle income,Recent (≤5 years),2,Skilled Birth Attendance,Services & Programme Coverage
MYS,Malaysia,NT_BF_EIBF,"Early initiation of breastfeeding within 1 hour, %",Layer 2: Underlying Determinants,2022,64.3,East Asia and Pacific,Upper middle income,Recent (≤5 years),2,Early Initiation of BF,Diets & Care (IYCF)
MYS,Malaysia,NT_BF_EXBF,"Exclusive breastfeeding <6 months, %",Layer 1: Nutrition Outcomes,2016,40.3,East Asia and Pacific,Upper middle income,Dated (6-10 years),8,Exclusive BF <6m,Diets & Care (IYCF)
NAM,Namibia,IM_DTP3,"DTP3 immunisation coverage, % (proxy for health system reach)",Layer 2: Underlying Determinants,2024,74.0,Sub-Saharan Africa,Upper middle income,Recent (≤5 years),0,DTP3 Immunisation,Services & Programme Coverage
NAM,Namibia,MNCH_ANC4,"ANC 4+ visits coverage, %",Layer 2: Underlying Determinants,2013,62.5,Sub-Saharan Africa,Upper middle income,Outdated (>10 years),11,ANC 4+ Visits,Services & Programme Coverage
NAM,Namibia,MNCH_SAB,"Skilled birth attendance, %",Layer 2: Underlying Determinants,2021,96.3,Sub-Saharan Africa,Upper middle income,Recent (≤5 years),3,Skilled Birth Attendance,Services & Programme Coverage
NAM,Namibia,NT_BF_EIBF,"Early initiation of breastfeeding within 1 hour, %",Layer 2: Underlying Determinants,2013,71.2212,Sub-Saharan Africa,Upper middle income,Outdated (>10 years),11,Early Initiation of BF,Diets & Care (IYCF)
NAM,Namibia,NT_BF_EXBF,"Exclusive breastfeeding <6 months, %",Layer 1: Nutrition Outcomes,2013,48.3248,Sub-Saharan Africa,Upper middle income,Outdated (>10 years),11,Exclusive BF <6m,Diets & Care (IYCF)
NAM,Namibia,NT_CF_MAD,"Minimum acceptable diet (6-23 months), %",Layer 2: Underlying Determinants,2013,11.6448,Sub-Saharan Africa,Upper middle income,Outdated (>10 years),11,Minimum Acceptable Diet,Diets & Care (IYCF)
NAM,Namibia,NT_CF_MDD,"Minimum dietary diversity >=5/8 food groups (6-23 months), %",Layer 2: Underlying Determinants,2013,24.8902,Sub-Saharan Africa,Upper middle income,Outdated (>10 years),11,Minimum Dietary Diversity,Diets & Care (IYCF)
NAM,Namibia,NT_CF_MMF,"Minimum meal frequency (6-23 months), %",Layer 2: Underlying Determinants,2013,37.6514,Sub-Saharan Africa,Upper middle income,Outdated (>10 years),11,Minimum Meal Frequency,Diets & Care (IYCF)
NER,Niger,IM_DTP3,"DTP3 immunisation coverage, % (proxy for health system reach)",Layer 2: Underlying Determinants,2024,86.0,Sub-Saharan Africa,Low income,Recent (≤5 years),0,DTP3 Immunisation,Services & Programme Coverage
NER,Niger,MNCH_ANC4,"ANC 4+ visits coverage, %",Layer 2: Underlying Determinants,2021,37.3,Sub-Saharan Africa,Low income,Recent (≤5 years),3,ANC 4+ Visits,Services & Programme Coverage
NER,Niger,MNCH_SAB,"Skilled birth attendance, %",Layer 2: Underlying Determinants,2021,43.7,Sub-Saharan Africa,Low income,Recent (≤5 years),3,Skilled Birth Attendance,Services & Programme Coverage
NER,Niger,NT_BF_EIBF,"Early initiation of breastfeeding within 1 hour, %",Layer 2: Underlying Determinants,2022,70.7029,Sub-Saharan Africa,Low income,Recent (≤5 years),2,Early Initiation of BF,Diets & Care (IYCF)
NER,Niger,NT_BF_EXBF,"Exclusive breastfeeding <6 months, %",Layer 1: Nutrition Outcomes,2022,24.5068,Sub-Saharan Africa,Low income,Recent (≤5 years),2,Exclusive BF <6m,Diets & Care (IYCF)
NER,Niger,NT_CF_MAD,"Minimum acceptable diet (6-23 months), %",Layer 2: Underlying Determinants,2022,10.5464,Sub-Saharan Africa,Low income,Recent (≤5 years),2,Minimum Acceptable Diet,Diets & Care (IYCF)
NER,Niger,NT_CF_MDD,"Minimum dietary diversity >=5/8 food groups (6-23 months), %",Layer 2: Underlying Determinants,2022,13.1319,Sub-Saharan Africa,Low income,Recent (≤5 years),2,Minimum Dietary Diversity,Diets & Care (IYCF)
NER,Niger,NT_CF_MMF,"Minimum meal frequency (6-23 months), %",Layer 2: Underlying Determinants,2022,63.3476,Sub-Saharan Africa,Low income,Recent (≤5 years),2,Minimum Meal Frequency,Diets & Care (IYCF)
NGA,Nigeria,IM_DTP3,"DTP3 immunisation coverage, % (proxy for health system reach)",Layer 2: Underlying Determinants,2024,67.0,Sub-Saharan Africa,Lower middle income,Recent (≤5 years),0,DTP3 Immunisation,Services & Programme Coverage
NGA,Nigeria,MNCH_ANC4,"ANC 4+ visits coverage, %",Layer 2: Underlying Determinants,2024,52.4,Sub-Saharan Africa,Lower middle income,Recent (≤5 years),0,ANC 4+ Visits,Services & Programme Coverage
NGA,Nigeria,MNCH_SAB,"Skilled birth attendance, %",Layer 2: Underlying Determinants,2024,45.7,Sub-Saharan Africa,Lower middle income,Recent (≤5 years),0,Skilled Birth Attendance,Services & Programme Coverage
NGA,Nigeria,NT_BF_EIBF,"Early initiation of breastfeeding within 1 hour, %",Layer 2: Underlying Determinants,2024,35.5337,Sub-Saharan Africa,Lower middle income,Recent (≤5 years),0,Early Initiation of BF,Diets & Care (IYCF)
NGA,Nigeria,NT_BF_EXBF,"Exclusive breastfeeding <6 months, %",Layer 1: Nutrition Outcomes,2024,28.7778,Sub-Saharan Africa,Lower middle income,Recent (≤5 years),0,Exclusive BF <6m,Diets & Care (IYCF)
NGA,Nigeria,NT_CF_MAD,"Minimum acceptable diet (6-23 months), %",Layer 2: Underlying Determinants,2024,6.7164,Sub-Saharan Africa,Lower middle income,Recent (≤5 years),0,Minimum Acceptable Diet,Diets & Care (IYCF)
NGA,Nigeria,NT_CF_MDD,"Minimum dietary diversity >=5/8 food groups (6-23 months), %",Layer 2: Underlying Determinants,2024,14.005,Sub-Saharan Africa,Lower middle income,Recent (≤5 years),0,Minimum Dietary Diversity,Diets & Care (IYCF)
NGA,Nigeria,NT_CF_MMF,"Minimum meal frequency (6-23 months), %",Layer 2: Underlying Determinants,2024,40.2148,Sub-Saharan Africa,Lower middle income,Recent (≤5 years),0,Minimum Meal Frequency,Diets & Care (IYCF)
NIC,Nicaragua,MNCH_ANC4,"ANC 4+ visits coverage, %",Layer 2: Underlying Determinants,2012,87.6,Latin America and Caribbean,Lower middle income,Outdated (>10 years),12,ANC 4+ Visits,Services & Programme Coverage
NIC,Nicaragua,MNCH_SAB,"Skilled birth attendance, %",Layer 2: Underlying Determinants,2022,96.6,Latin America and Caribbean,Lower middle income,Recent (≤5 years),2,Skilled Birth Attendance,Services & Programme Coverage
NIC,Nicaragua,NT_BF_EIBF,"Early initiation of breastfeeding within 1 hour, %",Layer 2: Underlying Determinants,2012,54.4,Latin America and Caribbean,Lower middle income,Outdated (>10 years),12,Early Initiation of BF,Diets & Care (IYCF)
NIC,Nicaragua,NT_BF_EXBF,"Exclusive breastfeeding <6 months, %",Layer 1: Nutrition Outcomes,2012,31.7,Latin America and Caribbean,Lower middle income,Outdated (>10 years),12,Exclusive BF <6m,Diets & Care (IYCF)
NIU,Niue,IM_DTP3,"DTP3 immunisation coverage, % (proxy for health system reach)",Layer 2: Underlying Determinants,2024,99.0,,,Recent (≤5 years),0,DTP3 Immunisation,Services & Programme Coverage
NIU,Niue,MNCH_SAB,"Skilled birth attendance, %",Layer 2: Underlying Determinants,2011,100.0,,,Outdated (>10 years),13,Skilled Birth Attendance,Services & Programme Coverage
NLD,هولندا,IM_DTP3,"DTP3 immunisation coverage, % (proxy for health system reach)",Layer 2: Underlying Determinants,2024,91.0,Europe and Central Asia,High income,Recent (≤5 years),0,DTP3 Immunisation,Services & Programme Coverage
NOR,Norway,IM_DTP3,"DTP3 immunisation coverage, % (proxy for health system reach)",Layer 2: Underlying Determinants,2024,97.0,Europe and Central Asia,High income,Recent (≤5 years),0,DTP3 Immunisation,Services & Programme Coverage
NOR,Norway,MNCH_SAB,"Skilled birth attendance, %",Layer 2: Underlying Determinants,2024,99.1,Europe and Central Asia,High income,Recent (≤5 years),0,Skilled Birth Attendance,Services & Programme Coverage
NPL,Nepal,IM_DTP3,"DTP3 immunisation coverage, % (proxy for health system reach)",Layer 2: Underlying Determinants,2024,97.0,South Asia,Lower middle income,Recent (≤5 years),0,DTP3 Immunisation,Services & Programme Coverage
NPL,Nepal,MNCH_ANC4,"ANC 4+ visits coverage, %",Layer 2: Underlying Determinants,2022,80.5,South Asia,Lower middle income,Recent (≤5 years),2,ANC 4+ Visits,Services & Programme Coverage
NPL,Nepal,MNCH_SAB,"Skilled birth attendance, %",Layer 2: Underlying Determinants,2022,80.1,South Asia,Lower middle income,Recent (≤5 years),2,Skilled Birth Attendance,Services & Programme Coverage
NPL,Nepal,NT_BF_EIBF,"Early initiation of breastfeeding within 1 hour, %",Layer 2: Underlying Determinants,2022,54.6157,South Asia,Lower middle income,Recent (≤5 years),2,Early Initiation of BF,Diets & Care (IYCF)
NPL,Nepal,NT_BF_EXBF,"Exclusive breastfeeding <6 months, %",Layer 1: Nutrition Outcomes,2022,56.3988,South Asia,Lower middle income,Recent (≤5 years),2,Exclusive BF <6m,Diets & Care (IYCF)
NPL,Nepal,NT_CF_MAD,"Minimum acceptable diet (6-23 months), %",Layer 2: Underlying Determinants,2022,43.0232,South Asia,Lower middle income,Recent (≤5 years),2,Minimum Acceptable Diet,Diets & Care (IYCF)
NPL,Nepal,NT_CF_MDD,"Minimum dietary diversity >=5/8 food groups (6-23 months), %",Layer 2: Underlying Determinants,2022,48.241,South Asia,Lower middle income,Recent (≤5 years),2,Minimum Dietary Diversity,Diets & Care (IYCF)
NPL,Nepal,NT_CF_MMF,"Minimum meal frequency (6-23 months), %",Layer 2: Underlying Determinants,2022,81.6873,South Asia,Lower middle income,Recent (≤5 years),2,Minimum Meal Frequency,Diets & Care (IYCF)
NRU,Nauru,IM_DTP3,"DTP3 immunisation coverage, % (proxy for health system reach)",Layer 2: Underlying Determinants,2024,99.0,East Asia and Pacific,High income,Recent (≤5 years),0,DTP3 Immunisation,Services & Programme Coverage
NRU,Nauru,MNCH_ANC4,"ANC 4+ visits coverage, %",Layer 2: Underlying Determinants,2023,50.7,East Asia and Pacific,High income,Recent (≤5 years),1,ANC 4+ Visits,Services & Programme Coverage
NRU,Nauru,MNCH_SAB,"Skilled birth attendance, %",Layer 2: Underlying Determinants,2023,98.0,East Asia and Pacific,High income,Recent (≤5 years),1,Skilled Birth Attendance,Services & Programme Coverage
NRU,Nauru,NT_BF_EIBF,"Early initiation of breastfeeding within 1 hour, %",Layer 2: Underlying Determinants,2023,69.7368,East Asia and Pacific,High income,Recent (≤5 years),1,Early Initiation of BF,Diets & Care (IYCF)
NRU,Nauru,NT_BF_EXBF,"Exclusive breastfeeding <6 months, %",Layer 1: Nutrition Outcomes,2023,52.7778,East Asia and Pacific,High income,Recent (≤5 years),1,Exclusive BF <6m,Diets & Care (IYCF)
NRU,Nauru,NT_CF_MAD,"Minimum acceptable diet (6-23 months), %",Layer 2: Underlying Determinants,2023,26.087,East Asia and Pacific,High income,Recent (≤5 years),1,Minimum Acceptable Diet,Diets & Care (IYCF)
NRU,Nauru,NT_CF_MDD,"Minimum dietary diversity >=5/8 food groups (6-23 months), %",Layer 2: Underlying Determinants,2023,49.5652,East Asia and Pacific,High income,Recent (≤5 years),1,Minimum Dietary Diversity,Diets & Care (IYCF)
NRU,Nauru,NT_CF_MMF,"Minimum meal frequency (6-23 months), %",Layer 2: Underlying Determinants,2023,46.087,East Asia and Pacific,High income,Recent (≤5 years),1,Minimum Meal Frequency,Diets & Care (IYCF)
NZL,New Zealand,IM_DTP3,"DTP3 immunisation coverage, % (proxy for health system reach)",Layer 2: Underlying Determinants,2024,89.0,East Asia and Pacific,High income,Recent (≤5 years),0,DTP3 Immunisation,Services & Programme Coverage
NZL,New Zealand,MNCH_SAB,"Skilled birth attendance, %",Layer 2: Underlying Determinants,2023,96.3,East Asia and Pacific,High income,Recent (≤5 years),1,Skilled Birth Attendance,Services & Programme Coverage
OMN,Oman,IM_DTP3,"DTP3 immunisation coverage, % (proxy for health system reach)",Layer 2: Underlying Determinants,2024,99.0,Middle East and North Africa,High income,Recent (≤5 years),0,DTP3 Immunisation,Services & Programme Coverage
OMN,Oman,MNCH_ANC4,"ANC 4+ visits coverage, %",Layer 2: Underlying Determinants,2019,73.9,Middle East and North Africa,High income,Recent (≤5 years),5,ANC 4+ Visits,Services & Programme Coverage
OMN,Oman,MNCH_SAB,"Skilled birth attendance, %",Layer 2: Underlying Determinants,2024,99.9,Middle East and North Africa,High income,Recent (≤5 years),0,Skilled Birth Attendance,Services & Programme Coverage
OMN,Oman,NT_BF_EIBF,"Early initiation of breastfeeding within 1 hour, %",Layer 2: Underlying Determinants,2017,82.0,Middle East and North Africa,High income,Dated (6-10 years),7,Early Initiation of BF,Diets & Care (IYCF)
OMN,Oman,NT_BF_EXBF,"Exclusive breastfeeding <6 months, %",Layer 1: Nutrition Outcomes,2017,23.2,Middle East and North Africa,High income,Dated (6-10 years),7,Exclusive BF <6m,Diets & Care (IYCF)
PAK,Pakistan,IM_DTP3,"DTP3 immunisation coverage, % (proxy for health system reach)",Layer 2: Underlying Determinants,2024,87.0,South Asia,Lower middle income,Recent (≤5 years),0,DTP3 Immunisation,Services & Programme Coverage
PAK,Pakistan,MNCH_ANC4,"ANC 4+ visits coverage, %",Layer 2: Underlying Determinants,2019,52.4,South Asia,Lower middle income,Recent (≤5 years),5,ANC 4+ Visits,Services & Programme Coverage
PAK,Pakistan,MNCH_SAB,"Skilled birth attendance, %",Layer 2: Underlying Determinants,2020,68.0,South Asia,Lower middle income,Recent (≤5 years),4,Skilled Birth Attendance,Services & Programme Coverage
PAK,Pakistan,NT_BF_EIBF,"Early initiation of breastfeeding within 1 hour, %",Layer 2: Underlying Determinants,2018,19.5604,South Asia,Lower middle income,Dated (6-10 years),6,Early Initiation of BF,Diets & Care (IYCF)
PAK,Pakistan,NT_BF_EXBF,"Exclusive breastfeeding <6 months, %",Layer 1: Nutrition Outcomes,2019,47.8389,South Asia,Lower middle income,Recent (≤5 years),5,Exclusive BF <6m,Diets & Care (IYCF)
PAK,Pakistan,NT_CF_MAD,"Minimum acceptable diet (6-23 months), %",Layer 2: Underlying Determinants,2018,12.6608,South Asia,Lower middle income,Dated (6-10 years),6,Minimum Acceptable Diet,Diets & Care (IYCF)
PAK,Pakistan,NT_CF_MDD,"Minimum dietary diversity >=5/8 food groups (6-23 months), %",Layer 2: Underlying Determinants,2018,14.9724,South Asia,Lower middle income,Dated (6-10 years),6,Minimum Dietary Diversity,Diets & Care (IYCF)
PAK,Pakistan,NT_CF_MMF,"Minimum meal frequency (6-23 months), %",Layer 2: Underlying Determinants,2018,60.7353,South Asia,Lower middle income,Dated (6-10 years),6,Minimum Meal Frequency,Diets & Care (IYCF)
PAN,Panama,IM_DTP3,"DTP3 immunisation coverage, % (proxy for health system reach)",Layer 2: Underlying Determinants,2024,72.0,Latin America and Caribbean,High income,Recent (≤5 years),0,DTP3 Immunisation,Services & Programme Coverage
PAN,Panama,MNCH_ANC4,"ANC 4+ visits coverage, %",Layer 2: Underlying Determinants,2013,87.9,Latin America and Caribbean,High income,Outdated (>10 years),11,ANC 4+ Visits,Services & Programme Coverage
PAN,Panama,MNCH_SAB,"Skilled birth attendance, %",Layer 2: Underlying Determinants,2022,95.7,Latin America and Caribbean,High income,Recent (≤5 years),2,Skilled Birth Attendance,Services & Programme Coverage
PAN,Panama,NT_BF_EIBF,"Early initiation of breastfeeding within 1 hour, %",Layer 2: Underlying Determinants,2019,55.4,Latin America and Caribbean,High income,Recent (≤5 years),5,Early Initiation of BF,Diets & Care (IYCF)
PAN,Panama,NT_BF_EXBF,"Exclusive breastfeeding <6 months, %",Layer 1: Nutrition Outcomes,2013,21.4595,Latin America and Caribbean,High income,Outdated (>10 years),11,Exclusive BF <6m,Diets & Care (IYCF)
PAN,Panama,NT_CF_MMF,"Minimum meal frequency (6-23 months), %",Layer 2: Underlying Determinants,2013,60.2974,Latin America and Caribbean,High income,Outdated (>10 years),11,Minimum Meal Frequency,Diets & Care (IYCF)
PER,Peru,IM_DTP3,"DTP3 immunisation coverage, % (proxy for health system reach)",Layer 2: Underlying Determinants,2024,80.0,Latin America and Caribbean,Upper middle income,Recent (≤5 years),0,DTP3 Immunisation,Services & Programme Coverage
PER,Peru,MNCH_ANC4,"ANC 4+ visits coverage, %",Layer 2: Underlying Determinants,2024,95.5,Latin America and Caribbean,Upper middle income,Recent (≤5 years),0,ANC 4+ Visits,Services & Programme Coverage
PER,Peru,MNCH_SAB,"Skilled birth attendance, %",Layer 2: Underlying Determinants,2024,94.3,Latin America and Caribbean,Upper middle income,Recent (≤5 years),0,Skilled Birth Attendance,Services & Programme Coverage
PER,Peru,NT_BF_EIBF,"Early initiation of breastfeeding within 1 hour, %",Layer 2: Underlying Determinants,2024,48.3885,Latin America and Caribbean,Upper middle income,Recent (≤5 years),0,Early Initiation of BF,Diets & Care (IYCF)
PER,Peru,NT_BF_EXBF,"Exclusive breastfeeding <6 months, %",Layer 1: Nutrition Outcomes,2024,70.087,Latin America and Caribbean,Upper middle income,Recent (≤5 years),0,Exclusive BF <6m,Diets & Care (IYCF)
PER,Peru,NT_CF_MDD,"Minimum dietary diversity >=5/8 food groups (6-23 months), %",Layer 2: Underlying Determinants,2024,84.8284,Latin America and Caribbean,Upper middle income,Recent (≤5 years),0,Minimum Dietary Diversity,Diets & Care (IYCF)
PHL,Philippines,IM_DTP3,"DTP3 immunisation coverage, % (proxy for health system reach)",Layer 2: Underlying Determinants,2024,71.0,East Asia and Pacific,Lower middle income,Recent (≤5 years),0,DTP3 Immunisation,Services & Programme Coverage
PHL,Philippines,MNCH_ANC4,"ANC 4+ visits coverage, %",Layer 2: Underlying Determinants,2022,83.0,East Asia and Pacific,Lower middle income,Recent (≤5 years),2,ANC 4+ Visits,Services & Programme Coverage
PHL,Philippines,MNCH_SAB,"Skilled birth attendance, %",Layer 2: Underlying Determinants,2022,89.6,East Asia and Pacific,Lower middle income,Recent (≤5 years),2,Skilled Birth Attendance,Services & Programme Coverage
PHL,Philippines,NT_BF_EIBF,"Early initiation of breastfeeding within 1 hour, %",Layer 2: Underlying Determinants,2022,54.0871,East Asia and Pacific,Lower middle income,Recent (≤5 years),2,Early Initiation of BF,Diets & Care (IYCF)
PHL,Philippines,NT_BF_EXBF,"Exclusive breastfeeding <6 months, %",Layer 1: Nutrition Outcomes,2022,40.8973,East Asia and Pacific,Lower middle income,Recent (≤5 years),2,Exclusive BF <6m,Diets & Care (IYCF)
PHL,Philippines,NT_CF_MAD,"Minimum acceptable diet (6-23 months), %",Layer 2: Underlying Determinants,2022,37.3075,East Asia and Pacific,Lower middle income,Recent (≤5 years),2,Minimum Acceptable Diet,Diets & Care (IYCF)
PHL,Philippines,NT_CF_MDD,"Minimum dietary diversity >=5/8 food groups (6-23 months), %",Layer 2: Underlying Determinants,2022,47.2228,East Asia and Pacific,Lower middle income,Recent (≤5 years),2,Minimum Dietary Diversity,Diets & Care (IYCF)
PHL,Philippines,NT_CF_MMF,"Minimum meal frequency (6-23 months), %",Layer 2: Underlying Determinants,2022,73.7071,East Asia and Pacific,Lower middle income,Recent (≤5 years),2,Minimum Meal Frequency,Diets & Care (IYCF)
PLW,Palau,IM_DTP3,"DTP3 immunisation coverage, % (proxy for health system reach)",Layer 2: Underlying Determinants,2024,97.0,East Asia and Pacific,High income,Recent (≤5 years),0,DTP3 Immunisation,Services & Programme Coverage
PLW,Palau,MNCH_ANC4,"ANC 4+ visits coverage, %",Layer 2: Underlying Determinants,2010,81.0,East Asia and Pacific,High income,Outdated (>10 years),14,ANC 4+ Visits,Services & Programme Coverage
PLW,Palau,MNCH_SAB,"Skilled birth attendance, %",Layer 2: Underlying Determinants,2023,99.5,East Asia and Pacific,High income,Recent (≤5 years),1,Skilled Birth Attendance,Services & Programme Coverage
PNG,Papua New Guinea,IM_DTP3,"DTP3 immunisation coverage, % (proxy for health system reach)",Layer 2: Underlying Determinants,2024,42.0,East Asia and Pacific,Lower middle income,Recent (≤5 years),0,DTP3 Immunisation,Services & Programme Coverage
PNG,Papua New Guinea,MNCH_ANC4,"ANC 4+ visits coverage, %",Layer 2: Underlying Determinants,2018,49.0,East Asia and Pacific,Lower middle income,Dated (6-10 years),6,ANC 4+ Visits,Services & Programme Coverage
PNG,Papua New Guinea,MNCH_SAB,"Skilled birth attendance, %",Layer 2: Underlying Determinants,2018,56.4,East Asia and Pacific,Lower middle income,Dated (6-10 years),6,Skilled Birth Attendance,Services & Programme Coverage
PNG,Papua New Guinea,NT_BF_EIBF,"Early initiation of breastfeeding within 1 hour, %",Layer 2: Underlying Determinants,2017,54.8339,East Asia and Pacific,Lower middle income,Dated (6-10 years),7,Early Initiation of BF,Diets & Care (IYCF)
PNG,Papua New Guinea,NT_BF_EXBF,"Exclusive breastfeeding <6 months, %",Layer 1: Nutrition Outcomes,2017,59.6814,East Asia and Pacific,Lower middle income,Dated (6-10 years),7,Exclusive BF <6m,Diets & Care (IYCF)
PNG,Papua New Guinea,NT_CF_MAD,"Minimum acceptable diet (6-23 months), %",Layer 2: Underlying Determinants,2017,17.8754,East Asia and Pacific,Lower middle income,Dated (6-10 years),7,Minimum Acceptable Diet,Diets & Care (IYCF)
PNG,Papua New Guinea,NT_CF_MDD,"Minimum dietary diversity >=5/8 food groups (6-23 months), %",Layer 2: Underlying Determinants,2017,32.1836,East Asia and Pacific,Lower middle income,Dated (6-10 years),7,Minimum Dietary Diversity,Diets & Care (IYCF)
PNG,Papua New Guinea,NT_CF_MMF,"Minimum meal frequency (6-23 months), %",Layer 2: Underlying Determinants,2017,43.929,East Asia and Pacific,Lower middle income,Dated (6-10 years),7,Minimum Meal Frequency,Diets & Care (IYCF)
POL,Poland,IM_DTP3,"DTP3 immunisation coverage, % (proxy for health system reach)",Layer 2: Underlying Determinants,2024,94.0,Europe and Central Asia,High income,Recent (≤5 years),0,DTP3 Immunisation,Services & Programme Coverage
POL,Poland,MNCH_SAB,"Skilled birth attendance, %",Layer 2: Underlying Determinants,2023,99.6,Europe and Central Asia,High income,Recent (≤5 years),1,Skilled Birth Attendance,Services & Programme Coverage
PRI,Puerto Rico,MNCH_SAB,"Skilled birth attendance, %",Layer 2: Underlying Determinants,2022,99.8,,High income,Recent (≤5 years),2,Skilled Birth Attendance,Services & Programme Coverage
PRK,Democratic People's Republic of Korea,IM_DTP3,"DTP3 immunisation coverage, % (proxy for health system reach)",Layer 2: Underlying Determinants,2024,99.0,East Asia and Pacific,Low income,Recent (≤5 years),0,DTP3 Immunisation,Services & Programme Coverage
PRK,Democratic People's Republic of Korea,MNCH_ANC4,"ANC 4+ visits coverage, %",Layer 2: Underlying Determinants,2017,93.7,East Asia and Pacific,Low income,Dated (6-10 years),7,ANC 4+ Visits,Services & Programme Coverage
PRK,Democratic People's Republic of Korea,MNCH_SAB,"Skilled birth attendance, %",Layer 2: Underlying Determinants,2017,99.5,East Asia and Pacific,Low income,Dated (6-10 years),7,Skilled Birth Attendance,Services & Programme Coverage
PRK,Democratic People's Republic of Korea,NT_BF_EIBF,"Early initiation of breastfeeding within 1 hour, %",Layer 2: Underlying Determinants,2017,42.5,East Asia and Pacific,Low income,Dated (6-10 years),7,Early Initiation of BF,Diets & Care (IYCF)
PRK,Democratic People's Republic of Korea,NT_BF_EXBF,"Exclusive breastfeeding <6 months, %",Layer 1: Nutrition Outcomes,2017,71.4,East Asia and Pacific,Low income,Dated (6-10 years),7,Exclusive BF <6m,Diets & Care (IYCF)
PRK,Democratic People's Republic of Korea,NT_CF_MDD,"Minimum dietary diversity >=5/8 food groups (6-23 months), %",Layer 2: Underlying Determinants,2017,46.7,East Asia and Pacific,Low income,Dated (6-10 years),7,Minimum Dietary Diversity,Diets & Care (IYCF)
PRT,Portugal,IM_DTP3,"DTP3 immunisation coverage, % (proxy for health system reach)",Layer 2: Underlying Determinants,2024,99.0,Europe and Central Asia,High income,Recent (≤5 years),0,DTP3 Immunisation,Services & Programme Coverage
PRT,Portugal,MNCH_SAB,"Skilled birth attendance, %",Layer 2: Underlying Determinants,2023,98.6,Europe and Central Asia,High income,Recent (≤5 years),1,Skilled Birth Attendance,Services & Programme Coverage
PRY,Paraguay,IM_DTP3,"DTP3 immunisation coverage, % (proxy for health system reach)",Layer 2: Underlying Determinants,2024,80.0,Latin America and Caribbean,Upper middle income,Recent (≤5 years),0,DTP3 Immunisation,Services & Programme Coverage
PRY,Paraguay,MNCH_ANC4,"ANC 4+ visits coverage, %",Layer 2: Underlying Determinants,2021,81.0,Latin America and Caribbean,Upper middle income,Recent (≤5 years),3,ANC 4+ Visits,Services & Programme Coverage
PRY,Paraguay,MNCH_SAB,"Skilled birth attendance, %",Layer 2: Underlying Determinants,2023,98.2,Latin America and Caribbean,Upper middle income,Recent (≤5 years),1,Skilled Birth Attendance,Services & Programme Coverage
PRY,Paraguay,NT_BF_EIBF,"Early initiation of breastfeeding within 1 hour, %",Layer 2: Underlying Determinants,2016,49.5485,Latin America and Caribbean,Upper middle income,Dated (6-10 years),8,Early Initiation of BF,Diets & Care (IYCF)
PRY,Paraguay,NT_BF_EXBF,"Exclusive breastfeeding <6 months, %",Layer 1: Nutrition Outcomes,2016,29.5936,Latin America and Caribbean,Upper middle income,Dated (6-10 years),8,Exclusive BF <6m,Diets & Care (IYCF)
PRY,Paraguay,NT_CF_MAD,"Minimum acceptable diet (6-23 months), %",Layer 2: Underlying Determinants,2016,37.8872,Latin America and Caribbean,Upper middle income,Dated (6-10 years),8,Minimum Acceptable Diet,Diets & Care (IYCF)
PRY,Paraguay,NT_CF_MDD,"Minimum dietary diversity >=5/8 food groups (6-23 months), %",Layer 2: Underlying Determinants,2016,52.0675,Latin America and Caribbean,Upper middle income,Dated (6-10 years),8,Minimum Dietary Diversity,Diets & Care (IYCF)
PRY,Paraguay,NT_CF_MMF,"Minimum meal frequency (6-23 months), %",Layer 2: Underlying Determinants,2016,71.1623,Latin America and Caribbean,Upper middle income,Dated (6-10 years),8,Minimum Meal Frequency,Diets & Care (IYCF)
PSE,State of Palestine,IM_DTP3,"DTP3 immunisation coverage, % (proxy for health system reach)",Layer 2: Underlying Determinants,2024,88.0,Middle East and North Africa,Lower middle income,Recent (≤5 years),0,DTP3 Immunisation,Services & Programme Coverage
PSE,State of Palestine,MNCH_ANC4,"ANC 4+ visits coverage, %",Layer 2: Underlying Determinants,2020,94.8,Middle East and North Africa,Lower middle income,Recent (≤5 years),4,ANC 4+ Visits,Services & Programme Coverage
PSE,State of Palestine,MNCH_SAB,"Skilled birth attendance, %",Layer 2: Underlying Determinants,2020,99.7,Middle East and North Africa,Lower middle income,Recent (≤5 years),4,Skilled Birth Attendance,Services & Programme Coverage
PSE,State of Palestine,NT_BF_EIBF,"Early initiation of breastfeeding within 1 hour, %",Layer 2: Underlying Determinants,2020,40.5678,Middle East and North Africa,Lower middle income,Recent (≤5 years),4,Early Initiation of BF,Diets & Care (IYCF)
PSE,State of Palestine,NT_BF_EXBF,"Exclusive breastfeeding <6 months, %",Layer 1: Nutrition Outcomes,2020,38.8956,Middle East and North Africa,Lower middle income,Recent (≤5 years),4,Exclusive BF <6m,Diets & Care (IYCF)
PSE,State of Palestine,NT_CF_MAD,"Minimum acceptable diet (6-23 months), %",Layer 2: Underlying Determinants,2020,31.2174,Middle East and North Africa,Lower middle income,Recent (≤5 years),4,Minimum Acceptable Diet,Diets & Care (IYCF)
PSE,State of Palestine,NT_CF_MDD,"Minimum dietary diversity >=5/8 food groups (6-23 months), %",Layer 2: Underlying Determinants,2020,44.6583,Middle East and North Africa,Lower middle income,Recent (≤5 years),4,Minimum Dietary Diversity,Diets & Care (IYCF)
PSE,State of Palestine,NT_CF_MMF,"Minimum meal frequency (6-23 months), %",Layer 2: Underlying Determinants,2020,71.3384,Middle East and North Africa,Lower middle income,Recent (≤5 years),4,Minimum Meal Frequency,Diets & Care (IYCF)
QAT,Qatar,IM_DTP3,"DTP3 immunisation coverage, % (proxy for health system reach)",Layer 2: Underlying Determinants,2024,96.0,Middle East and North Africa,High income,Recent (≤5 years),0,DTP3 Immunisation,Services & Programme Coverage
QAT,Qatar,MNCH_ANC4,"ANC 4+ visits coverage, %",Layer 2: Underlying Determinants,2023,98.2,Middle East and North Africa,High income,Recent (≤5 years),1,ANC 4+ Visits,Services & Programme Coverage
QAT,Qatar,MNCH_SAB,"Skilled birth attendance, %",Layer 2: Underlying Determinants,2023,100.0,Middle East and North Africa,High income,Recent (≤5 years),1,Skilled Birth Attendance,Services & Programme Coverage
QAT,Qatar,NT_BF_EIBF,"Early initiation of breastfeeding within 1 hour, %",Layer 2: Underlying Determinants,2023,61.2893,Middle East and North Africa,High income,Recent (≤5 years),1,Early Initiation of BF,Diets & Care (IYCF)
QAT,Qatar,NT_BF_EXBF,"Exclusive breastfeeding <6 months, %",Layer 1: Nutrition Outcomes,2023,45.3747,Middle East and North Africa,High income,Recent (≤5 years),1,Exclusive BF <6m,Diets & Care (IYCF)
QAT,Qatar,NT_CF_MDD,"Minimum dietary diversity >=5/8 food groups (6-23 months), %",Layer 2: Underlying Determinants,2023,63.529,Middle East and North Africa,High income,Recent (≤5 years),1,Minimum Dietary Diversity,Diets & Care (IYCF)
QAT,Qatar,NT_CF_MMF,"Minimum meal frequency (6-23 months), %",Layer 2: Underlying Determinants,2012,40.0009,Middle East and North Africa,High income,Outdated (>10 years),12,Minimum Meal Frequency,Diets & Care (IYCF)
ROU,Romania,IM_DTP3,"DTP3 immunisation coverage, % (proxy for health system reach)",Layer 2: Underlying Determinants,2024,79.0,Europe and Central Asia,Upper middle income,Recent (≤5 years),0,DTP3 Immunisation,Services & Programme Coverage
ROU,Romania,MNCH_ANC4,"ANC 4+ visits coverage, %",Layer 2: Underlying Determinants,2021,70.1,Europe and Central Asia,Upper middle income,Recent (≤5 years),3,ANC 4+ Visits,Services & Programme Coverage
ROU,Romania,MNCH_SAB,"Skilled birth attendance, %",Layer 2: Underlying Determinants,2022,98.4,Europe and Central Asia,Upper middle income,Recent (≤5 years),2,Skilled Birth Attendance,Services & Programme Coverage
ROU,Romania,NT_BF_EIBF,"Early initiation of breastfeeding within 1 hour, %",Layer 2: Underlying Determinants,2004,57.7,Europe and Central Asia,Upper middle income,Outdated (>10 years),20,Early Initiation of BF,Diets & Care (IYCF)
ROU,Romania,NT_BF_EXBF,"Exclusive breastfeeding <6 months, %",Layer 1: Nutrition Outcomes,2004,15.8,Europe and Central Asia,Upper middle income,Outdated (>10 years),20,Exclusive BF <6m,Diets & Care (IYCF)
RUS,Russian Federation,IM_DTP3,"DTP3 immunisation coverage, % (proxy for health system reach)",Layer 2: Underlying Determinants,2024,97.0,Europe and Central Asia,Upper middle income,Recent (≤5 years),0,DTP3 Immunisation,Services & Programme Coverage
RUS,Russian Federation,MNCH_SAB,"Skilled birth attendance, %",Layer 2: Underlying Determinants,2023,99.7,Europe and Central Asia,Upper middle income,Recent (≤5 years),1,Skilled Birth Attendance,Services & Programme Coverage
RUS,Russian Federation,NT_BF_EIBF,"Early initiation of breastfeeding within 1 hour, %",Layer 2: Underlying Determinants,2011,25.0,Europe and Central Asia,Upper middle income,Outdated (>10 years),13,Early Initiation of BF,Diets & Care (IYCF)
RWA,Rwanda,IM_DTP3,"DTP3 immunisation coverage, % (proxy for health system reach)",Layer 2: Underlying Determinants,2024,98.0,Sub-Saharan Africa,Low income,Recent (≤5 years),0,DTP3 Immunisation,Services & Programme Coverage
RWA,Rwanda,MNCH_ANC4,"ANC 4+ visits coverage, %",Layer 2: Underlying Determinants,2020,47.2,Sub-Saharan Africa,Low income,Recent (≤5 years),4,ANC 4+ Visits,Services & Programme Coverage
RWA,Rwanda,MNCH_SAB,"Skilled birth attendance, %",Layer 2: Underlying Determinants,2020,94.2,Sub-Saharan Africa,Low income,Recent (≤5 years),4,Skilled Birth Attendance,Services & Programme Coverage
RWA,Rwanda,NT_BF_EIBF,"Early initiation of breastfeeding within 1 hour, %",Layer 2: Underlying Determinants,2020,85.338,Sub-Saharan Africa,Low income,Recent (≤5 years),4,Early Initiation of BF,Diets & Care (IYCF)
RWA,Rwanda,NT_BF_EXBF,"Exclusive breastfeeding <6 months, %",Layer 1: Nutrition Outcomes,2020,80.8959,Sub-Saharan Africa,Low income,Recent (≤5 years),4,Exclusive BF <6m,Diets & Care (IYCF)
RWA,Rwanda,NT_CF_MAD,"Minimum acceptable diet (6-23 months), %",Layer 2: Underlying Determinants,2020,21.3698,Sub-Saharan Africa,Low income,Recent (≤5 years),4,Minimum Acceptable Diet,Diets & Care (IYCF)
RWA,Rwanda,NT_CF_MDD,"Minimum dietary diversity >=5/8 food groups (6-23 months), %",Layer 2: Underlying Determinants,2020,34.4266,Sub-Saharan Africa,Low income,Recent (≤5 years),4,Minimum Dietary Diversity,Diets & Care (IYCF)
RWA,Rwanda,NT_CF_MMF,"Minimum meal frequency (6-23 months), %",Layer 2: Underlying Determinants,2020,45.4193,Sub-Saharan Africa,Low income,Recent (≤5 years),4,Minimum Meal Frequency,Diets & Care (IYCF)
SAU,Saudi Arabia,IM_DTP3,"DTP3 immunisation coverage, % (proxy for health system reach)",Layer 2: Underlying Determinants,2024,97.0,Middle East and North Africa,High income,Recent (≤5 years),0,DTP3 Immunisation,Services & Programme Coverage
SAU,Saudi Arabia,MNCH_ANC4,"ANC 4+ visits coverage, %",Layer 2: Underlying Determinants,2019,79.7,Middle East and North Africa,High income,Recent (≤5 years),5,ANC 4+ Visits,Services & Programme Coverage
SAU,Saudi Arabia,MNCH_SAB,"Skilled birth attendance, %",Layer 2: Underlying Determinants,2024,99.6,Middle East and North Africa,High income,Recent (≤5 years),0,Skilled Birth Attendance,Services & Programme Coverage
SDGRC_ARAB,(SDGRC) ESCWA_Arab countries,IM_DTP3,"DTP3 immunisation coverage, % (proxy for health system reach)",Layer 2: Underlying Determinants,2024,77.0,,,Recent (≤5 years),0,DTP3 Immunisation,Services & Programme Coverage
SDGRC_ARAB,(SDGRC) ESCWA_Arab countries,MNCH_ANC4,"ANC 4+ visits coverage, %",Layer 2: Underlying Determinants,2024,63.8,,,Recent (≤5 years),0,ANC 4+ Visits,Services & Programme Coverage
SDGRC_ARAB,(SDGRC) ESCWA_Arab countries,MNCH_SAB,"Skilled birth attendance, %",Layer 2: Underlying Determinants,2024,88.8,,,Recent (≤5 years),0,Skilled Birth Attendance,Services & Programme Coverage
SDGRC_ARAB,(SDGRC) ESCWA_Arab countries,NT_BF_EIBF,"Early initiation of breastfeeding within 1 hour, %",Layer 2: Underlying Determinants,2024,37.5843,,,Recent (≤5 years),0,Early Initiation of BF,Diets & Care (IYCF)
SDGRC_ARAB,(SDGRC) ESCWA_Arab countries,NT_BF_EXBF,"Exclusive breastfeeding <6 months, %",Layer 1: Nutrition Outcomes,2024,32.9893,,,Recent (≤5 years),0,Exclusive BF <6m,Diets & Care (IYCF)
SDGRC_ARAB,(SDGRC) ESCWA_Arab countries,NT_CF_MDD,"Minimum dietary diversity >=5/8 food groups (6-23 months), %",Layer 2: Underlying Determinants,2024,34.8713,,,Recent (≤5 years),0,Minimum Dietary Diversity,Diets & Care (IYCF)
SDGRC_AUC,(SDGRC) ECA_African Union Commission,IM_DTP3,"DTP3 immunisation coverage, % (proxy for health system reach)",Layer 2: Underlying Determinants,2024,76.0,,,Recent (≤5 years),0,DTP3 Immunisation,Services & Programme Coverage
SDGRC_AUC,(SDGRC) ECA_African Union Commission,MNCH_ANC4,"ANC 4+ visits coverage, %",Layer 2: Underlying Determinants,2024,59.9,,,Recent (≤5 years),0,ANC 4+ Visits,Services & Programme Coverage
SDGRC_AUC,(SDGRC) ECA_African Union Commission,MNCH_SAB,"Skilled birth attendance, %",Layer 2: Underlying Determinants,2024,74.8,,,Recent (≤5 years),0,Skilled Birth Attendance,Services & Programme Coverage
SDGRC_AUC,(SDGRC) ECA_African Union Commission,NT_BF_EIBF,"Early initiation of breastfeeding within 1 hour, %",Layer 2: Underlying Determinants,2024,54.4855,,,Recent (≤5 years),0,Early Initiation of BF,Diets & Care (IYCF)
SDGRC_AUC,(SDGRC) ECA_African Union Commission,NT_BF_EXBF,"Exclusive breastfeeding <6 months, %",Layer 1: Nutrition Outcomes,2024,44.7919,,,Recent (≤5 years),0,Exclusive BF <6m,Diets & Care (IYCF)
SDGRC_AUC,(SDGRC) ECA_African Union Commission,NT_CF_MAD,"Minimum acceptable diet (6-23 months), %",Layer 2: Underlying Determinants,2024,11.9608,,,Recent (≤5 years),0,Minimum Acceptable Diet,Diets & Care (IYCF)
SDGRC_AUC,(SDGRC) ECA_African Union Commission,NT_CF_MDD,"Minimum dietary diversity >=5/8 food groups (6-23 months), %",Layer 2: Underlying Determinants,2024,20.5327,,,Recent (≤5 years),0,Minimum Dietary Diversity,Diets & Care (IYCF)
SDGRC_AUC,(SDGRC) ECA_African Union Commission,NT_CF_MMF,"Minimum meal frequency (6-23 months), %",Layer 2: Underlying Determinants,2024,44.014,,,Recent (≤5 years),0,Minimum Meal Frequency,Diets & Care (IYCF)
SDGRC_ECA_ALL,(SDGRC) United Nations Economic Commission for Africa,IM_DTP3,"DTP3 immunisation coverage, % (proxy for health system reach)",Layer 2: Underlying Determinants,2024,76.0,,,Recent (≤5 years),0,DTP3 Immunisation,Services & Programme Coverage
SDGRC_ECA_ALL,(SDGRC) United Nations Economic Commission for Africa,MNCH_ANC4,"ANC 4+ visits coverage, %",Layer 2: Underlying Determinants,2024,59.9,,,Recent (≤5 years),0,ANC 4+ Visits,Services & Programme Coverage
SDGRC_ECA_ALL,(SDGRC) United Nations Economic Commission for Africa,MNCH_SAB,"Skilled birth attendance, %",Layer 2: Underlying Determinants,2024,74.8,,,Recent (≤5 years),0,Skilled Birth Attendance,Services & Programme Coverage
SDGRC_ECA_ALL,(SDGRC) United Nations Economic Commission for Africa,NT_BF_EIBF,"Early initiation of breastfeeding within 1 hour, %",Layer 2: Underlying Determinants,2024,54.4855,,,Recent (≤5 years),0,Early Initiation of BF,Diets & Care (IYCF)
SDGRC_ECA_ALL,(SDGRC) United Nations Economic Commission for Africa,NT_BF_EXBF,"Exclusive breastfeeding <6 months, %",Layer 1: Nutrition Outcomes,2024,44.7919,,,Recent (≤5 years),0,Exclusive BF <6m,Diets & Care (IYCF)
SDGRC_ECA_ALL,(SDGRC) United Nations Economic Commission for Africa,NT_CF_MAD,"Minimum acceptable diet (6-23 months), %",Layer 2: Underlying Determinants,2024,11.9608,,,Recent (≤5 years),0,Minimum Acceptable Diet,Diets & Care (IYCF)
SDGRC_ECA_ALL,(SDGRC) United Nations Economic Commission for Africa,NT_CF_MDD,"Minimum dietary diversity >=5/8 food groups (6-23 months), %",Layer 2: Underlying Determinants,2024,20.5327,,,Recent (≤5 years),0,Minimum Dietary Diversity,Diets & Care (IYCF)
SDGRC_ECA_ALL,(SDGRC) United Nations Economic Commission for Africa,NT_CF_MMF,"Minimum meal frequency (6-23 months), %",Layer 2: Underlying Determinants,2024,44.014,,,Recent (≤5 years),0,Minimum Meal Frequency,Diets & Care (IYCF)
SDGRC_ECA_AMU,(SDGRC) ECA AMU,IM_DTP3,"DTP3 immunisation coverage, % (proxy for health system reach)",Layer 2: Underlying Determinants,2024,93.0,,,Recent (≤5 years),0,DTP3 Immunisation,Services & Programme Coverage
SDGRC_ECA_AMU,(SDGRC) ECA AMU,MNCH_ANC4,"ANC 4+ visits coverage, %",Layer 2: Underlying Determinants,2024,73.6,,,Recent (≤5 years),0,ANC 4+ Visits,Services & Programme Coverage
SDGRC_ECA_AMU,(SDGRC) ECA AMU,MNCH_SAB,"Skilled birth attendance, %",Layer 2: Underlying Determinants,2024,95.1,,,Recent (≤5 years),0,Skilled Birth Attendance,Services & Programme Coverage
SDGRC_ECA_AMU,(SDGRC) ECA AMU,NT_BF_EIBF,"Early initiation of breastfeeding within 1 hour, %",Layer 2: Underlying Determinants,2024,36.1974,,,Recent (≤5 years),0,Early Initiation of BF,Diets & Care (IYCF)
SDGRC_ECA_AMU,(SDGRC) ECA AMU,NT_BF_EXBF,"Exclusive breastfeeding <6 months, %",Layer 1: Nutrition Outcomes,2024,28.8595,,,Recent (≤5 years),0,Exclusive BF <6m,Diets & Care (IYCF)
SDGRC_ECA_AMU,(SDGRC) ECA AMU,NT_CF_MAD,"Minimum acceptable diet (6-23 months), %",Layer 2: Underlying Determinants,2024,21.6594,,,Recent (≤5 years),0,Minimum Acceptable Diet,Diets & Care (IYCF)
SDGRC_ECA_AMU,(SDGRC) ECA AMU,NT_CF_MDD,"Minimum dietary diversity >=5/8 food groups (6-23 months), %",Layer 2: Underlying Determinants,2024,40.0645,,,Recent (≤5 years),0,Minimum Dietary Diversity,Diets & Care (IYCF)
SDGRC_ECA_AMU,(SDGRC) ECA AMU,NT_CF_MMF,"Minimum meal frequency (6-23 months), %",Layer 2: Underlying Determinants,2024,46.5991,,,Recent (≤5 years),0,Minimum Meal Frequency,Diets & Care (IYCF)
SDGRC_ECA_CA,(SDGRC) Central Africa,IM_DTP3,"DTP3 immunisation coverage, % (proxy for health system reach)",Layer 2: Underlying Determinants,2024,70.0,,,Recent (≤5 years),0,DTP3 Immunisation,Services & Programme Coverage
SDGRC_ECA_CA,(SDGRC) Central Africa,MNCH_ANC4,"ANC 4+ visits coverage, %",Layer 2: Underlying Determinants,2024,56.3,,,Recent (≤5 years),0,ANC 4+ Visits,Services & Programme Coverage
SDGRC_ECA_CA,(SDGRC) Central Africa,MNCH_SAB,"Skilled birth attendance, %",Layer 2: Underlying Determinants,2024,69.1,,,Recent (≤5 years),0,Skilled Birth Attendance,Services & Programme Coverage
SDGRC_ECA_CA,(SDGRC) Central Africa,NT_BF_EIBF,"Early initiation of breastfeeding within 1 hour, %",Layer 2: Underlying Determinants,2024,50.1699,,,Recent (≤5 years),0,Early Initiation of BF,Diets & Care (IYCF)
SDGRC_ECA_CA,(SDGRC) Central Africa,NT_BF_EXBF,"Exclusive breastfeeding <6 months, %",Layer 1: Nutrition Outcomes,2024,25.733,,,Recent (≤5 years),0,Exclusive BF <6m,Diets & Care (IYCF)
SDGRC_ECA_CA,(SDGRC) Central Africa,NT_CF_MAD,"Minimum acceptable diet (6-23 months), %",Layer 2: Underlying Determinants,2024,22.5141,,,Recent (≤5 years),0,Minimum Acceptable Diet,Diets & Care (IYCF)
SDGRC_ECA_CA,(SDGRC) Central Africa,NT_CF_MDD,"Minimum dietary diversity >=5/8 food groups (6-23 months), %",Layer 2: Underlying Determinants,2024,23.6735,,,Recent (≤5 years),0,Minimum Dietary Diversity,Diets & Care (IYCF)
SDGRC_ECA_CA,(SDGRC) Central Africa,NT_CF_MMF,"Minimum meal frequency (6-23 months), %",Layer 2: Underlying Determinants,2024,50.8267,,,Recent (≤5 years),0,Minimum Meal Frequency,Diets & Care (IYCF)
SDGRC_ECA_CEN_SAD,(SDGRC) ECA_CEN-SAD,IM_DTP3,"DTP3 immunisation coverage, % (proxy for health system reach)",Layer 2: Underlying Determinants,2024,75.0,,,Recent (≤5 years),0,DTP3 Immunisation,Services & Programme Coverage
SDGRC_ECA_CEN_SAD,(SDGRC) ECA_CEN-SAD,MNCH_ANC4,"ANC 4+ visits coverage, %",Layer 2: Underlying Determinants,2024,57.6,,,Recent (≤5 years),0,ANC 4+ Visits,Services & Programme Coverage
SDGRC_ECA_CEN_SAD,(SDGRC) ECA_CEN-SAD,MNCH_SAB,"Skilled birth attendance, %",Layer 2: Underlying Determinants,2024,69.2,,,Recent (≤5 years),0,Skilled Birth Attendance,Services & Programme Coverage
SDGRC_ECA_CEN_SAD,(SDGRC) ECA_CEN-SAD,NT_BF_EIBF,"Early initiation of breastfeeding within 1 hour, %",Layer 2: Underlying Determinants,2024,43.0171,,,Recent (≤5 years),0,Early Initiation of BF,Diets & Care (IYCF)
SDGRC_ECA_CEN_SAD,(SDGRC) ECA_CEN-SAD,NT_BF_EXBF,"Exclusive breastfeeding <6 months, %",Layer 1: Nutrition Outcomes,2024,33.5011,,,Recent (≤5 years),0,Exclusive BF <6m,Diets & Care (IYCF)
SDGRC_ECA_CEN_SAD,(SDGRC) ECA_CEN-SAD,NT_CF_MAD,"Minimum acceptable diet (6-23 months), %",Layer 2: Underlying Determinants,2024,13.3042,,,Recent (≤5 years),0,Minimum Acceptable Diet,Diets & Care (IYCF)
SDGRC_ECA_CEN_SAD,(SDGRC) ECA_CEN-SAD,NT_CF_MDD,"Minimum dietary diversity >=5/8 food groups (6-23 months), %",Layer 2: Underlying Determinants,2024,22.2748,,,Recent (≤5 years),0,Minimum Dietary Diversity,Diets & Care (IYCF)
SDGRC_ECA_CEN_SAD,(SDGRC) ECA_CEN-SAD,NT_CF_MMF,"Minimum meal frequency (6-23 months), %",Layer 2: Underlying Determinants,2024,43.5868,,,Recent (≤5 years),0,Minimum Meal Frequency,Diets & Care (IYCF)
SDGRC_ECA_COMESA,(SDGRC) ECA_COMESA,IM_DTP3,"DTP3 immunisation coverage, % (proxy for health system reach)",Layer 2: Underlying Determinants,2024,76.0,,,Recent (≤5 years),0,DTP3 Immunisation,Services & Programme Coverage
SDGRC_ECA_COMESA,(SDGRC) ECA_COMESA,MNCH_ANC4,"ANC 4+ visits coverage, %",Layer 2: Underlying Determinants,2024,60.4,,,Recent (≤5 years),0,ANC 4+ Visits,Services & Programme Coverage
SDGRC_ECA_COMESA,(SDGRC) ECA_COMESA,MNCH_SAB,"Skilled birth attendance, %",Layer 2: Underlying Determinants,2024,79.8,,,Recent (≤5 years),0,Skilled Birth Attendance,Services & Programme Coverage
SDGRC_ECA_COMESA,(SDGRC) ECA_COMESA,NT_BF_EIBF,"Early initiation of breastfeeding within 1 hour, %",Layer 2: Underlying Determinants,2024,61.2868,,,Recent (≤5 years),0,Early Initiation of BF,Diets & Care (IYCF)
SDGRC_ECA_COMESA,(SDGRC) ECA_COMESA,NT_BF_EXBF,"Exclusive breastfeeding <6 months, %",Layer 1: Nutrition Outcomes,2024,53.8249,,,Recent (≤5 years),0,Exclusive BF <6m,Diets & Care (IYCF)
SDGRC_ECA_COMESA,(SDGRC) ECA_COMESA,NT_CF_MAD,"Minimum acceptable diet (6-23 months), %",Layer 2: Underlying Determinants,2024,14.0672,,,Recent (≤5 years),0,Minimum Acceptable Diet,Diets & Care (IYCF)
SDGRC_ECA_COMESA,(SDGRC) ECA_COMESA,NT_CF_MDD,"Minimum dietary diversity >=5/8 food groups (6-23 months), %",Layer 2: Underlying Determinants,2024,21.8533,,,Recent (≤5 years),0,Minimum Dietary Diversity,Diets & Care (IYCF)
SDGRC_ECA_COMESA,(SDGRC) ECA_COMESA,NT_CF_MMF,"Minimum meal frequency (6-23 months), %",Layer 2: Underlying Determinants,2024,49.585,,,Recent (≤5 years),0,Minimum Meal Frequency,Diets & Care (IYCF)
SDGRC_ECA_EA,(SDGRC) Eastern Africa,IM_DTP3,"DTP3 immunisation coverage, % (proxy for health system reach)",Layer 2: Underlying Determinants,2024,76.0,,,Recent (≤5 years),0,DTP3 Immunisation,Services & Programme Coverage
SDGRC_ECA_EA,(SDGRC) Eastern Africa,MNCH_ANC4,"ANC 4+ visits coverage, %",Layer 2: Underlying Determinants,2024,57.4,,,Recent (≤5 years),0,ANC 4+ Visits,Services & Programme Coverage
SDGRC_ECA_EA,(SDGRC) Eastern Africa,MNCH_SAB,"Skilled birth attendance, %",Layer 2: Underlying Determinants,2024,75.1,,,Recent (≤5 years),0,Skilled Birth Attendance,Services & Programme Coverage
SDGRC_ECA_EA,(SDGRC) Eastern Africa,NT_BF_EIBF,"Early initiation of breastfeeding within 1 hour, %",Layer 2: Underlying Determinants,2024,66.4897,,,Recent (≤5 years),0,Early Initiation of BF,Diets & Care (IYCF)
SDGRC_ECA_EA,(SDGRC) Eastern Africa,NT_BF_EXBF,"Exclusive breastfeeding <6 months, %",Layer 1: Nutrition Outcomes,2024,57.5611,,,Recent (≤5 years),0,Exclusive BF <6m,Diets & Care (IYCF)
SDGRC_ECA_EA,(SDGRC) Eastern Africa,NT_CF_MAD,"Minimum acceptable diet (6-23 months), %",Layer 2: Underlying Determinants,2024,11.2876,,,Recent (≤5 years),0,Minimum Acceptable Diet,Diets & Care (IYCF)
SDGRC_ECA_EA,(SDGRC) Eastern Africa,NT_CF_MDD,"Minimum dietary diversity >=5/8 food groups (6-23 months), %",Layer 2: Underlying Determinants,2024,18.1361,,,Recent (≤5 years),0,Minimum Dietary Diversity,Diets & Care (IYCF)
SDGRC_ECA_EA,(SDGRC) Eastern Africa,NT_CF_MMF,"Minimum meal frequency (6-23 months), %",Layer 2: Underlying Determinants,2024,46.2376,,,Recent (≤5 years),0,Minimum Meal Frequency,Diets & Care (IYCF)
SDGRC_ECA_EAC,(SDGRC) ECA_EAC,IM_DTP3,"DTP3 immunisation coverage, % (proxy for health system reach)",Layer 2: Underlying Determinants,2024,79.0,,,Recent (≤5 years),0,DTP3 Immunisation,Services & Programme Coverage
SDGRC_ECA_EAC,(SDGRC) ECA_EAC,MNCH_ANC4,"ANC 4+ visits coverage, %",Layer 2: Underlying Determinants,2024,57.2,,,Recent (≤5 years),0,ANC 4+ Visits,Services & Programme Coverage
SDGRC_ECA_EAC,(SDGRC) ECA_EAC,MNCH_SAB,"Skilled birth attendance, %",Layer 2: Underlying Determinants,2024,85.9,,,Recent (≤5 years),0,Skilled Birth Attendance,Services & Programme Coverage
SDGRC_ECA_EAC,(SDGRC) ECA_EAC,NT_BF_EIBF,"Early initiation of breastfeeding within 1 hour, %",Layer 2: Underlying Determinants,2024,65.0098,,,Recent (≤5 years),0,Early Initiation of BF,Diets & Care (IYCF)
SDGRC_ECA_EAC,(SDGRC) ECA_EAC,NT_BF_EXBF,"Exclusive breastfeeding <6 months, %",Layer 1: Nutrition Outcomes,2024,59.4807,,,Recent (≤5 years),0,Exclusive BF <6m,Diets & Care (IYCF)
SDGRC_ECA_EAC,(SDGRC) ECA_EAC,NT_CF_MAD,"Minimum acceptable diet (6-23 months), %",Layer 2: Underlying Determinants,2024,10.9494,,,Recent (≤5 years),0,Minimum Acceptable Diet,Diets & Care (IYCF)
SDGRC_ECA_EAC,(SDGRC) ECA_EAC,NT_CF_MDD,"Minimum dietary diversity >=5/8 food groups (6-23 months), %",Layer 2: Underlying Determinants,2024,18.9743,,,Recent (≤5 years),0,Minimum Dietary Diversity,Diets & Care (IYCF)
SDGRC_ECA_EAC,(SDGRC) ECA_EAC,NT_CF_MMF,"Minimum meal frequency (6-23 months), %",Layer 2: Underlying Determinants,2024,40.8344,,,Recent (≤5 years),0,Minimum Meal Frequency,Diets & Care (IYCF)
SDGRC_ECA_ECCAS,(SDGRC) ECA_ECCAS,IM_DTP3,"DTP3 immunisation coverage, % (proxy for health system reach)",Layer 2: Underlying Determinants,2024,69.0,,,Recent (≤5 years),0,DTP3 Immunisation,Services & Programme Coverage
SDGRC_ECA_ECCAS,(SDGRC) ECA_ECCAS,MNCH_ANC4,"ANC 4+ visits coverage, %",Layer 2: Underlying Determinants,2024,50.3,,,Recent (≤5 years),0,ANC 4+ Visits,Services & Programme Coverage
SDGRC_ECA_ECCAS,(SDGRC) ECA_ECCAS,MNCH_SAB,"Skilled birth attendance, %",Layer 2: Underlying Determinants,2024,79.9,,,Recent (≤5 years),0,Skilled Birth Attendance,Services & Programme Coverage
SDGRC_ECA_ECCAS,(SDGRC) ECA_ECCAS,NT_BF_EIBF,"Early initiation of breastfeeding within 1 hour, %",Layer 2: Underlying Determinants,2024,55.8239,,,Recent (≤5 years),0,Early Initiation of BF,Diets & Care (IYCF)
SDGRC_ECA_ECCAS,(SDGRC) ECA_ECCAS,NT_BF_EXBF,"Exclusive breastfeeding <6 months, %",Layer 1: Nutrition Outcomes,2024,45.7325,,,Recent (≤5 years),0,Exclusive BF <6m,Diets & Care (IYCF)
SDGRC_ECA_ECCAS,(SDGRC) ECA_ECCAS,NT_CF_MAD,"Minimum acceptable diet (6-23 months), %",Layer 2: Underlying Determinants,2024,11.6337,,,Recent (≤5 years),0,Minimum Acceptable Diet,Diets & Care (IYCF)
SDGRC_ECA_ECCAS,(SDGRC) ECA_ECCAS,NT_CF_MDD,"Minimum dietary diversity >=5/8 food groups (6-23 months), %",Layer 2: Underlying Determinants,2024,18.8143,,,Recent (≤5 years),0,Minimum Dietary Diversity,Diets & Care (IYCF)
SDGRC_ECA_ECCAS,(SDGRC) ECA_ECCAS,NT_CF_MMF,"Minimum meal frequency (6-23 months), %",Layer 2: Underlying Determinants,2024,34.7417,,,Recent (≤5 years),0,Minimum Meal Frequency,Diets & Care (IYCF)
SDGRC_ECA_ECOWAS,(SDGRC) ECA_ECOWAS,IM_DTP3,"DTP3 immunisation coverage, % (proxy for health system reach)",Layer 2: Underlying Determinants,2024,75.0,,,Recent (≤5 years),0,DTP3 Immunisation,Services & Programme Coverage
SDGRC_ECA_ECOWAS,(SDGRC) ECA_ECOWAS,MNCH_ANC4,"ANC 4+ visits coverage, %",Layer 2: Underlying Determinants,2024,60.2,,,Recent (≤5 years),0,ANC 4+ Visits,Services & Programme Coverage
SDGRC_ECA_ECOWAS,(SDGRC) ECA_ECOWAS,MNCH_SAB,"Skilled birth attendance, %",Layer 2: Underlying Determinants,2024,61.9,,,Recent (≤5 years),0,Skilled Birth Attendance,Services & Programme Coverage
SDGRC_ECA_ECOWAS,(SDGRC) ECA_ECOWAS,NT_BF_EIBF,"Early initiation of breastfeeding within 1 hour, %",Layer 2: Underlying Determinants,2024,38.8503,,,Recent (≤5 years),0,Early Initiation of BF,Diets & Care (IYCF)
SDGRC_ECA_ECOWAS,(SDGRC) ECA_ECOWAS,NT_BF_EXBF,"Exclusive breastfeeding <6 months, %",Layer 1: Nutrition Outcomes,2024,33.9591,,,Recent (≤5 years),0,Exclusive BF <6m,Diets & Care (IYCF)
SDGRC_ECA_ECOWAS,(SDGRC) ECA_ECOWAS,NT_CF_MAD,"Minimum acceptable diet (6-23 months), %",Layer 2: Underlying Determinants,2024,8.4197,,,Recent (≤5 years),0,Minimum Acceptable Diet,Diets & Care (IYCF)
SDGRC_ECA_ECOWAS,(SDGRC) ECA_ECOWAS,NT_CF_MDD,"Minimum dietary diversity >=5/8 food groups (6-23 months), %",Layer 2: Underlying Determinants,2024,18.454,,,Recent (≤5 years),0,Minimum Dietary Diversity,Diets & Care (IYCF)
SDGRC_ECA_ECOWAS,(SDGRC) ECA_ECOWAS,NT_CF_MMF,"Minimum meal frequency (6-23 months), %",Layer 2: Underlying Determinants,2024,37.5535,,,Recent (≤5 years),0,Minimum Meal Frequency,Diets & Care (IYCF)
SDGRC_ECA_IE,(SDGRC) ECA_Island economies,IM_DTP3,"DTP3 immunisation coverage, % (proxy for health system reach)",Layer 2: Underlying Determinants,2024,61.0,,,Recent (≤5 years),0,DTP3 Immunisation,Services & Programme Coverage
SDGRC_ECA_IE,(SDGRC) ECA_Island economies,MNCH_ANC4,"ANC 4+ visits coverage, %",Layer 2: Underlying Determinants,2024,66.6,,,Recent (≤5 years),0,ANC 4+ Visits,Services & Programme Coverage
SDGRC_ECA_IE,(SDGRC) ECA_Island economies,MNCH_SAB,"Skilled birth attendance, %",Layer 2: Underlying Determinants,2024,62.0,,,Recent (≤5 years),0,Skilled Birth Attendance,Services & Programme Coverage
SDGRC_ECA_IE,(SDGRC) ECA_Island economies,NT_BF_EIBF,"Early initiation of breastfeeding within 1 hour, %",Layer 2: Underlying Determinants,2024,64.7917,,,Recent (≤5 years),0,Early Initiation of BF,Diets & Care (IYCF)
SDGRC_ECA_IE,(SDGRC) ECA_Island economies,NT_BF_EXBF,"Exclusive breastfeeding <6 months, %",Layer 1: Nutrition Outcomes,2024,53.6309,,,Recent (≤5 years),0,Exclusive BF <6m,Diets & Care (IYCF)
SDGRC_ECA_IE,(SDGRC) ECA_Island economies,NT_CF_MAD,"Minimum acceptable diet (6-23 months), %",Layer 2: Underlying Determinants,2024,14.9,,,Recent (≤5 years),0,Minimum Acceptable Diet,Diets & Care (IYCF)
SDGRC_ECA_IE,(SDGRC) ECA_Island economies,NT_CF_MDD,"Minimum dietary diversity >=5/8 food groups (6-23 months), %",Layer 2: Underlying Determinants,2024,21.0542,,,Recent (≤5 years),0,Minimum Dietary Diversity,Diets & Care (IYCF)
SDGRC_ECA_IE,(SDGRC) ECA_Island economies,NT_CF_MMF,"Minimum meal frequency (6-23 months), %",Layer 2: Underlying Determinants,2024,69.2,,,Recent (≤5 years),0,Minimum Meal Frequency,Diets & Care (IYCF)
SDGRC_ECA_IGAD,(SDGRC) ECA_IGAD,IM_DTP3,"DTP3 immunisation coverage, % (proxy for health system reach)",Layer 2: Underlying Determinants,2024,73.0,,,Recent (≤5 years),0,DTP3 Immunisation,Services & Programme Coverage
SDGRC_ECA_IGAD,(SDGRC) ECA_IGAD,MNCH_ANC4,"ANC 4+ visits coverage, %",Layer 2: Underlying Determinants,2024,56.4,,,Recent (≤5 years),0,ANC 4+ Visits,Services & Programme Coverage
SDGRC_ECA_IGAD,(SDGRC) ECA_IGAD,MNCH_SAB,"Skilled birth attendance, %",Layer 2: Underlying Determinants,2024,70.3,,,Recent (≤5 years),0,Skilled Birth Attendance,Services & Programme Coverage
SDGRC_ECA_IGAD,(SDGRC) ECA_IGAD,NT_BF_EIBF,"Early initiation of breastfeeding within 1 hour, %",Layer 2: Underlying Determinants,2024,70.6292,,,Recent (≤5 years),0,Early Initiation of BF,Diets & Care (IYCF)
SDGRC_ECA_IGAD,(SDGRC) ECA_IGAD,NT_BF_EXBF,"Exclusive breastfeeding <6 months, %",Layer 1: Nutrition Outcomes,2024,55.9656,,,Recent (≤5 years),0,Exclusive BF <6m,Diets & Care (IYCF)
SDGRC_ECA_IGAD,(SDGRC) ECA_IGAD,NT_CF_MAD,"Minimum acceptable diet (6-23 months), %",Layer 2: Underlying Determinants,2024,14.3477,,,Recent (≤5 years),0,Minimum Acceptable Diet,Diets & Care (IYCF)
SDGRC_ECA_IGAD,(SDGRC) ECA_IGAD,NT_CF_MDD,"Minimum dietary diversity >=5/8 food groups (6-23 months), %",Layer 2: Underlying Determinants,2024,18.4353,,,Recent (≤5 years),0,Minimum Dietary Diversity,Diets & Care (IYCF)
SDGRC_ECA_IGAD,(SDGRC) ECA_IGAD,NT_CF_MMF,"Minimum meal frequency (6-23 months), %",Layer 2: Underlying Determinants,2024,59.9772,,,Recent (≤5 years),0,Minimum Meal Frequency,Diets & Care (IYCF)
SDGRC_ECA_LDC,(SDGRC) ECA_Least developed countries,IM_DTP3,"DTP3 immunisation coverage, % (proxy for health system reach)",Layer 2: Underlying Determinants,2024,74.0,,,Recent (≤5 years),0,DTP3 Immunisation,Services & Programme Coverage
SDGRC_ECA_LDC,(SDGRC) ECA_Least developed countries,MNCH_ANC4,"ANC 4+ visits coverage, %",Layer 2: Underlying Determinants,2024,55.0,,,Recent (≤5 years),0,ANC 4+ Visits,Services & Programme Coverage
SDGRC_ECA_LDC,(SDGRC) ECA_Least developed countries,MNCH_SAB,"Skilled birth attendance, %",Layer 2: Underlying Determinants,2024,75.0,,,Recent (≤5 years),0,Skilled Birth Attendance,Services & Programme Coverage
SDGRC_ECA_LDC,(SDGRC) ECA_Least developed countries,NT_BF_EIBF,"Early initiation of breastfeeding within 1 hour, %",Layer 2: Underlying Determinants,2024,62.9321,,,Recent (≤5 years),0,Early Initiation of BF,Diets & Care (IYCF)
SDGRC_ECA_LDC,(SDGRC) ECA_Least developed countries,NT_BF_EXBF,"Exclusive breastfeeding <6 months, %",Layer 1: Nutrition Outcomes,2024,50.5835,,,Recent (≤5 years),0,Exclusive BF <6m,Diets & Care (IYCF)
SDGRC_ECA_LDC,(SDGRC) ECA_Least developed countries,NT_CF_MAD,"Minimum acceptable diet (6-23 months), %",Layer 2: Underlying Determinants,2024,9.9426,,,Recent (≤5 years),0,Minimum Acceptable Diet,Diets & Care (IYCF)
SDGRC_ECA_LDC,(SDGRC) ECA_Least developed countries,NT_CF_MDD,"Minimum dietary diversity >=5/8 food groups (6-23 months), %",Layer 2: Underlying Determinants,2024,17.2066,,,Recent (≤5 years),0,Minimum Dietary Diversity,Diets & Care (IYCF)
SDGRC_ECA_LDC,(SDGRC) ECA_Least developed countries,NT_CF_MMF,"Minimum meal frequency (6-23 months), %",Layer 2: Underlying Determinants,2024,41.8708,,,Recent (≤5 years),0,Minimum Meal Frequency,Diets & Care (IYCF)
SDGRC_ECA_LLC,(SDGRC) ECA_Land-locked countries,IM_DTP3,"DTP3 immunisation coverage, % (proxy for health system reach)",Layer 2: Underlying Determinants,2024,81.0,,,Recent (≤5 years),0,DTP3 Immunisation,Services & Programme Coverage
SDGRC_ECA_LLC,(SDGRC) ECA_Land-locked countries,MNCH_ANC4,"ANC 4+ visits coverage, %",Layer 2: Underlying Determinants,2024,58.0,,,Recent (≤5 years),0,ANC 4+ Visits,Services & Programme Coverage
SDGRC_ECA_LLC,(SDGRC) ECA_Land-locked countries,MNCH_SAB,"Skilled birth attendance, %",Layer 2: Underlying Determinants,2024,69.8,,,Recent (≤5 years),0,Skilled Birth Attendance,Services & Programme Coverage
SDGRC_ECA_LLC,(SDGRC) ECA_Land-locked countries,NT_BF_EIBF,"Early initiation of breastfeeding within 1 hour, %",Layer 2: Underlying Determinants,2024,68.5149,,,Recent (≤5 years),0,Early Initiation of BF,Diets & Care (IYCF)
SDGRC_ECA_LLC,(SDGRC) ECA_Land-locked countries,NT_BF_EXBF,"Exclusive breastfeeding <6 months, %",Layer 1: Nutrition Outcomes,2024,50.5165,,,Recent (≤5 years),0,Exclusive BF <6m,Diets & Care (IYCF)
SDGRC_ECA_LLC,(SDGRC) ECA_Land-locked countries,NT_CF_MAD,"Minimum acceptable diet (6-23 months), %",Layer 2: Underlying Determinants,2024,12.7386,,,Recent (≤5 years),0,Minimum Acceptable Diet,Diets & Care (IYCF)
SDGRC_ECA_LLC,(SDGRC) ECA_Land-locked countries,NT_CF_MDD,"Minimum dietary diversity >=5/8 food groups (6-23 months), %",Layer 2: Underlying Determinants,2024,17.9208,,,Recent (≤5 years),0,Minimum Dietary Diversity,Diets & Care (IYCF)
SDGRC_ECA_LLC,(SDGRC) ECA_Land-locked countries,NT_CF_MMF,"Minimum meal frequency (6-23 months), %",Layer 2: Underlying Determinants,2024,52.7795,,,Recent (≤5 years),0,Minimum Meal Frequency,Diets & Care (IYCF)
SDGRC_ECA_LL_LDC,(SDGRC) ECA_Land-locked LDCs,IM_DTP3,"DTP3 immunisation coverage, % (proxy for health system reach)",Layer 2: Underlying Determinants,2024,81.0,,,Recent (≤5 years),0,DTP3 Immunisation,Services & Programme Coverage
SDGRC_ECA_LL_LDC,(SDGRC) ECA_Land-locked LDCs,MNCH_ANC4,"ANC 4+ visits coverage, %",Layer 2: Underlying Determinants,2024,57.3,,,Recent (≤5 years),0,ANC 4+ Visits,Services & Programme Coverage
SDGRC_ECA_LL_LDC,(SDGRC) ECA_Land-locked LDCs,MNCH_SAB,"Skilled birth attendance, %",Layer 2: Underlying Determinants,2024,69.0,,,Recent (≤5 years),0,Skilled Birth Attendance,Services & Programme Coverage
SDGRC_ECA_LL_LDC,(SDGRC) ECA_Land-locked LDCs,NT_BF_EIBF,"Early initiation of breastfeeding within 1 hour, %",Layer 2: Underlying Determinants,2024,68.6135,,,Recent (≤5 years),0,Early Initiation of BF,Diets & Care (IYCF)
SDGRC_ECA_LL_LDC,(SDGRC) ECA_Land-locked LDCs,NT_BF_EXBF,"Exclusive breastfeeding <6 months, %",Layer 1: Nutrition Outcomes,2024,50.8999,,,Recent (≤5 years),0,Exclusive BF <6m,Diets & Care (IYCF)
SDGRC_ECA_LL_LDC,(SDGRC) ECA_Land-locked LDCs,NT_CF_MAD,"Minimum acceptable diet (6-23 months), %",Layer 2: Underlying Determinants,2024,12.8099,,,Recent (≤5 years),0,Minimum Acceptable Diet,Diets & Care (IYCF)
SDGRC_ECA_LL_LDC,(SDGRC) ECA_Land-locked LDCs,NT_CF_MDD,"Minimum dietary diversity >=5/8 food groups (6-23 months), %",Layer 2: Underlying Determinants,2024,17.6014,,,Recent (≤5 years),0,Minimum Dietary Diversity,Diets & Care (IYCF)
SDGRC_ECA_LL_LDC,(SDGRC) ECA_Land-locked LDCs,NT_CF_MMF,"Minimum meal frequency (6-23 months), %",Layer 2: Underlying Determinants,2024,52.1064,,,Recent (≤5 years),0,Minimum Meal Frequency,Diets & Care (IYCF)
SDGRC_ECA_MRC,(SDGRC) ECA_Mineral-rich countries,IM_DTP3,"DTP3 immunisation coverage, % (proxy for health system reach)",Layer 2: Underlying Determinants,2024,74.0,,,Recent (≤5 years),0,DTP3 Immunisation,Services & Programme Coverage
SDGRC_ECA_MRC,(SDGRC) ECA_Mineral-rich countries,MNCH_ANC4,"ANC 4+ visits coverage, %",Layer 2: Underlying Determinants,2024,58.1,,,Recent (≤5 years),0,ANC 4+ Visits,Services & Programme Coverage
SDGRC_ECA_MRC,(SDGRC) ECA_Mineral-rich countries,MNCH_SAB,"Skilled birth attendance, %",Layer 2: Underlying Determinants,2024,82.5,,,Recent (≤5 years),0,Skilled Birth Attendance,Services & Programme Coverage
SDGRC_ECA_MRC,(SDGRC) ECA_Mineral-rich countries,NT_BF_EIBF,"Early initiation of breastfeeding within 1 hour, %",Layer 2: Underlying Determinants,2024,59.3603,,,Recent (≤5 years),0,Early Initiation of BF,Diets & Care (IYCF)
SDGRC_ECA_MRC,(SDGRC) ECA_Mineral-rich countries,NT_BF_EXBF,"Exclusive breastfeeding <6 months, %",Layer 1: Nutrition Outcomes,2024,50.7201,,,Recent (≤5 years),0,Exclusive BF <6m,Diets & Care (IYCF)
SDGRC_ECA_MRC,(SDGRC) ECA_Mineral-rich countries,NT_CF_MAD,"Minimum acceptable diet (6-23 months), %",Layer 2: Underlying Determinants,2024,9.7454,,,Recent (≤5 years),0,Minimum Acceptable Diet,Diets & Care (IYCF)
SDGRC_ECA_MRC,(SDGRC) ECA_Mineral-rich countries,NT_CF_MDD,"Minimum dietary diversity >=5/8 food groups (6-23 months), %",Layer 2: Underlying Determinants,2024,19.8131,,,Recent (≤5 years),0,Minimum Dietary Diversity,Diets & Care (IYCF)
SDGRC_ECA_MRC,(SDGRC) ECA_Mineral-rich countries,NT_CF_MMF,"Minimum meal frequency (6-23 months), %",Layer 2: Underlying Determinants,2024,37.0897,,,Recent (≤5 years),0,Minimum Meal Frequency,Diets & Care (IYCF)
SDGRC_ECA_NA,(SDGRC) North Africa,IM_DTP3,"DTP3 immunisation coverage, % (proxy for health system reach)",Layer 2: Underlying Determinants,2024,80.0,,,Recent (≤5 years),0,DTP3 Immunisation,Services & Programme Coverage
SDGRC_ECA_NA,(SDGRC) North Africa,MNCH_ANC4,"ANC 4+ visits coverage, %",Layer 2: Underlying Determinants,2024,70.0,,,Recent (≤5 years),0,ANC 4+ Visits,Services & Programme Coverage
SDGRC_ECA_NA,(SDGRC) North Africa,MNCH_SAB,"Skilled birth attendance, %",Layer 2: Underlying Determinants,2024,94.0,,,Recent (≤5 years),0,Skilled Birth Attendance,Services & Programme Coverage
SDGRC_ECA_NA,(SDGRC) North Africa,NT_BF_EIBF,"Early initiation of breastfeeding within 1 hour, %",Layer 2: Underlying Determinants,2024,34.0011,,,Recent (≤5 years),0,Early Initiation of BF,Diets & Care (IYCF)
SDGRC_ECA_NA,(SDGRC) North Africa,NT_BF_EXBF,"Exclusive breastfeeding <6 months, %",Layer 1: Nutrition Outcomes,2024,36.3869,,,Recent (≤5 years),0,Exclusive BF <6m,Diets & Care (IYCF)
SDGRC_ECA_NA,(SDGRC) North Africa,NT_CF_MAD,"Minimum acceptable diet (6-23 months), %",Layer 2: Underlying Determinants,2024,24.6515,,,Recent (≤5 years),0,Minimum Acceptable Diet,Diets & Care (IYCF)
SDGRC_ECA_NA,(SDGRC) North Africa,NT_CF_MDD,"Minimum dietary diversity >=5/8 food groups (6-23 months), %",Layer 2: Underlying Determinants,2024,41.0763,,,Recent (≤5 years),0,Minimum Dietary Diversity,Diets & Care (IYCF)
SDGRC_ECA_NA,(SDGRC) North Africa,NT_CF_MMF,"Minimum meal frequency (6-23 months), %",Layer 2: Underlying Determinants,2024,52.3986,,,Recent (≤5 years),0,Minimum Meal Frequency,Diets & Care (IYCF)
SDGRC_ECA_NOP,(SDGRC) ECA_Non-Oil Producing,IM_DTP3,"DTP3 immunisation coverage, % (proxy for health system reach)",Layer 2: Underlying Determinants,2024,80.0,,,Recent (≤5 years),0,DTP3 Immunisation,Services & Programme Coverage
SDGRC_ECA_NOP,(SDGRC) ECA_Non-Oil Producing,MNCH_ANC4,"ANC 4+ visits coverage, %",Layer 2: Underlying Determinants,2024,63.2,,,Recent (≤5 years),0,ANC 4+ Visits,Services & Programme Coverage
SDGRC_ECA_NOP,(SDGRC) ECA_Non-Oil Producing,MNCH_SAB,"Skilled birth attendance, %",Layer 2: Underlying Determinants,2024,77.4,,,Recent (≤5 years),0,Skilled Birth Attendance,Services & Programme Coverage
SDGRC_ECA_NOP,(SDGRC) ECA_Non-Oil Producing,NT_BF_EIBF,"Early initiation of breastfeeding within 1 hour, %",Layer 2: Underlying Determinants,2024,65.9032,,,Recent (≤5 years),0,Early Initiation of BF,Diets & Care (IYCF)
SDGRC_ECA_NOP,(SDGRC) ECA_Non-Oil Producing,NT_BF_EXBF,"Exclusive breastfeeding <6 months, %",Layer 1: Nutrition Outcomes,2024,55.6581,,,Recent (≤5 years),0,Exclusive BF <6m,Diets & Care (IYCF)
SDGRC_ECA_NOP,(SDGRC) ECA_Non-Oil Producing,NT_CF_MAD,"Minimum acceptable diet (6-23 months), %",Layer 2: Underlying Determinants,2024,11.4843,,,Recent (≤5 years),0,Minimum Acceptable Diet,Diets & Care (IYCF)
SDGRC_ECA_NOP,(SDGRC) ECA_Non-Oil Producing,NT_CF_MDD,"Minimum dietary diversity >=5/8 food groups (6-23 months), %",Layer 2: Underlying Determinants,2024,19.2759,,,Recent (≤5 years),0,Minimum Dietary Diversity,Diets & Care (IYCF)
SDGRC_ECA_NOP,(SDGRC) ECA_Non-Oil Producing,NT_CF_MMF,"Minimum meal frequency (6-23 months), %",Layer 2: Underlying Determinants,2024,46.46,,,Recent (≤5 years),0,Minimum Meal Frequency,Diets & Care (IYCF)
SDGRC_ECA_NO_LDC,(SDGRC) ECA_Non-Oil LDCs,IM_DTP3,"DTP3 immunisation coverage, % (proxy for health system reach)",Layer 2: Underlying Determinants,2024,79.0,,,Recent (≤5 years),0,DTP3 Immunisation,Services & Programme Coverage
SDGRC_ECA_NO_LDC,(SDGRC) ECA_Non-Oil LDCs,MNCH_ANC4,"ANC 4+ visits coverage, %",Layer 2: Underlying Determinants,2024,61.6,,,Recent (≤5 years),0,ANC 4+ Visits,Services & Programme Coverage
SDGRC_ECA_NO_LDC,(SDGRC) ECA_Non-Oil LDCs,MNCH_SAB,"Skilled birth attendance, %",Layer 2: Underlying Determinants,2024,74.2,,,Recent (≤5 years),0,Skilled Birth Attendance,Services & Programme Coverage
SDGRC_ECA_NO_LDC,(SDGRC) ECA_Non-Oil LDCs,NT_BF_EIBF,"Early initiation of breastfeeding within 1 hour, %",Layer 2: Underlying Determinants,2024,66.3956,,,Recent (≤5 years),0,Early Initiation of BF,Diets & Care (IYCF)
SDGRC_ECA_NO_LDC,(SDGRC) ECA_Non-Oil LDCs,NT_BF_EXBF,"Exclusive breastfeeding <6 months, %",Layer 1: Nutrition Outcomes,2024,55.6917,,,Recent (≤5 years),0,Exclusive BF <6m,Diets & Care (IYCF)
SDGRC_ECA_NO_LDC,(SDGRC) ECA_Non-Oil LDCs,NT_CF_MAD,"Minimum acceptable diet (6-23 months), %",Layer 2: Underlying Determinants,2024,9.7427,,,Recent (≤5 years),0,Minimum Acceptable Diet,Diets & Care (IYCF)
SDGRC_ECA_NO_LDC,(SDGRC) ECA_Non-Oil LDCs,NT_CF_MDD,"Minimum dietary diversity >=5/8 food groups (6-23 months), %",Layer 2: Underlying Determinants,2024,17.5646,,,Recent (≤5 years),0,Minimum Dietary Diversity,Diets & Care (IYCF)
SDGRC_ECA_NO_LDC,(SDGRC) ECA_Non-Oil LDCs,NT_CF_MMF,"Minimum meal frequency (6-23 months), %",Layer 2: Underlying Determinants,2024,43.589,,,Recent (≤5 years),0,Minimum Meal Frequency,Diets & Care (IYCF)
SDGRC_ECA_OP,(SDGRC) ECA_Oil producing economies,IM_DTP3,"DTP3 immunisation coverage, % (proxy for health system reach)",Layer 2: Underlying Determinants,2024,72.0,,,Recent (≤5 years),0,DTP3 Immunisation,Services & Programme Coverage
SDGRC_ECA_OP,(SDGRC) ECA_Oil producing economies,MNCH_ANC4,"ANC 4+ visits coverage, %",Layer 2: Underlying Determinants,2024,56.9,,,Recent (≤5 years),0,ANC 4+ Visits,Services & Programme Coverage
SDGRC_ECA_OP,(SDGRC) ECA_Oil producing economies,MNCH_SAB,"Skilled birth attendance, %",Layer 2: Underlying Determinants,2024,72.3,,,Recent (≤5 years),0,Skilled Birth Attendance,Services & Programme Coverage
SDGRC_ECA_OP,(SDGRC) ECA_Oil producing economies,NT_BF_EIBF,"Early initiation of breastfeeding within 1 hour, %",Layer 2: Underlying Determinants,2024,44.0553,,,Recent (≤5 years),0,Early Initiation of BF,Diets & Care (IYCF)
SDGRC_ECA_OP,(SDGRC) ECA_Oil producing economies,NT_BF_EXBF,"Exclusive breastfeeding <6 months, %",Layer 1: Nutrition Outcomes,2024,35.6637,,,Recent (≤5 years),0,Exclusive BF <6m,Diets & Care (IYCF)
SDGRC_ECA_OP,(SDGRC) ECA_Oil producing economies,NT_CF_MAD,"Minimum acceptable diet (6-23 months), %",Layer 2: Underlying Determinants,2024,12.4066,,,Recent (≤5 years),0,Minimum Acceptable Diet,Diets & Care (IYCF)
SDGRC_ECA_OP,(SDGRC) ECA_Oil producing economies,NT_CF_MDD,"Minimum dietary diversity >=5/8 food groups (6-23 months), %",Layer 2: Underlying Determinants,2024,21.6797,,,Recent (≤5 years),0,Minimum Dietary Diversity,Diets & Care (IYCF)
SDGRC_ECA_OP,(SDGRC) ECA_Oil producing economies,NT_CF_MMF,"Minimum meal frequency (6-23 months), %",Layer 2: Underlying Determinants,2024,41.6988,,,Recent (≤5 years),0,Minimum Meal Frequency,Diets & Care (IYCF)
SDGRC_ECA_O_LDC,(SDGRC) ECA_Oil LDCs,IM_DTP3,"DTP3 immunisation coverage, % (proxy for health system reach)",Layer 2: Underlying Determinants,2024,63.0,,,Recent (≤5 years),0,DTP3 Immunisation,Services & Programme Coverage
SDGRC_ECA_O_LDC,(SDGRC) ECA_Oil LDCs,MNCH_ANC4,"ANC 4+ visits coverage, %",Layer 2: Underlying Determinants,2024,42.9,,,Recent (≤5 years),0,ANC 4+ Visits,Services & Programme Coverage
SDGRC_ECA_O_LDC,(SDGRC) ECA_Oil LDCs,MNCH_SAB,"Skilled birth attendance, %",Layer 2: Underlying Determinants,2024,76.6,,,Recent (≤5 years),0,Skilled Birth Attendance,Services & Programme Coverage
SDGRC_ECA_O_LDC,(SDGRC) ECA_Oil LDCs,NT_BF_EIBF,"Early initiation of breastfeeding within 1 hour, %",Layer 2: Underlying Determinants,2024,55.0552,,,Recent (≤5 years),0,Early Initiation of BF,Diets & Care (IYCF)
SDGRC_ECA_O_LDC,(SDGRC) ECA_Oil LDCs,NT_BF_EXBF,"Exclusive breastfeeding <6 months, %",Layer 1: Nutrition Outcomes,2024,39.9383,,,Recent (≤5 years),0,Exclusive BF <6m,Diets & Care (IYCF)
SDGRC_ECA_O_LDC,(SDGRC) ECA_Oil LDCs,NT_CF_MAD,"Minimum acceptable diet (6-23 months), %",Layer 2: Underlying Determinants,2024,10.4794,,,Recent (≤5 years),0,Minimum Acceptable Diet,Diets & Care (IYCF)
SDGRC_ECA_O_LDC,(SDGRC) ECA_Oil LDCs,NT_CF_MDD,"Minimum dietary diversity >=5/8 food groups (6-23 months), %",Layer 2: Underlying Determinants,2024,16.3819,,,Recent (≤5 years),0,Minimum Dietary Diversity,Diets & Care (IYCF)
SDGRC_ECA_O_LDC,(SDGRC) ECA_Oil LDCs,NT_CF_MMF,"Minimum meal frequency (6-23 months), %",Layer 2: Underlying Determinants,2024,37.1938,,,Recent (≤5 years),0,Minimum Meal Frequency,Diets & Care (IYCF)
SDGRC_ECA_SA,(SDGRC) Southern Africa,IM_DTP3,"DTP3 immunisation coverage, % (proxy for health system reach)",Layer 2: Underlying Determinants,2024,77.0,,,Recent (≤5 years),0,DTP3 Immunisation,Services & Programme Coverage
SDGRC_ECA_SA,(SDGRC) Southern Africa,MNCH_ANC4,"ANC 4+ visits coverage, %",Layer 2: Underlying Determinants,2024,63.9,,,Recent (≤5 years),0,ANC 4+ Visits,Services & Programme Coverage
SDGRC_ECA_SA,(SDGRC) Southern Africa,MNCH_SAB,"Skilled birth attendance, %",Layer 2: Underlying Determinants,2024,85.0,,,Recent (≤5 years),0,Skilled Birth Attendance,Services & Programme Coverage
SDGRC_ECA_SA,(SDGRC) Southern Africa,NT_BF_EIBF,"Early initiation of breastfeeding within 1 hour, %",Layer 2: Underlying Determinants,2024,64.7591,,,Recent (≤5 years),0,Early Initiation of BF,Diets & Care (IYCF)
SDGRC_ECA_SA,(SDGRC) Southern Africa,NT_BF_EXBF,"Exclusive breastfeeding <6 months, %",Layer 1: Nutrition Outcomes,2024,49.8126,,,Recent (≤5 years),0,Exclusive BF <6m,Diets & Care (IYCF)
SDGRC_ECA_SA,(SDGRC) Southern Africa,NT_CF_MAD,"Minimum acceptable diet (6-23 months), %",Layer 2: Underlying Determinants,2024,8.1972,,,Recent (≤5 years),0,Minimum Acceptable Diet,Diets & Care (IYCF)
SDGRC_ECA_SA,(SDGRC) Southern Africa,NT_CF_MDD,"Minimum dietary diversity >=5/8 food groups (6-23 months), %",Layer 2: Underlying Determinants,2024,18.8725,,,Recent (≤5 years),0,Minimum Dietary Diversity,Diets & Care (IYCF)
SDGRC_ECA_SA,(SDGRC) Southern Africa,NT_CF_MMF,"Minimum meal frequency (6-23 months), %",Layer 2: Underlying Determinants,2024,39.1838,,,Recent (≤5 years),0,Minimum Meal Frequency,Diets & Care (IYCF)
SDGRC_ECA_SACU,(SDGRC) ECA_Southern Africa Customs Union (SACU),IM_DTP3,"DTP3 immunisation coverage, % (proxy for health system reach)",Layer 2: Underlying Determinants,2024,76.0,,,Recent (≤5 years),0,DTP3 Immunisation,Services & Programme Coverage
SDGRC_ECA_SACU,(SDGRC) ECA_Southern Africa Customs Union (SACU),MNCH_ANC4,"ANC 4+ visits coverage, %",Layer 2: Underlying Determinants,2024,74.3,,,Recent (≤5 years),0,ANC 4+ Visits,Services & Programme Coverage
SDGRC_ECA_SACU,(SDGRC) ECA_Southern Africa Customs Union (SACU),MNCH_SAB,"Skilled birth attendance, %",Layer 2: Underlying Determinants,2024,97.4,,,Recent (≤5 years),0,Skilled Birth Attendance,Services & Programme Coverage
SDGRC_ECA_SADC,(SDGRC) ECA_SADC,IM_DTP3,"DTP3 immunisation coverage, % (proxy for health system reach)",Layer 2: Underlying Determinants,2024,73.0,,,Recent (≤5 years),0,DTP3 Immunisation,Services & Programme Coverage
SDGRC_ECA_SADC,(SDGRC) ECA_SADC,MNCH_ANC4,"ANC 4+ visits coverage, %",Layer 2: Underlying Determinants,2024,58.7,,,Recent (≤5 years),0,ANC 4+ Visits,Services & Programme Coverage
SDGRC_ECA_SADC,(SDGRC) ECA_SADC,MNCH_SAB,"Skilled birth attendance, %",Layer 2: Underlying Determinants,2024,83.7,,,Recent (≤5 years),0,Skilled Birth Attendance,Services & Programme Coverage
SDGRC_ECA_SADC,(SDGRC) ECA_SADC,NT_BF_EIBF,"Early initiation of breastfeeding within 1 hour, %",Layer 2: Underlying Determinants,2024,61.6899,,,Recent (≤5 years),0,Early Initiation of BF,Diets & Care (IYCF)
SDGRC_ECA_SADC,(SDGRC) ECA_SADC,NT_BF_EXBF,"Exclusive breastfeeding <6 months, %",Layer 1: Nutrition Outcomes,2024,53.7976,,,Recent (≤5 years),0,Exclusive BF <6m,Diets & Care (IYCF)
SDGRC_ECA_SADC,(SDGRC) ECA_SADC,NT_CF_MAD,"Minimum acceptable diet (6-23 months), %",Layer 2: Underlying Determinants,2024,7.6358,,,Recent (≤5 years),0,Minimum Acceptable Diet,Diets & Care (IYCF)
SDGRC_ECA_SADC,(SDGRC) ECA_SADC,NT_CF_MDD,"Minimum dietary diversity >=5/8 food groups (6-23 months), %",Layer 2: Underlying Determinants,2024,17.2834,,,Recent (≤5 years),0,Minimum Dietary Diversity,Diets & Care (IYCF)
SDGRC_ECA_SADC,(SDGRC) ECA_SADC,NT_CF_MMF,"Minimum meal frequency (6-23 months), %",Layer 2: Underlying Determinants,2024,34.6938,,,Recent (≤5 years),0,Minimum Meal Frequency,Diets & Care (IYCF)
SDGRC_ECA_SAHEL,(SDGRC) ECA_Sahel,IM_DTP3,"DTP3 immunisation coverage, % (proxy for health system reach)",Layer 2: Underlying Determinants,2024,73.0,,,Recent (≤5 years),0,DTP3 Immunisation,Services & Programme Coverage
SDGRC_ECA_SAHEL,(SDGRC) ECA_Sahel,MNCH_ANC4,"ANC 4+ visits coverage, %",Layer 2: Underlying Determinants,2024,54.5,,,Recent (≤5 years),0,ANC 4+ Visits,Services & Programme Coverage
SDGRC_ECA_SAHEL,(SDGRC) ECA_Sahel,MNCH_SAB,"Skilled birth attendance, %",Layer 2: Underlying Determinants,2024,58.6,,,Recent (≤5 years),0,Skilled Birth Attendance,Services & Programme Coverage
SDGRC_ECA_SAHEL,(SDGRC) ECA_Sahel,NT_BF_EIBF,"Early initiation of breastfeeding within 1 hour, %",Layer 2: Underlying Determinants,2024,42.1799,,,Recent (≤5 years),0,Early Initiation of BF,Diets & Care (IYCF)
SDGRC_ECA_SAHEL,(SDGRC) ECA_Sahel,NT_BF_EXBF,"Exclusive breastfeeding <6 months, %",Layer 1: Nutrition Outcomes,2024,31.0037,,,Recent (≤5 years),0,Exclusive BF <6m,Diets & Care (IYCF)
SDGRC_ECA_SAHEL,(SDGRC) ECA_Sahel,NT_CF_MAD,"Minimum acceptable diet (6-23 months), %",Layer 2: Underlying Determinants,2024,9.5814,,,Recent (≤5 years),0,Minimum Acceptable Diet,Diets & Care (IYCF)
SDGRC_ECA_SAHEL,(SDGRC) ECA_Sahel,NT_CF_MDD,"Minimum dietary diversity >=5/8 food groups (6-23 months), %",Layer 2: Underlying Determinants,2024,16.2757,,,Recent (≤5 years),0,Minimum Dietary Diversity,Diets & Care (IYCF)
SDGRC_ECA_SAHEL,(SDGRC) ECA_Sahel,NT_CF_MMF,"Minimum meal frequency (6-23 months), %",Layer 2: Underlying Determinants,2024,42.1771,,,Recent (≤5 years),0,Minimum Meal Frequency,Diets & Care (IYCF)
SDGRC_ECA_SIS,(SDGRC) ECA_Small Island states,IM_DTP3,"DTP3 immunisation coverage, % (proxy for health system reach)",Layer 2: Underlying Determinants,2024,84.0,,,Recent (≤5 years),0,DTP3 Immunisation,Services & Programme Coverage
SDGRC_ECA_SIS,(SDGRC) ECA_Small Island states,MNCH_ANC4,"ANC 4+ visits coverage, %",Layer 2: Underlying Determinants,2024,72.8,,,Recent (≤5 years),0,ANC 4+ Visits,Services & Programme Coverage
SDGRC_ECA_SIS,(SDGRC) ECA_Small Island states,MNCH_SAB,"Skilled birth attendance, %",Layer 2: Underlying Determinants,2024,97.8,,,Recent (≤5 years),0,Skilled Birth Attendance,Services & Programme Coverage
SDGRC_ECA_SIS,(SDGRC) ECA_Small Island states,NT_BF_EIBF,"Early initiation of breastfeeding within 1 hour, %",Layer 2: Underlying Determinants,2024,29.4242,,,Recent (≤5 years),0,Early Initiation of BF,Diets & Care (IYCF)
SDGRC_ECA_SIS,(SDGRC) ECA_Small Island states,NT_BF_EXBF,"Exclusive breastfeeding <6 months, %",Layer 1: Nutrition Outcomes,2024,33.1505,,,Recent (≤5 years),0,Exclusive BF <6m,Diets & Care (IYCF)
SDGRC_ECA_SIS,(SDGRC) ECA_Small Island states,NT_CF_MDD,"Minimum dietary diversity >=5/8 food groups (6-23 months), %",Layer 2: Underlying Determinants,2024,19.5842,,,Recent (≤5 years),0,Minimum Dietary Diversity,Diets & Care (IYCF)
SDGRC_ECA_SSA,(SDGRC) ECA_Sub-Saharan Africa,IM_DTP3,"DTP3 immunisation coverage, % (proxy for health system reach)",Layer 2: Underlying Determinants,2024,74.0,,,Recent (≤5 years),0,DTP3 Immunisation,Services & Programme Coverage
SDGRC_ECA_SSA,(SDGRC) ECA_Sub-Saharan Africa,MNCH_ANC4,"ANC 4+ visits coverage, %",Layer 2: Underlying Determinants,2024,57.5,,,Recent (≤5 years),0,ANC 4+ Visits,Services & Programme Coverage
SDGRC_ECA_SSA,(SDGRC) ECA_Sub-Saharan Africa,MNCH_SAB,"Skilled birth attendance, %",Layer 2: Underlying Determinants,2024,72.5,,,Recent (≤5 years),0,Skilled Birth Attendance,Services & Programme Coverage
SDGRC_ECA_SSA,(SDGRC) ECA_Sub-Saharan Africa,NT_BF_EIBF,"Early initiation of breastfeeding within 1 hour, %",Layer 2: Underlying Determinants,2024,56.4496,,,Recent (≤5 years),0,Early Initiation of BF,Diets & Care (IYCF)
SDGRC_ECA_SSA,(SDGRC) ECA_Sub-Saharan Africa,NT_BF_EXBF,"Exclusive breastfeeding <6 months, %",Layer 1: Nutrition Outcomes,2024,45.6644,,,Recent (≤5 years),0,Exclusive BF <6m,Diets & Care (IYCF)
SDGRC_ECA_SSA,(SDGRC) ECA_Sub-Saharan Africa,NT_CF_MAD,"Minimum acceptable diet (6-23 months), %",Layer 2: Underlying Determinants,2024,10.5943,,,Recent (≤5 years),0,Minimum Acceptable Diet,Diets & Care (IYCF)
SDGRC_ECA_SSA,(SDGRC) ECA_Sub-Saharan Africa,NT_CF_MDD,"Minimum dietary diversity >=5/8 food groups (6-23 months), %",Layer 2: Underlying Determinants,2024,18.45,,,Recent (≤5 years),0,Minimum Dietary Diversity,Diets & Care (IYCF)
SDGRC_ECA_SSA,(SDGRC) ECA_Sub-Saharan Africa,NT_CF_MMF,"Minimum meal frequency (6-23 months), %",Layer 2: Underlying Determinants,2024,43.1169,,,Recent (≤5 years),0,Minimum Meal Frequency,Diets & Care (IYCF)
SDGRC_ECA_WA,(SDGRC) West Africa,IM_DTP3,"DTP3 immunisation coverage, % (proxy for health system reach)",Layer 2: Underlying Determinants,2024,75.0,,,Recent (≤5 years),0,DTP3 Immunisation,Services & Programme Coverage
SDGRC_ECA_WA,(SDGRC) West Africa,MNCH_ANC4,"ANC 4+ visits coverage, %",Layer 2: Underlying Determinants,2024,57.7,,,Recent (≤5 years),0,ANC 4+ Visits,Services & Programme Coverage
SDGRC_ECA_WA,(SDGRC) West Africa,MNCH_SAB,"Skilled birth attendance, %",Layer 2: Underlying Determinants,2024,63.1,,,Recent (≤5 years),0,Skilled Birth Attendance,Services & Programme Coverage
SDGRC_ECA_WA,(SDGRC) West Africa,NT_BF_EIBF,"Early initiation of breastfeeding within 1 hour, %",Layer 2: Underlying Determinants,2024,42.8765,,,Recent (≤5 years),0,Early Initiation of BF,Diets & Care (IYCF)
SDGRC_ECA_WA,(SDGRC) West Africa,NT_BF_EXBF,"Exclusive breastfeeding <6 months, %",Layer 1: Nutrition Outcomes,2024,34.5515,,,Recent (≤5 years),0,Exclusive BF <6m,Diets & Care (IYCF)
SDGRC_ECA_WA,(SDGRC) West Africa,NT_CF_MAD,"Minimum acceptable diet (6-23 months), %",Layer 2: Underlying Determinants,2024,8.78,,,Recent (≤5 years),0,Minimum Acceptable Diet,Diets & Care (IYCF)
SDGRC_ECA_WA,(SDGRC) West Africa,NT_CF_MDD,"Minimum dietary diversity >=5/8 food groups (6-23 months), %",Layer 2: Underlying Determinants,2024,17.9982,,,Recent (≤5 years),0,Minimum Dietary Diversity,Diets & Care (IYCF)
SDGRC_ECA_WA,(SDGRC) West Africa,NT_CF_MMF,"Minimum meal frequency (6-23 months), %",Layer 2: Underlying Determinants,2024,39.3074,,,Recent (≤5 years),0,Minimum Meal Frequency,Diets & Care (IYCF)
SDGRC_ECE_ALL,ECE_All countries,IM_DTP3,"DTP3 immunisation coverage, % (proxy for health system reach)",Layer 2: Underlying Determinants,2024,93.0,,,Recent (≤5 years),0,DTP3 Immunisation,Services & Programme Coverage
SDGRC_ECE_ALL,ECE_All countries,MNCH_ANC4,"ANC 4+ visits coverage, %",Layer 2: Underlying Determinants,2024,94.5,,,Recent (≤5 years),0,ANC 4+ Visits,Services & Programme Coverage
SDGRC_ECE_ALL,ECE_All countries,MNCH_SAB,"Skilled birth attendance, %",Layer 2: Underlying Determinants,2024,99.0,,,Recent (≤5 years),0,Skilled Birth Attendance,Services & Programme Coverage
SDGRC_ECE_CIS11,ECE_CIS (CWG),IM_DTP3,"DTP3 immunisation coverage, % (proxy for health system reach)",Layer 2: Underlying Determinants,2024,93.0,,,Recent (≤5 years),0,DTP3 Immunisation,Services & Programme Coverage
SDGRC_ECE_CIS11,ECE_CIS (CWG),MNCH_ANC4,"ANC 4+ visits coverage, %",Layer 2: Underlying Determinants,2024,89.7,,,Recent (≤5 years),0,ANC 4+ Visits,Services & Programme Coverage
SDGRC_ECE_CIS11,ECE_CIS (CWG),MNCH_SAB,"Skilled birth attendance, %",Layer 2: Underlying Determinants,2024,99.7,,,Recent (≤5 years),0,Skilled Birth Attendance,Services & Programme Coverage
SDGRC_ECE_EAEU,ECE_Eurasian Economic Union (EAEU),IM_DTP3,"DTP3 immunisation coverage, % (proxy for health system reach)",Layer 2: Underlying Determinants,2024,96.0,,,Recent (≤5 years),0,DTP3 Immunisation,Services & Programme Coverage
SDGRC_ECE_EAEU,ECE_Eurasian Economic Union (EAEU),MNCH_SAB,"Skilled birth attendance, %",Layer 2: Underlying Determinants,2024,99.8,,,Recent (≤5 years),0,Skilled Birth Attendance,Services & Programme Coverage
SDGRC_ECE_EECCA,"ECE_Eastern Europe, Caucasus and Central Asia (CIS)",IM_DTP3,"DTP3 immunisation coverage, % (proxy for health system reach)",Layer 2: Underlying Determinants,2024,93.0,,,Recent (≤5 years),0,DTP3 Immunisation,Services & Programme Coverage
SDGRC_ECE_EECCA,"ECE_Eastern Europe, Caucasus and Central Asia (CIS)",MNCH_ANC4,"ANC 4+ visits coverage, %",Layer 2: Underlying Determinants,2024,89.6,,,Recent (≤5 years),0,ANC 4+ Visits,Services & Programme Coverage
SDGRC_ECE_EECCA,"ECE_Eastern Europe, Caucasus and Central Asia (CIS)",MNCH_SAB,"Skilled birth attendance, %",Layer 2: Underlying Determinants,2024,99.7,,,Recent (≤5 years),0,Skilled Birth Attendance,Services & Programme Coverage
SDGRC_ECE_EU27,ECE_European Union (E25),IM_DTP3,"DTP3 immunisation coverage, % (proxy for health system reach)",Layer 2: Underlying Determinants,2024,92.0,,,Recent (≤5 years),0,DTP3 Immunisation,Services & Programme Coverage
SDGRC_ECE_EU27,ECE_European Union (E25),MNCH_ANC4,"ANC 4+ visits coverage, %",Layer 2: Underlying Determinants,2024,95.4,,,Recent (≤5 years),0,ANC 4+ Visits,Services & Programme Coverage
SDGRC_ECE_EU27,ECE_European Union (E25),MNCH_SAB,"Skilled birth attendance, %",Layer 2: Underlying Determinants,2024,98.4,,,Recent (≤5 years),0,Skilled Birth Attendance,Services & Programme Coverage
SDGRC_ECE_EU_EUROAREA,ECE_Euro area (EMU),IM_DTP3,"DTP3 immunisation coverage, % (proxy for health system reach)",Layer 2: Underlying Determinants,2024,93.0,,,Recent (≤5 years),0,DTP3 Immunisation,Services & Programme Coverage
SDGRC_ECE_EU_EUROAREA,ECE_Euro area (EMU),MNCH_ANC4,"ANC 4+ visits coverage, %",Layer 2: Underlying Determinants,2024,97.1,,,Recent (≤5 years),0,ANC 4+ Visits,Services & Programme Coverage
SDGRC_ECE_EU_EUROAREA,ECE_Euro area (EMU),MNCH_SAB,"Skilled birth attendance, %",Layer 2: Underlying Determinants,2024,98.3,,,Recent (≤5 years),0,Skilled Birth Attendance,Services & Programme Coverage
SDGRC_ECE_WESTBALKANS,ECE_West Balkans (ST7),IM_DTP3,"DTP3 immunisation coverage, % (proxy for health system reach)",Layer 2: Underlying Determinants,2024,91.0,,,Recent (≤5 years),0,DTP3 Immunisation,Services & Programme Coverage
SDGRC_ECE_WESTBALKANS,ECE_West Balkans (ST7),MNCH_ANC4,"ANC 4+ visits coverage, %",Layer 2: Underlying Determinants,2024,94.0,,,Recent (≤5 years),0,ANC 4+ Visits,Services & Programme Coverage
SDGRC_ECE_WESTBALKANS,ECE_West Balkans (ST7),MNCH_SAB,"Skilled birth attendance, %",Layer 2: Underlying Determinants,2024,99.9,,,Recent (≤5 years),0,Skilled Birth Attendance,Services & Programme Coverage
SDGRC_ECLAC_ALL,ECLAC_All countries,IM_DTP3,"DTP3 immunisation coverage, % (proxy for health system reach)",Layer 2: Underlying Determinants,2024,82.0,,,Recent (≤5 years),0,DTP3 Immunisation,Services & Programme Coverage
SDGRC_ECLAC_ALL,ECLAC_All countries,MNCH_ANC4,"ANC 4+ visits coverage, %",Layer 2: Underlying Determinants,2024,91.0,,,Recent (≤5 years),0,ANC 4+ Visits,Services & Programme Coverage
SDGRC_ECLAC_ALL,ECLAC_All countries,MNCH_SAB,"Skilled birth attendance, %",Layer 2: Underlying Determinants,2024,95.9,,,Recent (≤5 years),0,Skilled Birth Attendance,Services & Programme Coverage
SDGRC_ECLAC_ALL,ECLAC_All countries,NT_BF_EIBF,"Early initiation of breastfeeding within 1 hour, %",Layer 2: Underlying Determinants,2024,58.858,,,Recent (≤5 years),0,Early Initiation of BF,Diets & Care (IYCF)
SDGRC_ECLAC_ALL,ECLAC_All countries,NT_BF_EXBF,"Exclusive breastfeeding <6 months, %",Layer 1: Nutrition Outcomes,2024,43.2,,,Recent (≤5 years),0,Exclusive BF <6m,Diets & Care (IYCF)
SDGRC_ECLAC_CARIBBEAN,ECLAC_Carribean,IM_DTP3,"DTP3 immunisation coverage, % (proxy for health system reach)",Layer 2: Underlying Determinants,2024,93.0,,,Recent (≤5 years),0,DTP3 Immunisation,Services & Programme Coverage
SDGRC_ECLAC_CARIBBEAN,ECLAC_Carribean,MNCH_ANC4,"ANC 4+ visits coverage, %",Layer 2: Underlying Determinants,2024,87.6,,,Recent (≤5 years),0,ANC 4+ Visits,Services & Programme Coverage
SDGRC_ECLAC_CARIBBEAN,ECLAC_Carribean,MNCH_SAB,"Skilled birth attendance, %",Layer 2: Underlying Determinants,2024,99.0,,,Recent (≤5 years),0,Skilled Birth Attendance,Services & Programme Coverage
SDGRC_ECLAC_CARIBBEAN,ECLAC_Carribean,NT_BF_EXBF,"Exclusive breastfeeding <6 months, %",Layer 1: Nutrition Outcomes,2024,28.0401,,,Recent (≤5 years),0,Exclusive BF <6m,Diets & Care (IYCF)
SDGRC_ECLAC_CARIBBEAN,ECLAC_Carribean,NT_CF_MDD,"Minimum dietary diversity >=5/8 food groups (6-23 months), %",Layer 2: Underlying Determinants,2024,44.5103,,,Recent (≤5 years),0,Minimum Dietary Diversity,Diets & Care (IYCF)
SDGRC_ECLAC_LA,ECLAC_Latin America,IM_DTP3,"DTP3 immunisation coverage, % (proxy for health system reach)",Layer 2: Underlying Determinants,2024,82.0,,,Recent (≤5 years),0,DTP3 Immunisation,Services & Programme Coverage
SDGRC_ECLAC_LA,ECLAC_Latin America,MNCH_ANC4,"ANC 4+ visits coverage, %",Layer 2: Underlying Determinants,2024,91.1,,,Recent (≤5 years),0,ANC 4+ Visits,Services & Programme Coverage
SDGRC_ECLAC_LA,ECLAC_Latin America,MNCH_SAB,"Skilled birth attendance, %",Layer 2: Underlying Determinants,2024,95.8,,,Recent (≤5 years),0,Skilled Birth Attendance,Services & Programme Coverage
SDGRC_ECLAC_LA,ECLAC_Latin America,NT_BF_EIBF,"Early initiation of breastfeeding within 1 hour, %",Layer 2: Underlying Determinants,2024,58.9187,,,Recent (≤5 years),0,Early Initiation of BF,Diets & Care (IYCF)
SDGRC_ECLAC_LA,ECLAC_Latin America,NT_BF_EXBF,"Exclusive breastfeeding <6 months, %",Layer 1: Nutrition Outcomes,2024,43.3839,,,Recent (≤5 years),0,Exclusive BF <6m,Diets & Care (IYCF)
SDGRC_ESCAP_AFRICA,(SDGRC) ESCAP_Africa (AFR),IM_DTP3,"DTP3 immunisation coverage, % (proxy for health system reach)",Layer 2: Underlying Determinants,2024,76.0,,,Recent (≤5 years),0,DTP3 Immunisation,Services & Programme Coverage
SDGRC_ESCAP_ALL,ESCAP_All countries,IM_DTP3,"DTP3 immunisation coverage, % (proxy for health system reach)",Layer 2: Underlying Determinants,2024,91.0,,,Recent (≤5 years),0,DTP3 Immunisation,Services & Programme Coverage
SDGRC_ESCAP_ALL,ESCAP_All countries,MNCH_ANC4,"ANC 4+ visits coverage, %",Layer 2: Underlying Determinants,2024,72.9,,,Recent (≤5 years),0,ANC 4+ Visits,Services & Programme Coverage
SDGRC_ESCAP_ALL,ESCAP_All countries,MNCH_SAB,"Skilled birth attendance, %",Layer 2: Underlying Determinants,2024,91.8,,,Recent (≤5 years),0,Skilled Birth Attendance,Services & Programme Coverage
SDGRC_ESCAP_ALL,ESCAP_All countries,NT_BF_EIBF,"Early initiation of breastfeeding within 1 hour, %",Layer 2: Underlying Determinants,2024,41.2327,,,Recent (≤5 years),0,Early Initiation of BF,Diets & Care (IYCF)
SDGRC_ESCAP_ALL,ESCAP_All countries,NT_BF_EXBF,"Exclusive breastfeeding <6 months, %",Layer 1: Nutrition Outcomes,2024,52.4716,,,Recent (≤5 years),0,Exclusive BF <6m,Diets & Care (IYCF)
SDGRC_ESCAP_ALL,ESCAP_All countries,NT_CF_MAD,"Minimum acceptable diet (6-23 months), %",Layer 2: Underlying Determinants,2024,22.3275,,,Recent (≤5 years),0,Minimum Acceptable Diet,Diets & Care (IYCF)
SDGRC_ESCAP_ALL,ESCAP_All countries,NT_CF_MDD,"Minimum dietary diversity >=5/8 food groups (6-23 months), %",Layer 2: Underlying Determinants,2024,35.0011,,,Recent (≤5 years),0,Minimum Dietary Diversity,Diets & Care (IYCF)
SDGRC_ESCAP_ALL,ESCAP_All countries,NT_CF_MMF,"Minimum meal frequency (6-23 months), %",Layer 2: Underlying Determinants,2024,52.1265,,,Recent (≤5 years),0,Minimum Meal Frequency,Diets & Care (IYCF)
SDGRC_ESCAP_ASEAN,ESCAP_ASEAN (ASEAN),IM_DTP3,"DTP3 immunisation coverage, % (proxy for health system reach)",Layer 2: Underlying Determinants,2024,80.0,,,Recent (≤5 years),0,DTP3 Immunisation,Services & Programme Coverage
SDGRC_ESCAP_ASEAN,ESCAP_ASEAN (ASEAN),MNCH_ANC4,"ANC 4+ visits coverage, %",Layer 2: Underlying Determinants,2024,80.5,,,Recent (≤5 years),0,ANC 4+ Visits,Services & Programme Coverage
SDGRC_ESCAP_ASEAN,ESCAP_ASEAN (ASEAN),MNCH_SAB,"Skilled birth attendance, %",Layer 2: Underlying Determinants,2024,94.1,,,Recent (≤5 years),0,Skilled Birth Attendance,Services & Programme Coverage
SDGRC_ESCAP_ASEAN,ESCAP_ASEAN (ASEAN),NT_BF_EIBF,"Early initiation of breastfeeding within 1 hour, %",Layer 2: Underlying Determinants,2024,50.3334,,,Recent (≤5 years),0,Early Initiation of BF,Diets & Care (IYCF)
SDGRC_ESCAP_ASEAN,ESCAP_ASEAN (ASEAN),NT_CF_MDD,"Minimum dietary diversity >=5/8 food groups (6-23 months), %",Layer 2: Underlying Determinants,2024,50.7002,,,Recent (≤5 years),0,Minimum Dietary Diversity,Diets & Care (IYCF)
SDGRC_ESCAP_CSN,ESCAP_Countries with Special Needs,IM_DTP3,"DTP3 immunisation coverage, % (proxy for health system reach)",Layer 2: Underlying Determinants,2024,85.0,,,Recent (≤5 years),0,DTP3 Immunisation,Services & Programme Coverage
SDGRC_ESCAP_CSN,ESCAP_Countries with Special Needs,MNCH_ANC4,"ANC 4+ visits coverage, %",Layer 2: Underlying Determinants,2024,61.5,,,Recent (≤5 years),0,ANC 4+ Visits,Services & Programme Coverage
SDGRC_ESCAP_CSN,ESCAP_Countries with Special Needs,MNCH_SAB,"Skilled birth attendance, %",Layer 2: Underlying Determinants,2024,82.1,,,Recent (≤5 years),0,Skilled Birth Attendance,Services & Programme Coverage
SDGRC_ESCAP_CSN,ESCAP_Countries with Special Needs,NT_BF_EIBF,"Early initiation of breastfeeding within 1 hour, %",Layer 2: Underlying Determinants,2024,43.6673,,,Recent (≤5 years),0,Early Initiation of BF,Diets & Care (IYCF)
SDGRC_ESCAP_CSN,ESCAP_Countries with Special Needs,NT_BF_EXBF,"Exclusive breastfeeding <6 months, %",Layer 1: Nutrition Outcomes,2024,50.7407,,,Recent (≤5 years),0,Exclusive BF <6m,Diets & Care (IYCF)
SDGRC_ESCAP_CSN,ESCAP_Countries with Special Needs,NT_CF_MAD,"Minimum acceptable diet (6-23 months), %",Layer 2: Underlying Determinants,2024,28.4661,,,Recent (≤5 years),0,Minimum Acceptable Diet,Diets & Care (IYCF)
SDGRC_ESCAP_CSN,ESCAP_Countries with Special Needs,NT_CF_MDD,"Minimum dietary diversity >=5/8 food groups (6-23 months), %",Layer 2: Underlying Determinants,2024,38.4769,,,Recent (≤5 years),0,Minimum Dietary Diversity,Diets & Care (IYCF)
SDGRC_ESCAP_CSN,ESCAP_Countries with Special Needs,NT_CF_MMF,"Minimum meal frequency (6-23 months), %",Layer 2: Underlying Determinants,2024,61.4912,,,Recent (≤5 years),0,Minimum Meal Frequency,Diets & Care (IYCF)
SDGRC_ESCAP_ECO,ESCAP_ECO (ECO),IM_DTP3,"DTP3 immunisation coverage, % (proxy for health system reach)",Layer 2: Underlying Determinants,2024,86.0,,,Recent (≤5 years),0,DTP3 Immunisation,Services & Programme Coverage
SDGRC_ESCAP_ENEA,ESCAP_East and North-East Asia (ENEA),IM_DTP3,"DTP3 immunisation coverage, % (proxy for health system reach)",Layer 2: Underlying Determinants,2024,97.0,,,Recent (≤5 years),0,DTP3 Immunisation,Services & Programme Coverage
SDGRC_ESCAP_ENEA,ESCAP_East and North-East Asia (ENEA),MNCH_ANC4,"ANC 4+ visits coverage, %",Layer 2: Underlying Determinants,2024,94.1,,,Recent (≤5 years),0,ANC 4+ Visits,Services & Programme Coverage
SDGRC_ESCAP_ENEA,ESCAP_East and North-East Asia (ENEA),MNCH_SAB,"Skilled birth attendance, %",Layer 2: Underlying Determinants,2024,99.9,,,Recent (≤5 years),0,Skilled Birth Attendance,Services & Programme Coverage
SDGRC_ESCAP_ENEA,ESCAP_East and North-East Asia (ENEA),NT_BF_EXBF,"Exclusive breastfeeding <6 months, %",Layer 1: Nutrition Outcomes,2024,35.2145,,,Recent (≤5 years),0,Exclusive BF <6m,Diets & Care (IYCF)
SDGRC_ESCAP_ENEA,ESCAP_East and North-East Asia (ENEA),NT_CF_MAD,"Minimum acceptable diet (6-23 months), %",Layer 2: Underlying Determinants,2024,43.2894,,,Recent (≤5 years),0,Minimum Acceptable Diet,Diets & Care (IYCF)
SDGRC_ESCAP_ENEA,ESCAP_East and North-East Asia (ENEA),NT_CF_MDD,"Minimum dietary diversity >=5/8 food groups (6-23 months), %",Layer 2: Underlying Determinants,2024,60.4901,,,Recent (≤5 years),0,Minimum Dietary Diversity,Diets & Care (IYCF)
SDGRC_ESCAP_ENEA,ESCAP_East and North-East Asia (ENEA),NT_CF_MMF,"Minimum meal frequency (6-23 months), %",Layer 2: Underlying Determinants,2024,72.3515,,,Recent (≤5 years),0,Minimum Meal Frequency,Diets & Care (IYCF)
SDGRC_ESCAP_EUROPE,ESCAP_Europe (Europe),IM_DTP3,"DTP3 immunisation coverage, % (proxy for health system reach)",Layer 2: Underlying Determinants,2024,92.0,,,Recent (≤5 years),0,DTP3 Immunisation,Services & Programme Coverage
SDGRC_ESCAP_LATIN_AMERICA,ESCAP_Latin America (LAC),IM_DTP3,"DTP3 immunisation coverage, % (proxy for health system reach)",Layer 2: Underlying Determinants,2024,82.0,,,Recent (≤5 years),0,DTP3 Immunisation,Services & Programme Coverage
SDGRC_ESCAP_LDC,ESCAP_LDC (LDC_E),IM_DTP3,"DTP3 immunisation coverage, % (proxy for health system reach)",Layer 2: Underlying Determinants,2024,84.0,,,Recent (≤5 years),0,DTP3 Immunisation,Services & Programme Coverage
SDGRC_ESCAP_LDC,ESCAP_LDC (LDC_E),MNCH_ANC4,"ANC 4+ visits coverage, %",Layer 2: Underlying Determinants,2024,53.1,,,Recent (≤5 years),0,ANC 4+ Visits,Services & Programme Coverage
SDGRC_ESCAP_LDC,ESCAP_LDC (LDC_E),MNCH_SAB,"Skilled birth attendance, %",Layer 2: Underlying Determinants,2024,76.9,,,Recent (≤5 years),0,Skilled Birth Attendance,Services & Programme Coverage
SDGRC_ESCAP_LDC,ESCAP_LDC (LDC_E),NT_BF_EIBF,"Early initiation of breastfeeding within 1 hour, %",Layer 2: Underlying Determinants,2024,42.466,,,Recent (≤5 years),0,Early Initiation of BF,Diets & Care (IYCF)
SDGRC_ESCAP_LDC,ESCAP_LDC (LDC_E),NT_BF_EXBF,"Exclusive breastfeeding <6 months, %",Layer 1: Nutrition Outcomes,2024,55.7958,,,Recent (≤5 years),0,Exclusive BF <6m,Diets & Care (IYCF)
SDGRC_ESCAP_LDC,ESCAP_LDC (LDC_E),NT_CF_MAD,"Minimum acceptable diet (6-23 months), %",Layer 2: Underlying Determinants,2024,26.0699,,,Recent (≤5 years),0,Minimum Acceptable Diet,Diets & Care (IYCF)
SDGRC_ESCAP_LDC,ESCAP_LDC (LDC_E),NT_CF_MDD,"Minimum dietary diversity >=5/8 food groups (6-23 months), %",Layer 2: Underlying Determinants,2024,33.9361,,,Recent (≤5 years),0,Minimum Dietary Diversity,Diets & Care (IYCF)
SDGRC_ESCAP_LDC,ESCAP_LDC (LDC_E),NT_CF_MMF,"Minimum meal frequency (6-23 months), %",Layer 2: Underlying Determinants,2024,60.1283,,,Recent (≤5 years),0,Minimum Meal Frequency,Diets & Care (IYCF)
SDGRC_ESCAP_LLDC,ESCAP_LLDC (LLDC_E),IM_DTP3,"DTP3 immunisation coverage, % (proxy for health system reach)",Layer 2: Underlying Determinants,2024,80.0,,,Recent (≤5 years),0,DTP3 Immunisation,Services & Programme Coverage
SDGRC_ESCAP_LLDC,ESCAP_LLDC (LLDC_E),MNCH_ANC4,"ANC 4+ visits coverage, %",Layer 2: Underlying Determinants,2024,68.3,,,Recent (≤5 years),0,ANC 4+ Visits,Services & Programme Coverage
SDGRC_ESCAP_LLDC,ESCAP_LLDC (LLDC_E),MNCH_SAB,"Skilled birth attendance, %",Layer 2: Underlying Determinants,2024,87.4,,,Recent (≤5 years),0,Skilled Birth Attendance,Services & Programme Coverage
SDGRC_ESCAP_LLDC,ESCAP_LLDC (LLDC_E),NT_BF_EIBF,"Early initiation of breastfeeding within 1 hour, %",Layer 2: Underlying Determinants,2024,48.5597,,,Recent (≤5 years),0,Early Initiation of BF,Diets & Care (IYCF)
SDGRC_ESCAP_LLDC,ESCAP_LLDC (LLDC_E),NT_BF_EXBF,"Exclusive breastfeeding <6 months, %",Layer 1: Nutrition Outcomes,2024,48.3561,,,Recent (≤5 years),0,Exclusive BF <6m,Diets & Care (IYCF)
SDGRC_ESCAP_LLDC,ESCAP_LLDC (LLDC_E),NT_CF_MAD,"Minimum acceptable diet (6-23 months), %",Layer 2: Underlying Determinants,2024,26.1427,,,Recent (≤5 years),0,Minimum Acceptable Diet,Diets & Care (IYCF)
SDGRC_ESCAP_LLDC,ESCAP_LLDC (LLDC_E),NT_CF_MDD,"Minimum dietary diversity >=5/8 food groups (6-23 months), %",Layer 2: Underlying Determinants,2024,38.289,,,Recent (≤5 years),0,Minimum Dietary Diversity,Diets & Care (IYCF)
SDGRC_ESCAP_LLDC,ESCAP_LLDC (LLDC_E),NT_CF_MMF,"Minimum meal frequency (6-23 months), %",Layer 2: Underlying Determinants,2024,56.0794,,,Recent (≤5 years),0,Minimum Meal Frequency,Diets & Care (IYCF)
SDGRC_ESCAP_NCA,ESCAP_North and Central Asia (NCA),IM_DTP3,"DTP3 immunisation coverage, % (proxy for health system reach)",Layer 2: Underlying Determinants,2024,93.0,,,Recent (≤5 years),0,DTP3 Immunisation,Services & Programme Coverage
SDGRC_ESCAP_NCA,ESCAP_North and Central Asia (NCA),MNCH_ANC4,"ANC 4+ visits coverage, %",Layer 2: Underlying Determinants,2024,89.0,,,Recent (≤5 years),0,ANC 4+ Visits,Services & Programme Coverage
SDGRC_ESCAP_NCA,ESCAP_North and Central Asia (NCA),MNCH_SAB,"Skilled birth attendance, %",Layer 2: Underlying Determinants,2024,99.6,,,Recent (≤5 years),0,Skilled Birth Attendance,Services & Programme Coverage
SDGRC_ESCAP_NORTH_AMERICA,ESCAP_North America (NAM),IM_DTP3,"DTP3 immunisation coverage, % (proxy for health system reach)",Layer 2: Underlying Determinants,2024,94.0,,,Recent (≤5 years),0,DTP3 Immunisation,Services & Programme Coverage
SDGRC_ESCAP_OTHER_AREA,ESCAP_Other Area (OTH_REGION),IM_DTP3,"DTP3 immunisation coverage, % (proxy for health system reach)",Layer 2: Underlying Determinants,2024,75.0,,,Recent (≤5 years),0,DTP3 Immunisation,Services & Programme Coverage
SDGRC_ESCAP_OTHER_AREA,ESCAP_Other Area (OTH_REGION),MNCH_ANC4,"ANC 4+ visits coverage, %",Layer 2: Underlying Determinants,2024,63.3,,,Recent (≤5 years),0,ANC 4+ Visits,Services & Programme Coverage
SDGRC_ESCAP_OTHER_AREA,ESCAP_Other Area (OTH_REGION),MNCH_SAB,"Skilled birth attendance, %",Layer 2: Underlying Determinants,2024,89.0,,,Recent (≤5 years),0,Skilled Birth Attendance,Services & Programme Coverage
SDGRC_ESCAP_OTHER_AREA,ESCAP_Other Area (OTH_REGION),NT_CF_MDD,"Minimum dietary diversity >=5/8 food groups (6-23 months), %",Layer 2: Underlying Determinants,2024,33.2042,,,Recent (≤5 years),0,Minimum Dietary Diversity,Diets & Care (IYCF)
SDGRC_ESCAP_PACIFIC,ESCAP_PACIFIC (PAC),IM_DTP3,"DTP3 immunisation coverage, % (proxy for health system reach)",Layer 2: Underlying Determinants,2024,73.0,,,Recent (≤5 years),0,DTP3 Immunisation,Services & Programme Coverage
SDGRC_ESCAP_PACIFIC,ESCAP_PACIFIC (PAC),MNCH_ANC4,"ANC 4+ visits coverage, %",Layer 2: Underlying Determinants,2024,77.6,,,Recent (≤5 years),0,ANC 4+ Visits,Services & Programme Coverage
SDGRC_ESCAP_PACIFIC,ESCAP_PACIFIC (PAC),MNCH_SAB,"Skilled birth attendance, %",Layer 2: Underlying Determinants,2024,88.6,,,Recent (≤5 years),0,Skilled Birth Attendance,Services & Programme Coverage
SDGRC_ESCAP_PIDE,ESCAP_Pacific island developing economies (PIDE),IM_DTP3,"DTP3 immunisation coverage, % (proxy for health system reach)",Layer 2: Underlying Determinants,2024,51.0,,,Recent (≤5 years),0,DTP3 Immunisation,Services & Programme Coverage
SDGRC_ESCAP_PIDE,ESCAP_Pacific island developing economies (PIDE),MNCH_ANC4,"ANC 4+ visits coverage, %",Layer 2: Underlying Determinants,2024,60.6,,,Recent (≤5 years),0,ANC 4+ Visits,Services & Programme Coverage
SDGRC_ESCAP_PIDE,ESCAP_Pacific island developing economies (PIDE),MNCH_SAB,"Skilled birth attendance, %",Layer 2: Underlying Determinants,2024,77.4,,,Recent (≤5 years),0,Skilled Birth Attendance,Services & Programme Coverage
SDGRC_ESCAP_SAARC,ESCAP_SAARC (SAARC),IM_DTP3,"DTP3 immunisation coverage, % (proxy for health system reach)",Layer 2: Underlying Determinants,2024,92.0,,,Recent (≤5 years),0,DTP3 Immunisation,Services & Programme Coverage
SDGRC_ESCAP_SAARC,ESCAP_SAARC (SAARC),MNCH_ANC4,"ANC 4+ visits coverage, %",Layer 2: Underlying Determinants,2024,62.8,,,Recent (≤5 years),0,ANC 4+ Visits,Services & Programme Coverage
SDGRC_ESCAP_SAARC,ESCAP_SAARC (SAARC),MNCH_SAB,"Skilled birth attendance, %",Layer 2: Underlying Determinants,2024,87.8,,,Recent (≤5 years),0,Skilled Birth Attendance,Services & Programme Coverage
SDGRC_ESCAP_SAARC,ESCAP_SAARC (SAARC),NT_BF_EIBF,"Early initiation of breastfeeding within 1 hour, %",Layer 2: Underlying Determinants,2024,37.7055,,,Recent (≤5 years),0,Early Initiation of BF,Diets & Care (IYCF)
SDGRC_ESCAP_SAARC,ESCAP_SAARC (SAARC),NT_BF_EXBF,"Exclusive breastfeeding <6 months, %",Layer 1: Nutrition Outcomes,2024,59.5299,,,Recent (≤5 years),0,Exclusive BF <6m,Diets & Care (IYCF)
SDGRC_ESCAP_SAARC,ESCAP_SAARC (SAARC),NT_CF_MAD,"Minimum acceptable diet (6-23 months), %",Layer 2: Underlying Determinants,2024,13.56,,,Recent (≤5 years),0,Minimum Acceptable Diet,Diets & Care (IYCF)
SDGRC_ESCAP_SAARC,ESCAP_SAARC (SAARC),NT_CF_MDD,"Minimum dietary diversity >=5/8 food groups (6-23 months), %",Layer 2: Underlying Determinants,2024,23.3948,,,Recent (≤5 years),0,Minimum Dietary Diversity,Diets & Care (IYCF)
SDGRC_ESCAP_SAARC,ESCAP_SAARC (SAARC),NT_CF_MMF,"Minimum meal frequency (6-23 months), %",Layer 2: Underlying Determinants,2024,43.2573,,,Recent (≤5 years),0,Minimum Meal Frequency,Diets & Care (IYCF)
SDGRC_ESCAP_SEA,ESCAP_South-East Asia (SEA),IM_DTP3,"DTP3 immunisation coverage, % (proxy for health system reach)",Layer 2: Underlying Determinants,2024,80.0,,,Recent (≤5 years),0,DTP3 Immunisation,Services & Programme Coverage
SDGRC_ESCAP_SEA,ESCAP_South-East Asia (SEA),MNCH_ANC4,"ANC 4+ visits coverage, %",Layer 2: Underlying Determinants,2024,80.5,,,Recent (≤5 years),0,ANC 4+ Visits,Services & Programme Coverage
SDGRC_ESCAP_SEA,ESCAP_South-East Asia (SEA),MNCH_SAB,"Skilled birth attendance, %",Layer 2: Underlying Determinants,2024,94.1,,,Recent (≤5 years),0,Skilled Birth Attendance,Services & Programme Coverage
SDGRC_ESCAP_SEA,ESCAP_South-East Asia (SEA),NT_BF_EIBF,"Early initiation of breastfeeding within 1 hour, %",Layer 2: Underlying Determinants,2024,50.3334,,,Recent (≤5 years),0,Early Initiation of BF,Diets & Care (IYCF)
SDGRC_ESCAP_SEA,ESCAP_South-East Asia (SEA),NT_CF_MDD,"Minimum dietary diversity >=5/8 food groups (6-23 months), %",Layer 2: Underlying Determinants,2024,50.7002,,,Recent (≤5 years),0,Minimum Dietary Diversity,Diets & Care (IYCF)
SDGRC_ESCAP_SIDS,ESCAP_Small Islands Developing States,IM_DTP3,"DTP3 immunisation coverage, % (proxy for health system reach)",Layer 2: Underlying Determinants,2024,60.0,,,Recent (≤5 years),0,DTP3 Immunisation,Services & Programme Coverage
SDGRC_ESCAP_SIDS,ESCAP_Small Islands Developing States,MNCH_ANC4,"ANC 4+ visits coverage, %",Layer 2: Underlying Determinants,2024,62.8,,,Recent (≤5 years),0,ANC 4+ Visits,Services & Programme Coverage
SDGRC_ESCAP_SIDS,ESCAP_Small Islands Developing States,MNCH_SAB,"Skilled birth attendance, %",Layer 2: Underlying Determinants,2024,79.9,,,Recent (≤5 years),0,Skilled Birth Attendance,Services & Programme Coverage
SDGRC_ESCAP_SSWA,ESCAP_South and South-West Asia (SSWA),IM_DTP3,"DTP3 immunisation coverage, % (proxy for health system reach)",Layer 2: Underlying Determinants,2024,92.0,,,Recent (≤5 years),0,DTP3 Immunisation,Services & Programme Coverage
SDGRC_ESCAP_SSWA,ESCAP_South and South-West Asia (SSWA),MNCH_ANC4,"ANC 4+ visits coverage, %",Layer 2: Underlying Determinants,2024,64.6,,,Recent (≤5 years),0,ANC 4+ Visits,Services & Programme Coverage
SDGRC_ESCAP_SSWA,ESCAP_South and South-West Asia (SSWA),MNCH_SAB,"Skilled birth attendance, %",Layer 2: Underlying Determinants,2024,88.4,,,Recent (≤5 years),0,Skilled Birth Attendance,Services & Programme Coverage
SDGRC_ESCAP_SSWA,ESCAP_South and South-West Asia (SSWA),NT_BF_EIBF,"Early initiation of breastfeeding within 1 hour, %",Layer 2: Underlying Determinants,2024,38.6688,,,Recent (≤5 years),0,Early Initiation of BF,Diets & Care (IYCF)
SDGRC_ESCAP_SSWA,ESCAP_South and South-West Asia (SSWA),NT_BF_EXBF,"Exclusive breastfeeding <6 months, %",Layer 1: Nutrition Outcomes,2024,58.9762,,,Recent (≤5 years),0,Exclusive BF <6m,Diets & Care (IYCF)
SDGRC_ESCAP_SSWA,ESCAP_South and South-West Asia (SSWA),NT_CF_MAD,"Minimum acceptable diet (6-23 months), %",Layer 2: Underlying Determinants,2024,13.56,,,Recent (≤5 years),0,Minimum Acceptable Diet,Diets & Care (IYCF)
SDGRC_ESCAP_SSWA,ESCAP_South and South-West Asia (SSWA),NT_CF_MDD,"Minimum dietary diversity >=5/8 food groups (6-23 months), %",Layer 2: Underlying Determinants,2024,23.3948,,,Recent (≤5 years),0,Minimum Dietary Diversity,Diets & Care (IYCF)
SDGRC_ESCAP_SSWA,ESCAP_South and South-West Asia (SSWA),NT_CF_MMF,"Minimum meal frequency (6-23 months), %",Layer 2: Underlying Determinants,2024,43.2573,,,Recent (≤5 years),0,Minimum Meal Frequency,Diets & Care (IYCF)
SDGRC_ESCAP_WB_HIGH,ESCAP_WB High Income Economies,IM_DTP3,"DTP3 immunisation coverage, % (proxy for health system reach)",Layer 2: Underlying Determinants,2024,97.0,,,Recent (≤5 years),0,DTP3 Immunisation,Services & Programme Coverage
SDGRC_ESCAP_WB_HIGH,ESCAP_WB High Income Economies,MNCH_SAB,"Skilled birth attendance, %",Layer 2: Underlying Determinants,2024,99.6,,,Recent (≤5 years),0,Skilled Birth Attendance,Services & Programme Coverage
SDGRC_ESCAP_WB_LOW,ESCAP_WB Low Income Economies,IM_DTP3,"DTP3 immunisation coverage, % (proxy for health system reach)",Layer 2: Underlying Determinants,2024,67.0,,,Recent (≤5 years),0,DTP3 Immunisation,Services & Programme Coverage
SDGRC_ESCAP_WB_LOW,ESCAP_WB Low Income Economies,MNCH_ANC4,"ANC 4+ visits coverage, %",Layer 2: Underlying Determinants,2024,44.0,,,Recent (≤5 years),0,ANC 4+ Visits,Services & Programme Coverage
SDGRC_ESCAP_WB_LOW,ESCAP_WB Low Income Economies,MNCH_SAB,"Skilled birth attendance, %",Layer 2: Underlying Determinants,2024,77.0,,,Recent (≤5 years),0,Skilled Birth Attendance,Services & Programme Coverage
SDGRC_ESCAP_WB_LOW,ESCAP_WB Low Income Economies,NT_BF_EIBF,"Early initiation of breastfeeding within 1 hour, %",Layer 2: Underlying Determinants,2024,47.7,,,Recent (≤5 years),0,Early Initiation of BF,Diets & Care (IYCF)
SDGRC_ESCAP_WB_LOW,ESCAP_WB Low Income Economies,NT_BF_EXBF,"Exclusive breastfeeding <6 months, %",Layer 1: Nutrition Outcomes,2024,63.3,,,Recent (≤5 years),0,Exclusive BF <6m,Diets & Care (IYCF)
SDGRC_ESCAP_WB_LOW,ESCAP_WB Low Income Economies,NT_CF_MAD,"Minimum acceptable diet (6-23 months), %",Layer 2: Underlying Determinants,2024,6.8,,,Recent (≤5 years),0,Minimum Acceptable Diet,Diets & Care (IYCF)
SDGRC_ESCAP_WB_LOW,ESCAP_WB Low Income Economies,NT_CF_MDD,"Minimum dietary diversity >=5/8 food groups (6-23 months), %",Layer 2: Underlying Determinants,2024,14.8,,,Recent (≤5 years),0,Minimum Dietary Diversity,Diets & Care (IYCF)
SDGRC_ESCAP_WB_LOW,ESCAP_WB Low Income Economies,NT_CF_MMF,"Minimum meal frequency (6-23 months), %",Layer 2: Underlying Determinants,2024,33.6,,,Recent (≤5 years),0,Minimum Meal Frequency,Diets & Care (IYCF)
SDGRC_ESCAP_WB_LOWER_MID,ESCAP_WB Lower Middle Income Economies,IM_DTP3,"DTP3 immunisation coverage, % (proxy for health system reach)",Layer 2: Underlying Determinants,2024,91.0,,,Recent (≤5 years),0,DTP3 Immunisation,Services & Programme Coverage
SDGRC_ESCAP_WB_LOWER_MID,ESCAP_WB Lower Middle Income Economies,MNCH_ANC4,"ANC 4+ visits coverage, %",Layer 2: Underlying Determinants,2024,67.2,,,Recent (≤5 years),0,ANC 4+ Visits,Services & Programme Coverage
SDGRC_ESCAP_WB_LOWER_MID,ESCAP_WB Lower Middle Income Economies,MNCH_SAB,"Skilled birth attendance, %",Layer 2: Underlying Determinants,2024,89.0,,,Recent (≤5 years),0,Skilled Birth Attendance,Services & Programme Coverage
SDGRC_ESCAP_WB_LOWER_MID,ESCAP_WB Lower Middle Income Economies,NT_BF_EIBF,"Early initiation of breastfeeding within 1 hour, %",Layer 2: Underlying Determinants,2024,38.0113,,,Recent (≤5 years),0,Early Initiation of BF,Diets & Care (IYCF)
SDGRC_ESCAP_WB_LOWER_MID,ESCAP_WB Lower Middle Income Economies,NT_BF_EXBF,"Exclusive breastfeeding <6 months, %",Layer 1: Nutrition Outcomes,2024,56.8814,,,Recent (≤5 years),0,Exclusive BF <6m,Diets & Care (IYCF)
SDGRC_ESCAP_WB_LOWER_MID,ESCAP_WB Lower Middle Income Economies,NT_CF_MAD,"Minimum acceptable diet (6-23 months), %",Layer 2: Underlying Determinants,2024,17.0802,,,Recent (≤5 years),0,Minimum Acceptable Diet,Diets & Care (IYCF)
SDGRC_ESCAP_WB_LOWER_MID,ESCAP_WB Lower Middle Income Economies,NT_CF_MDD,"Minimum dietary diversity >=5/8 food groups (6-23 months), %",Layer 2: Underlying Determinants,2024,27.2929,,,Recent (≤5 years),0,Minimum Dietary Diversity,Diets & Care (IYCF)
SDGRC_ESCAP_WB_LOWER_MID,ESCAP_WB Lower Middle Income Economies,NT_CF_MMF,"Minimum meal frequency (6-23 months), %",Layer 2: Underlying Determinants,2024,47.292,,,Recent (≤5 years),0,Minimum Meal Frequency,Diets & Care (IYCF)
SDGRC_ESCAP_WB_UPPER_MID,ESCAP_WB Upper Middle Income Economies,IM_DTP3,"DTP3 immunisation coverage, % (proxy for health system reach)",Layer 2: Underlying Determinants,2024,92.0,,,Recent (≤5 years),0,DTP3 Immunisation,Services & Programme Coverage
SDGRC_ESCAP_WB_UPPER_MID,ESCAP_WB Upper Middle Income Economies,MNCH_ANC4,"ANC 4+ visits coverage, %",Layer 2: Underlying Determinants,2024,88.5,,,Recent (≤5 years),0,ANC 4+ Visits,Services & Programme Coverage
SDGRC_ESCAP_WB_UPPER_MID,ESCAP_WB Upper Middle Income Economies,MNCH_SAB,"Skilled birth attendance, %",Layer 2: Underlying Determinants,2024,98.8,,,Recent (≤5 years),0,Skilled Birth Attendance,Services & Programme Coverage
SDGRC_ESCAP_WB_UPPER_MID,ESCAP_WB Upper Middle Income Economies,NT_BF_EXBF,"Exclusive breastfeeding <6 months, %",Layer 1: Nutrition Outcomes,2024,35.4679,,,Recent (≤5 years),0,Exclusive BF <6m,Diets & Care (IYCF)
SDGRC_ESCAP_WB_UPPER_MID,ESCAP_WB Upper Middle Income Economies,NT_CF_MAD,"Minimum acceptable diet (6-23 months), %",Layer 2: Underlying Determinants,2024,44.432,,,Recent (≤5 years),0,Minimum Acceptable Diet,Diets & Care (IYCF)
SDGRC_ESCAP_WB_UPPER_MID,ESCAP_WB Upper Middle Income Economies,NT_CF_MDD,"Minimum dietary diversity >=5/8 food groups (6-23 months), %",Layer 2: Underlying Determinants,2024,57.3672,,,Recent (≤5 years),0,Minimum Dietary Diversity,Diets & Care (IYCF)
SDGRC_ESCAP_WB_UPPER_MID,ESCAP_WB Upper Middle Income Economies,NT_CF_MMF,"Minimum meal frequency (6-23 months), %",Layer 2: Underlying Determinants,2024,73.0827,,,Recent (≤5 years),0,Minimum Meal Frequency,Diets & Care (IYCF)
SDGRC_ESCWA_ARAB_HIGH,ESCWA_Arab High-Income Countries (HICs),IM_DTP3,"DTP3 immunisation coverage, % (proxy for health system reach)",Layer 2: Underlying Determinants,2024,97.0,,,Recent (≤5 years),0,DTP3 Immunisation,Services & Programme Coverage
SDGRC_ESCWA_ARAB_HIGH,ESCWA_Arab High-Income Countries (HICs),MNCH_ANC4,"ANC 4+ visits coverage, %",Layer 2: Underlying Determinants,2024,86.5,,,Recent (≤5 years),0,ANC 4+ Visits,Services & Programme Coverage
SDGRC_ESCWA_ARAB_HIGH,ESCWA_Arab High-Income Countries (HICs),MNCH_SAB,"Skilled birth attendance, %",Layer 2: Underlying Determinants,2024,99.7,,,Recent (≤5 years),0,Skilled Birth Attendance,Services & Programme Coverage
SDGRC_ESCWA_ARAB_LOW,(SDGRC) ESCWA_Arab Low-Income Countries (LICs),IM_DTP3,"DTP3 immunisation coverage, % (proxy for health system reach)",Layer 2: Underlying Determinants,2024,50.0,,,Recent (≤5 years),0,DTP3 Immunisation,Services & Programme Coverage
SDGRC_ESCWA_ARAB_LOW,(SDGRC) ESCWA_Arab Low-Income Countries (LICs),MNCH_ANC4,"ANC 4+ visits coverage, %",Layer 2: Underlying Determinants,2024,35.8,,,Recent (≤5 years),0,ANC 4+ Visits,Services & Programme Coverage
SDGRC_ESCWA_ARAB_LOW,(SDGRC) ESCWA_Arab Low-Income Countries (LICs),MNCH_SAB,"Skilled birth attendance, %",Layer 2: Underlying Determinants,2024,76.0,,,Recent (≤5 years),0,Skilled Birth Attendance,Services & Programme Coverage
SDGRC_ESCWA_ARAB_LOW,(SDGRC) ESCWA_Arab Low-Income Countries (LICs),NT_CF_MDD,"Minimum dietary diversity >=5/8 food groups (6-23 months), %",Layer 2: Underlying Determinants,2024,20.9379,,,Recent (≤5 years),0,Minimum Dietary Diversity,Diets & Care (IYCF)
SDGRC_ESCWA_ARAB_MID,(SDGRC) ESCWA_Arab Middle-Income Countries (MICs),IM_DTP3,"DTP3 immunisation coverage, % (proxy for health system reach)",Layer 2: Underlying Determinants,2024,93.0,,,Recent (≤5 years),0,DTP3 Immunisation,Services & Programme Coverage
SDGRC_ESCWA_ARAB_MID,(SDGRC) ESCWA_Arab Middle-Income Countries (MICs),MNCH_ANC4,"ANC 4+ visits coverage, %",Layer 2: Underlying Determinants,2024,81.8,,,Recent (≤5 years),0,ANC 4+ Visits,Services & Programme Coverage
SDGRC_ESCWA_ARAB_MID,(SDGRC) ESCWA_Arab Middle-Income Countries (MICs),MNCH_SAB,"Skilled birth attendance, %",Layer 2: Underlying Determinants,2024,96.6,,,Recent (≤5 years),0,Skilled Birth Attendance,Services & Programme Coverage
SDGRC_ESCWA_ARAB_MID,(SDGRC) ESCWA_Arab Middle-Income Countries (MICs),NT_BF_EIBF,"Early initiation of breastfeeding within 1 hour, %",Layer 2: Underlying Determinants,2024,34.1704,,,Recent (≤5 years),0,Early Initiation of BF,Diets & Care (IYCF)
SDGRC_ESCWA_ARAB_MID,(SDGRC) ESCWA_Arab Middle-Income Countries (MICs),NT_BF_EXBF,"Exclusive breastfeeding <6 months, %",Layer 1: Nutrition Outcomes,2024,33.2876,,,Recent (≤5 years),0,Exclusive BF <6m,Diets & Care (IYCF)
SDGRC_ESCWA_ARAB_MID,(SDGRC) ESCWA_Arab Middle-Income Countries (MICs),NT_CF_MAD,"Minimum acceptable diet (6-23 months), %",Layer 2: Underlying Determinants,2024,27.0517,,,Recent (≤5 years),0,Minimum Acceptable Diet,Diets & Care (IYCF)
SDGRC_ESCWA_ARAB_MID,(SDGRC) ESCWA_Arab Middle-Income Countries (MICs),NT_CF_MDD,"Minimum dietary diversity >=5/8 food groups (6-23 months), %",Layer 2: Underlying Determinants,2024,41.6224,,,Recent (≤5 years),0,Minimum Dietary Diversity,Diets & Care (IYCF)
SDGRC_ESCWA_ARAB_MID,(SDGRC) ESCWA_Arab Middle-Income Countries (MICs),NT_CF_MMF,"Minimum meal frequency (6-23 months), %",Layer 2: Underlying Determinants,2024,58.134,,,Recent (≤5 years),0,Minimum Meal Frequency,Diets & Care (IYCF)
SDGRC_ESCWA_CONFLICT,(SDGRC) ESCWA_Countries in conflict,IM_DTP3,"DTP3 immunisation coverage, % (proxy for health system reach)",Layer 2: Underlying Determinants,2024,60.0,,,Recent (≤5 years),0,DTP3 Immunisation,Services & Programme Coverage
SDGRC_ESCWA_CONFLICT,(SDGRC) ESCWA_Countries in conflict,MNCH_ANC4,"ANC 4+ visits coverage, %",Layer 2: Underlying Determinants,2024,46.2,,,Recent (≤5 years),0,ANC 4+ Visits,Services & Programme Coverage
SDGRC_ESCWA_CONFLICT,(SDGRC) ESCWA_Countries in conflict,MNCH_SAB,"Skilled birth attendance, %",Layer 2: Underlying Determinants,2024,81.1,,,Recent (≤5 years),0,Skilled Birth Attendance,Services & Programme Coverage
SDGRC_ESCWA_CONFLICT,(SDGRC) ESCWA_Countries in conflict,NT_CF_MDD,"Minimum dietary diversity >=5/8 food groups (6-23 months), %",Layer 2: Underlying Determinants,2024,28.7583,,,Recent (≤5 years),0,Minimum Dietary Diversity,Diets & Care (IYCF)
SDGRC_ESCWA_GCC,ESCWA_Gulf Cooperation Council (GCC),IM_DTP3,"DTP3 immunisation coverage, % (proxy for health system reach)",Layer 2: Underlying Determinants,2024,97.0,,,Recent (≤5 years),0,DTP3 Immunisation,Services & Programme Coverage
SDGRC_ESCWA_GCC,ESCWA_Gulf Cooperation Council (GCC),MNCH_ANC4,"ANC 4+ visits coverage, %",Layer 2: Underlying Determinants,2024,86.5,,,Recent (≤5 years),0,ANC 4+ Visits,Services & Programme Coverage
SDGRC_ESCWA_GCC,ESCWA_Gulf Cooperation Council (GCC),MNCH_SAB,"Skilled birth attendance, %",Layer 2: Underlying Determinants,2024,99.7,,,Recent (≤5 years),0,Skilled Birth Attendance,Services & Programme Coverage
SDGRC_ESCWA_LDC,(SDGRC) ESCWA_Arab LDCs subregion,IM_DTP3,"DTP3 immunisation coverage, % (proxy for health system reach)",Layer 2: Underlying Determinants,2024,49.0,,,Recent (≤5 years),0,DTP3 Immunisation,Services & Programme Coverage
SDGRC_ESCWA_LDC,(SDGRC) ESCWA_Arab LDCs subregion,MNCH_ANC4,"ANC 4+ visits coverage, %",Layer 2: Underlying Determinants,2024,33.1,,,Recent (≤5 years),0,ANC 4+ Visits,Services & Programme Coverage
SDGRC_ESCWA_LDC,(SDGRC) ESCWA_Arab LDCs subregion,MNCH_SAB,"Skilled birth attendance, %",Layer 2: Underlying Determinants,2024,73.0,,,Recent (≤5 years),0,Skilled Birth Attendance,Services & Programme Coverage
SDGRC_ESCWA_LDC,(SDGRC) ESCWA_Arab LDCs subregion,NT_CF_MDD,"Minimum dietary diversity >=5/8 food groups (6-23 months), %",Layer 2: Underlying Determinants,2024,19.4523,,,Recent (≤5 years),0,Minimum Dietary Diversity,Diets & Care (IYCF)
SDGRC_ESCWA_MAGHREB,(SDGRC) ESCWA_Maghreb subregion,IM_DTP3,"DTP3 immunisation coverage, % (proxy for health system reach)",Layer 2: Underlying Determinants,2024,93.0,,,Recent (≤5 years),0,DTP3 Immunisation,Services & Programme Coverage
SDGRC_ESCWA_MAGHREB,(SDGRC) ESCWA_Maghreb subregion,MNCH_ANC4,"ANC 4+ visits coverage, %",Layer 2: Underlying Determinants,2024,74.8,,,Recent (≤5 years),0,ANC 4+ Visits,Services & Programme Coverage
SDGRC_ESCWA_MAGHREB,(SDGRC) ESCWA_Maghreb subregion,MNCH_SAB,"Skilled birth attendance, %",Layer 2: Underlying Determinants,2024,96.9,,,Recent (≤5 years),0,Skilled Birth Attendance,Services & Programme Coverage
SDGRC_ESCWA_MAGHREB,(SDGRC) ESCWA_Maghreb subregion,NT_BF_EIBF,"Early initiation of breastfeeding within 1 hour, %",Layer 2: Underlying Determinants,2024,32.9511,,,Recent (≤5 years),0,Early Initiation of BF,Diets & Care (IYCF)
SDGRC_ESCWA_MAGHREB,(SDGRC) ESCWA_Maghreb subregion,NT_BF_EXBF,"Exclusive breastfeeding <6 months, %",Layer 1: Nutrition Outcomes,2024,26.8998,,,Recent (≤5 years),0,Exclusive BF <6m,Diets & Care (IYCF)
SDGRC_ESCWA_MAGHREB,(SDGRC) ESCWA_Maghreb subregion,NT_CF_MAD,"Minimum acceptable diet (6-23 months), %",Layer 2: Underlying Determinants,2024,23.7981,,,Recent (≤5 years),0,Minimum Acceptable Diet,Diets & Care (IYCF)
SDGRC_ESCWA_MAGHREB,(SDGRC) ESCWA_Maghreb subregion,NT_CF_MDD,"Minimum dietary diversity >=5/8 food groups (6-23 months), %",Layer 2: Underlying Determinants,2024,43.2291,,,Recent (≤5 years),0,Minimum Dietary Diversity,Diets & Care (IYCF)
SDGRC_ESCWA_MAGHREB,(SDGRC) ESCWA_Maghreb subregion,NT_CF_MMF,"Minimum meal frequency (6-23 months), %",Layer 2: Underlying Determinants,2024,50.3528,,,Recent (≤5 years),0,Minimum Meal Frequency,Diets & Care (IYCF)
SDGRC_ESCWA_MASHREQ,(SDGRC) ESCWA_Mashreq subregion,IM_DTP3,"DTP3 immunisation coverage, % (proxy for health system reach)",Layer 2: Underlying Determinants,2024,91.0,,,Recent (≤5 years),0,DTP3 Immunisation,Services & Programme Coverage
SDGRC_ESCWA_MASHREQ,(SDGRC) ESCWA_Mashreq subregion,MNCH_ANC4,"ANC 4+ visits coverage, %",Layer 2: Underlying Determinants,2024,83.5,,,Recent (≤5 years),0,ANC 4+ Visits,Services & Programme Coverage
SDGRC_ESCWA_MASHREQ,(SDGRC) ESCWA_Mashreq subregion,MNCH_SAB,"Skilled birth attendance, %",Layer 2: Underlying Determinants,2024,97.5,,,Recent (≤5 years),0,Skilled Birth Attendance,Services & Programme Coverage
SDGRC_ESCWA_MASHREQ,(SDGRC) ESCWA_Mashreq subregion,NT_BF_EIBF,"Early initiation of breastfeeding within 1 hour, %",Layer 2: Underlying Determinants,2024,34.0035,,,Recent (≤5 years),0,Early Initiation of BF,Diets & Care (IYCF)
SDGRC_ESCWA_MASHREQ,(SDGRC) ESCWA_Mashreq subregion,NT_BF_EXBF,"Exclusive breastfeeding <6 months, %",Layer 1: Nutrition Outcomes,2024,33.9425,,,Recent (≤5 years),0,Exclusive BF <6m,Diets & Care (IYCF)
SDGRC_ESCWA_MASHREQ,(SDGRC) ESCWA_Mashreq subregion,NT_CF_MAD,"Minimum acceptable diet (6-23 months), %",Layer 2: Underlying Determinants,2024,28.7566,,,Recent (≤5 years),0,Minimum Acceptable Diet,Diets & Care (IYCF)
SDGRC_ESCWA_MASHREQ,(SDGRC) ESCWA_Mashreq subregion,NT_CF_MDD,"Minimum dietary diversity >=5/8 food groups (6-23 months), %",Layer 2: Underlying Determinants,2024,40.4462,,,Recent (≤5 years),0,Minimum Dietary Diversity,Diets & Care (IYCF)
SDGRC_ESCWA_MASHREQ,(SDGRC) ESCWA_Mashreq subregion,NT_CF_MMF,"Minimum meal frequency (6-23 months), %",Layer 2: Underlying Determinants,2024,61.781,,,Recent (≤5 years),0,Minimum Meal Frequency,Diets & Care (IYCF)
SDGRC_ESCWA_NOCONFLICT_MID,(SDGRC) ESCWA_Non-conflict middle income countries,IM_DTP3,"DTP3 immunisation coverage, % (proxy for health system reach)",Layer 2: Underlying Determinants,2024,95.0,,,Recent (≤5 years),0,DTP3 Immunisation,Services & Programme Coverage
SDGRC_ESCWA_NOCONFLICT_MID,(SDGRC) ESCWA_Non-conflict middle income countries,MNCH_ANC4,"ANC 4+ visits coverage, %",Layer 2: Underlying Determinants,2024,84.2,,,Recent (≤5 years),0,ANC 4+ Visits,Services & Programme Coverage
SDGRC_ESCWA_NOCONFLICT_MID,(SDGRC) ESCWA_Non-conflict middle income countries,MNCH_SAB,"Skilled birth attendance, %",Layer 2: Underlying Determinants,2024,97.3,,,Recent (≤5 years),0,Skilled Birth Attendance,Services & Programme Coverage
SDGRC_ESCWA_NOCONFLICT_MID,(SDGRC) ESCWA_Non-conflict middle income countries,NT_BF_EIBF,"Early initiation of breastfeeding within 1 hour, %",Layer 2: Underlying Determinants,2024,33.5993,,,Recent (≤5 years),0,Early Initiation of BF,Diets & Care (IYCF)
SDGRC_ESCWA_NOCONFLICT_MID,(SDGRC) ESCWA_Non-conflict middle income countries,NT_BF_EXBF,"Exclusive breastfeeding <6 months, %",Layer 1: Nutrition Outcomes,2024,35.0836,,,Recent (≤5 years),0,Exclusive BF <6m,Diets & Care (IYCF)
SDGRC_ESCWA_NOCONFLICT_MID,(SDGRC) ESCWA_Non-conflict middle income countries,NT_CF_MAD,"Minimum acceptable diet (6-23 months), %",Layer 2: Underlying Determinants,2024,25.5677,,,Recent (≤5 years),0,Minimum Acceptable Diet,Diets & Care (IYCF)
SDGRC_ESCWA_NOCONFLICT_MID,(SDGRC) ESCWA_Non-conflict middle income countries,NT_CF_MDD,"Minimum dietary diversity >=5/8 food groups (6-23 months), %",Layer 2: Underlying Determinants,2024,41.7255,,,Recent (≤5 years),0,Minimum Dietary Diversity,Diets & Care (IYCF)
SDGRC_ESCWA_NOCONFLICT_MID,(SDGRC) ESCWA_Non-conflict middle income countries,NT_CF_MMF,"Minimum meal frequency (6-23 months), %",Layer 2: Underlying Determinants,2024,54.2162,,,Recent (≤5 years),0,Minimum Meal Frequency,Diets & Care (IYCF)
SDN,Sudan,IM_DTP3,"DTP3 immunisation coverage, % (proxy for health system reach)",Layer 2: Underlying Determinants,2024,39.0,Middle East and North Africa,Low income,Recent (≤5 years),0,DTP3 Immunisation,Services & Programme Coverage
SDN,Sudan,MNCH_ANC4,"ANC 4+ visits coverage, %",Layer 2: Underlying Determinants,2014,50.7,Middle East and North Africa,Low income,Dated (6-10 years),10,ANC 4+ Visits,Services & Programme Coverage
SDN,Sudan,MNCH_SAB,"Skilled birth attendance, %",Layer 2: Underlying Determinants,2014,77.7,Middle East and North Africa,Low income,Dated (6-10 years),10,Skilled Birth Attendance,Services & Programme Coverage
SDN,Sudan,NT_BF_EIBF,"Early initiation of breastfeeding within 1 hour, %",Layer 2: Underlying Determinants,2014,68.7165,Middle East and North Africa,Low income,Dated (6-10 years),10,Early Initiation of BF,Diets & Care (IYCF)
SDN,Sudan,NT_BF_EXBF,"Exclusive breastfeeding <6 months, %",Layer 1: Nutrition Outcomes,2014,54.5954,Middle East and North Africa,Low income,Dated (6-10 years),10,Exclusive BF <6m,Diets & Care (IYCF)
SDN,Sudan,NT_CF_MAD,"Minimum acceptable diet (6-23 months), %",Layer 2: Underlying Determinants,2014,14.3023,Middle East and North Africa,Low income,Dated (6-10 years),10,Minimum Acceptable Diet,Diets & Care (IYCF)
SDN,Sudan,NT_CF_MDD,"Minimum dietary diversity >=5/8 food groups (6-23 months), %",Layer 2: Underlying Determinants,2014,23.9712,Middle East and North Africa,Low income,Dated (6-10 years),10,Minimum Dietary Diversity,Diets & Care (IYCF)
SDN,Sudan,NT_CF_MMF,"Minimum meal frequency (6-23 months), %",Layer 2: Underlying Determinants,2014,40.5447,Middle East and North Africa,Low income,Dated (6-10 years),10,Minimum Meal Frequency,Diets & Care (IYCF)
SEN,Senegal,IM_DTP3,"DTP3 immunisation coverage, % (proxy for health system reach)",Layer 2: Underlying Determinants,2024,91.0,Sub-Saharan Africa,Lower middle income,Recent (≤5 years),0,DTP3 Immunisation,Services & Programme Coverage
SEN,Senegal,MNCH_ANC4,"ANC 4+ visits coverage, %",Layer 2: Underlying Determinants,2023,70.8,Sub-Saharan Africa,Lower middle income,Recent (≤5 years),1,ANC 4+ Visits,Services & Programme Coverage
SEN,Senegal,MNCH_SAB,"Skilled birth attendance, %",Layer 2: Underlying Determinants,2023,95.5,Sub-Saharan Africa,Lower middle income,Recent (≤5 years),1,Skilled Birth Attendance,Services & Programme Coverage
SEN,Senegal,NT_BF_EIBF,"Early initiation of breastfeeding within 1 hour, %",Layer 2: Underlying Determinants,2023,38.1361,Sub-Saharan Africa,Lower middle income,Recent (≤5 years),1,Early Initiation of BF,Diets & Care (IYCF)
SEN,Senegal,NT_BF_EXBF,"Exclusive breastfeeding <6 months, %",Layer 1: Nutrition Outcomes,2023,34.4042,Sub-Saharan Africa,Lower middle income,Recent (≤5 years),1,Exclusive BF <6m,Diets & Care (IYCF)
SEN,Senegal,NT_CF_MAD,"Minimum acceptable diet (6-23 months), %",Layer 2: Underlying Determinants,2023,6.282,Sub-Saharan Africa,Lower middle income,Recent (≤5 years),1,Minimum Acceptable Diet,Diets & Care (IYCF)
SEN,Senegal,NT_CF_MDD,"Minimum dietary diversity >=5/8 food groups (6-23 months), %",Layer 2: Underlying Determinants,2023,26.5244,Sub-Saharan Africa,Lower middle income,Recent (≤5 years),1,Minimum Dietary Diversity,Diets & Care (IYCF)
SEN,Senegal,NT_CF_MMF,"Minimum meal frequency (6-23 months), %",Layer 2: Underlying Determinants,2023,22.8779,Sub-Saharan Africa,Lower middle income,Recent (≤5 years),1,Minimum Meal Frequency,Diets & Care (IYCF)
SGP,Singapore,IM_DTP3,"DTP3 immunisation coverage, % (proxy for health system reach)",Layer 2: Underlying Determinants,2024,97.0,East Asia and Pacific,High income,Recent (≤5 years),0,DTP3 Immunisation,Services & Programme Coverage
SGP,Singapore,MNCH_SAB,"Skilled birth attendance, %",Layer 2: Underlying Determinants,2024,99.5,East Asia and Pacific,High income,Recent (≤5 years),0,Skilled Birth Attendance,Services & Programme Coverage
SLB,Solomon Islands,IM_DTP3,"DTP3 immunisation coverage, % (proxy for health system reach)",Layer 2: Underlying Determinants,2024,87.0,East Asia and Pacific,Lower middle income,Recent (≤5 years),0,DTP3 Immunisation,Services & Programme Coverage
SLB,Solomon Islands,MNCH_ANC4,"ANC 4+ visits coverage, %",Layer 2: Underlying Determinants,2015,68.9,East Asia and Pacific,Lower middle income,Dated (6-10 years),9,ANC 4+ Visits,Services & Programme Coverage
SLB,Solomon Islands,MNCH_SAB,"Skilled birth attendance, %",Layer 2: Underlying Determinants,2015,86.2,East Asia and Pacific,Lower middle income,Dated (6-10 years),9,Skilled Birth Attendance,Services & Programme Coverage
SLB,Solomon Islands,NT_BF_EIBF,"Early initiation of breastfeeding within 1 hour, %",Layer 2: Underlying Determinants,2015,78.9,East Asia and Pacific,Lower middle income,Dated (6-10 years),9,Early Initiation of BF,Diets & Care (IYCF)
SLB,Solomon Islands,NT_BF_EXBF,"Exclusive breastfeeding <6 months, %",Layer 1: Nutrition Outcomes,2015,76.2,East Asia and Pacific,Lower middle income,Dated (6-10 years),9,Exclusive BF <6m,Diets & Care (IYCF)
SLE,Sierra Leone,IM_DTP3,"DTP3 immunisation coverage, % (proxy for health system reach)",Layer 2: Underlying Determinants,2024,91.0,Sub-Saharan Africa,Low income,Recent (≤5 years),0,DTP3 Immunisation,Services & Programme Coverage
SLE,Sierra Leone,MNCH_ANC4,"ANC 4+ visits coverage, %",Layer 2: Underlying Determinants,2019,78.8,Sub-Saharan Africa,Low income,Recent (≤5 years),5,ANC 4+ Visits,Services & Programme Coverage
SLE,Sierra Leone,MNCH_SAB,"Skilled birth attendance, %",Layer 2: Underlying Determinants,2019,86.9,Sub-Saharan Africa,Low income,Recent (≤5 years),5,Skilled Birth Attendance,Services & Programme Coverage
SLE,Sierra Leone,NT_BF_EIBF,"Early initiation of breastfeeding within 1 hour, %",Layer 2: Underlying Determinants,2021,88.3667,Sub-Saharan Africa,Low income,Recent (≤5 years),3,Early Initiation of BF,Diets & Care (IYCF)
SLE,Sierra Leone,NT_BF_EXBF,"Exclusive breastfeeding <6 months, %",Layer 1: Nutrition Outcomes,2021,50.8875,Sub-Saharan Africa,Low income,Recent (≤5 years),3,Exclusive BF <6m,Diets & Care (IYCF)
SLE,Sierra Leone,NT_CF_MAD,"Minimum acceptable diet (6-23 months), %",Layer 2: Underlying Determinants,2019,9.0157,Sub-Saharan Africa,Low income,Recent (≤5 years),5,Minimum Acceptable Diet,Diets & Care (IYCF)
SLE,Sierra Leone,NT_CF_MDD,"Minimum dietary diversity >=5/8 food groups (6-23 months), %",Layer 2: Underlying Determinants,2021,24.3528,Sub-Saharan Africa,Low income,Recent (≤5 years),3,Minimum Dietary Diversity,Diets & Care (IYCF)
SLE,Sierra Leone,NT_CF_MMF,"Minimum meal frequency (6-23 months), %",Layer 2: Underlying Determinants,2019,31.9669,Sub-Saharan Africa,Low income,Recent (≤5 years),5,Minimum Meal Frequency,Diets & Care (IYCF)
SLV,El Salvador,IM_DTP3,"DTP3 immunisation coverage, % (proxy for health system reach)",Layer 2: Underlying Determinants,2024,95.0,Latin America and Caribbean,Lower middle income,Recent (≤5 years),0,DTP3 Immunisation,Services & Programme Coverage
SLV,El Salvador,MNCH_ANC4,"ANC 4+ visits coverage, %",Layer 2: Underlying Determinants,2014,90.1,Latin America and Caribbean,Lower middle income,Dated (6-10 years),10,ANC 4+ Visits,Services & Programme Coverage
SLV,El Salvador,MNCH_SAB,"Skilled birth attendance, %",Layer 2: Underlying Determinants,2021,98.1,Latin America and Caribbean,Lower middle income,Recent (≤5 years),3,Skilled Birth Attendance,Services & Programme Coverage
SLV,El Salvador,NT_BF_EIBF,"Early initiation of breastfeeding within 1 hour, %",Layer 2: Underlying Determinants,2021,34.4,Latin America and Caribbean,Lower middle income,Recent (≤5 years),3,Early Initiation of BF,Diets & Care (IYCF)
SLV,El Salvador,NT_BF_EXBF,"Exclusive breastfeeding <6 months, %",Layer 1: Nutrition Outcomes,2021,45.3,Latin America and Caribbean,Lower middle income,Recent (≤5 years),3,Exclusive BF <6m,Diets & Care (IYCF)
SLV,El Salvador,NT_CF_MAD,"Minimum acceptable diet (6-23 months), %",Layer 2: Underlying Determinants,2014,64.4565,Latin America and Caribbean,Lower middle income,Dated (6-10 years),10,Minimum Acceptable Diet,Diets & Care (IYCF)
SLV,El Salvador,NT_CF_MDD,"Minimum dietary diversity >=5/8 food groups (6-23 months), %",Layer 2: Underlying Determinants,2021,54.8,Latin America and Caribbean,Lower middle income,Recent (≤5 years),3,Minimum Dietary Diversity,Diets & Care (IYCF)
SLV,El Salvador,NT_CF_MMF,"Minimum meal frequency (6-23 months), %",Layer 2: Underlying Determinants,2014,86.6365,Latin America and Caribbean,Lower middle income,Dated (6-10 years),10,Minimum Meal Frequency,Diets & Care (IYCF)
SMR,San Marino,IM_DTP3,"DTP3 immunisation coverage, % (proxy for health system reach)",Layer 2: Underlying Determinants,2024,88.0,,,Recent (≤5 years),0,DTP3 Immunisation,Services & Programme Coverage
SOM,Somalia,IM_DTP3,"DTP3 immunisation coverage, % (proxy for health system reach)",Layer 2: Underlying Determinants,2024,70.0,Sub-Saharan Africa,Low income,Recent (≤5 years),0,DTP3 Immunisation,Services & Programme Coverage
SOM,Somalia,MNCH_ANC4,"ANC 4+ visits coverage, %",Layer 2: Underlying Determinants,2019,24.4,Sub-Saharan Africa,Low income,Recent (≤5 years),5,ANC 4+ Visits,Services & Programme Coverage
SOM,Somalia,MNCH_SAB,"Skilled birth attendance, %",Layer 2: Underlying Determinants,2019,31.9,Sub-Saharan Africa,Low income,Recent (≤5 years),5,Skilled Birth Attendance,Services & Programme Coverage
SOM,Somalia,NT_BF_EIBF,"Early initiation of breastfeeding within 1 hour, %",Layer 2: Underlying Determinants,2018,60.2,Sub-Saharan Africa,Low income,Dated (6-10 years),6,Early Initiation of BF,Diets & Care (IYCF)
SOM,Somalia,NT_BF_EXBF,"Exclusive breastfeeding <6 months, %",Layer 1: Nutrition Outcomes,2018,33.7,Sub-Saharan Africa,Low income,Dated (6-10 years),6,Exclusive BF <6m,Diets & Care (IYCF)
SOM,Somalia,NT_CF_MDD,"Minimum dietary diversity >=5/8 food groups (6-23 months), %",Layer 2: Underlying Determinants,2018,12.9724,Sub-Saharan Africa,Low income,Dated (6-10 years),6,Minimum Dietary Diversity,Diets & Care (IYCF)
SRB,Serbia,IM_DTP3,"DTP3 immunisation coverage, % (proxy for health system reach)",Layer 2: Underlying Determinants,2024,95.0,Europe and Central Asia,Upper middle income,Recent (≤5 years),0,DTP3 Immunisation,Services & Programme Coverage
SRB,Serbia,MNCH_ANC4,"ANC 4+ visits coverage, %",Layer 2: Underlying Determinants,2019,96.6,Europe and Central Asia,Upper middle income,Recent (≤5 years),5,ANC 4+ Visits,Services & Programme Coverage
SRB,Serbia,MNCH_SAB,"Skilled birth attendance, %",Layer 2: Underlying Determinants,2023,99.8,Europe and Central Asia,Upper middle income,Recent (≤5 years),1,Skilled Birth Attendance,Services & Programme Coverage
SRB,Serbia,NT_BF_EIBF,"Early initiation of breastfeeding within 1 hour, %",Layer 2: Underlying Determinants,2019,7.7489,Europe and Central Asia,Upper middle income,Recent (≤5 years),5,Early Initiation of BF,Diets & Care (IYCF)
SRB,Serbia,NT_BF_EXBF,"Exclusive breastfeeding <6 months, %",Layer 1: Nutrition Outcomes,2019,23.6319,Europe and Central Asia,Upper middle income,Recent (≤5 years),5,Exclusive BF <6m,Diets & Care (IYCF)
SRB,Serbia,NT_CF_MAD,"Minimum acceptable diet (6-23 months), %",Layer 2: Underlying Determinants,2019,74.0437,Europe and Central Asia,Upper middle income,Recent (≤5 years),5,Minimum Acceptable Diet,Diets & Care (IYCF)
SRB,Serbia,NT_CF_MDD,"Minimum dietary diversity >=5/8 food groups (6-23 months), %",Layer 2: Underlying Determinants,2019,85.8848,Europe and Central Asia,Upper middle income,Recent (≤5 years),5,Minimum Dietary Diversity,Diets & Care (IYCF)
SRB,Serbia,NT_CF_MMF,"Minimum meal frequency (6-23 months), %",Layer 2: Underlying Determinants,2019,95.2135,Europe and Central Asia,Upper middle income,Recent (≤5 years),5,Minimum Meal Frequency,Diets & Care (IYCF)
SSD,South Sudan,IM_DTP3,"DTP3 immunisation coverage, % (proxy for health system reach)",Layer 2: Underlying Determinants,2024,73.0,Sub-Saharan Africa,Low income,Recent (≤5 years),0,DTP3 Immunisation,Services & Programme Coverage
SSD,South Sudan,MNCH_ANC4,"ANC 4+ visits coverage, %",Layer 2: Underlying Determinants,2023,31.0,Sub-Saharan Africa,Low income,Recent (≤5 years),1,ANC 4+ Visits,Services & Programme Coverage
SSD,South Sudan,MNCH_SAB,"Skilled birth attendance, %",Layer 2: Underlying Determinants,2020,39.7,Sub-Saharan Africa,Low income,Recent (≤5 years),4,Skilled Birth Attendance,Services & Programme Coverage
SSD,South Sudan,NT_BF_EIBF,"Early initiation of breastfeeding within 1 hour, %",Layer 2: Underlying Determinants,2010,50.4524,Sub-Saharan Africa,Low income,Outdated (>10 years),14,Early Initiation of BF,Diets & Care (IYCF)
SSD,South Sudan,NT_BF_EXBF,"Exclusive breastfeeding <6 months, %",Layer 1: Nutrition Outcomes,2010,44.5377,Sub-Saharan Africa,Low income,Outdated (>10 years),14,Exclusive BF <6m,Diets & Care (IYCF)
SSD,South Sudan,NT_CF_MMF,"Minimum meal frequency (6-23 months), %",Layer 2: Underlying Determinants,2010,10.0788,Sub-Saharan Africa,Low income,Outdated (>10 years),14,Minimum Meal Frequency,Diets & Care (IYCF)
STP,Sao Tome and Principe,IM_DTP3,"DTP3 immunisation coverage, % (proxy for health system reach)",Layer 2: Underlying Determinants,2024,87.0,Sub-Saharan Africa,Lower middle income,Recent (≤5 years),0,DTP3 Immunisation,Services & Programme Coverage
STP,Sao Tome and Principe,MNCH_ANC4,"ANC 4+ visits coverage, %",Layer 2: Underlying Determinants,2014,83.6,Sub-Saharan Africa,Lower middle income,Dated (6-10 years),10,ANC 4+ Visits,Services & Programme Coverage
STP,Sao Tome and Principe,MNCH_SAB,"Skilled birth attendance, %",Layer 2: Underlying Determinants,2019,96.8,Sub-Saharan Africa,Lower middle income,Recent (≤5 years),5,Skilled Birth Attendance,Services & Programme Coverage
STP,Sao Tome and Principe,NT_BF_EIBF,"Early initiation of breastfeeding within 1 hour, %",Layer 2: Underlying Determinants,2019,35.6649,Sub-Saharan Africa,Lower middle income,Recent (≤5 years),5,Early Initiation of BF,Diets & Care (IYCF)
STP,Sao Tome and Principe,NT_BF_EXBF,"Exclusive breastfeeding <6 months, %",Layer 1: Nutrition Outcomes,2019,63.0553,Sub-Saharan Africa,Lower middle income,Recent (≤5 years),5,Exclusive BF <6m,Diets & Care (IYCF)
STP,Sao Tome and Principe,NT_CF_MAD,"Minimum acceptable diet (6-23 months), %",Layer 2: Underlying Determinants,2014,21.9815,Sub-Saharan Africa,Lower middle income,Dated (6-10 years),10,Minimum Acceptable Diet,Diets & Care (IYCF)
STP,Sao Tome and Principe,NT_CF_MDD,"Minimum dietary diversity >=5/8 food groups (6-23 months), %",Layer 2: Underlying Determinants,2019,32.2684,Sub-Saharan Africa,Lower middle income,Recent (≤5 years),5,Minimum Dietary Diversity,Diets & Care (IYCF)
STP,Sao Tome and Principe,NT_CF_MMF,"Minimum meal frequency (6-23 months), %",Layer 2: Underlying Determinants,2014,57.6483,Sub-Saharan Africa,Lower middle income,Dated (6-10 years),10,Minimum Meal Frequency,Diets & Care (IYCF)
SUR,Suriname,IM_DTP3,"DTP3 immunisation coverage, % (proxy for health system reach)",Layer 2: Underlying Determinants,2024,69.0,Latin America and Caribbean,Upper middle income,Recent (≤5 years),0,DTP3 Immunisation,Services & Programme Coverage
SUR,Suriname,MNCH_ANC4,"ANC 4+ visits coverage, %",Layer 2: Underlying Determinants,2018,67.5,Latin America and Caribbean,Upper middle income,Dated (6-10 years),6,ANC 4+ Visits,Services & Programme Coverage
SUR,Suriname,MNCH_SAB,"Skilled birth attendance, %",Layer 2: Underlying Determinants,2021,100.0,Latin America and Caribbean,Upper middle income,Recent (≤5 years),3,Skilled Birth Attendance,Services & Programme Coverage
SUR,Suriname,NT_BF_EIBF,"Early initiation of breastfeeding within 1 hour, %",Layer 2: Underlying Determinants,2018,51.9009,Latin America and Caribbean,Upper middle income,Dated (6-10 years),6,Early Initiation of BF,Diets & Care (IYCF)
SUR,Suriname,NT_BF_EXBF,"Exclusive breastfeeding <6 months, %",Layer 1: Nutrition Outcomes,2018,8.9162,Latin America and Caribbean,Upper middle income,Dated (6-10 years),6,Exclusive BF <6m,Diets & Care (IYCF)
SUR,Suriname,NT_CF_MAD,"Minimum acceptable diet (6-23 months), %",Layer 2: Underlying Determinants,2018,15.5127,Latin America and Caribbean,Upper middle income,Dated (6-10 years),6,Minimum Acceptable Diet,Diets & Care (IYCF)
SUR,Suriname,NT_CF_MDD,"Minimum dietary diversity >=5/8 food groups (6-23 months), %",Layer 2: Underlying Determinants,2018,28.1123,Latin America and Caribbean,Upper middle income,Dated (6-10 years),6,Minimum Dietary Diversity,Diets & Care (IYCF)
SUR,Suriname,NT_CF_MMF,"Minimum meal frequency (6-23 months), %",Layer 2: Underlying Determinants,2018,51.7081,Latin America and Caribbean,Upper middle income,Dated (6-10 years),6,Minimum Meal Frequency,Diets & Care (IYCF)
SVK,Slovakia,IM_DTP3,"DTP3 immunisation coverage, % (proxy for health system reach)",Layer 2: Underlying Determinants,2024,96.0,Europe and Central Asia,High income,Recent (≤5 years),0,DTP3 Immunisation,Services & Programme Coverage
SVK,Slovakia,MNCH_SAB,"Skilled birth attendance, %",Layer 2: Underlying Determinants,2023,97.2,Europe and Central Asia,High income,Recent (≤5 years),1,Skilled Birth Attendance,Services & Programme Coverage
SVN,Slovenia,IM_DTP3,"DTP3 immunisation coverage, % (proxy for health system reach)",Layer 2: Underlying Determinants,2024,90.0,Europe and Central Asia,High income,Recent (≤5 years),0,DTP3 Immunisation,Services & Programme Coverage
SVN,Slovenia,MNCH_SAB,"Skilled birth attendance, %",Layer 2: Underlying Determinants,2012,99.8,Europe and Central Asia,High income,Outdated (>10 years),12,Skilled Birth Attendance,Services & Programme Coverage
SWE,Sweden,IM_DTP3,"DTP3 immunisation coverage, % (proxy for health system reach)",Layer 2: Underlying Determinants,2024,96.0,Europe and Central Asia,High income,Recent (≤5 years),0,DTP3 Immunisation,Services & Programme Coverage
SWZ,Eswatini,IM_DTP3,"DTP3 immunisation coverage, % (proxy for health system reach)",Layer 2: Underlying Determinants,2024,84.0,Sub-Saharan Africa,Lower middle income,Recent (≤5 years),0,DTP3 Immunisation,Services & Programme Coverage
SWZ,Eswatini,MNCH_ANC4,"ANC 4+ visits coverage, %",Layer 2: Underlying Determinants,2022,73.5,Sub-Saharan Africa,Lower middle income,Recent (≤5 years),2,ANC 4+ Visits,Services & Programme Coverage
SWZ,Eswatini,MNCH_SAB,"Skilled birth attendance, %",Layer 2: Underlying Determinants,2022,93.4,Sub-Saharan Africa,Lower middle income,Recent (≤5 years),2,Skilled Birth Attendance,Services & Programme Coverage
SWZ,Eswatini,NT_BF_EIBF,"Early initiation of breastfeeding within 1 hour, %",Layer 2: Underlying Determinants,2021,46.6716,Sub-Saharan Africa,Lower middle income,Recent (≤5 years),3,Early Initiation of BF,Diets & Care (IYCF)
SWZ,Eswatini,NT_BF_EXBF,"Exclusive breastfeeding <6 months, %",Layer 1: Nutrition Outcomes,2021,54.0052,Sub-Saharan Africa,Lower middle income,Recent (≤5 years),3,Exclusive BF <6m,Diets & Care (IYCF)
SWZ,Eswatini,NT_CF_MAD,"Minimum acceptable diet (6-23 months), %",Layer 2: Underlying Determinants,2021,18.9513,Sub-Saharan Africa,Lower middle income,Recent (≤5 years),3,Minimum Acceptable Diet,Diets & Care (IYCF)
SWZ,Eswatini,NT_CF_MDD,"Minimum dietary diversity >=5/8 food groups (6-23 months), %",Layer 2: Underlying Determinants,2021,29.5902,Sub-Saharan Africa,Lower middle income,Recent (≤5 years),3,Minimum Dietary Diversity,Diets & Care (IYCF)
SWZ,Eswatini,NT_CF_MMF,"Minimum meal frequency (6-23 months), %",Layer 2: Underlying Determinants,2021,63.4319,Sub-Saharan Africa,Lower middle income,Recent (≤5 years),3,Minimum Meal Frequency,Diets & Care (IYCF)
SYC,Seychelles,IM_DTP3,"DTP3 immunisation coverage, % (proxy for health system reach)",Layer 2: Underlying Determinants,2024,94.0,Sub-Saharan Africa,High income,Recent (≤5 years),0,DTP3 Immunisation,Services & Programme Coverage
SYC,Seychelles,MNCH_SAB,"Skilled birth attendance, %",Layer 2: Underlying Determinants,2022,99.8,Sub-Saharan Africa,High income,Recent (≤5 years),2,Skilled Birth Attendance,Services & Programme Coverage
SYR,Syrian Arab Republic,IM_DTP3,"DTP3 immunisation coverage, % (proxy for health system reach)",Layer 2: Underlying Determinants,2024,73.0,Middle East and North Africa,Low income,Recent (≤5 years),0,DTP3 Immunisation,Services & Programme Coverage
SYR,Syrian Arab Republic,MNCH_ANC4,"ANC 4+ visits coverage, %",Layer 2: Underlying Determinants,2009,63.7,Middle East and North Africa,Low income,Outdated (>10 years),15,ANC 4+ Visits,Services & Programme Coverage
SYR,Syrian Arab Republic,MNCH_SAB,"Skilled birth attendance, %",Layer 2: Underlying Determinants,2009,96.2,Middle East and North Africa,Low income,Outdated (>10 years),15,Skilled Birth Attendance,Services & Programme Coverage
SYR,Syrian Arab Republic,NT_BF_EIBF,"Early initiation of breastfeeding within 1 hour, %",Layer 2: Underlying Determinants,2019,36.4,Middle East and North Africa,Low income,Recent (≤5 years),5,Early Initiation of BF,Diets & Care (IYCF)
SYR,Syrian Arab Republic,NT_BF_EXBF,"Exclusive breastfeeding <6 months, %",Layer 1: Nutrition Outcomes,2019,28.5,Middle East and North Africa,Low income,Recent (≤5 years),5,Exclusive BF <6m,Diets & Care (IYCF)
SYR,Syrian Arab Republic,NT_CF_MDD,"Minimum dietary diversity >=5/8 food groups (6-23 months), %",Layer 2: Underlying Determinants,2023,26.8,Middle East and North Africa,Low income,Recent (≤5 years),1,Minimum Dietary Diversity,Diets & Care (IYCF)
TCA,Turks and Caicos Islands,MNCH_ANC4,"ANC 4+ visits coverage, %",Layer 2: Underlying Determinants,2020,93.2,,,Recent (≤5 years),4,ANC 4+ Visits,Services & Programme Coverage
TCA,Turks and Caicos Islands,MNCH_SAB,"Skilled birth attendance, %",Layer 2: Underlying Determinants,2020,100.0,,,Recent (≤5 years),4,Skilled Birth Attendance,Services & Programme Coverage
TCA,Turks and Caicos Islands,NT_BF_EIBF,"Early initiation of breastfeeding within 1 hour, %",Layer 2: Underlying Determinants,2020,49.1923,,,Recent (≤5 years),4,Early Initiation of BF,Diets & Care (IYCF)
TCA,Turks and Caicos Islands,NT_CF_MAD,"Minimum acceptable diet (6-23 months), %",Layer 2: Underlying Determinants,2020,29.2054,,,Recent (≤5 years),4,Minimum Acceptable Diet,Diets & Care (IYCF)
TCA,Turks and Caicos Islands,NT_CF_MDD,"Minimum dietary diversity >=5/8 food groups (6-23 months), %",Layer 2: Underlying Determinants,2020,56.1691,,,Recent (≤5 years),4,Minimum Dietary Diversity,Diets & Care (IYCF)
TCA,Turks and Caicos Islands,NT_CF_MMF,"Minimum meal frequency (6-23 months), %",Layer 2: Underlying Determinants,2020,68.2296,,,Recent (≤5 years),4,Minimum Meal Frequency,Diets & Care (IYCF)
TCD,Chad,IM_DTP3,"DTP3 immunisation coverage, % (proxy for health system reach)",Layer 2: Underlying Determinants,2024,68.0,Sub-Saharan Africa,Low income,Recent (≤5 years),0,DTP3 Immunisation,Services & Programme Coverage
TCD,Chad,MNCH_ANC4,"ANC 4+ visits coverage, %",Layer 2: Underlying Determinants,2015,31.0,Sub-Saharan Africa,Low income,Dated (6-10 years),9,ANC 4+ Visits,Services & Programme Coverage
TCD,Chad,MNCH_SAB,"Skilled birth attendance, %",Layer 2: Underlying Determinants,2019,47.2,Sub-Saharan Africa,Low income,Recent (≤5 years),5,Skilled Birth Attendance,Services & Programme Coverage
TCD,Chad,NT_BF_EIBF,"Early initiation of breastfeeding within 1 hour, %",Layer 2: Underlying Determinants,2022,47.1623,Sub-Saharan Africa,Low income,Recent (≤5 years),2,Early Initiation of BF,Diets & Care (IYCF)
TCD,Chad,NT_BF_EXBF,"Exclusive breastfeeding <6 months, %",Layer 1: Nutrition Outcomes,2022,7.3531,Sub-Saharan Africa,Low income,Recent (≤5 years),2,Exclusive BF <6m,Diets & Care (IYCF)
TCD,Chad,NT_CF_MAD,"Minimum acceptable diet (6-23 months), %",Layer 2: Underlying Determinants,2022,37.4215,Sub-Saharan Africa,Low income,Recent (≤5 years),2,Minimum Acceptable Diet,Diets & Care (IYCF)
TCD,Chad,NT_CF_MDD,"Minimum dietary diversity >=5/8 food groups (6-23 months), %",Layer 2: Underlying Determinants,2024,27.9,Sub-Saharan Africa,Low income,Recent (≤5 years),0,Minimum Dietary Diversity,Diets & Care (IYCF)
TCD,Chad,NT_CF_MMF,"Minimum meal frequency (6-23 months), %",Layer 2: Underlying Determinants,2022,71.0804,Sub-Saharan Africa,Low income,Recent (≤5 years),2,Minimum Meal Frequency,Diets & Care (IYCF)
TGO,Togo,IM_DTP3,"DTP3 immunisation coverage, % (proxy for health system reach)",Layer 2: Underlying Determinants,2024,90.0,Sub-Saharan Africa,Low income,Recent (≤5 years),0,DTP3 Immunisation,Services & Programme Coverage
TGO,Togo,MNCH_ANC4,"ANC 4+ visits coverage, %",Layer 2: Underlying Determinants,2017,54.8,Sub-Saharan Africa,Low income,Dated (6-10 years),7,ANC 4+ Visits,Services & Programme Coverage
TGO,Togo,MNCH_SAB,"Skilled birth attendance, %",Layer 2: Underlying Determinants,2017,69.4,Sub-Saharan Africa,Low income,Dated (6-10 years),7,Skilled Birth Attendance,Services & Programme Coverage
TGO,Togo,NT_BF_EIBF,"Early initiation of breastfeeding within 1 hour, %",Layer 2: Underlying Determinants,2017,48.3233,Sub-Saharan Africa,Low income,Dated (6-10 years),7,Early Initiation of BF,Diets & Care (IYCF)
TGO,Togo,NT_BF_EXBF,"Exclusive breastfeeding <6 months, %",Layer 1: Nutrition Outcomes,2017,64.3296,Sub-Saharan Africa,Low income,Dated (6-10 years),7,Exclusive BF <6m,Diets & Care (IYCF)
TGO,Togo,NT_CF_MAD,"Minimum acceptable diet (6-23 months), %",Layer 2: Underlying Determinants,2017,13.4704,Sub-Saharan Africa,Low income,Dated (6-10 years),7,Minimum Acceptable Diet,Diets & Care (IYCF)
TGO,Togo,NT_CF_MDD,"Minimum dietary diversity >=5/8 food groups (6-23 months), %",Layer 2: Underlying Determinants,2017,18.6072,Sub-Saharan Africa,Low income,Dated (6-10 years),7,Minimum Dietary Diversity,Diets & Care (IYCF)
TGO,Togo,NT_CF_MMF,"Minimum meal frequency (6-23 months), %",Layer 2: Underlying Determinants,2017,60.8203,Sub-Saharan Africa,Low income,Dated (6-10 years),7,Minimum Meal Frequency,Diets & Care (IYCF)
THA,Thailand,IM_DTP3,"DTP3 immunisation coverage, % (proxy for health system reach)",Layer 2: Underlying Determinants,2024,92.0,East Asia and Pacific,Upper middle income,Recent (≤5 years),0,DTP3 Immunisation,Services & Programme Coverage
THA,Thailand,MNCH_ANC4,"ANC 4+ visits coverage, %",Layer 2: Underlying Determinants,2022,88.3,East Asia and Pacific,Upper middle income,Recent (≤5 years),2,ANC 4+ Visits,Services & Programme Coverage
THA,Thailand,MNCH_SAB,"Skilled birth attendance, %",Layer 2: Underlying Determinants,2022,99.6,East Asia and Pacific,Upper middle income,Recent (≤5 years),2,Skilled Birth Attendance,Services & Programme Coverage
THA,Thailand,NT_BF_EIBF,"Early initiation of breastfeeding within 1 hour, %",Layer 2: Underlying Determinants,2022,29.4294,East Asia and Pacific,Upper middle income,Recent (≤5 years),2,Early Initiation of BF,Diets & Care (IYCF)
THA,Thailand,NT_BF_EXBF,"Exclusive breastfeeding <6 months, %",Layer 1: Nutrition Outcomes,2022,28.575,East Asia and Pacific,Upper middle income,Recent (≤5 years),2,Exclusive BF <6m,Diets & Care (IYCF)
THA,Thailand,NT_CF_MAD,"Minimum acceptable diet (6-23 months), %",Layer 2: Underlying Determinants,2022,60.355,East Asia and Pacific,Upper middle income,Recent (≤5 years),2,Minimum Acceptable Diet,Diets & Care (IYCF)
THA,Thailand,NT_CF_MDD,"Minimum dietary diversity >=5/8 food groups (6-23 months), %",Layer 2: Underlying Determinants,2022,72.1079,East Asia and Pacific,Upper middle income,Recent (≤5 years),2,Minimum Dietary Diversity,Diets & Care (IYCF)
THA,Thailand,NT_CF_MMF,"Minimum meal frequency (6-23 months), %",Layer 2: Underlying Determinants,2022,78.7737,East Asia and Pacific,Upper middle income,Recent (≤5 years),2,Minimum Meal Frequency,Diets & Care (IYCF)
TJK,Tajikistan,IM_DTP3,"DTP3 immunisation coverage, % (proxy for health system reach)",Layer 2: Underlying Determinants,2024,97.0,Europe and Central Asia,Lower middle income,Recent (≤5 years),0,DTP3 Immunisation,Services & Programme Coverage
TJK,Tajikistan,MNCH_ANC4,"ANC 4+ visits coverage, %",Layer 2: Underlying Determinants,2023,62.1,Europe and Central Asia,Lower middle income,Recent (≤5 years),1,ANC 4+ Visits,Services & Programme Coverage
TJK,Tajikistan,MNCH_SAB,"Skilled birth attendance, %",Layer 2: Underlying Determinants,2023,97.6,Europe and Central Asia,Lower middle income,Recent (≤5 years),1,Skilled Birth Attendance,Services & Programme Coverage
TJK,Tajikistan,NT_BF_EIBF,"Early initiation of breastfeeding within 1 hour, %",Layer 2: Underlying Determinants,2023,40.8443,Europe and Central Asia,Lower middle income,Recent (≤5 years),1,Early Initiation of BF,Diets & Care (IYCF)
TJK,Tajikistan,NT_BF_EXBF,"Exclusive breastfeeding <6 months, %",Layer 1: Nutrition Outcomes,2023,40.7846,Europe and Central Asia,Lower middle income,Recent (≤5 years),1,Exclusive BF <6m,Diets & Care (IYCF)
TJK,Tajikistan,NT_CF_MAD,"Minimum acceptable diet (6-23 months), %",Layer 2: Underlying Determinants,2023,8.8668,Europe and Central Asia,Lower middle income,Recent (≤5 years),1,Minimum Acceptable Diet,Diets & Care (IYCF)
TJK,Tajikistan,NT_CF_MDD,"Minimum dietary diversity >=5/8 food groups (6-23 months), %",Layer 2: Underlying Determinants,2023,27.8113,Europe and Central Asia,Lower middle income,Recent (≤5 years),1,Minimum Dietary Diversity,Diets & Care (IYCF)
TJK,Tajikistan,NT_CF_MMF,"Minimum meal frequency (6-23 months), %",Layer 2: Underlying Determinants,2023,29.7181,Europe and Central Asia,Lower middle income,Recent (≤5 years),1,Minimum Meal Frequency,Diets & Care (IYCF)
TKM,Turkmenistan,IM_DTP3,"DTP3 immunisation coverage, % (proxy for health system reach)",Layer 2: Underlying Determinants,2024,98.0,Europe and Central Asia,Upper middle income,Recent (≤5 years),0,DTP3 Immunisation,Services & Programme Coverage
TKM,Turkmenistan,MNCH_ANC4,"ANC 4+ visits coverage, %",Layer 2: Underlying Determinants,2024,94.0,Europe and Central Asia,Upper middle income,Recent (≤5 years),0,ANC 4+ Visits,Services & Programme Coverage
TKM,Turkmenistan,MNCH_SAB,"Skilled birth attendance, %",Layer 2: Underlying Determinants,2022,99.7,Europe and Central Asia,Upper middle income,Recent (≤5 years),2,Skilled Birth Attendance,Services & Programme Coverage
TKM,Turkmenistan,NT_BF_EIBF,"Early initiation of breastfeeding within 1 hour, %",Layer 2: Underlying Determinants,2022,93.0,Europe and Central Asia,Upper middle income,Recent (≤5 years),2,Early Initiation of BF,Diets & Care (IYCF)
TKM,Turkmenistan,NT_BF_EXBF,"Exclusive breastfeeding <6 months, %",Layer 1: Nutrition Outcomes,2019,56.4768,Europe and Central Asia,Upper middle income,Recent (≤5 years),5,Exclusive BF <6m,Diets & Care (IYCF)
TKM,Turkmenistan,NT_CF_MAD,"Minimum acceptable diet (6-23 months), %",Layer 2: Underlying Determinants,2019,64.1126,Europe and Central Asia,Upper middle income,Recent (≤5 years),5,Minimum Acceptable Diet,Diets & Care (IYCF)
TKM,Turkmenistan,NT_CF_MDD,"Minimum dietary diversity >=5/8 food groups (6-23 months), %",Layer 2: Underlying Determinants,2024,79.0407,Europe and Central Asia,Upper middle income,Recent (≤5 years),0,Minimum Dietary Diversity,Diets & Care (IYCF)
TKM,Turkmenistan,NT_CF_MMF,"Minimum meal frequency (6-23 months), %",Layer 2: Underlying Determinants,2019,97.1068,Europe and Central Asia,Upper middle income,Recent (≤5 years),5,Minimum Meal Frequency,Diets & Care (IYCF)
TLS,Timor-Leste,IM_DTP3,"DTP3 immunisation coverage, % (proxy for health system reach)",Layer 2: Underlying Determinants,2024,83.0,East Asia and Pacific,Lower middle income,Recent (≤5 years),0,DTP3 Immunisation,Services & Programme Coverage
TLS,Timor-Leste,MNCH_ANC4,"ANC 4+ visits coverage, %",Layer 2: Underlying Determinants,2020,83.1,East Asia and Pacific,Lower middle income,Recent (≤5 years),4,ANC 4+ Visits,Services & Programme Coverage
TLS,Timor-Leste,MNCH_SAB,"Skilled birth attendance, %",Layer 2: Underlying Determinants,2022,68.5,East Asia and Pacific,Lower middle income,Recent (≤5 years),2,Skilled Birth Attendance,Services & Programme Coverage
TLS,Timor-Leste,NT_BF_EIBF,"Early initiation of breastfeeding within 1 hour, %",Layer 2: Underlying Determinants,2020,46.9458,East Asia and Pacific,Lower middle income,Recent (≤5 years),4,Early Initiation of BF,Diets & Care (IYCF)
TLS,Timor-Leste,NT_BF_EXBF,"Exclusive breastfeeding <6 months, %",Layer 1: Nutrition Outcomes,2020,64.9747,East Asia and Pacific,Lower middle income,Recent (≤5 years),4,Exclusive BF <6m,Diets & Care (IYCF)
TLS,Timor-Leste,NT_CF_MAD,"Minimum acceptable diet (6-23 months), %",Layer 2: Underlying Determinants,2020,25.4847,East Asia and Pacific,Lower middle income,Recent (≤5 years),4,Minimum Acceptable Diet,Diets & Care (IYCF)
TLS,Timor-Leste,NT_CF_MDD,"Minimum dietary diversity >=5/8 food groups (6-23 months), %",Layer 2: Underlying Determinants,2020,39.8371,East Asia and Pacific,Lower middle income,Recent (≤5 years),4,Minimum Dietary Diversity,Diets & Care (IYCF)
TLS,Timor-Leste,NT_CF_MMF,"Minimum meal frequency (6-23 months), %",Layer 2: Underlying Determinants,2020,55.8915,East Asia and Pacific,Lower middle income,Recent (≤5 years),4,Minimum Meal Frequency,Diets & Care (IYCF)
TON,Tonga,IM_DTP3,"DTP3 immunisation coverage, % (proxy for health system reach)",Layer 2: Underlying Determinants,2024,99.0,East Asia and Pacific,Upper middle income,Recent (≤5 years),0,DTP3 Immunisation,Services & Programme Coverage
TON,Tonga,MNCH_ANC4,"ANC 4+ visits coverage, %",Layer 2: Underlying Determinants,2019,88.5,East Asia and Pacific,Upper middle income,Recent (≤5 years),5,ANC 4+ Visits,Services & Programme Coverage
TON,Tonga,MNCH_SAB,"Skilled birth attendance, %",Layer 2: Underlying Determinants,2019,98.3,East Asia and Pacific,Upper middle income,Recent (≤5 years),5,Skilled Birth Attendance,Services & Programme Coverage
TON,Tonga,NT_BF_EIBF,"Early initiation of breastfeeding within 1 hour, %",Layer 2: Underlying Determinants,2019,38.4698,East Asia and Pacific,Upper middle income,Recent (≤5 years),5,Early Initiation of BF,Diets & Care (IYCF)
TON,Tonga,NT_BF_EXBF,"Exclusive breastfeeding <6 months, %",Layer 1: Nutrition Outcomes,2019,39.5748,East Asia and Pacific,Upper middle income,Recent (≤5 years),5,Exclusive BF <6m,Diets & Care (IYCF)
TON,Tonga,NT_CF_MAD,"Minimum acceptable diet (6-23 months), %",Layer 2: Underlying Determinants,2019,26.9634,East Asia and Pacific,Upper middle income,Recent (≤5 years),5,Minimum Acceptable Diet,Diets & Care (IYCF)
TON,Tonga,NT_CF_MDD,"Minimum dietary diversity >=5/8 food groups (6-23 months), %",Layer 2: Underlying Determinants,2019,53.4914,East Asia and Pacific,Upper middle income,Recent (≤5 years),5,Minimum Dietary Diversity,Diets & Care (IYCF)
TON,Tonga,NT_CF_MMF,"Minimum meal frequency (6-23 months), %",Layer 2: Underlying Determinants,2019,48.6258,East Asia and Pacific,Upper middle income,Recent (≤5 years),5,Minimum Meal Frequency,Diets & Care (IYCF)
TTO,Trinidad and Tobago,IM_DTP3,"DTP3 immunisation coverage, % (proxy for health system reach)",Layer 2: Underlying Determinants,2024,92.0,Latin America and Caribbean,High income,Recent (≤5 years),0,DTP3 Immunisation,Services & Programme Coverage
TTO,Trinidad and Tobago,MNCH_ANC4,"ANC 4+ visits coverage, %",Layer 2: Underlying Determinants,2022,93.8,Latin America and Caribbean,High income,Recent (≤5 years),2,ANC 4+ Visits,Services & Programme Coverage
TTO,Trinidad and Tobago,MNCH_SAB,"Skilled birth attendance, %",Layer 2: Underlying Determinants,2024,100.0,Latin America and Caribbean,High income,Recent (≤5 years),0,Skilled Birth Attendance,Services & Programme Coverage
TTO,Trinidad and Tobago,NT_BF_EIBF,"Early initiation of breastfeeding within 1 hour, %",Layer 2: Underlying Determinants,2022,48.3147,Latin America and Caribbean,High income,Recent (≤5 years),2,Early Initiation of BF,Diets & Care (IYCF)
TTO,Trinidad and Tobago,NT_BF_EXBF,"Exclusive breastfeeding <6 months, %",Layer 1: Nutrition Outcomes,2022,30.4509,Latin America and Caribbean,High income,Recent (≤5 years),2,Exclusive BF <6m,Diets & Care (IYCF)
TTO,Trinidad and Tobago,NT_CF_MAD,"Minimum acceptable diet (6-23 months), %",Layer 2: Underlying Determinants,2022,37.2743,Latin America and Caribbean,High income,Recent (≤5 years),2,Minimum Acceptable Diet,Diets & Care (IYCF)
TTO,Trinidad and Tobago,NT_CF_MDD,"Minimum dietary diversity >=5/8 food groups (6-23 months), %",Layer 2: Underlying Determinants,2022,45.4766,Latin America and Caribbean,High income,Recent (≤5 years),2,Minimum Dietary Diversity,Diets & Care (IYCF)
TTO,Trinidad and Tobago,NT_CF_MMF,"Minimum meal frequency (6-23 months), %",Layer 2: Underlying Determinants,2022,73.3296,Latin America and Caribbean,High income,Recent (≤5 years),2,Minimum Meal Frequency,Diets & Care (IYCF)
TUN,Tunisia,IM_DTP3,"DTP3 immunisation coverage, % (proxy for health system reach)",Layer 2: Underlying Determinants,2024,97.0,Middle East and North Africa,Lower middle income,Recent (≤5 years),0,DTP3 Immunisation,Services & Programme Coverage
TUN,Tunisia,MNCH_ANC4,"ANC 4+ visits coverage, %",Layer 2: Underlying Determinants,2023,78.6,Middle East and North Africa,Lower middle income,Recent (≤5 years),1,ANC 4+ Visits,Services & Programme Coverage
TUN,Tunisia,MNCH_SAB,"Skilled birth attendance, %",Layer 2: Underlying Determinants,2023,87.8,Middle East and North Africa,Lower middle income,Recent (≤5 years),1,Skilled Birth Attendance,Services & Programme Coverage
TUN,Tunisia,NT_BF_EIBF,"Early initiation of breastfeeding within 1 hour, %",Layer 2: Underlying Determinants,2023,34.2709,Middle East and North Africa,Lower middle income,Recent (≤5 years),1,Early Initiation of BF,Diets & Care (IYCF)
TUN,Tunisia,NT_BF_EXBF,"Exclusive breastfeeding <6 months, %",Layer 1: Nutrition Outcomes,2023,17.8167,Middle East and North Africa,Lower middle income,Recent (≤5 years),1,Exclusive BF <6m,Diets & Care (IYCF)
TUN,Tunisia,NT_CF_MAD,"Minimum acceptable diet (6-23 months), %",Layer 2: Underlying Determinants,2023,48.4866,Middle East and North Africa,Lower middle income,Recent (≤5 years),1,Minimum Acceptable Diet,Diets & Care (IYCF)
TUN,Tunisia,NT_CF_MDD,"Minimum dietary diversity >=5/8 food groups (6-23 months), %",Layer 2: Underlying Determinants,2023,63.7626,Middle East and North Africa,Lower middle income,Recent (≤5 years),1,Minimum Dietary Diversity,Diets & Care (IYCF)
TUN,Tunisia,NT_CF_MMF,"Minimum meal frequency (6-23 months), %",Layer 2: Underlying Determinants,2023,73.2428,Middle East and North Africa,Lower middle income,Recent (≤5 years),1,Minimum Meal Frequency,Diets & Care (IYCF)
TUR,تركيا,IM_DTP3,"DTP3 immunisation coverage, % (proxy for health system reach)",Layer 2: Underlying Determinants,2024,99.0,Europe and Central Asia,Upper middle income,Recent (≤5 years),0,DTP3 Immunisation,Services & Programme Coverage
TUR,تركيا,MNCH_ANC4,"ANC 4+ visits coverage, %",Layer 2: Underlying Determinants,2018,89.7,Europe and Central Asia,Upper middle income,Dated (6-10 years),6,ANC 4+ Visits,Services & Programme Coverage
TUR,تركيا,MNCH_SAB,"Skilled birth attendance, %",Layer 2: Underlying Determinants,2019,97.0,Europe and Central Asia,Upper middle income,Recent (≤5 years),5,Skilled Birth Attendance,Services & Programme Coverage
TUR,تركيا,NT_BF_EIBF,"Early initiation of breastfeeding within 1 hour, %",Layer 2: Underlying Determinants,2018,71.3,Europe and Central Asia,Upper middle income,Dated (6-10 years),6,Early Initiation of BF,Diets & Care (IYCF)
TUR,تركيا,NT_BF_EXBF,"Exclusive breastfeeding <6 months, %",Layer 1: Nutrition Outcomes,2018,40.7,Europe and Central Asia,Upper middle income,Dated (6-10 years),6,Exclusive BF <6m,Diets & Care (IYCF)
TUV,Tuvalu,IM_DTP3,"DTP3 immunisation coverage, % (proxy for health system reach)",Layer 2: Underlying Determinants,2024,94.0,East Asia and Pacific,Upper middle income,Recent (≤5 years),0,DTP3 Immunisation,Services & Programme Coverage
TUV,Tuvalu,MNCH_ANC4,"ANC 4+ visits coverage, %",Layer 2: Underlying Determinants,2020,60.3,East Asia and Pacific,Upper middle income,Recent (≤5 years),4,ANC 4+ Visits,Services & Programme Coverage
TUV,Tuvalu,MNCH_SAB,"Skilled birth attendance, %",Layer 2: Underlying Determinants,2020,99.5,East Asia and Pacific,Upper middle income,Recent (≤5 years),4,Skilled Birth Attendance,Services & Programme Coverage
TUV,Tuvalu,NT_BF_EIBF,"Early initiation of breastfeeding within 1 hour, %",Layer 2: Underlying Determinants,2019,39.1519,East Asia and Pacific,Upper middle income,Recent (≤5 years),5,Early Initiation of BF,Diets & Care (IYCF)
TUV,Tuvalu,NT_BF_EXBF,"Exclusive breastfeeding <6 months, %",Layer 1: Nutrition Outcomes,2019,43.7958,East Asia and Pacific,Upper middle income,Recent (≤5 years),5,Exclusive BF <6m,Diets & Care (IYCF)
TUV,Tuvalu,NT_CF_MAD,"Minimum acceptable diet (6-23 months), %",Layer 2: Underlying Determinants,2019,17.623,East Asia and Pacific,Upper middle income,Recent (≤5 years),5,Minimum Acceptable Diet,Diets & Care (IYCF)
TUV,Tuvalu,NT_CF_MDD,"Minimum dietary diversity >=5/8 food groups (6-23 months), %",Layer 2: Underlying Determinants,2019,29.2868,East Asia and Pacific,Upper middle income,Recent (≤5 years),5,Minimum Dietary Diversity,Diets & Care (IYCF)
TZA,United Republic of Tanzania,IM_DTP3,"DTP3 immunisation coverage, % (proxy for health system reach)",Layer 2: Underlying Determinants,2024,83.0,Sub-Saharan Africa,Lower middle income,Recent (≤5 years),0,DTP3 Immunisation,Services & Programme Coverage
TZA,United Republic of Tanzania,MNCH_ANC4,"ANC 4+ visits coverage, %",Layer 2: Underlying Determinants,2022,65.1,Sub-Saharan Africa,Lower middle income,Recent (≤5 years),2,ANC 4+ Visits,Services & Programme Coverage
TZA,United Republic of Tanzania,MNCH_SAB,"Skilled birth attendance, %",Layer 2: Underlying Determinants,2022,85.0,Sub-Saharan Africa,Lower middle income,Recent (≤5 years),2,Skilled Birth Attendance,Services & Programme Coverage
TZA,United Republic of Tanzania,NT_BF_EIBF,"Early initiation of breastfeeding within 1 hour, %",Layer 2: Underlying Determinants,2022,70.2,Sub-Saharan Africa,Lower middle income,Recent (≤5 years),2,Early Initiation of BF,Diets & Care (IYCF)
TZA,United Republic of Tanzania,NT_BF_EXBF,"Exclusive breastfeeding <6 months, %",Layer 1: Nutrition Outcomes,2022,64.3,Sub-Saharan Africa,Lower middle income,Recent (≤5 years),2,Exclusive BF <6m,Diets & Care (IYCF)
TZA,United Republic of Tanzania,NT_CF_MAD,"Minimum acceptable diet (6-23 months), %",Layer 2: Underlying Determinants,2022,7.8863,Sub-Saharan Africa,Lower middle income,Recent (≤5 years),2,Minimum Acceptable Diet,Diets & Care (IYCF)
TZA,United Republic of Tanzania,NT_CF_MDD,"Minimum dietary diversity >=5/8 food groups (6-23 months), %",Layer 2: Underlying Determinants,2022,18.7665,Sub-Saharan Africa,Lower middle income,Recent (≤5 years),2,Minimum Dietary Diversity,Diets & Care (IYCF)
TZA,United Republic of Tanzania,NT_CF_MMF,"Minimum meal frequency (6-23 months), %",Layer 2: Underlying Determinants,2022,32.8985,Sub-Saharan Africa,Lower middle income,Recent (≤5 years),2,Minimum Meal Frequency,Diets & Care (IYCF)
UGA,Uganda,IM_DTP3,"DTP3 immunisation coverage, % (proxy for health system reach)",Layer 2: Underlying Determinants,2024,91.0,Sub-Saharan Africa,Low income,Recent (≤5 years),0,DTP3 Immunisation,Services & Programme Coverage
UGA,Uganda,MNCH_ANC4,"ANC 4+ visits coverage, %",Layer 2: Underlying Determinants,2022,67.8,Sub-Saharan Africa,Low income,Recent (≤5 years),2,ANC 4+ Visits,Services & Programme Coverage
UGA,Uganda,MNCH_SAB,"Skilled birth attendance, %",Layer 2: Underlying Determinants,2022,88.4,Sub-Saharan Africa,Low income,Recent (≤5 years),2,Skilled Birth Attendance,Services & Programme Coverage
UGA,Uganda,NT_BF_EIBF,"Early initiation of breastfeeding within 1 hour, %",Layer 2: Underlying Determinants,2022,81.5,Sub-Saharan Africa,Low income,Recent (≤5 years),2,Early Initiation of BF,Diets & Care (IYCF)
UGA,Uganda,NT_BF_EXBF,"Exclusive breastfeeding <6 months, %",Layer 1: Nutrition Outcomes,2016,65.4631,Sub-Saharan Africa,Low income,Dated (6-10 years),8,Exclusive BF <6m,Diets & Care (IYCF)
UGA,Uganda,NT_CF_MAD,"Minimum acceptable diet (6-23 months), %",Layer 2: Underlying Determinants,2022,7.3,Sub-Saharan Africa,Low income,Recent (≤5 years),2,Minimum Acceptable Diet,Diets & Care (IYCF)
UGA,Uganda,NT_CF_MDD,"Minimum dietary diversity >=5/8 food groups (6-23 months), %",Layer 2: Underlying Determinants,2022,10.0,Sub-Saharan Africa,Low income,Recent (≤5 years),2,Minimum Dietary Diversity,Diets & Care (IYCF)
UGA,Uganda,NT_CF_MMF,"Minimum meal frequency (6-23 months), %",Layer 2: Underlying Determinants,2022,62.8,Sub-Saharan Africa,Low income,Recent (≤5 years),2,Minimum Meal Frequency,Diets & Care (IYCF)
UKR,Ukraine,IM_DTP3,"DTP3 immunisation coverage, % (proxy for health system reach)",Layer 2: Underlying Determinants,2024,88.0,Europe and Central Asia,Lower middle income,Recent (≤5 years),0,DTP3 Immunisation,Services & Programme Coverage
UKR,Ukraine,MNCH_ANC4,"ANC 4+ visits coverage, %",Layer 2: Underlying Determinants,2012,87.2,Europe and Central Asia,Lower middle income,Outdated (>10 years),12,ANC 4+ Visits,Services & Programme Coverage
UKR,Ukraine,MNCH_SAB,"Skilled birth attendance, %",Layer 2: Underlying Determinants,2014,99.9,Europe and Central Asia,Lower middle income,Dated (6-10 years),10,Skilled Birth Attendance,Services & Programme Coverage
UKR,Ukraine,NT_BF_EIBF,"Early initiation of breastfeeding within 1 hour, %",Layer 2: Underlying Determinants,2012,65.6736,Europe and Central Asia,Lower middle income,Outdated (>10 years),12,Early Initiation of BF,Diets & Care (IYCF)
UKR,Ukraine,NT_BF_EXBF,"Exclusive breastfeeding <6 months, %",Layer 1: Nutrition Outcomes,2012,19.7287,Europe and Central Asia,Lower middle income,Outdated (>10 years),12,Exclusive BF <6m,Diets & Care (IYCF)
UKR,Ukraine,NT_CF_MMF,"Minimum meal frequency (6-23 months), %",Layer 2: Underlying Determinants,2012,54.819,Europe and Central Asia,Lower middle income,Outdated (>10 years),12,Minimum Meal Frequency,Diets & Care (IYCF)
UNFPA_EECA,Europe de l’Est et Asie centrale,MNCH_ANC4,"ANC 4+ visits coverage, %",Layer 2: Underlying Determinants,2024,90.7,,,Recent (≤5 years),0,ANC 4+ Visits,Services & Programme Coverage
UNFPA_EECA,Europe de l’Est et Asie centrale,MNCH_SAB,"Skilled birth attendance, %",Layer 2: Underlying Determinants,2024,99.3,,,Recent (≤5 years),0,Skilled Birth Attendance,Services & Programme Coverage
UNFPA_ESA,East and Southern Africa (UNFPA),MNCH_ANC4,"ANC 4+ visits coverage, %",Layer 2: Underlying Determinants,2024,60.5,,,Recent (≤5 years),0,ANC 4+ Visits,Services & Programme Coverage
UNFPA_ESA,East and Southern Africa (UNFPA),MNCH_SAB,"Skilled birth attendance, %",Layer 2: Underlying Determinants,2024,78.6,,,Recent (≤5 years),0,Skilled Birth Attendance,Services & Programme Coverage
UNFPA_LAC,Latin America and the Caribbean (UNFPA),MNCH_ANC4,"ANC 4+ visits coverage, %",Layer 2: Underlying Determinants,2024,91.0,,,Recent (≤5 years),0,ANC 4+ Visits,Services & Programme Coverage
UNFPA_LAC,Latin America and the Caribbean (UNFPA),MNCH_SAB,"Skilled birth attendance, %",Layer 2: Underlying Determinants,2024,95.9,,,Recent (≤5 years),0,Skilled Birth Attendance,Services & Programme Coverage
UNFPA_WCA,West and Central Africa (UNFPA),MNCH_ANC4,"ANC 4+ visits coverage, %",Layer 2: Underlying Determinants,2024,57.5,,,Recent (≤5 years),0,ANC 4+ Visits,Services & Programme Coverage
UNFPA_WCA,West and Central Africa (UNFPA),MNCH_SAB,"Skilled birth attendance, %",Layer 2: Underlying Determinants,2024,64.1,,,Recent (≤5 years),0,Skilled Birth Attendance,Services & Programme Coverage
UNICEF_EAP,Asia Oriental y Pacífico,IM_DTP3,"DTP3 immunisation coverage, % (proxy for health system reach)",Layer 2: Underlying Determinants,2024,88.0,,,Recent (≤5 years),0,DTP3 Immunisation,Services & Programme Coverage
UNICEF_EAP,Asia Oriental y Pacífico,MNCH_ANC4,"ANC 4+ visits coverage, %",Layer 2: Underlying Determinants,2024,86.8,,,Recent (≤5 years),0,ANC 4+ Visits,Services & Programme Coverage
UNICEF_EAP,Asia Oriental y Pacífico,MNCH_SAB,"Skilled birth attendance, %",Layer 2: Underlying Determinants,2024,96.7,,,Recent (≤5 years),0,Skilled Birth Attendance,Services & Programme Coverage
UNICEF_EAP,Asia Oriental y Pacífico,NT_BF_EIBF,"Early initiation of breastfeeding within 1 hour, %",Layer 2: Underlying Determinants,2024,50.5075,,,Recent (≤5 years),0,Early Initiation of BF,Diets & Care (IYCF)
UNICEF_EAP,Asia Oriental y Pacífico,NT_BF_EXBF,"Exclusive breastfeeding <6 months, %",Layer 1: Nutrition Outcomes,2024,37.4477,,,Recent (≤5 years),0,Exclusive BF <6m,Diets & Care (IYCF)
UNICEF_EAP,Asia Oriental y Pacífico,NT_CF_MAD,"Minimum acceptable diet (6-23 months), %",Layer 2: Underlying Determinants,2024,43.3646,,,Recent (≤5 years),0,Minimum Acceptable Diet,Diets & Care (IYCF)
UNICEF_EAP,Asia Oriental y Pacífico,NT_CF_MDD,"Minimum dietary diversity >=5/8 food groups (6-23 months), %",Layer 2: Underlying Determinants,2024,55.6633,,,Recent (≤5 years),0,Minimum Dietary Diversity,Diets & Care (IYCF)
UNICEF_EAP,Asia Oriental y Pacífico,NT_CF_MMF,"Minimum meal frequency (6-23 months), %",Layer 2: Underlying Determinants,2024,73.4638,,,Recent (≤5 years),0,Minimum Meal Frequency,Diets & Care (IYCF)
UNICEF_EAPRO,East Asia and Pacific (UNICEF Prog.regions),IM_DTP3,"DTP3 immunisation coverage, % (proxy for health system reach)",Layer 2: Underlying Determinants,2024,88.0,,,Recent (≤5 years),0,DTP3 Immunisation,Services & Programme Coverage
UNICEF_EAPRO,East Asia and Pacific (UNICEF Prog.regions),MNCH_ANC4,"ANC 4+ visits coverage, %",Layer 2: Underlying Determinants,2024,86.5,,,Recent (≤5 years),0,ANC 4+ Visits,Services & Programme Coverage
UNICEF_EAPRO,East Asia and Pacific (UNICEF Prog.regions),MNCH_SAB,"Skilled birth attendance, %",Layer 2: Underlying Determinants,2024,96.5,,,Recent (≤5 years),0,Skilled Birth Attendance,Services & Programme Coverage
UNICEF_EAPRO,East Asia and Pacific (UNICEF Prog.regions),NT_BF_EXBF,"Exclusive breastfeeding <6 months, %",Layer 1: Nutrition Outcomes,2024,37.4477,,,Recent (≤5 years),0,Exclusive BF <6m,Diets & Care (IYCF)
UNICEF_EAPRO,East Asia and Pacific (UNICEF Prog.regions),NT_CF_MAD,"Minimum acceptable diet (6-23 months), %",Layer 2: Underlying Determinants,2024,43.3646,,,Recent (≤5 years),0,Minimum Acceptable Diet,Diets & Care (IYCF)
UNICEF_EAPRO,East Asia and Pacific (UNICEF Prog.regions),NT_CF_MDD,"Minimum dietary diversity >=5/8 food groups (6-23 months), %",Layer 2: Underlying Determinants,2024,55.6633,,,Recent (≤5 years),0,Minimum Dietary Diversity,Diets & Care (IYCF)
UNICEF_EAPRO,East Asia and Pacific (UNICEF Prog.regions),NT_CF_MMF,"Minimum meal frequency (6-23 months), %",Layer 2: Underlying Determinants,2024,73.4638,,,Recent (≤5 years),0,Minimum Meal Frequency,Diets & Care (IYCF)
UNICEF_EAPR_OPS,EAPR (operational region),IM_DTP3,"DTP3 immunisation coverage, % (proxy for health system reach)",Layer 2: Underlying Determinants,2024,88.0,,,Recent (≤5 years),0,DTP3 Immunisation,Services & Programme Coverage
UNICEF_ECA,Europa y Asia Central,IM_DTP3,"DTP3 immunisation coverage, % (proxy for health system reach)",Layer 2: Underlying Determinants,2024,93.0,,,Recent (≤5 years),0,DTP3 Immunisation,Services & Programme Coverage
UNICEF_ECA,Europa y Asia Central,MNCH_ANC4,"ANC 4+ visits coverage, %",Layer 2: Underlying Determinants,2024,92.4,,,Recent (≤5 years),0,ANC 4+ Visits,Services & Programme Coverage
UNICEF_ECA,Europa y Asia Central,MNCH_SAB,"Skilled birth attendance, %",Layer 2: Underlying Determinants,2024,99.1,,,Recent (≤5 years),0,Skilled Birth Attendance,Services & Programme Coverage
UNICEF_ECARO,Europe and Central Asia (UNICEF Prog.regions),IM_DTP3,"DTP3 immunisation coverage, % (proxy for health system reach)",Layer 2: Underlying Determinants,2024,93.0,,,Recent (≤5 years),0,DTP3 Immunisation,Services & Programme Coverage
UNICEF_ECARO,Europe and Central Asia (UNICEF Prog.regions),MNCH_ANC4,"ANC 4+ visits coverage, %",Layer 2: Underlying Determinants,2024,90.2,,,Recent (≤5 years),0,ANC 4+ Visits,Services & Programme Coverage
UNICEF_ECARO,Europe and Central Asia (UNICEF Prog.regions),MNCH_SAB,"Skilled birth attendance, %",Layer 2: Underlying Determinants,2024,99.2,,,Recent (≤5 years),0,Skilled Birth Attendance,Services & Programme Coverage
UNICEF_ECARO,Europe and Central Asia (UNICEF Prog.regions),NT_BF_EIBF,"Early initiation of breastfeeding within 1 hour, %",Layer 2: Underlying Determinants,2024,53.9326,,,Recent (≤5 years),0,Early Initiation of BF,Diets & Care (IYCF)
UNICEF_ECARO,Europe and Central Asia (UNICEF Prog.regions),NT_BF_EXBF,"Exclusive breastfeeding <6 months, %",Layer 1: Nutrition Outcomes,2024,34.5621,,,Recent (≤5 years),0,Exclusive BF <6m,Diets & Care (IYCF)
UNICEF_ECAR_OPS,ECAR (operational region),IM_DTP3,"DTP3 immunisation coverage, % (proxy for health system reach)",Layer 2: Underlying Determinants,2024,92.0,,,Recent (≤5 years),0,DTP3 Immunisation,Services & Programme Coverage
UNICEF_EECA,Europa del Este y Asia Central,IM_DTP3,"DTP3 immunisation coverage, % (proxy for health system reach)",Layer 2: Underlying Determinants,2024,93.0,,,Recent (≤5 years),0,DTP3 Immunisation,Services & Programme Coverage
UNICEF_EECA,Europa del Este y Asia Central,MNCH_ANC4,"ANC 4+ visits coverage, %",Layer 2: Underlying Determinants,2024,90.2,,,Recent (≤5 years),0,ANC 4+ Visits,Services & Programme Coverage
UNICEF_EECA,Europa del Este y Asia Central,MNCH_SAB,"Skilled birth attendance, %",Layer 2: Underlying Determinants,2024,99.4,,,Recent (≤5 years),0,Skilled Birth Attendance,Services & Programme Coverage
UNICEF_EECA,Europa del Este y Asia Central,NT_BF_EIBF,"Early initiation of breastfeeding within 1 hour, %",Layer 2: Underlying Determinants,2024,53.9326,,,Recent (≤5 years),0,Early Initiation of BF,Diets & Care (IYCF)
UNICEF_EECA,Europa del Este y Asia Central,NT_BF_EXBF,"Exclusive breastfeeding <6 months, %",Layer 1: Nutrition Outcomes,2024,34.5621,,,Recent (≤5 years),0,Exclusive BF <6m,Diets & Care (IYCF)
UNICEF_ESA,África Oriental y Meridional,IM_DTP3,"DTP3 immunisation coverage, % (proxy for health system reach)",Layer 2: Underlying Determinants,2024,76.0,,,Recent (≤5 years),0,DTP3 Immunisation,Services & Programme Coverage
UNICEF_ESA,África Oriental y Meridional,MNCH_ANC4,"ANC 4+ visits coverage, %",Layer 2: Underlying Determinants,2024,60.3,,,Recent (≤5 years),0,ANC 4+ Visits,Services & Programme Coverage
UNICEF_ESA,África Oriental y Meridional,MNCH_SAB,"Skilled birth attendance, %",Layer 2: Underlying Determinants,2024,76.7,,,Recent (≤5 years),0,Skilled Birth Attendance,Services & Programme Coverage
UNICEF_ESA,África Oriental y Meridional,NT_BF_EIBF,"Early initiation of breastfeeding within 1 hour, %",Layer 2: Underlying Determinants,2024,69.4849,,,Recent (≤5 years),0,Early Initiation of BF,Diets & Care (IYCF)
UNICEF_ESA,África Oriental y Meridional,NT_BF_EXBF,"Exclusive breastfeeding <6 months, %",Layer 1: Nutrition Outcomes,2024,56.7422,,,Recent (≤5 years),0,Exclusive BF <6m,Diets & Care (IYCF)
UNICEF_ESA,África Oriental y Meridional,NT_CF_MAD,"Minimum acceptable diet (6-23 months), %",Layer 2: Underlying Determinants,2024,12.3399,,,Recent (≤5 years),0,Minimum Acceptable Diet,Diets & Care (IYCF)
UNICEF_ESA,África Oriental y Meridional,NT_CF_MDD,"Minimum dietary diversity >=5/8 food groups (6-23 months), %",Layer 2: Underlying Determinants,2024,19.4124,,,Recent (≤5 years),0,Minimum Dietary Diversity,Diets & Care (IYCF)
UNICEF_ESA,África Oriental y Meridional,NT_CF_MMF,"Minimum meal frequency (6-23 months), %",Layer 2: Underlying Determinants,2024,51.0899,,,Recent (≤5 years),0,Minimum Meal Frequency,Diets & Care (IYCF)
UNICEF_ESARO,Eastern and Southern Africa (UNICEF Prog.regions),IM_DTP3,"DTP3 immunisation coverage, % (proxy for health system reach)",Layer 2: Underlying Determinants,2024,79.0,,,Recent (≤5 years),0,DTP3 Immunisation,Services & Programme Coverage
UNICEF_ESARO,Eastern and Southern Africa (UNICEF Prog.regions),MNCH_ANC4,"ANC 4+ visits coverage, %",Layer 2: Underlying Determinants,2024,62.4,,,Recent (≤5 years),0,ANC 4+ Visits,Services & Programme Coverage
UNICEF_ESARO,Eastern and Southern Africa (UNICEF Prog.regions),MNCH_SAB,"Skilled birth attendance, %",Layer 2: Underlying Determinants,2024,75.6,,,Recent (≤5 years),0,Skilled Birth Attendance,Services & Programme Coverage
UNICEF_ESARO,Eastern and Southern Africa (UNICEF Prog.regions),NT_BF_EIBF,"Early initiation of breastfeeding within 1 hour, %",Layer 2: Underlying Determinants,2024,69.4849,,,Recent (≤5 years),0,Early Initiation of BF,Diets & Care (IYCF)
UNICEF_ESARO,Eastern and Southern Africa (UNICEF Prog.regions),NT_BF_EXBF,"Exclusive breastfeeding <6 months, %",Layer 1: Nutrition Outcomes,2024,56.7422,,,Recent (≤5 years),0,Exclusive BF <6m,Diets & Care (IYCF)
UNICEF_ESARO,Eastern and Southern Africa (UNICEF Prog.regions),NT_CF_MAD,"Minimum acceptable diet (6-23 months), %",Layer 2: Underlying Determinants,2024,12.3399,,,Recent (≤5 years),0,Minimum Acceptable Diet,Diets & Care (IYCF)
UNICEF_ESARO,Eastern and Southern Africa (UNICEF Prog.regions),NT_CF_MDD,"Minimum dietary diversity >=5/8 food groups (6-23 months), %",Layer 2: Underlying Determinants,2024,19.4124,,,Recent (≤5 years),0,Minimum Dietary Diversity,Diets & Care (IYCF)
UNICEF_ESARO,Eastern and Southern Africa (UNICEF Prog.regions),NT_CF_MMF,"Minimum meal frequency (6-23 months), %",Layer 2: Underlying Determinants,2024,51.0899,,,Recent (≤5 years),0,Minimum Meal Frequency,Diets & Care (IYCF)
UNICEF_ESAR_OPS,ESAR (operational region),IM_DTP3,"DTP3 immunisation coverage, % (proxy for health system reach)",Layer 2: Underlying Determinants,2024,79.0,,,Recent (≤5 years),0,DTP3 Immunisation,Services & Programme Coverage
UNICEF_LAC,América Latina y el Caribe,IM_DTP3,"DTP3 immunisation coverage, % (proxy for health system reach)",Layer 2: Underlying Determinants,2024,82.0,,,Recent (≤5 years),0,DTP3 Immunisation,Services & Programme Coverage
UNICEF_LAC,América Latina y el Caribe,MNCH_ANC4,"ANC 4+ visits coverage, %",Layer 2: Underlying Determinants,2024,91.0,,,Recent (≤5 years),0,ANC 4+ Visits,Services & Programme Coverage
UNICEF_LAC,América Latina y el Caribe,MNCH_SAB,"Skilled birth attendance, %",Layer 2: Underlying Determinants,2024,95.9,,,Recent (≤5 years),0,Skilled Birth Attendance,Services & Programme Coverage
UNICEF_LAC,América Latina y el Caribe,NT_BF_EIBF,"Early initiation of breastfeeding within 1 hour, %",Layer 2: Underlying Determinants,2024,58.858,,,Recent (≤5 years),0,Early Initiation of BF,Diets & Care (IYCF)
UNICEF_LAC,América Latina y el Caribe,NT_BF_EXBF,"Exclusive breastfeeding <6 months, %",Layer 1: Nutrition Outcomes,2024,43.2,,,Recent (≤5 years),0,Exclusive BF <6m,Diets & Care (IYCF)
UNICEF_LACRO,Latin America and the Caribbean (UNICEF Prog.regions),IM_DTP3,"DTP3 immunisation coverage, % (proxy for health system reach)",Layer 2: Underlying Determinants,2024,82.0,,,Recent (≤5 years),0,DTP3 Immunisation,Services & Programme Coverage
UNICEF_LACRO,Latin America and the Caribbean (UNICEF Prog.regions),MNCH_ANC4,"ANC 4+ visits coverage, %",Layer 2: Underlying Determinants,2024,91.0,,,Recent (≤5 years),0,ANC 4+ Visits,Services & Programme Coverage
UNICEF_LACRO,Latin America and the Caribbean (UNICEF Prog.regions),MNCH_SAB,"Skilled birth attendance, %",Layer 2: Underlying Determinants,2024,95.9,,,Recent (≤5 years),0,Skilled Birth Attendance,Services & Programme Coverage
UNICEF_LACRO,Latin America and the Caribbean (UNICEF Prog.regions),NT_BF_EIBF,"Early initiation of breastfeeding within 1 hour, %",Layer 2: Underlying Determinants,2024,58.858,,,Recent (≤5 years),0,Early Initiation of BF,Diets & Care (IYCF)
UNICEF_LACRO,Latin America and the Caribbean (UNICEF Prog.regions),NT_BF_EXBF,"Exclusive breastfeeding <6 months, %",Layer 1: Nutrition Outcomes,2024,43.2,,,Recent (≤5 years),0,Exclusive BF <6m,Diets & Care (IYCF)
UNICEF_LACR_OPS,LACR (operational region),IM_DTP3,"DTP3 immunisation coverage, % (proxy for health system reach)",Layer 2: Underlying Determinants,2024,82.0,,,Recent (≤5 years),0,DTP3 Immunisation,Services & Programme Coverage
UNICEF_MENA,Oriente Medio y África del Norte,IM_DTP3,"DTP3 immunisation coverage, % (proxy for health system reach)",Layer 2: Underlying Determinants,2024,86.0,,,Recent (≤5 years),0,DTP3 Immunisation,Services & Programme Coverage
UNICEF_MENA,Oriente Medio y África del Norte,MNCH_ANC4,"ANC 4+ visits coverage, %",Layer 2: Underlying Determinants,2024,75.8,,,Recent (≤5 years),0,ANC 4+ Visits,Services & Programme Coverage
UNICEF_MENA,Oriente Medio y África del Norte,MNCH_SAB,"Skilled birth attendance, %",Layer 2: Underlying Determinants,2024,93.6,,,Recent (≤5 years),0,Skilled Birth Attendance,Services & Programme Coverage
UNICEF_MENA,Oriente Medio y África del Norte,NT_BF_EIBF,"Early initiation of breastfeeding within 1 hour, %",Layer 2: Underlying Determinants,2024,33.9498,,,Recent (≤5 years),0,Early Initiation of BF,Diets & Care (IYCF)
UNICEF_MENA,Oriente Medio y África del Norte,NT_BF_EXBF,"Exclusive breastfeeding <6 months, %",Layer 1: Nutrition Outcomes,2024,32.6988,,,Recent (≤5 years),0,Exclusive BF <6m,Diets & Care (IYCF)
UNICEF_MENA,Oriente Medio y África del Norte,NT_CF_MAD,"Minimum acceptable diet (6-23 months), %",Layer 2: Underlying Determinants,2024,27.6929,,,Recent (≤5 years),0,Minimum Acceptable Diet,Diets & Care (IYCF)
UNICEF_MENA,Oriente Medio y África del Norte,NT_CF_MDD,"Minimum dietary diversity >=5/8 food groups (6-23 months), %",Layer 2: Underlying Determinants,2024,37.6155,,,Recent (≤5 years),0,Minimum Dietary Diversity,Diets & Care (IYCF)
UNICEF_MENA,Oriente Medio y África del Norte,NT_CF_MMF,"Minimum meal frequency (6-23 months), %",Layer 2: Underlying Determinants,2024,59.3295,,,Recent (≤5 years),0,Minimum Meal Frequency,Diets & Care (IYCF)
UNICEF_MENARO,Middle East and North Africa (UNICEF Prog.regions),IM_DTP3,"DTP3 immunisation coverage, % (proxy for health system reach)",Layer 2: Underlying Determinants,2024,79.0,,,Recent (≤5 years),0,DTP3 Immunisation,Services & Programme Coverage
UNICEF_MENARO,Middle East and North Africa (UNICEF Prog.regions),MNCH_ANC4,"ANC 4+ visits coverage, %",Layer 2: Underlying Determinants,2024,70.0,,,Recent (≤5 years),0,ANC 4+ Visits,Services & Programme Coverage
UNICEF_MENARO,Middle East and North Africa (UNICEF Prog.regions),MNCH_SAB,"Skilled birth attendance, %",Layer 2: Underlying Determinants,2024,92.7,,,Recent (≤5 years),0,Skilled Birth Attendance,Services & Programme Coverage
UNICEF_MENARO,Middle East and North Africa (UNICEF Prog.regions),NT_CF_MDD,"Minimum dietary diversity >=5/8 food groups (6-23 months), %",Layer 2: Underlying Determinants,2024,37.6155,,,Recent (≤5 years),0,Minimum Dietary Diversity,Diets & Care (IYCF)
UNICEF_MENA_OPS,MENA (operational region),IM_DTP3,"DTP3 immunisation coverage, % (proxy for health system reach)",Layer 2: Underlying Determinants,2024,79.0,,,Recent (≤5 years),0,DTP3 Immunisation,Services & Programme Coverage
UNICEF_NA,América del Norte,IM_DTP3,"DTP3 immunisation coverage, % (proxy for health system reach)",Layer 2: Underlying Determinants,2024,94.0,,,Recent (≤5 years),0,DTP3 Immunisation,Services & Programme Coverage
UNICEF_NA,América del Norte,MNCH_ANC4,"ANC 4+ visits coverage, %",Layer 2: Underlying Determinants,2024,97.5,,,Recent (≤5 years),0,ANC 4+ Visits,Services & Programme Coverage
UNICEF_NA,América del Norte,MNCH_SAB,"Skilled birth attendance, %",Layer 2: Underlying Determinants,2024,98.8,,,Recent (≤5 years),0,Skilled Birth Attendance,Services & Programme Coverage
UNICEF_NA,América del Norte,NT_BF_EXBF,"Exclusive breastfeeding <6 months, %",Layer 1: Nutrition Outcomes,2024,25.8,,,Recent (≤5 years),0,Exclusive BF <6m,Diets & Care (IYCF)
UNICEF_PROG_REG_GLOBAL,UNICEF Programme Regions - Global,IM_DTP3,"DTP3 immunisation coverage, % (proxy for health system reach)",Layer 2: Underlying Determinants,2024,85.0,,,Recent (≤5 years),0,DTP3 Immunisation,Services & Programme Coverage
UNICEF_PROG_REG_GLOBAL,UNICEF Programme Regions - Global,MNCH_ANC4,"ANC 4+ visits coverage, %",Layer 2: Underlying Determinants,2024,70.3,,,Recent (≤5 years),0,ANC 4+ Visits,Services & Programme Coverage
UNICEF_PROG_REG_GLOBAL,UNICEF Programme Regions - Global,MNCH_SAB,"Skilled birth attendance, %",Layer 2: Underlying Determinants,2024,86.4,,,Recent (≤5 years),0,Skilled Birth Attendance,Services & Programme Coverage
UNICEF_REP_REG_GLOBAL,UNICEF reporting regions - Global,IM_DTP3,"DTP3 immunisation coverage, % (proxy for health system reach)",Layer 2: Underlying Determinants,2024,85.0,,,Recent (≤5 years),0,DTP3 Immunisation,Services & Programme Coverage
UNICEF_REP_REG_GLOBAL,UNICEF reporting regions - Global,MNCH_ANC4,"ANC 4+ visits coverage, %",Layer 2: Underlying Determinants,2024,70.3,,,Recent (≤5 years),0,ANC 4+ Visits,Services & Programme Coverage
UNICEF_REP_REG_GLOBAL,UNICEF reporting regions - Global,MNCH_SAB,"Skilled birth attendance, %",Layer 2: Underlying Determinants,2024,86.4,,,Recent (≤5 years),0,Skilled Birth Attendance,Services & Programme Coverage
UNICEF_ROSA,South Asia (UNICEF Prog.regions),IM_DTP3,"DTP3 immunisation coverage, % (proxy for health system reach)",Layer 2: Underlying Determinants,2024,92.0,,,Recent (≤5 years),0,DTP3 Immunisation,Services & Programme Coverage
UNICEF_ROSA,South Asia (UNICEF Prog.regions),MNCH_ANC4,"ANC 4+ visits coverage, %",Layer 2: Underlying Determinants,2024,62.8,,,Recent (≤5 years),0,ANC 4+ Visits,Services & Programme Coverage
UNICEF_ROSA,South Asia (UNICEF Prog.regions),MNCH_SAB,"Skilled birth attendance, %",Layer 2: Underlying Determinants,2024,87.8,,,Recent (≤5 years),0,Skilled Birth Attendance,Services & Programme Coverage
UNICEF_ROSA,South Asia (UNICEF Prog.regions),NT_BF_EIBF,"Early initiation of breastfeeding within 1 hour, %",Layer 2: Underlying Determinants,2024,37.7055,,,Recent (≤5 years),0,Early Initiation of BF,Diets & Care (IYCF)
UNICEF_ROSA,South Asia (UNICEF Prog.regions),NT_BF_EXBF,"Exclusive breastfeeding <6 months, %",Layer 1: Nutrition Outcomes,2024,59.5299,,,Recent (≤5 years),0,Exclusive BF <6m,Diets & Care (IYCF)
UNICEF_ROSA,South Asia (UNICEF Prog.regions),NT_CF_MAD,"Minimum acceptable diet (6-23 months), %",Layer 2: Underlying Determinants,2024,13.56,,,Recent (≤5 years),0,Minimum Acceptable Diet,Diets & Care (IYCF)
UNICEF_ROSA,South Asia (UNICEF Prog.regions),NT_CF_MDD,"Minimum dietary diversity >=5/8 food groups (6-23 months), %",Layer 2: Underlying Determinants,2024,23.3948,,,Recent (≤5 years),0,Minimum Dietary Diversity,Diets & Care (IYCF)
UNICEF_ROSA,South Asia (UNICEF Prog.regions),NT_CF_MMF,"Minimum meal frequency (6-23 months), %",Layer 2: Underlying Determinants,2024,43.2573,,,Recent (≤5 years),0,Minimum Meal Frequency,Diets & Care (IYCF)
UNICEF_ROSA_OPS,ROSA (operational region),IM_DTP3,"DTP3 immunisation coverage, % (proxy for health system reach)",Layer 2: Underlying Determinants,2024,92.0,,,Recent (≤5 years),0,DTP3 Immunisation,Services & Programme Coverage
UNICEF_SA,Asia Meridional,IM_DTP3,"DTP3 immunisation coverage, % (proxy for health system reach)",Layer 2: Underlying Determinants,2024,92.0,,,Recent (≤5 years),0,DTP3 Immunisation,Services & Programme Coverage
UNICEF_SA,Asia Meridional,MNCH_ANC4,"ANC 4+ visits coverage, %",Layer 2: Underlying Determinants,2024,62.8,,,Recent (≤5 years),0,ANC 4+ Visits,Services & Programme Coverage
UNICEF_SA,Asia Meridional,MNCH_SAB,"Skilled birth attendance, %",Layer 2: Underlying Determinants,2024,87.8,,,Recent (≤5 years),0,Skilled Birth Attendance,Services & Programme Coverage
UNICEF_SA,Asia Meridional,NT_BF_EIBF,"Early initiation of breastfeeding within 1 hour, %",Layer 2: Underlying Determinants,2024,37.7055,,,Recent (≤5 years),0,Early Initiation of BF,Diets & Care (IYCF)
UNICEF_SA,Asia Meridional,NT_BF_EXBF,"Exclusive breastfeeding <6 months, %",Layer 1: Nutrition Outcomes,2024,59.5299,,,Recent (≤5 years),0,Exclusive BF <6m,Diets & Care (IYCF)
UNICEF_SA,Asia Meridional,NT_CF_MAD,"Minimum acceptable diet (6-23 months), %",Layer 2: Underlying Determinants,2024,13.56,,,Recent (≤5 years),0,Minimum Acceptable Diet,Diets & Care (IYCF)
UNICEF_SA,Asia Meridional,NT_CF_MDD,"Minimum dietary diversity >=5/8 food groups (6-23 months), %",Layer 2: Underlying Determinants,2024,23.3948,,,Recent (≤5 years),0,Minimum Dietary Diversity,Diets & Care (IYCF)
UNICEF_SA,Asia Meridional,NT_CF_MMF,"Minimum meal frequency (6-23 months), %",Layer 2: Underlying Determinants,2024,43.2573,,,Recent (≤5 years),0,Minimum Meal Frequency,Diets & Care (IYCF)
UNICEF_SSA,África Subsahariana,IM_DTP3,"DTP3 immunisation coverage, % (proxy for health system reach)",Layer 2: Underlying Determinants,2024,74.0,,,Recent (≤5 years),0,DTP3 Immunisation,Services & Programme Coverage
UNICEF_SSA,África Subsahariana,MNCH_ANC4,"ANC 4+ visits coverage, %",Layer 2: Underlying Determinants,2024,57.5,,,Recent (≤5 years),0,ANC 4+ Visits,Services & Programme Coverage
UNICEF_SSA,África Subsahariana,MNCH_SAB,"Skilled birth attendance, %",Layer 2: Underlying Determinants,2024,72.5,,,Recent (≤5 years),0,Skilled Birth Attendance,Services & Programme Coverage
UNICEF_SSA,África Subsahariana,NT_BF_EIBF,"Early initiation of breastfeeding within 1 hour, %",Layer 2: Underlying Determinants,2024,56.4452,,,Recent (≤5 years),0,Early Initiation of BF,Diets & Care (IYCF)
UNICEF_SSA,África Subsahariana,NT_BF_EXBF,"Exclusive breastfeeding <6 months, %",Layer 1: Nutrition Outcomes,2024,45.6413,,,Recent (≤5 years),0,Exclusive BF <6m,Diets & Care (IYCF)
UNICEF_SSA,África Subsahariana,NT_CF_MAD,"Minimum acceptable diet (6-23 months), %",Layer 2: Underlying Determinants,2024,10.5819,,,Recent (≤5 years),0,Minimum Acceptable Diet,Diets & Care (IYCF)
UNICEF_SSA,África Subsahariana,NT_CF_MDD,"Minimum dietary diversity >=5/8 food groups (6-23 months), %",Layer 2: Underlying Determinants,2024,18.4572,,,Recent (≤5 years),0,Minimum Dietary Diversity,Diets & Care (IYCF)
UNICEF_SSA,África Subsahariana,NT_CF_MMF,"Minimum meal frequency (6-23 months), %",Layer 2: Underlying Determinants,2024,43.0164,,,Recent (≤5 years),0,Minimum Meal Frequency,Diets & Care (IYCF)
UNICEF_WCA,África Occidental y Central,IM_DTP3,"DTP3 immunisation coverage, % (proxy for health system reach)",Layer 2: Underlying Determinants,2024,72.0,,,Recent (≤5 years),0,DTP3 Immunisation,Services & Programme Coverage
UNICEF_WCA,África Occidental y Central,MNCH_ANC4,"ANC 4+ visits coverage, %",Layer 2: Underlying Determinants,2024,55.0,,,Recent (≤5 years),0,ANC 4+ Visits,Services & Programme Coverage
UNICEF_WCA,África Occidental y Central,MNCH_SAB,"Skilled birth attendance, %",Layer 2: Underlying Determinants,2024,68.6,,,Recent (≤5 years),0,Skilled Birth Attendance,Services & Programme Coverage
UNICEF_WCA,África Occidental y Central,NT_BF_EIBF,"Early initiation of breastfeeding within 1 hour, %",Layer 2: Underlying Determinants,2024,45.9036,,,Recent (≤5 years),0,Early Initiation of BF,Diets & Care (IYCF)
UNICEF_WCA,África Occidental y Central,NT_BF_EXBF,"Exclusive breastfeeding <6 months, %",Layer 1: Nutrition Outcomes,2024,37.4525,,,Recent (≤5 years),0,Exclusive BF <6m,Diets & Care (IYCF)
UNICEF_WCA,África Occidental y Central,NT_CF_MAD,"Minimum acceptable diet (6-23 months), %",Layer 2: Underlying Determinants,2024,9.2972,,,Recent (≤5 years),0,Minimum Acceptable Diet,Diets & Care (IYCF)
UNICEF_WCA,África Occidental y Central,NT_CF_MDD,"Minimum dietary diversity >=5/8 food groups (6-23 months), %",Layer 2: Underlying Determinants,2024,17.6576,,,Recent (≤5 years),0,Minimum Dietary Diversity,Diets & Care (IYCF)
UNICEF_WCA,África Occidental y Central,NT_CF_MMF,"Minimum meal frequency (6-23 months), %",Layer 2: Underlying Determinants,2024,37.1817,,,Recent (≤5 years),0,Minimum Meal Frequency,Diets & Care (IYCF)
UNICEF_WCARO,West and Central Africa (UNICEF Prog.regions),IM_DTP3,"DTP3 immunisation coverage, % (proxy for health system reach)",Layer 2: Underlying Determinants,2024,72.0,,,Recent (≤5 years),0,DTP3 Immunisation,Services & Programme Coverage
UNICEF_WCARO,West and Central Africa (UNICEF Prog.regions),MNCH_ANC4,"ANC 4+ visits coverage, %",Layer 2: Underlying Determinants,2024,55.0,,,Recent (≤5 years),0,ANC 4+ Visits,Services & Programme Coverage
UNICEF_WCARO,West and Central Africa (UNICEF Prog.regions),MNCH_SAB,"Skilled birth attendance, %",Layer 2: Underlying Determinants,2024,68.6,,,Recent (≤5 years),0,Skilled Birth Attendance,Services & Programme Coverage
UNICEF_WCARO,West and Central Africa (UNICEF Prog.regions),NT_BF_EIBF,"Early initiation of breastfeeding within 1 hour, %",Layer 2: Underlying Determinants,2024,45.9036,,,Recent (≤5 years),0,Early Initiation of BF,Diets & Care (IYCF)
UNICEF_WCARO,West and Central Africa (UNICEF Prog.regions),NT_BF_EXBF,"Exclusive breastfeeding <6 months, %",Layer 1: Nutrition Outcomes,2024,37.4525,,,Recent (≤5 years),0,Exclusive BF <6m,Diets & Care (IYCF)
UNICEF_WCARO,West and Central Africa (UNICEF Prog.regions),NT_CF_MAD,"Minimum acceptable diet (6-23 months), %",Layer 2: Underlying Determinants,2024,9.2972,,,Recent (≤5 years),0,Minimum Acceptable Diet,Diets & Care (IYCF)
UNICEF_WCARO,West and Central Africa (UNICEF Prog.regions),NT_CF_MDD,"Minimum dietary diversity >=5/8 food groups (6-23 months), %",Layer 2: Underlying Determinants,2024,17.6576,,,Recent (≤5 years),0,Minimum Dietary Diversity,Diets & Care (IYCF)
UNICEF_WCARO,West and Central Africa (UNICEF Prog.regions),NT_CF_MMF,"Minimum meal frequency (6-23 months), %",Layer 2: Underlying Determinants,2024,37.1817,,,Recent (≤5 years),0,Minimum Meal Frequency,Diets & Care (IYCF)
UNICEF_WCAR_OPS,WCAR (operational region),IM_DTP3,"DTP3 immunisation coverage, % (proxy for health system reach)",Layer 2: Underlying Determinants,2024,72.0,,,Recent (≤5 years),0,DTP3 Immunisation,Services & Programme Coverage
UNICEF_WE,Europa Occidental,IM_DTP3,"DTP3 immunisation coverage, % (proxy for health system reach)",Layer 2: Underlying Determinants,2024,93.0,,,Recent (≤5 years),0,DTP3 Immunisation,Services & Programme Coverage
UNICEF_WE,Europa Occidental,MNCH_SAB,"Skilled birth attendance, %",Layer 2: Underlying Determinants,2024,98.7,,,Recent (≤5 years),0,Skilled Birth Attendance,Services & Programme Coverage
UNSDG_AFRICA,Africa (UNSDG),MNCH_ANC4,"ANC 4+ visits coverage, %",Layer 2: Underlying Determinants,2024,59.9,,,Recent (≤5 years),0,ANC 4+ Visits,Services & Programme Coverage
UNSDG_AFRICA,Africa (UNSDG),MNCH_SAB,"Skilled birth attendance, %",Layer 2: Underlying Determinants,2024,74.8,,,Recent (≤5 years),0,Skilled Birth Attendance,Services & Programme Coverage
UNSDG_AFRICA,Africa (UNSDG),NT_BF_EIBF,"Early initiation of breastfeeding within 1 hour, %",Layer 2: Underlying Determinants,2024,54.4855,,,Recent (≤5 years),0,Early Initiation of BF,Diets & Care (IYCF)
UNSDG_AFRICA,Africa (UNSDG),NT_BF_EXBF,"Exclusive breastfeeding <6 months, %",Layer 1: Nutrition Outcomes,2024,44.7919,,,Recent (≤5 years),0,Exclusive BF <6m,Diets & Care (IYCF)
UNSDG_AFRICA,Africa (UNSDG),NT_CF_MAD,"Minimum acceptable diet (6-23 months), %",Layer 2: Underlying Determinants,2024,11.9608,,,Recent (≤5 years),0,Minimum Acceptable Diet,Diets & Care (IYCF)
UNSDG_AFRICA,Africa (UNSDG),NT_CF_MDD,"Minimum dietary diversity >=5/8 food groups (6-23 months), %",Layer 2: Underlying Determinants,2024,20.5327,,,Recent (≤5 years),0,Minimum Dietary Diversity,Diets & Care (IYCF)
UNSDG_AFRICA,Africa (UNSDG),NT_CF_MMF,"Minimum meal frequency (6-23 months), %",Layer 2: Underlying Determinants,2024,44.014,,,Recent (≤5 years),0,Minimum Meal Frequency,Diets & Care (IYCF)
UNSDG_AMERICAS,Americas (UNSDG),MNCH_ANC4,"ANC 4+ visits coverage, %",Layer 2: Underlying Determinants,2024,93.0,,,Recent (≤5 years),0,ANC 4+ Visits,Services & Programme Coverage
UNSDG_AMERICAS,Americas (UNSDG),MNCH_SAB,"Skilled birth attendance, %",Layer 2: Underlying Determinants,2024,96.8,,,Recent (≤5 years),0,Skilled Birth Attendance,Services & Programme Coverage
UNSDG_AMERICAS,Americas (UNSDG),NT_BF_EIBF,"Early initiation of breastfeeding within 1 hour, %",Layer 2: Underlying Determinants,2024,58.858,,,Recent (≤5 years),0,Early Initiation of BF,Diets & Care (IYCF)
UNSDG_AMERICAS,Americas (UNSDG),NT_BF_EXBF,"Exclusive breastfeeding <6 months, %",Layer 1: Nutrition Outcomes,2024,36.7721,,,Recent (≤5 years),0,Exclusive BF <6m,Diets & Care (IYCF)
UNSDG_ASIA,Asia (UNSDG),MNCH_ANC4,"ANC 4+ visits coverage, %",Layer 2: Underlying Determinants,2024,72.2,,,Recent (≤5 years),0,ANC 4+ Visits,Services & Programme Coverage
UNSDG_ASIA,Asia (UNSDG),MNCH_SAB,"Skilled birth attendance, %",Layer 2: Underlying Determinants,2024,91.5,,,Recent (≤5 years),0,Skilled Birth Attendance,Services & Programme Coverage
UNSDG_ASIA,Asia (UNSDG),NT_BF_EIBF,"Early initiation of breastfeeding within 1 hour, %",Layer 2: Underlying Determinants,2024,40.9657,,,Recent (≤5 years),0,Early Initiation of BF,Diets & Care (IYCF)
UNSDG_ASIA,Asia (UNSDG),NT_BF_EXBF,"Exclusive breastfeeding <6 months, %",Layer 1: Nutrition Outcomes,2024,51.422,,,Recent (≤5 years),0,Exclusive BF <6m,Diets & Care (IYCF)
UNSDG_ASIA,Asia (UNSDG),NT_CF_MAD,"Minimum acceptable diet (6-23 months), %",Layer 2: Underlying Determinants,2024,22.6354,,,Recent (≤5 years),0,Minimum Acceptable Diet,Diets & Care (IYCF)
UNSDG_ASIA,Asia (UNSDG),NT_CF_MDD,"Minimum dietary diversity >=5/8 food groups (6-23 months), %",Layer 2: Underlying Determinants,2024,34.8887,,,Recent (≤5 years),0,Minimum Dietary Diversity,Diets & Care (IYCF)
UNSDG_ASIA,Asia (UNSDG),NT_CF_MMF,"Minimum meal frequency (6-23 months), %",Layer 2: Underlying Determinants,2024,52.7093,,,Recent (≤5 years),0,Minimum Meal Frequency,Diets & Care (IYCF)
UNSDG_AUSTRALIANEWZEALAND,Australia and New Zealand (UNSDG),MNCH_ANC4,"ANC 4+ visits coverage, %",Layer 2: Underlying Determinants,2024,95.3,,,Recent (≤5 years),0,ANC 4+ Visits,Services & Programme Coverage
UNSDG_AUSTRALIANEWZEALAND,Australia and New Zealand (UNSDG),MNCH_SAB,"Skilled birth attendance, %",Layer 2: Underlying Determinants,2024,98.5,,,Recent (≤5 years),0,Skilled Birth Attendance,Services & Programme Coverage
UNSDG_CARIBBEAN,Caribbean (UNSDG),MNCH_ANC4,"ANC 4+ visits coverage, %",Layer 2: Underlying Determinants,2024,85.7,,,Recent (≤5 years),0,ANC 4+ Visits,Services & Programme Coverage
UNSDG_CARIBBEAN,Caribbean (UNSDG),MNCH_SAB,"Skilled birth attendance, %",Layer 2: Underlying Determinants,2024,90.0,,,Recent (≤5 years),0,Skilled Birth Attendance,Services & Programme Coverage
UNSDG_CARIBBEAN,Caribbean (UNSDG),NT_BF_EIBF,"Early initiation of breastfeeding within 1 hour, %",Layer 2: Underlying Determinants,2024,48.4215,,,Recent (≤5 years),0,Early Initiation of BF,Diets & Care (IYCF)
UNSDG_CARIBBEAN,Caribbean (UNSDG),NT_BF_EXBF,"Exclusive breastfeeding <6 months, %",Layer 1: Nutrition Outcomes,2024,25.0138,,,Recent (≤5 years),0,Exclusive BF <6m,Diets & Care (IYCF)
UNSDG_CARIBBEAN,Caribbean (UNSDG),NT_CF_MDD,"Minimum dietary diversity >=5/8 food groups (6-23 months), %",Layer 2: Underlying Determinants,2024,61.2717,,,Recent (≤5 years),0,Minimum Dietary Diversity,Diets & Care (IYCF)
UNSDG_CENTRALAMR,Central America (UNSDG),MNCH_ANC4,"ANC 4+ visits coverage, %",Layer 2: Underlying Determinants,2024,92.8,,,Recent (≤5 years),0,ANC 4+ Visits,Services & Programme Coverage
UNSDG_CENTRALAMR,Central America (UNSDG),MNCH_SAB,"Skilled birth attendance, %",Layer 2: Underlying Determinants,2024,92.9,,,Recent (≤5 years),0,Skilled Birth Attendance,Services & Programme Coverage
UNSDG_CENTRALAMR,Central America (UNSDG),NT_BF_EIBF,"Early initiation of breastfeeding within 1 hour, %",Layer 2: Underlying Determinants,2024,58.9811,,,Recent (≤5 years),0,Early Initiation of BF,Diets & Care (IYCF)
UNSDG_CENTRALAMR,Central America (UNSDG),NT_BF_EXBF,"Exclusive breastfeeding <6 months, %",Layer 1: Nutrition Outcomes,2024,37.9489,,,Recent (≤5 years),0,Exclusive BF <6m,Diets & Care (IYCF)
UNSDG_CENTRALAMR,Central America (UNSDG),NT_CF_MMF,"Minimum meal frequency (6-23 months), %",Layer 2: Underlying Determinants,2024,75.2,,,Recent (≤5 years),0,Minimum Meal Frequency,Diets & Care (IYCF)
UNSDG_CENTRALASIA,Central Asia (UNSDG),MNCH_ANC4,"ANC 4+ visits coverage, %",Layer 2: Underlying Determinants,2024,88.8,,,Recent (≤5 years),0,ANC 4+ Visits,Services & Programme Coverage
UNSDG_CENTRALASIA,Central Asia (UNSDG),MNCH_SAB,"Skilled birth attendance, %",Layer 2: Underlying Determinants,2024,99.5,,,Recent (≤5 years),0,Skilled Birth Attendance,Services & Programme Coverage
UNSDG_CENTRALASIA,Central Asia (UNSDG),NT_BF_EIBF,"Early initiation of breastfeeding within 1 hour, %",Layer 2: Underlying Determinants,2024,49.1642,,,Recent (≤5 years),0,Early Initiation of BF,Diets & Care (IYCF)
UNSDG_CENTRALASIA,Central Asia (UNSDG),NT_BF_EXBF,"Exclusive breastfeeding <6 months, %",Layer 1: Nutrition Outcomes,2024,33.0982,,,Recent (≤5 years),0,Exclusive BF <6m,Diets & Care (IYCF)
UNSDG_CENTRALASIA,Central Asia (UNSDG),NT_CF_MAD,"Minimum acceptable diet (6-23 months), %",Layer 2: Underlying Determinants,2024,37.1797,,,Recent (≤5 years),0,Minimum Acceptable Diet,Diets & Care (IYCF)
UNSDG_CENTRALASIA,Central Asia (UNSDG),NT_CF_MDD,"Minimum dietary diversity >=5/8 food groups (6-23 months), %",Layer 2: Underlying Determinants,2024,54.4277,,,Recent (≤5 years),0,Minimum Dietary Diversity,Diets & Care (IYCF)
UNSDG_CENTRALASIA,Central Asia (UNSDG),NT_CF_MMF,"Minimum meal frequency (6-23 months), %",Layer 2: Underlying Determinants,2024,65.7167,,,Recent (≤5 years),0,Minimum Meal Frequency,Diets & Care (IYCF)
UNSDG_CENTRALASIASOUTHERNASIA,Central and Southern Asia (UNSDG),MNCH_ANC4,"ANC 4+ visits coverage, %",Layer 2: Underlying Determinants,2024,65.0,,,Recent (≤5 years),0,ANC 4+ Visits,Services & Programme Coverage
UNSDG_CENTRALASIASOUTHERNASIA,Central and Southern Asia (UNSDG),MNCH_SAB,"Skilled birth attendance, %",Layer 2: Underlying Determinants,2024,88.7,,,Recent (≤5 years),0,Skilled Birth Attendance,Services & Programme Coverage
UNSDG_CENTRALASIASOUTHERNASIA,Central and Southern Asia (UNSDG),NT_BF_EIBF,"Early initiation of breastfeeding within 1 hour, %",Layer 2: Underlying Determinants,2024,38.1661,,,Recent (≤5 years),0,Early Initiation of BF,Diets & Care (IYCF)
UNSDG_CENTRALASIASOUTHERNASIA,Central and Southern Asia (UNSDG),NT_BF_EXBF,"Exclusive breastfeeding <6 months, %",Layer 1: Nutrition Outcomes,2024,58.439,,,Recent (≤5 years),0,Exclusive BF <6m,Diets & Care (IYCF)
UNSDG_CENTRALASIASOUTHERNASIA,Central and Southern Asia (UNSDG),NT_CF_MAD,"Minimum acceptable diet (6-23 months), %",Layer 2: Underlying Determinants,2024,14.5399,,,Recent (≤5 years),0,Minimum Acceptable Diet,Diets & Care (IYCF)
UNSDG_CENTRALASIASOUTHERNASIA,Central and Southern Asia (UNSDG),NT_CF_MDD,"Minimum dietary diversity >=5/8 food groups (6-23 months), %",Layer 2: Underlying Determinants,2024,24.6822,,,Recent (≤5 years),0,Minimum Dietary Diversity,Diets & Care (IYCF)
UNSDG_CENTRALASIASOUTHERNASIA,Central and Southern Asia (UNSDG),NT_CF_MMF,"Minimum meal frequency (6-23 months), %",Layer 2: Underlying Determinants,2024,44.189,,,Recent (≤5 years),0,Minimum Meal Frequency,Diets & Care (IYCF)
UNSDG_EASTERNAFR,Eastern Africa (UNSDG),MNCH_ANC4,"ANC 4+ visits coverage, %",Layer 2: Underlying Determinants,2024,62.0,,,Recent (≤5 years),0,ANC 4+ Visits,Services & Programme Coverage
UNSDG_EASTERNAFR,Eastern Africa (UNSDG),MNCH_SAB,"Skilled birth attendance, %",Layer 2: Underlying Determinants,2024,74.0,,,Recent (≤5 years),0,Skilled Birth Attendance,Services & Programme Coverage
UNSDG_EASTERNAFR,Eastern Africa (UNSDG),NT_BF_EIBF,"Early initiation of breastfeeding within 1 hour, %",Layer 2: Underlying Determinants,2024,70.9832,,,Recent (≤5 years),0,Early Initiation of BF,Diets & Care (IYCF)
UNSDG_EASTERNAFR,Eastern Africa (UNSDG),NT_BF_EXBF,"Exclusive breastfeeding <6 months, %",Layer 1: Nutrition Outcomes,2024,59.1375,,,Recent (≤5 years),0,Exclusive BF <6m,Diets & Care (IYCF)
UNSDG_EASTERNAFR,Eastern Africa (UNSDG),NT_CF_MAD,"Minimum acceptable diet (6-23 months), %",Layer 2: Underlying Determinants,2024,12.3408,,,Recent (≤5 years),0,Minimum Acceptable Diet,Diets & Care (IYCF)
UNSDG_EASTERNAFR,Eastern Africa (UNSDG),NT_CF_MDD,"Minimum dietary diversity >=5/8 food groups (6-23 months), %",Layer 2: Underlying Determinants,2024,19.3655,,,Recent (≤5 years),0,Minimum Dietary Diversity,Diets & Care (IYCF)
UNSDG_EASTERNAFR,Eastern Africa (UNSDG),NT_CF_MMF,"Minimum meal frequency (6-23 months), %",Layer 2: Underlying Determinants,2024,51.0379,,,Recent (≤5 years),0,Minimum Meal Frequency,Diets & Care (IYCF)
UNSDG_EASTERNASIA,Eastern Asia (UNSDG),MNCH_ANC4,"ANC 4+ visits coverage, %",Layer 2: Underlying Determinants,2024,94.1,,,Recent (≤5 years),0,ANC 4+ Visits,Services & Programme Coverage
UNSDG_EASTERNASIA,Eastern Asia (UNSDG),MNCH_SAB,"Skilled birth attendance, %",Layer 2: Underlying Determinants,2024,99.9,,,Recent (≤5 years),0,Skilled Birth Attendance,Services & Programme Coverage
UNSDG_EASTERNASIA,Eastern Asia (UNSDG),NT_BF_EXBF,"Exclusive breastfeeding <6 months, %",Layer 1: Nutrition Outcomes,2024,35.2145,,,Recent (≤5 years),0,Exclusive BF <6m,Diets & Care (IYCF)
UNSDG_EASTERNASIA,Eastern Asia (UNSDG),NT_CF_MAD,"Minimum acceptable diet (6-23 months), %",Layer 2: Underlying Determinants,2024,43.2894,,,Recent (≤5 years),0,Minimum Acceptable Diet,Diets & Care (IYCF)
UNSDG_EASTERNASIA,Eastern Asia (UNSDG),NT_CF_MDD,"Minimum dietary diversity >=5/8 food groups (6-23 months), %",Layer 2: Underlying Determinants,2024,60.4901,,,Recent (≤5 years),0,Minimum Dietary Diversity,Diets & Care (IYCF)
UNSDG_EASTERNASIA,Eastern Asia (UNSDG),NT_CF_MMF,"Minimum meal frequency (6-23 months), %",Layer 2: Underlying Determinants,2024,72.3515,,,Recent (≤5 years),0,Minimum Meal Frequency,Diets & Care (IYCF)
UNSDG_EASTERNASIASOUTHEASTERNASIA,Eastern and South-Eastern Asia (UNSDG),MNCH_ANC4,"ANC 4+ visits coverage, %",Layer 2: Underlying Determinants,2024,87.1,,,Recent (≤5 years),0,ANC 4+ Visits,Services & Programme Coverage
UNSDG_EASTERNASIASOUTHEASTERNASIA,Eastern and South-Eastern Asia (UNSDG),MNCH_SAB,"Skilled birth attendance, %",Layer 2: Underlying Determinants,2024,97.0,,,Recent (≤5 years),0,Skilled Birth Attendance,Services & Programme Coverage
UNSDG_EASTERNASIASOUTHEASTERNASIA,Eastern and South-Eastern Asia (UNSDG),NT_BF_EXBF,"Exclusive breastfeeding <6 months, %",Layer 1: Nutrition Outcomes,2024,37.4018,,,Recent (≤5 years),0,Exclusive BF <6m,Diets & Care (IYCF)
UNSDG_EASTERNASIASOUTHEASTERNASIA,Eastern and South-Eastern Asia (UNSDG),NT_CF_MAD,"Minimum acceptable diet (6-23 months), %",Layer 2: Underlying Determinants,2024,43.4158,,,Recent (≤5 years),0,Minimum Acceptable Diet,Diets & Care (IYCF)
UNSDG_EASTERNASIASOUTHEASTERNASIA,Eastern and South-Eastern Asia (UNSDG),NT_CF_MDD,"Minimum dietary diversity >=5/8 food groups (6-23 months), %",Layer 2: Underlying Determinants,2024,55.6953,,,Recent (≤5 years),0,Minimum Dietary Diversity,Diets & Care (IYCF)
UNSDG_EASTERNASIASOUTHEASTERNASIA,Eastern and South-Eastern Asia (UNSDG),NT_CF_MMF,"Minimum meal frequency (6-23 months), %",Layer 2: Underlying Determinants,2024,73.5193,,,Recent (≤5 years),0,Minimum Meal Frequency,Diets & Care (IYCF)
UNSDG_EASTERNEUROPE,Eastern Europe (UNSDG),MNCH_SAB,"Skilled birth attendance, %",Layer 2: Underlying Determinants,2024,99.4,,,Recent (≤5 years),0,Skilled Birth Attendance,Services & Programme Coverage
UNSDG_EUROPE,Europe (UNSDG),MNCH_SAB,"Skilled birth attendance, %",Layer 2: Underlying Determinants,2024,98.9,,,Recent (≤5 years),0,Skilled Birth Attendance,Services & Programme Coverage
UNSDG_EUROPENORTHERNAMR,Europe and Northern America (UNSDG),MNCH_ANC4,"ANC 4+ visits coverage, %",Layer 2: Underlying Determinants,2024,96.5,,,Recent (≤5 years),0,ANC 4+ Visits,Services & Programme Coverage
UNSDG_EUROPENORTHERNAMR,Europe and Northern America (UNSDG),MNCH_SAB,"Skilled birth attendance, %",Layer 2: Underlying Determinants,2024,98.9,,,Recent (≤5 years),0,Skilled Birth Attendance,Services & Programme Coverage
UNSDG_LAC,Latin America and the Caribbean (UNSDG),MNCH_ANC4,"ANC 4+ visits coverage, %",Layer 2: Underlying Determinants,2024,91.0,,,Recent (≤5 years),0,ANC 4+ Visits,Services & Programme Coverage
UNSDG_LAC,Latin America and the Caribbean (UNSDG),MNCH_SAB,"Skilled birth attendance, %",Layer 2: Underlying Determinants,2024,95.9,,,Recent (≤5 years),0,Skilled Birth Attendance,Services & Programme Coverage
UNSDG_LAC,Latin America and the Caribbean (UNSDG),NT_BF_EIBF,"Early initiation of breastfeeding within 1 hour, %",Layer 2: Underlying Determinants,2024,58.858,,,Recent (≤5 years),0,Early Initiation of BF,Diets & Care (IYCF)
UNSDG_LAC,Latin America and the Caribbean (UNSDG),NT_BF_EXBF,"Exclusive breastfeeding <6 months, %",Layer 1: Nutrition Outcomes,2024,43.2,,,Recent (≤5 years),0,Exclusive BF <6m,Diets & Care (IYCF)
UNSDG_LDC,Países menos adelantados,IM_DTP3,"DTP3 immunisation coverage, % (proxy for health system reach)",Layer 2: Underlying Determinants,2024,74.0,,,Recent (≤5 years),0,DTP3 Immunisation,Services & Programme Coverage
UNSDG_LDC,Países menos adelantados,MNCH_ANC4,"ANC 4+ visits coverage, %",Layer 2: Underlying Determinants,2024,54.0,,,Recent (≤5 years),0,ANC 4+ Visits,Services & Programme Coverage
UNSDG_LDC,Países menos adelantados,MNCH_SAB,"Skilled birth attendance, %",Layer 2: Underlying Determinants,2024,75.1,,,Recent (≤5 years),0,Skilled Birth Attendance,Services & Programme Coverage
UNSDG_LDC,Países menos adelantados,NT_BF_EIBF,"Early initiation of breastfeeding within 1 hour, %",Layer 2: Underlying Determinants,2024,58.938,,,Recent (≤5 years),0,Early Initiation of BF,Diets & Care (IYCF)
UNSDG_LDC,Países menos adelantados,NT_BF_EXBF,"Exclusive breastfeeding <6 months, %",Layer 1: Nutrition Outcomes,2024,51.6533,,,Recent (≤5 years),0,Exclusive BF <6m,Diets & Care (IYCF)
UNSDG_LDC,Países menos adelantados,NT_CF_MAD,"Minimum acceptable diet (6-23 months), %",Layer 2: Underlying Determinants,2024,13.2959,,,Recent (≤5 years),0,Minimum Acceptable Diet,Diets & Care (IYCF)
UNSDG_LDC,Países menos adelantados,NT_CF_MDD,"Minimum dietary diversity >=5/8 food groups (6-23 months), %",Layer 2: Underlying Determinants,2024,20.6202,,,Recent (≤5 years),0,Minimum Dietary Diversity,Diets & Care (IYCF)
UNSDG_LDC,Países menos adelantados,NT_CF_MMF,"Minimum meal frequency (6-23 months), %",Layer 2: Underlying Determinants,2024,45.6375,,,Recent (≤5 years),0,Minimum Meal Frequency,Diets & Care (IYCF)
UNSDG_LLDC,Landlocked developing countries (LLDC) (UNSDG),MNCH_ANC4,"ANC 4+ visits coverage, %",Layer 2: Underlying Determinants,2024,61.2,,,Recent (≤5 years),0,ANC 4+ Visits,Services & Programme Coverage
UNSDG_LLDC,Landlocked developing countries (LLDC) (UNSDG),MNCH_SAB,"Skilled birth attendance, %",Layer 2: Underlying Determinants,2024,74.8,,,Recent (≤5 years),0,Skilled Birth Attendance,Services & Programme Coverage
UNSDG_LLDC,Landlocked developing countries (LLDC) (UNSDG),NT_BF_EIBF,"Early initiation of breastfeeding within 1 hour, %",Layer 2: Underlying Determinants,2024,63.9865,,,Recent (≤5 years),0,Early Initiation of BF,Diets & Care (IYCF)
UNSDG_LLDC,Landlocked developing countries (LLDC) (UNSDG),NT_BF_EXBF,"Exclusive breastfeeding <6 months, %",Layer 1: Nutrition Outcomes,2024,49.9119,,,Recent (≤5 years),0,Exclusive BF <6m,Diets & Care (IYCF)
UNSDG_LLDC,Landlocked developing countries (LLDC) (UNSDG),NT_CF_MAD,"Minimum acceptable diet (6-23 months), %",Layer 2: Underlying Determinants,2024,15.9497,,,Recent (≤5 years),0,Minimum Acceptable Diet,Diets & Care (IYCF)
UNSDG_LLDC,Landlocked developing countries (LLDC) (UNSDG),NT_CF_MDD,"Minimum dietary diversity >=5/8 food groups (6-23 months), %",Layer 2: Underlying Determinants,2024,23.7683,,,Recent (≤5 years),0,Minimum Dietary Diversity,Diets & Care (IYCF)
UNSDG_LLDC,Landlocked developing countries (LLDC) (UNSDG),NT_CF_MMF,"Minimum meal frequency (6-23 months), %",Layer 2: Underlying Determinants,2024,53.5806,,,Recent (≤5 years),0,Minimum Meal Frequency,Diets & Care (IYCF)
UNSDG_MELANESIA,Melanesia (UNSDG),MNCH_ANC4,"ANC 4+ visits coverage, %",Layer 2: Underlying Determinants,2024,60.0,,,Recent (≤5 years),0,ANC 4+ Visits,Services & Programme Coverage
UNSDG_MELANESIA,Melanesia (UNSDG),MNCH_SAB,"Skilled birth attendance, %",Layer 2: Underlying Determinants,2024,76.4,,,Recent (≤5 years),0,Skilled Birth Attendance,Services & Programme Coverage
UNSDG_MICRONESIA,Micronesia (UNSDG),MNCH_SAB,"Skilled birth attendance, %",Layer 2: Underlying Determinants,2024,96.9,,,Recent (≤5 years),0,Skilled Birth Attendance,Services & Programme Coverage
UNSDG_MICRONESIA,Micronesia (UNSDG),NT_BF_EIBF,"Early initiation of breastfeeding within 1 hour, %",Layer 2: Underlying Determinants,2024,47.5095,,,Recent (≤5 years),0,Early Initiation of BF,Diets & Care (IYCF)
UNSDG_MICRONESIA,Micronesia (UNSDG),NT_BF_EXBF,"Exclusive breastfeeding <6 months, %",Layer 1: Nutrition Outcomes,2024,62.7218,,,Recent (≤5 years),0,Exclusive BF <6m,Diets & Care (IYCF)
UNSDG_MICRONESIA,Micronesia (UNSDG),NT_CF_MAD,"Minimum acceptable diet (6-23 months), %",Layer 2: Underlying Determinants,2024,9.7729,,,Recent (≤5 years),0,Minimum Acceptable Diet,Diets & Care (IYCF)
UNSDG_MICRONESIA,Micronesia (UNSDG),NT_CF_MDD,"Minimum dietary diversity >=5/8 food groups (6-23 months), %",Layer 2: Underlying Determinants,2024,12.6346,,,Recent (≤5 years),0,Minimum Dietary Diversity,Diets & Care (IYCF)
UNSDG_MICRONESIA,Micronesia (UNSDG),NT_CF_MMF,"Minimum meal frequency (6-23 months), %",Layer 2: Underlying Determinants,2024,71.7831,,,Recent (≤5 years),0,Minimum Meal Frequency,Diets & Care (IYCF)
UNSDG_MIDDLEAFR,Middle Africa (UNSDG),MNCH_ANC4,"ANC 4+ visits coverage, %",Layer 2: Underlying Determinants,2024,50.0,,,Recent (≤5 years),0,ANC 4+ Visits,Services & Programme Coverage
UNSDG_MIDDLEAFR,Middle Africa (UNSDG),MNCH_SAB,"Skilled birth attendance, %",Layer 2: Underlying Determinants,2024,79.0,,,Recent (≤5 years),0,Skilled Birth Attendance,Services & Programme Coverage
UNSDG_MIDDLEAFR,Middle Africa (UNSDG),NT_BF_EIBF,"Early initiation of breastfeeding within 1 hour, %",Layer 2: Underlying Determinants,2024,52.4174,,,Recent (≤5 years),0,Early Initiation of BF,Diets & Care (IYCF)
UNSDG_MIDDLEAFR,Middle Africa (UNSDG),NT_BF_EXBF,"Exclusive breastfeeding <6 months, %",Layer 1: Nutrition Outcomes,2024,41.73,,,Recent (≤5 years),0,Exclusive BF <6m,Diets & Care (IYCF)
UNSDG_MIDDLEAFR,Middle Africa (UNSDG),NT_CF_MAD,"Minimum acceptable diet (6-23 months), %",Layer 2: Underlying Determinants,2024,10.502,,,Recent (≤5 years),0,Minimum Acceptable Diet,Diets & Care (IYCF)
UNSDG_MIDDLEAFR,Middle Africa (UNSDG),NT_CF_MDD,"Minimum dietary diversity >=5/8 food groups (6-23 months), %",Layer 2: Underlying Determinants,2024,17.3811,,,Recent (≤5 years),0,Minimum Dietary Diversity,Diets & Care (IYCF)
UNSDG_MIDDLEAFR,Middle Africa (UNSDG),NT_CF_MMF,"Minimum meal frequency (6-23 months), %",Layer 2: Underlying Determinants,2024,32.933,,,Recent (≤5 years),0,Minimum Meal Frequency,Diets & Care (IYCF)
UNSDG_NORTHAFR,Northern Africa (UNSDG),MNCH_ANC4,"ANC 4+ visits coverage, %",Layer 2: Underlying Determinants,2024,70.3,,,Recent (≤5 years),0,ANC 4+ Visits,Services & Programme Coverage
UNSDG_NORTHAFR,Northern Africa (UNSDG),MNCH_SAB,"Skilled birth attendance, %",Layer 2: Underlying Determinants,2024,94.6,,,Recent (≤5 years),0,Skilled Birth Attendance,Services & Programme Coverage
UNSDG_NORTHAFR,Northern Africa (UNSDG),NT_BF_EIBF,"Early initiation of breastfeeding within 1 hour, %",Layer 2: Underlying Determinants,2024,32.9153,,,Recent (≤5 years),0,Early Initiation of BF,Diets & Care (IYCF)
UNSDG_NORTHAFR,Northern Africa (UNSDG),NT_BF_EXBF,"Exclusive breastfeeding <6 months, %",Layer 1: Nutrition Outcomes,2024,36.164,,,Recent (≤5 years),0,Exclusive BF <6m,Diets & Care (IYCF)
UNSDG_NORTHAFR,Northern Africa (UNSDG),NT_CF_MAD,"Minimum acceptable diet (6-23 months), %",Layer 2: Underlying Determinants,2024,25.458,,,Recent (≤5 years),0,Minimum Acceptable Diet,Diets & Care (IYCF)
UNSDG_NORTHAFR,Northern Africa (UNSDG),NT_CF_MDD,"Minimum dietary diversity >=5/8 food groups (6-23 months), %",Layer 2: Underlying Determinants,2024,42.1033,,,Recent (≤5 years),0,Minimum Dietary Diversity,Diets & Care (IYCF)
UNSDG_NORTHAFR,Northern Africa (UNSDG),NT_CF_MMF,"Minimum meal frequency (6-23 months), %",Layer 2: Underlying Determinants,2024,53.8408,,,Recent (≤5 years),0,Minimum Meal Frequency,Diets & Care (IYCF)
UNSDG_NORTHERNAMR,Northern America (UNSDG),MNCH_ANC4,"ANC 4+ visits coverage, %",Layer 2: Underlying Determinants,2024,97.5,,,Recent (≤5 years),0,ANC 4+ Visits,Services & Programme Coverage
UNSDG_NORTHERNAMR,Northern America (UNSDG),MNCH_SAB,"Skilled birth attendance, %",Layer 2: Underlying Determinants,2024,98.8,,,Recent (≤5 years),0,Skilled Birth Attendance,Services & Programme Coverage
UNSDG_NORTHERNAMR,Northern America (UNSDG),NT_BF_EXBF,"Exclusive breastfeeding <6 months, %",Layer 1: Nutrition Outcomes,2024,25.8,,,Recent (≤5 years),0,Exclusive BF <6m,Diets & Care (IYCF)
UNSDG_NORTHERNEUROPE,Northern Europe (UNSDG),MNCH_SAB,"Skilled birth attendance, %",Layer 2: Underlying Determinants,2024,99.3,,,Recent (≤5 years),0,Skilled Birth Attendance,Services & Programme Coverage
UNSDG_OCEANIA,Oceania (UNSDG),MNCH_ANC4,"ANC 4+ visits coverage, %",Layer 2: Underlying Determinants,2024,77.6,,,Recent (≤5 years),0,ANC 4+ Visits,Services & Programme Coverage
UNSDG_OCEANIA,Oceania (UNSDG),MNCH_SAB,"Skilled birth attendance, %",Layer 2: Underlying Determinants,2024,88.6,,,Recent (≤5 years),0,Skilled Birth Attendance,Services & Programme Coverage
UNSDG_OCEANIAexAUSNZL,Oceania (exc. Australia and New Zealand) (UNSDG),MNCH_ANC4,"ANC 4+ visits coverage, %",Layer 2: Underlying Determinants,2024,60.6,,,Recent (≤5 years),0,ANC 4+ Visits,Services & Programme Coverage
UNSDG_OCEANIAexAUSNZL,Oceania (exc. Australia and New Zealand) (UNSDG),MNCH_SAB,"Skilled birth attendance, %",Layer 2: Underlying Determinants,2024,77.4,,,Recent (≤5 years),0,Skilled Birth Attendance,Services & Programme Coverage
UNSDG_POLYNESIA,Polynesia (UNSDG),MNCH_ANC4,"ANC 4+ visits coverage, %",Layer 2: Underlying Determinants,2024,79.3,,,Recent (≤5 years),0,ANC 4+ Visits,Services & Programme Coverage
UNSDG_POLYNESIA,Polynesia (UNSDG),MNCH_SAB,"Skilled birth attendance, %",Layer 2: Underlying Determinants,2024,94.5,,,Recent (≤5 years),0,Skilled Birth Attendance,Services & Programme Coverage
UNSDG_POLYNESIA,Polynesia (UNSDG),NT_BF_EIBF,"Early initiation of breastfeeding within 1 hour, %",Layer 2: Underlying Determinants,2024,48.3171,,,Recent (≤5 years),0,Early Initiation of BF,Diets & Care (IYCF)
UNSDG_POLYNESIA,Polynesia (UNSDG),NT_BF_EXBF,"Exclusive breastfeeding <6 months, %",Layer 1: Nutrition Outcomes,2024,47.896,,,Recent (≤5 years),0,Exclusive BF <6m,Diets & Care (IYCF)
UNSDG_POLYNESIA,Polynesia (UNSDG),NT_CF_MAD,"Minimum acceptable diet (6-23 months), %",Layer 2: Underlying Determinants,2024,16.5942,,,Recent (≤5 years),0,Minimum Acceptable Diet,Diets & Care (IYCF)
UNSDG_POLYNESIA,Polynesia (UNSDG),NT_CF_MDD,"Minimum dietary diversity >=5/8 food groups (6-23 months), %",Layer 2: Underlying Determinants,2024,30.1732,,,Recent (≤5 years),0,Minimum Dietary Diversity,Diets & Care (IYCF)
UNSDG_POLYNESIA,Polynesia (UNSDG),NT_CF_MMF,"Minimum meal frequency (6-23 months), %",Layer 2: Underlying Determinants,2024,46.6523,,,Recent (≤5 years),0,Minimum Meal Frequency,Diets & Care (IYCF)
UNSDG_REGION_GLOBAL,SDG regions - Global (UNSDG),MNCH_ANC4,"ANC 4+ visits coverage, %",Layer 2: Underlying Determinants,2024,70.3,,,Recent (≤5 years),0,ANC 4+ Visits,Services & Programme Coverage
UNSDG_REGION_GLOBAL,SDG regions - Global (UNSDG),MNCH_SAB,"Skilled birth attendance, %",Layer 2: Underlying Determinants,2024,86.4,,,Recent (≤5 years),0,Skilled Birth Attendance,Services & Programme Coverage
UNSDG_REGION_GLOBAL,SDG regions - Global (UNSDG),NT_BF_EIBF,"Early initiation of breastfeeding within 1 hour, %",Layer 2: Underlying Determinants,2024,47.9674,,,Recent (≤5 years),0,Early Initiation of BF,Diets & Care (IYCF)
UNSDG_REGION_GLOBAL,SDG regions - Global (UNSDG),NT_BF_EXBF,"Exclusive breastfeeding <6 months, %",Layer 1: Nutrition Outcomes,2024,47.4336,,,Recent (≤5 years),0,Exclusive BF <6m,Diets & Care (IYCF)
UNSDG_REGION_GLOBAL,SDG regions - Global (UNSDG),NT_CF_MAD,"Minimum acceptable diet (6-23 months), %",Layer 2: Underlying Determinants,2024,18.3714,,,Recent (≤5 years),0,Minimum Acceptable Diet,Diets & Care (IYCF)
UNSDG_REGION_GLOBAL,SDG regions - Global (UNSDG),NT_CF_MDD,"Minimum dietary diversity >=5/8 food groups (6-23 months), %",Layer 2: Underlying Determinants,2024,30.7987,,,Recent (≤5 years),0,Minimum Dietary Diversity,Diets & Care (IYCF)
UNSDG_REGION_GLOBAL,SDG regions - Global (UNSDG),NT_CF_MMF,"Minimum meal frequency (6-23 months), %",Layer 2: Underlying Determinants,2024,49.8295,,,Recent (≤5 years),0,Minimum Meal Frequency,Diets & Care (IYCF)
UNSDG_SIDS,Small island developing States (SIDS) (UNSDG),MNCH_ANC4,"ANC 4+ visits coverage, %",Layer 2: Underlying Determinants,2024,77.4,,,Recent (≤5 years),0,ANC 4+ Visits,Services & Programme Coverage
UNSDG_SIDS,Small island developing States (SIDS) (UNSDG),MNCH_SAB,"Skilled birth attendance, %",Layer 2: Underlying Determinants,2024,85.7,,,Recent (≤5 years),0,Skilled Birth Attendance,Services & Programme Coverage
UNSDG_SIDS,Small island developing States (SIDS) (UNSDG),NT_BF_EIBF,"Early initiation of breastfeeding within 1 hour, %",Layer 2: Underlying Determinants,2024,47.69,,,Recent (≤5 years),0,Early Initiation of BF,Diets & Care (IYCF)
UNSDG_SOUTHAMR,South America (UNSDG),MNCH_ANC4,"ANC 4+ visits coverage, %",Layer 2: Underlying Determinants,2024,90.7,,,Recent (≤5 years),0,ANC 4+ Visits,Services & Programme Coverage
UNSDG_SOUTHAMR,South America (UNSDG),MNCH_SAB,"Skilled birth attendance, %",Layer 2: Underlying Determinants,2024,98.1,,,Recent (≤5 years),0,Skilled Birth Attendance,Services & Programme Coverage
UNSDG_SOUTHAMR,South America (UNSDG),NT_BF_EIBF,"Early initiation of breastfeeding within 1 hour, %",Layer 2: Underlying Determinants,2024,60.1899,,,Recent (≤5 years),0,Early Initiation of BF,Diets & Care (IYCF)
UNSDG_SOUTHAMR,South America (UNSDG),NT_BF_EXBF,"Exclusive breastfeeding <6 months, %",Layer 1: Nutrition Outcomes,2024,49.7675,,,Recent (≤5 years),0,Exclusive BF <6m,Diets & Care (IYCF)
UNSDG_SOUTHAMR,South America (UNSDG),NT_CF_MDD,"Minimum dietary diversity >=5/8 food groups (6-23 months), %",Layer 2: Underlying Determinants,2024,68.299,,,Recent (≤5 years),0,Minimum Dietary Diversity,Diets & Care (IYCF)
UNSDG_SOUTHASIA,Southern Asia (UNSDG),MNCH_ANC4,"ANC 4+ visits coverage, %",Layer 2: Underlying Determinants,2024,63.8,,,Recent (≤5 years),0,ANC 4+ Visits,Services & Programme Coverage
UNSDG_SOUTHASIA,Southern Asia (UNSDG),MNCH_SAB,"Skilled birth attendance, %",Layer 2: Underlying Determinants,2024,88.1,,,Recent (≤5 years),0,Skilled Birth Attendance,Services & Programme Coverage
UNSDG_SOUTHASIA,Southern Asia (UNSDG),NT_BF_EIBF,"Early initiation of breastfeeding within 1 hour, %",Layer 2: Underlying Determinants,2024,37.7055,,,Recent (≤5 years),0,Early Initiation of BF,Diets & Care (IYCF)
UNSDG_SOUTHASIA,Southern Asia (UNSDG),NT_BF_EXBF,"Exclusive breastfeeding <6 months, %",Layer 1: Nutrition Outcomes,2024,59.5299,,,Recent (≤5 years),0,Exclusive BF <6m,Diets & Care (IYCF)
UNSDG_SOUTHASIA,Southern Asia (UNSDG),NT_CF_MAD,"Minimum acceptable diet (6-23 months), %",Layer 2: Underlying Determinants,2024,13.56,,,Recent (≤5 years),0,Minimum Acceptable Diet,Diets & Care (IYCF)
UNSDG_SOUTHASIA,Southern Asia (UNSDG),NT_CF_MDD,"Minimum dietary diversity >=5/8 food groups (6-23 months), %",Layer 2: Underlying Determinants,2024,23.3948,,,Recent (≤5 years),0,Minimum Dietary Diversity,Diets & Care (IYCF)
UNSDG_SOUTHASIA,Southern Asia (UNSDG),NT_CF_MMF,"Minimum meal frequency (6-23 months), %",Layer 2: Underlying Determinants,2024,43.2573,,,Recent (≤5 years),0,Minimum Meal Frequency,Diets & Care (IYCF)
UNSDG_SOUTHEASTERNASIA,South-eastern Asia (UNSDG),MNCH_ANC4,"ANC 4+ visits coverage, %",Layer 2: Underlying Determinants,2024,80.5,,,Recent (≤5 years),0,ANC 4+ Visits,Services & Programme Coverage
UNSDG_SOUTHEASTERNASIA,South-eastern Asia (UNSDG),MNCH_SAB,"Skilled birth attendance, %",Layer 2: Underlying Determinants,2024,94.1,,,Recent (≤5 years),0,Skilled Birth Attendance,Services & Programme Coverage
UNSDG_SOUTHEASTERNASIA,South-eastern Asia (UNSDG),NT_BF_EIBF,"Early initiation of breastfeeding within 1 hour, %",Layer 2: Underlying Determinants,2024,50.3334,,,Recent (≤5 years),0,Early Initiation of BF,Diets & Care (IYCF)
UNSDG_SOUTHEASTERNASIA,South-eastern Asia (UNSDG),NT_CF_MDD,"Minimum dietary diversity >=5/8 food groups (6-23 months), %",Layer 2: Underlying Determinants,2024,50.7002,,,Recent (≤5 years),0,Minimum Dietary Diversity,Diets & Care (IYCF)
UNSDG_SOUTHERNAFR,Southern Africa (UNSDG),MNCH_ANC4,"ANC 4+ visits coverage, %",Layer 2: Underlying Determinants,2024,74.3,,,Recent (≤5 years),0,ANC 4+ Visits,Services & Programme Coverage
UNSDG_SOUTHERNAFR,Southern Africa (UNSDG),MNCH_SAB,"Skilled birth attendance, %",Layer 2: Underlying Determinants,2024,97.4,,,Recent (≤5 years),0,Skilled Birth Attendance,Services & Programme Coverage
UNSDG_SOUTHERNEUROPE,Southern Europe (UNSDG),MNCH_ANC4,"ANC 4+ visits coverage, %",Layer 2: Underlying Determinants,2024,91.7,,,Recent (≤5 years),0,ANC 4+ Visits,Services & Programme Coverage
UNSDG_SOUTHERNEUROPE,Southern Europe (UNSDG),MNCH_SAB,"Skilled birth attendance, %",Layer 2: Underlying Determinants,2024,99.8,,,Recent (≤5 years),0,Skilled Birth Attendance,Services & Programme Coverage
UNSDG_SUBSAHARANAFRICA,Sub-Saharan Africa (UNSDG),MNCH_ANC4,"ANC 4+ visits coverage, %",Layer 2: Underlying Determinants,2024,58.4,,,Recent (≤5 years),0,ANC 4+ Visits,Services & Programme Coverage
UNSDG_SUBSAHARANAFRICA,Sub-Saharan Africa (UNSDG),MNCH_SAB,"Skilled birth attendance, %",Layer 2: Underlying Determinants,2024,71.9,,,Recent (≤5 years),0,Skilled Birth Attendance,Services & Programme Coverage
UNSDG_SUBSAHARANAFRICA,Sub-Saharan Africa (UNSDG),NT_BF_EIBF,"Early initiation of breastfeeding within 1 hour, %",Layer 2: Underlying Determinants,2024,56.4452,,,Recent (≤5 years),0,Early Initiation of BF,Diets & Care (IYCF)
UNSDG_SUBSAHARANAFRICA,Sub-Saharan Africa (UNSDG),NT_BF_EXBF,"Exclusive breastfeeding <6 months, %",Layer 1: Nutrition Outcomes,2024,45.6413,,,Recent (≤5 years),0,Exclusive BF <6m,Diets & Care (IYCF)
UNSDG_SUBSAHARANAFRICA,Sub-Saharan Africa (UNSDG),NT_CF_MAD,"Minimum acceptable diet (6-23 months), %",Layer 2: Underlying Determinants,2024,10.5819,,,Recent (≤5 years),0,Minimum Acceptable Diet,Diets & Care (IYCF)
UNSDG_SUBSAHARANAFRICA,Sub-Saharan Africa (UNSDG),NT_CF_MDD,"Minimum dietary diversity >=5/8 food groups (6-23 months), %",Layer 2: Underlying Determinants,2024,18.4572,,,Recent (≤5 years),0,Minimum Dietary Diversity,Diets & Care (IYCF)
UNSDG_SUBSAHARANAFRICA,Sub-Saharan Africa (UNSDG),NT_CF_MMF,"Minimum meal frequency (6-23 months), %",Layer 2: Underlying Determinants,2024,43.0164,,,Recent (≤5 years),0,Minimum Meal Frequency,Diets & Care (IYCF)
UNSDG_WESTERNAFR,Western Africa (UNSDG),MNCH_ANC4,"ANC 4+ visits coverage, %",Layer 2: Underlying Determinants,2024,57.7,,,Recent (≤5 years),0,ANC 4+ Visits,Services & Programme Coverage
UNSDG_WESTERNAFR,Western Africa (UNSDG),MNCH_SAB,"Skilled birth attendance, %",Layer 2: Underlying Determinants,2024,63.3,,,Recent (≤5 years),0,Skilled Birth Attendance,Services & Programme Coverage
UNSDG_WESTERNAFR,Western Africa (UNSDG),NT_BF_EIBF,"Early initiation of breastfeeding within 1 hour, %",Layer 2: Underlying Determinants,2024,43.029,,,Recent (≤5 years),0,Early Initiation of BF,Diets & Care (IYCF)
UNSDG_WESTERNAFR,Western Africa (UNSDG),NT_BF_EXBF,"Exclusive breastfeeding <6 months, %",Layer 1: Nutrition Outcomes,2024,34.6296,,,Recent (≤5 years),0,Exclusive BF <6m,Diets & Care (IYCF)
UNSDG_WESTERNAFR,Western Africa (UNSDG),NT_CF_MAD,"Minimum acceptable diet (6-23 months), %",Layer 2: Underlying Determinants,2024,8.7716,,,Recent (≤5 years),0,Minimum Acceptable Diet,Diets & Care (IYCF)
UNSDG_WESTERNAFR,Western Africa (UNSDG),NT_CF_MDD,"Minimum dietary diversity >=5/8 food groups (6-23 months), %",Layer 2: Underlying Determinants,2024,18.023,,,Recent (≤5 years),0,Minimum Dietary Diversity,Diets & Care (IYCF)
UNSDG_WESTERNAFR,Western Africa (UNSDG),NT_CF_MMF,"Minimum meal frequency (6-23 months), %",Layer 2: Underlying Determinants,2024,39.1032,,,Recent (≤5 years),0,Minimum Meal Frequency,Diets & Care (IYCF)
UNSDG_WESTERNASIA,Western Asia (UNSDG),MNCH_ANC4,"ANC 4+ visits coverage, %",Layer 2: Underlying Determinants,2024,70.1,,,Recent (≤5 years),0,ANC 4+ Visits,Services & Programme Coverage
UNSDG_WESTERNASIA,Western Asia (UNSDG),MNCH_SAB,"Skilled birth attendance, %",Layer 2: Underlying Determinants,2024,91.1,,,Recent (≤5 years),0,Skilled Birth Attendance,Services & Programme Coverage
UNSDG_WESTERNASIA,Western Asia (UNSDG),NT_BF_EIBF,"Early initiation of breastfeeding within 1 hour, %",Layer 2: Underlying Determinants,2024,45.6566,,,Recent (≤5 years),0,Early Initiation of BF,Diets & Care (IYCF)
UNSDG_WESTERNASIA,Western Asia (UNSDG),NT_BF_EXBF,"Exclusive breastfeeding <6 months, %",Layer 1: Nutrition Outcomes,2024,31.0075,,,Recent (≤5 years),0,Exclusive BF <6m,Diets & Care (IYCF)
UNSDG_WESTERNASIA,Western Asia (UNSDG),NT_CF_MDD,"Minimum dietary diversity >=5/8 food groups (6-23 months), %",Layer 2: Underlying Determinants,2024,34.2543,,,Recent (≤5 years),0,Minimum Dietary Diversity,Diets & Care (IYCF)
UNSDG_WESTERNASIANORTHERNAFR,Northern Africa and Western Asia (UNSDG),MNCH_ANC4,"ANC 4+ visits coverage, %",Layer 2: Underlying Determinants,2024,70.2,,,Recent (≤5 years),0,ANC 4+ Visits,Services & Programme Coverage
UNSDG_WESTERNASIANORTHERNAFR,Northern Africa and Western Asia (UNSDG),MNCH_SAB,"Skilled birth attendance, %",Layer 2: Underlying Determinants,2024,92.8,,,Recent (≤5 years),0,Skilled Birth Attendance,Services & Programme Coverage
UNSDG_WESTERNASIANORTHERNAFR,Northern Africa and Western Asia (UNSDG),NT_BF_EIBF,"Early initiation of breastfeeding within 1 hour, %",Layer 2: Underlying Determinants,2024,39.2806,,,Recent (≤5 years),0,Early Initiation of BF,Diets & Care (IYCF)
UNSDG_WESTERNASIANORTHERNAFR,Northern Africa and Western Asia (UNSDG),NT_BF_EXBF,"Exclusive breastfeeding <6 months, %",Layer 1: Nutrition Outcomes,2024,33.5964,,,Recent (≤5 years),0,Exclusive BF <6m,Diets & Care (IYCF)
UNSDG_WESTERNASIANORTHERNAFR,Northern Africa and Western Asia (UNSDG),NT_CF_MDD,"Minimum dietary diversity >=5/8 food groups (6-23 months), %",Layer 2: Underlying Determinants,2024,38.0535,,,Recent (≤5 years),0,Minimum Dietary Diversity,Diets & Care (IYCF)
UNSDG_WESTERNEUROPE,Western Europe (UNSDG),MNCH_ANC4,"ANC 4+ visits coverage, %",Layer 2: Underlying Determinants,2024,98.9,,,Recent (≤5 years),0,ANC 4+ Visits,Services & Programme Coverage
UNSDG_WESTERNEUROPE,Western Europe (UNSDG),MNCH_SAB,"Skilled birth attendance, %",Layer 2: Underlying Determinants,2024,97.4,,,Recent (≤5 years),0,Skilled Birth Attendance,Services & Programme Coverage
URY,Uruguay,IM_DTP3,"DTP3 immunisation coverage, % (proxy for health system reach)",Layer 2: Underlying Determinants,2024,94.0,Latin America and Caribbean,High income,Recent (≤5 years),0,DTP3 Immunisation,Services & Programme Coverage
URY,Uruguay,MNCH_ANC4,"ANC 4+ visits coverage, %",Layer 2: Underlying Determinants,2023,97.6,Latin America and Caribbean,High income,Recent (≤5 years),1,ANC 4+ Visits,Services & Programme Coverage
URY,Uruguay,MNCH_SAB,"Skilled birth attendance, %",Layer 2: Underlying Determinants,2023,100.0,Latin America and Caribbean,High income,Recent (≤5 years),1,Skilled Birth Attendance,Services & Programme Coverage
URY,Uruguay,NT_BF_EIBF,"Early initiation of breastfeeding within 1 hour, %",Layer 2: Underlying Determinants,2023,66.0985,Latin America and Caribbean,High income,Recent (≤5 years),1,Early Initiation of BF,Diets & Care (IYCF)
URY,Uruguay,NT_BF_EXBF,"Exclusive breastfeeding <6 months, %",Layer 1: Nutrition Outcomes,2023,51.3423,Latin America and Caribbean,High income,Recent (≤5 years),1,Exclusive BF <6m,Diets & Care (IYCF)
URY,Uruguay,NT_CF_MDD,"Minimum dietary diversity >=5/8 food groups (6-23 months), %",Layer 2: Underlying Determinants,2023,79.4195,Latin America and Caribbean,High income,Recent (≤5 years),1,Minimum Dietary Diversity,Diets & Care (IYCF)
USA,United States,IM_DTP3,"DTP3 immunisation coverage, % (proxy for health system reach)",Layer 2: Underlying Determinants,2024,94.0,North America,High income,Recent (≤5 years),0,DTP3 Immunisation,Services & Programme Coverage
USA,United States,MNCH_ANC4,"ANC 4+ visits coverage, %",Layer 2: Underlying Determinants,2011,96.6,North America,High income,Outdated (>10 years),13,ANC 4+ Visits,Services & Programme Coverage
USA,United States,MNCH_SAB,"Skilled birth attendance, %",Layer 2: Underlying Determinants,2023,98.8,North America,High income,Recent (≤5 years),1,Skilled Birth Attendance,Services & Programme Coverage
USA,United States,NT_BF_EXBF,"Exclusive breastfeeding <6 months, %",Layer 1: Nutrition Outcomes,2018,25.7992,North America,High income,Dated (6-10 years),6,Exclusive BF <6m,Diets & Care (IYCF)
UZB,Uzbekistan,IM_DTP3,"DTP3 immunisation coverage, % (proxy for health system reach)",Layer 2: Underlying Determinants,2024,90.0,Europe and Central Asia,Lower middle income,Recent (≤5 years),0,DTP3 Immunisation,Services & Programme Coverage
UZB,Uzbekistan,MNCH_ANC4,"ANC 4+ visits coverage, %",Layer 2: Underlying Determinants,2022,89.5,Europe and Central Asia,Lower middle income,Recent (≤5 years),2,ANC 4+ Visits,Services & Programme Coverage
UZB,Uzbekistan,MNCH_SAB,"Skilled birth attendance, %",Layer 2: Underlying Determinants,2022,99.0,Europe and Central Asia,Lower middle income,Recent (≤5 years),2,Skilled Birth Attendance,Services & Programme Coverage
UZB,Uzbekistan,NT_BF_EIBF,"Early initiation of breastfeeding within 1 hour, %",Layer 2: Underlying Determinants,2021,40.2986,Europe and Central Asia,Lower middle income,Recent (≤5 years),3,Early Initiation of BF,Diets & Care (IYCF)
UZB,Uzbekistan,NT_BF_EXBF,"Exclusive breastfeeding <6 months, %",Layer 1: Nutrition Outcomes,2021,25.2042,Europe and Central Asia,Lower middle income,Recent (≤5 years),3,Exclusive BF <6m,Diets & Care (IYCF)
UZB,Uzbekistan,NT_CF_MAD,"Minimum acceptable diet (6-23 months), %",Layer 2: Underlying Determinants,2021,38.6338,Europe and Central Asia,Lower middle income,Recent (≤5 years),3,Minimum Acceptable Diet,Diets & Care (IYCF)
UZB,Uzbekistan,NT_CF_MDD,"Minimum dietary diversity >=5/8 food groups (6-23 months), %",Layer 2: Underlying Determinants,2021,56.112,Europe and Central Asia,Lower middle income,Recent (≤5 years),3,Minimum Dietary Diversity,Diets & Care (IYCF)
UZB,Uzbekistan,NT_CF_MMF,"Minimum meal frequency (6-23 months), %",Layer 2: Underlying Determinants,2021,68.8067,Europe and Central Asia,Lower middle income,Recent (≤5 years),3,Minimum Meal Frequency,Diets & Care (IYCF)
VCT,Saint Vincent and the Grenadines,IM_DTP3,"DTP3 immunisation coverage, % (proxy for health system reach)",Layer 2: Underlying Determinants,2024,99.0,Latin America and Caribbean,Upper middle income,Recent (≤5 years),0,DTP3 Immunisation,Services & Programme Coverage
VCT,Saint Vincent and the Grenadines,MNCH_ANC4,"ANC 4+ visits coverage, %",Layer 2: Underlying Determinants,2009,99.5,Latin America and Caribbean,Upper middle income,Outdated (>10 years),15,ANC 4+ Visits,Services & Programme Coverage
VCT,Saint Vincent and the Grenadines,MNCH_SAB,"Skilled birth attendance, %",Layer 2: Underlying Determinants,2021,99.0,Latin America and Caribbean,Upper middle income,Recent (≤5 years),3,Skilled Birth Attendance,Services & Programme Coverage
VEN,Venezuela (Bolivarian Republic of),IM_DTP3,"DTP3 immunisation coverage, % (proxy for health system reach)",Layer 2: Underlying Determinants,2024,62.0,Latin America and Caribbean,Upper middle income,Recent (≤5 years),0,DTP3 Immunisation,Services & Programme Coverage
VEN,Venezuela (Bolivarian Republic of),MNCH_ANC4,"ANC 4+ visits coverage, %",Layer 2: Underlying Determinants,2013,83.8,Latin America and Caribbean,Upper middle income,Outdated (>10 years),11,ANC 4+ Visits,Services & Programme Coverage
VEN,Venezuela (Bolivarian Republic of),MNCH_SAB,"Skilled birth attendance, %",Layer 2: Underlying Determinants,2018,98.7,Latin America and Caribbean,Upper middle income,Dated (6-10 years),6,Skilled Birth Attendance,Services & Programme Coverage
VNM,Viet Nam,IM_DTP3,"DTP3 immunisation coverage, % (proxy for health system reach)",Layer 2: Underlying Determinants,2024,97.0,East Asia and Pacific,Lower middle income,Recent (≤5 years),0,DTP3 Immunisation,Services & Programme Coverage
VNM,Viet Nam,MNCH_ANC4,"ANC 4+ visits coverage, %",Layer 2: Underlying Determinants,2023,87.7,East Asia and Pacific,Lower middle income,Recent (≤5 years),1,ANC 4+ Visits,Services & Programme Coverage
VNM,Viet Nam,MNCH_SAB,"Skilled birth attendance, %",Layer 2: Underlying Determinants,2022,98.0,East Asia and Pacific,Lower middle income,Recent (≤5 years),2,Skilled Birth Attendance,Services & Programme Coverage
VNM,Viet Nam,NT_BF_EIBF,"Early initiation of breastfeeding within 1 hour, %",Layer 2: Underlying Determinants,2020,23.4512,East Asia and Pacific,Lower middle income,Recent (≤5 years),4,Early Initiation of BF,Diets & Care (IYCF)
VNM,Viet Nam,NT_BF_EXBF,"Exclusive breastfeeding <6 months, %",Layer 1: Nutrition Outcomes,2020,45.4294,East Asia and Pacific,Lower middle income,Recent (≤5 years),4,Exclusive BF <6m,Diets & Care (IYCF)
VNM,Viet Nam,NT_CF_MAD,"Minimum acceptable diet (6-23 months), %",Layer 2: Underlying Determinants,2020,45.6568,East Asia and Pacific,Lower middle income,Recent (≤5 years),4,Minimum Acceptable Diet,Diets & Care (IYCF)
VNM,Viet Nam,NT_CF_MDD,"Minimum dietary diversity >=5/8 food groups (6-23 months), %",Layer 2: Underlying Determinants,2020,55.7067,East Asia and Pacific,Lower middle income,Recent (≤5 years),4,Minimum Dietary Diversity,Diets & Care (IYCF)
VNM,Viet Nam,NT_CF_MMF,"Minimum meal frequency (6-23 months), %",Layer 2: Underlying Determinants,2020,76.9589,East Asia and Pacific,Lower middle income,Recent (≤5 years),4,Minimum Meal Frequency,Diets & Care (IYCF)
VUT,Vanuatu,IM_DTP3,"DTP3 immunisation coverage, % (proxy for health system reach)",Layer 2: Underlying Determinants,2024,71.0,East Asia and Pacific,Lower middle income,Recent (≤5 years),0,DTP3 Immunisation,Services & Programme Coverage
VUT,Vanuatu,MNCH_ANC4,"ANC 4+ visits coverage, %",Layer 2: Underlying Determinants,2023,65.0,East Asia and Pacific,Lower middle income,Recent (≤5 years),1,ANC 4+ Visits,Services & Programme Coverage
VUT,Vanuatu,MNCH_SAB,"Skilled birth attendance, %",Layer 2: Underlying Determinants,2023,90.9,East Asia and Pacific,Lower middle income,Recent (≤5 years),1,Skilled Birth Attendance,Services & Programme Coverage
VUT,Vanuatu,NT_BF_EIBF,"Early initiation of breastfeeding within 1 hour, %",Layer 2: Underlying Determinants,2023,58.8259,East Asia and Pacific,Lower middle income,Recent (≤5 years),1,Early Initiation of BF,Diets & Care (IYCF)
VUT,Vanuatu,NT_BF_EXBF,"Exclusive breastfeeding <6 months, %",Layer 1: Nutrition Outcomes,2023,75.9419,East Asia and Pacific,Lower middle income,Recent (≤5 years),1,Exclusive BF <6m,Diets & Care (IYCF)
VUT,Vanuatu,NT_CF_MAD,"Minimum acceptable diet (6-23 months), %",Layer 2: Underlying Determinants,2023,8.8429,East Asia and Pacific,Lower middle income,Recent (≤5 years),1,Minimum Acceptable Diet,Diets & Care (IYCF)
VUT,Vanuatu,NT_CF_MDD,"Minimum dietary diversity >=5/8 food groups (6-23 months), %",Layer 2: Underlying Determinants,2023,25.2263,East Asia and Pacific,Lower middle income,Recent (≤5 years),1,Minimum Dietary Diversity,Diets & Care (IYCF)
VUT,Vanuatu,NT_CF_MMF,"Minimum meal frequency (6-23 months), %",Layer 2: Underlying Determinants,2023,22.6133,East Asia and Pacific,Lower middle income,Recent (≤5 years),1,Minimum Meal Frequency,Diets & Care (IYCF)
WB_EAP,East Asia and Pacific (World Bank regions),MNCH_ANC4,"ANC 4+ visits coverage, %",Layer 2: Underlying Determinants,2024,86.8,,,Recent (≤5 years),0,ANC 4+ Visits,Services & Programme Coverage
WB_EAP,East Asia and Pacific (World Bank regions),MNCH_SAB,"Skilled birth attendance, %",Layer 2: Underlying Determinants,2024,96.7,,,Recent (≤5 years),0,Skilled Birth Attendance,Services & Programme Coverage
WB_EAP,East Asia and Pacific (World Bank regions),NT_BF_EXBF,"Exclusive breastfeeding <6 months, %",Layer 1: Nutrition Outcomes,2024,37.4477,,,Recent (≤5 years),0,Exclusive BF <6m,Diets & Care (IYCF)
WB_EAP,East Asia and Pacific (World Bank regions),NT_CF_MAD,"Minimum acceptable diet (6-23 months), %",Layer 2: Underlying Determinants,2024,43.3646,,,Recent (≤5 years),0,Minimum Acceptable Diet,Diets & Care (IYCF)
WB_EAP,East Asia and Pacific (World Bank regions),NT_CF_MDD,"Minimum dietary diversity >=5/8 food groups (6-23 months), %",Layer 2: Underlying Determinants,2024,55.6633,,,Recent (≤5 years),0,Minimum Dietary Diversity,Diets & Care (IYCF)
WB_EAP,East Asia and Pacific (World Bank regions),NT_CF_MMF,"Minimum meal frequency (6-23 months), %",Layer 2: Underlying Determinants,2024,73.4638,,,Recent (≤5 years),0,Minimum Meal Frequency,Diets & Care (IYCF)
WB_ECA,Europe and Central Asia (World Bank regions),MNCH_ANC4,"ANC 4+ visits coverage, %",Layer 2: Underlying Determinants,2024,92.4,,,Recent (≤5 years),0,ANC 4+ Visits,Services & Programme Coverage
WB_ECA,Europe and Central Asia (World Bank regions),MNCH_SAB,"Skilled birth attendance, %",Layer 2: Underlying Determinants,2024,99.1,,,Recent (≤5 years),0,Skilled Birth Attendance,Services & Programme Coverage
WB_HI,World Bank (high income),MNCH_ANC4,"ANC 4+ visits coverage, %",Layer 2: Underlying Determinants,2024,95.6,,,Recent (≤5 years),0,ANC 4+ Visits,Services & Programme Coverage
WB_HI,World Bank (high income),MNCH_SAB,"Skilled birth attendance, %",Layer 2: Underlying Determinants,2024,99.0,,,Recent (≤5 years),0,Skilled Birth Attendance,Services & Programme Coverage
WB_LAC,Latin America and the Caribbean (World Bank regions),MNCH_ANC4,"ANC 4+ visits coverage, %",Layer 2: Underlying Determinants,2024,91.0,,,Recent (≤5 years),0,ANC 4+ Visits,Services & Programme Coverage
WB_LAC,Latin America and the Caribbean (World Bank regions),MNCH_SAB,"Skilled birth attendance, %",Layer 2: Underlying Determinants,2024,95.9,,,Recent (≤5 years),0,Skilled Birth Attendance,Services & Programme Coverage
WB_LAC,Latin America and the Caribbean (World Bank regions),NT_BF_EIBF,"Early initiation of breastfeeding within 1 hour, %",Layer 2: Underlying Determinants,2024,58.858,,,Recent (≤5 years),0,Early Initiation of BF,Diets & Care (IYCF)
WB_LAC,Latin America and the Caribbean (World Bank regions),NT_BF_EXBF,"Exclusive breastfeeding <6 months, %",Layer 1: Nutrition Outcomes,2024,43.2,,,Recent (≤5 years),0,Exclusive BF <6m,Diets & Care (IYCF)
WB_LI,World Bank (low income),MNCH_ANC4,"ANC 4+ visits coverage, %",Layer 2: Underlying Determinants,2024,48.6,,,Recent (≤5 years),0,ANC 4+ Visits,Services & Programme Coverage
WB_LI,World Bank (low income),MNCH_SAB,"Skilled birth attendance, %",Layer 2: Underlying Determinants,2024,77.0,,,Recent (≤5 years),0,Skilled Birth Attendance,Services & Programme Coverage
WB_LI,World Bank (low income),NT_BF_EIBF,"Early initiation of breastfeeding within 1 hour, %",Layer 2: Underlying Determinants,2024,61.1595,,,Recent (≤5 years),0,Early Initiation of BF,Diets & Care (IYCF)
WB_LI,World Bank (low income),NT_BF_EXBF,"Exclusive breastfeeding <6 months, %",Layer 1: Nutrition Outcomes,2024,48.7296,,,Recent (≤5 years),0,Exclusive BF <6m,Diets & Care (IYCF)
WB_LI,World Bank (low income),NT_CF_MAD,"Minimum acceptable diet (6-23 months), %",Layer 2: Underlying Determinants,2024,9.8545,,,Recent (≤5 years),0,Minimum Acceptable Diet,Diets & Care (IYCF)
WB_LI,World Bank (low income),NT_CF_MDD,"Minimum dietary diversity >=5/8 food groups (6-23 months), %",Layer 2: Underlying Determinants,2024,17.1214,,,Recent (≤5 years),0,Minimum Dietary Diversity,Diets & Care (IYCF)
WB_LI,World Bank (low income),NT_CF_MMF,"Minimum meal frequency (6-23 months), %",Layer 2: Underlying Determinants,2024,40.7607,,,Recent (≤5 years),0,Minimum Meal Frequency,Diets & Care (IYCF)
WB_LMI,World Bank (lower middle income),MNCH_ANC4,"ANC 4+ visits coverage, %",Layer 2: Underlying Determinants,2024,67.0,,,Recent (≤5 years),0,ANC 4+ Visits,Services & Programme Coverage
WB_LMI,World Bank (lower middle income),MNCH_SAB,"Skilled birth attendance, %",Layer 2: Underlying Determinants,2024,84.0,,,Recent (≤5 years),0,Skilled Birth Attendance,Services & Programme Coverage
WB_LMI,World Bank (lower middle income),NT_BF_EIBF,"Early initiation of breastfeeding within 1 hour, %",Layer 2: Underlying Determinants,2024,40.8774,,,Recent (≤5 years),0,Early Initiation of BF,Diets & Care (IYCF)
WB_LMI,World Bank (lower middle income),NT_BF_EXBF,"Exclusive breastfeeding <6 months, %",Layer 1: Nutrition Outcomes,2024,51.0228,,,Recent (≤5 years),0,Exclusive BF <6m,Diets & Care (IYCF)
WB_LMI,World Bank (lower middle income),NT_CF_MAD,"Minimum acceptable diet (6-23 months), %",Layer 2: Underlying Determinants,2024,15.8244,,,Recent (≤5 years),0,Minimum Acceptable Diet,Diets & Care (IYCF)
WB_LMI,World Bank (lower middle income),NT_CF_MDD,"Minimum dietary diversity >=5/8 food groups (6-23 months), %",Layer 2: Underlying Determinants,2024,26.3854,,,Recent (≤5 years),0,Minimum Dietary Diversity,Diets & Care (IYCF)
WB_LMI,World Bank (lower middle income),NT_CF_MMF,"Minimum meal frequency (6-23 months), %",Layer 2: Underlying Determinants,2024,46.1456,,,Recent (≤5 years),0,Minimum Meal Frequency,Diets & Care (IYCF)
WB_MNA,Middle East and North Africa (World Bank regions),MNCH_ANC4,"ANC 4+ visits coverage, %",Layer 2: Underlying Determinants,2024,66.2,,,Recent (≤5 years),0,ANC 4+ Visits,Services & Programme Coverage
WB_MNA,Middle East and North Africa (World Bank regions),MNCH_SAB,"Skilled birth attendance, %",Layer 2: Underlying Determinants,2024,87.7,,,Recent (≤5 years),0,Skilled Birth Attendance,Services & Programme Coverage
WB_MNA,Middle East and North Africa (World Bank regions),NT_BF_EIBF,"Early initiation of breastfeeding within 1 hour, %",Layer 2: Underlying Determinants,2024,28.4025,,,Recent (≤5 years),0,Early Initiation of BF,Diets & Care (IYCF)
WB_MNA,Middle East and North Africa (World Bank regions),NT_BF_EXBF,"Exclusive breastfeeding <6 months, %",Layer 1: Nutrition Outcomes,2024,43.1847,,,Recent (≤5 years),0,Exclusive BF <6m,Diets & Care (IYCF)
WB_MNA,Middle East and North Africa (World Bank regions),NT_CF_MAD,"Minimum acceptable diet (6-23 months), %",Layer 2: Underlying Determinants,2024,17.8237,,,Recent (≤5 years),0,Minimum Acceptable Diet,Diets & Care (IYCF)
WB_MNA,Middle East and North Africa (World Bank regions),NT_CF_MDD,"Minimum dietary diversity >=5/8 food groups (6-23 months), %",Layer 2: Underlying Determinants,2024,25.5371,,,Recent (≤5 years),0,Minimum Dietary Diversity,Diets & Care (IYCF)
WB_MNA,Middle East and North Africa (World Bank regions),NT_CF_MMF,"Minimum meal frequency (6-23 months), %",Layer 2: Underlying Determinants,2024,57.224,,,Recent (≤5 years),0,Minimum Meal Frequency,Diets & Care (IYCF)
WB_NAR,North America (World Bank regions),MNCH_ANC4,"ANC 4+ visits coverage, %",Layer 2: Underlying Determinants,2024,97.5,,,Recent (≤5 years),0,ANC 4+ Visits,Services & Programme Coverage
WB_NAR,North America (World Bank regions),MNCH_SAB,"Skilled birth attendance, %",Layer 2: Underlying Determinants,2024,98.8,,,Recent (≤5 years),0,Skilled Birth Attendance,Services & Programme Coverage
WB_NAR,North America (World Bank regions),NT_BF_EXBF,"Exclusive breastfeeding <6 months, %",Layer 1: Nutrition Outcomes,2024,25.8,,,Recent (≤5 years),0,Exclusive BF <6m,Diets & Care (IYCF)
WB_SAR,South Asia (World Bank regions),MNCH_ANC4,"ANC 4+ visits coverage, %",Layer 2: Underlying Determinants,2024,65.2,,,Recent (≤5 years),0,ANC 4+ Visits,Services & Programme Coverage
WB_SAR,South Asia (World Bank regions),MNCH_SAB,"Skilled birth attendance, %",Layer 2: Underlying Determinants,2024,89.9,,,Recent (≤5 years),0,Skilled Birth Attendance,Services & Programme Coverage
WB_SAR,South Asia (World Bank regions),NT_BF_EIBF,"Early initiation of breastfeeding within 1 hour, %",Layer 2: Underlying Determinants,2024,41.6907,,,Recent (≤5 years),0,Early Initiation of BF,Diets & Care (IYCF)
WB_SAR,South Asia (World Bank regions),NT_BF_EXBF,"Exclusive breastfeeding <6 months, %",Layer 1: Nutrition Outcomes,2024,62.222,,,Recent (≤5 years),0,Exclusive BF <6m,Diets & Care (IYCF)
WB_SAR,South Asia (World Bank regions),NT_CF_MAD,"Minimum acceptable diet (6-23 months), %",Layer 2: Underlying Determinants,2024,14.1253,,,Recent (≤5 years),0,Minimum Acceptable Diet,Diets & Care (IYCF)
WB_SAR,South Asia (World Bank regions),NT_CF_MDD,"Minimum dietary diversity >=5/8 food groups (6-23 months), %",Layer 2: Underlying Determinants,2024,25.899,,,Recent (≤5 years),0,Minimum Dietary Diversity,Diets & Care (IYCF)
WB_SAR,South Asia (World Bank regions),NT_CF_MMF,"Minimum meal frequency (6-23 months), %",Layer 2: Underlying Determinants,2024,39.4992,,,Recent (≤5 years),0,Minimum Meal Frequency,Diets & Care (IYCF)
WB_SSA,Sub-Saharan Africa (World Bank regions),MNCH_ANC4,"ANC 4+ visits coverage, %",Layer 2: Underlying Determinants,2024,57.6,,,Recent (≤5 years),0,ANC 4+ Visits,Services & Programme Coverage
WB_SSA,Sub-Saharan Africa (World Bank regions),MNCH_SAB,"Skilled birth attendance, %",Layer 2: Underlying Determinants,2024,72.5,,,Recent (≤5 years),0,Skilled Birth Attendance,Services & Programme Coverage
WB_SSA,Sub-Saharan Africa (World Bank regions),NT_BF_EIBF,"Early initiation of breastfeeding within 1 hour, %",Layer 2: Underlying Determinants,2024,56.4452,,,Recent (≤5 years),0,Early Initiation of BF,Diets & Care (IYCF)
WB_SSA,Sub-Saharan Africa (World Bank regions),NT_BF_EXBF,"Exclusive breastfeeding <6 months, %",Layer 1: Nutrition Outcomes,2024,45.6413,,,Recent (≤5 years),0,Exclusive BF <6m,Diets & Care (IYCF)
WB_SSA,Sub-Saharan Africa (World Bank regions),NT_CF_MAD,"Minimum acceptable diet (6-23 months), %",Layer 2: Underlying Determinants,2024,10.5819,,,Recent (≤5 years),0,Minimum Acceptable Diet,Diets & Care (IYCF)
WB_SSA,Sub-Saharan Africa (World Bank regions),NT_CF_MDD,"Minimum dietary diversity >=5/8 food groups (6-23 months), %",Layer 2: Underlying Determinants,2024,18.4572,,,Recent (≤5 years),0,Minimum Dietary Diversity,Diets & Care (IYCF)
WB_SSA,Sub-Saharan Africa (World Bank regions),NT_CF_MMF,"Minimum meal frequency (6-23 months), %",Layer 2: Underlying Determinants,2024,43.0164,,,Recent (≤5 years),0,Minimum Meal Frequency,Diets & Care (IYCF)
WB_UMI,World Bank (upper middle income),MNCH_ANC4,"ANC 4+ visits coverage, %",Layer 2: Underlying Determinants,2024,88.1,,,Recent (≤5 years),0,ANC 4+ Visits,Services & Programme Coverage
WB_UMI,World Bank (upper middle income),MNCH_SAB,"Skilled birth attendance, %",Layer 2: Underlying Determinants,2024,98.0,,,Recent (≤5 years),0,Skilled Birth Attendance,Services & Programme Coverage
WB_UMI,World Bank (upper middle income),NT_BF_EIBF,"Early initiation of breastfeeding within 1 hour, %",Layer 2: Underlying Determinants,2024,54.8042,,,Recent (≤5 years),0,Early Initiation of BF,Diets & Care (IYCF)
WB_UMI,World Bank (upper middle income),NT_BF_EXBF,"Exclusive breastfeeding <6 months, %",Layer 1: Nutrition Outcomes,2024,37.0327,,,Recent (≤5 years),0,Exclusive BF <6m,Diets & Care (IYCF)
WB_UMI,World Bank (upper middle income),NT_CF_MDD,"Minimum dietary diversity >=5/8 food groups (6-23 months), %",Layer 2: Underlying Determinants,2024,57.6978,,,Recent (≤5 years),0,Minimum Dietary Diversity,Diets & Care (IYCF)
WB_UMI,World Bank (upper middle income),NT_CF_MMF,"Minimum meal frequency (6-23 months), %",Layer 2: Underlying Determinants,2024,72.1734,,,Recent (≤5 years),0,Minimum Meal Frequency,Diets & Care (IYCF)
WHO_AFRO,Africa (WHO regions),IM_DTP3,"DTP3 immunisation coverage, % (proxy for health system reach)",Layer 2: Underlying Determinants,2024,76.0,,,Recent (≤5 years),0,DTP3 Immunisation,Services & Programme Coverage
WHO_AFRO,Africa (WHO regions),MNCH_ANC4,"ANC 4+ visits coverage, %",Layer 2: Underlying Determinants,2024,59.6,,,Recent (≤5 years),0,ANC 4+ Visits,Services & Programme Coverage
WHO_AFRO,Africa (WHO regions),MNCH_SAB,"Skilled birth attendance, %",Layer 2: Underlying Determinants,2024,72.9,,,Recent (≤5 years),0,Skilled Birth Attendance,Services & Programme Coverage
WHO_AFRO,Africa (WHO regions),NT_BF_EIBF,"Early initiation of breastfeeding within 1 hour, %",Layer 2: Underlying Determinants,2024,55.8215,,,Recent (≤5 years),0,Early Initiation of BF,Diets & Care (IYCF)
WHO_AFRO,Africa (WHO regions),NT_BF_EXBF,"Exclusive breastfeeding <6 months, %",Layer 1: Nutrition Outcomes,2024,45.472,,,Recent (≤5 years),0,Exclusive BF <6m,Diets & Care (IYCF)
WHO_AFRO,Africa (WHO regions),NT_CF_MAD,"Minimum acceptable diet (6-23 months), %",Layer 2: Underlying Determinants,2024,10.8053,,,Recent (≤5 years),0,Minimum Acceptable Diet,Diets & Care (IYCF)
WHO_AFRO,Africa (WHO regions),NT_CF_MDD,"Minimum dietary diversity >=5/8 food groups (6-23 months), %",Layer 2: Underlying Determinants,2024,19.0917,,,Recent (≤5 years),0,Minimum Dietary Diversity,Diets & Care (IYCF)
WHO_AFRO,Africa (WHO regions),NT_CF_MMF,"Minimum meal frequency (6-23 months), %",Layer 2: Underlying Determinants,2024,43.0959,,,Recent (≤5 years),0,Minimum Meal Frequency,Diets & Care (IYCF)
WHO_AMRO,Americas (WHO regions),IM_DTP3,"DTP3 immunisation coverage, % (proxy for health system reach)",Layer 2: Underlying Determinants,2024,86.0,,,Recent (≤5 years),0,DTP3 Immunisation,Services & Programme Coverage
WHO_AMRO,Americas (WHO regions),MNCH_ANC4,"ANC 4+ visits coverage, %",Layer 2: Underlying Determinants,2024,93.0,,,Recent (≤5 years),0,ANC 4+ Visits,Services & Programme Coverage
WHO_AMRO,Americas (WHO regions),MNCH_SAB,"Skilled birth attendance, %",Layer 2: Underlying Determinants,2024,96.8,,,Recent (≤5 years),0,Skilled Birth Attendance,Services & Programme Coverage
WHO_AMRO,Americas (WHO regions),NT_BF_EIBF,"Early initiation of breastfeeding within 1 hour, %",Layer 2: Underlying Determinants,2024,58.858,,,Recent (≤5 years),0,Early Initiation of BF,Diets & Care (IYCF)
WHO_AMRO,Americas (WHO regions),NT_BF_EXBF,"Exclusive breastfeeding <6 months, %",Layer 1: Nutrition Outcomes,2024,36.7721,,,Recent (≤5 years),0,Exclusive BF <6m,Diets & Care (IYCF)
WHO_EMRO,Eastern Mediterranean (WHO regions),IM_DTP3,"DTP3 immunisation coverage, % (proxy for health system reach)",Layer 2: Underlying Determinants,2024,79.0,,,Recent (≤5 years),0,DTP3 Immunisation,Services & Programme Coverage
WHO_EMRO,Eastern Mediterranean (WHO regions),MNCH_ANC4,"ANC 4+ visits coverage, %",Layer 2: Underlying Determinants,2024,61.3,,,Recent (≤5 years),0,ANC 4+ Visits,Services & Programme Coverage
WHO_EMRO,Eastern Mediterranean (WHO regions),MNCH_SAB,"Skilled birth attendance, %",Layer 2: Underlying Determinants,2024,85.6,,,Recent (≤5 years),0,Skilled Birth Attendance,Services & Programme Coverage
WHO_EMRO,Eastern Mediterranean (WHO regions),NT_BF_EIBF,"Early initiation of breastfeeding within 1 hour, %",Layer 2: Underlying Determinants,2024,29.9556,,,Recent (≤5 years),0,Early Initiation of BF,Diets & Care (IYCF)
WHO_EMRO,Eastern Mediterranean (WHO regions),NT_BF_EXBF,"Exclusive breastfeeding <6 months, %",Layer 1: Nutrition Outcomes,2024,43.6014,,,Recent (≤5 years),0,Exclusive BF <6m,Diets & Care (IYCF)
WHO_EMRO,Eastern Mediterranean (WHO regions),NT_CF_MAD,"Minimum acceptable diet (6-23 months), %",Layer 2: Underlying Determinants,2024,17.7209,,,Recent (≤5 years),0,Minimum Acceptable Diet,Diets & Care (IYCF)
WHO_EMRO,Eastern Mediterranean (WHO regions),NT_CF_MDD,"Minimum dietary diversity >=5/8 food groups (6-23 months), %",Layer 2: Underlying Determinants,2024,24.0648,,,Recent (≤5 years),0,Minimum Dietary Diversity,Diets & Care (IYCF)
WHO_EMRO,Eastern Mediterranean (WHO regions),NT_CF_MMF,"Minimum meal frequency (6-23 months), %",Layer 2: Underlying Determinants,2024,58.0555,,,Recent (≤5 years),0,Minimum Meal Frequency,Diets & Care (IYCF)
WHO_EURO,Europe (WHO regions),IM_DTP3,"DTP3 immunisation coverage, % (proxy for health system reach)",Layer 2: Underlying Determinants,2024,93.0,,,Recent (≤5 years),0,DTP3 Immunisation,Services & Programme Coverage
WHO_EURO,Europe (WHO regions),MNCH_ANC4,"ANC 4+ visits coverage, %",Layer 2: Underlying Determinants,2024,92.4,,,Recent (≤5 years),0,ANC 4+ Visits,Services & Programme Coverage
WHO_EURO,Europe (WHO regions),MNCH_SAB,"Skilled birth attendance, %",Layer 2: Underlying Determinants,2024,99.1,,,Recent (≤5 years),0,Skilled Birth Attendance,Services & Programme Coverage
WHO_REG_GLOBAL,World Health Organisation regions - Global,IM_DTP3,"DTP3 immunisation coverage, % (proxy for health system reach)",Layer 2: Underlying Determinants,2024,85.0,,,Recent (≤5 years),0,DTP3 Immunisation,Services & Programme Coverage
WHO_SEARO,South-East Asia (WHO regions),IM_DTP3,"DTP3 immunisation coverage, % (proxy for health system reach)",Layer 2: Underlying Determinants,2024,92.0,,,Recent (≤5 years),0,DTP3 Immunisation,Services & Programme Coverage
WHO_SEARO,South-East Asia (WHO regions),MNCH_ANC4,"ANC 4+ visits coverage, %",Layer 2: Underlying Determinants,2024,66.4,,,Recent (≤5 years),0,ANC 4+ Visits,Services & Programme Coverage
WHO_SEARO,South-East Asia (WHO regions),MNCH_SAB,"Skilled birth attendance, %",Layer 2: Underlying Determinants,2024,89.9,,,Recent (≤5 years),0,Skilled Birth Attendance,Services & Programme Coverage
WHO_SEARO,South-East Asia (WHO regions),NT_BF_EIBF,"Early initiation of breastfeeding within 1 hour, %",Layer 2: Underlying Determinants,2024,41.4425,,,Recent (≤5 years),0,Early Initiation of BF,Diets & Care (IYCF)
WHO_SEARO,South-East Asia (WHO regions),NT_BF_EXBF,"Exclusive breastfeeding <6 months, %",Layer 1: Nutrition Outcomes,2024,61.5069,,,Recent (≤5 years),0,Exclusive BF <6m,Diets & Care (IYCF)
WHO_SEARO,South-East Asia (WHO regions),NT_CF_MAD,"Minimum acceptable diet (6-23 months), %",Layer 2: Underlying Determinants,2024,15.1391,,,Recent (≤5 years),0,Minimum Acceptable Diet,Diets & Care (IYCF)
WHO_SEARO,South-East Asia (WHO regions),NT_CF_MDD,"Minimum dietary diversity >=5/8 food groups (6-23 months), %",Layer 2: Underlying Determinants,2024,26.9138,,,Recent (≤5 years),0,Minimum Dietary Diversity,Diets & Care (IYCF)
WHO_SEARO,South-East Asia (WHO regions),NT_CF_MMF,"Minimum meal frequency (6-23 months), %",Layer 2: Underlying Determinants,2024,40.3674,,,Recent (≤5 years),0,Minimum Meal Frequency,Diets & Care (IYCF)
WHO_WPRO,Western Pacific (WHO regions),IM_DTP3,"DTP3 immunisation coverage, % (proxy for health system reach)",Layer 2: Underlying Determinants,2024,92.0,,,Recent (≤5 years),0,DTP3 Immunisation,Services & Programme Coverage
WHO_WPRO,Western Pacific (WHO regions),MNCH_ANC4,"ANC 4+ visits coverage, %",Layer 2: Underlying Determinants,2024,87.0,,,Recent (≤5 years),0,ANC 4+ Visits,Services & Programme Coverage
WHO_WPRO,Western Pacific (WHO regions),MNCH_SAB,"Skilled birth attendance, %",Layer 2: Underlying Determinants,2024,97.4,,,Recent (≤5 years),0,Skilled Birth Attendance,Services & Programme Coverage
WHO_WPRO,Western Pacific (WHO regions),NT_BF_EXBF,"Exclusive breastfeeding <6 months, %",Layer 1: Nutrition Outcomes,2024,37.7934,,,Recent (≤5 years),0,Exclusive BF <6m,Diets & Care (IYCF)
WHO_WPRO,Western Pacific (WHO regions),NT_CF_MAD,"Minimum acceptable diet (6-23 months), %",Layer 2: Underlying Determinants,2024,42.6108,,,Recent (≤5 years),0,Minimum Acceptable Diet,Diets & Care (IYCF)
WHO_WPRO,Western Pacific (WHO regions),NT_CF_MDD,"Minimum dietary diversity >=5/8 food groups (6-23 months), %",Layer 2: Underlying Determinants,2024,55.127,,,Recent (≤5 years),0,Minimum Dietary Diversity,Diets & Care (IYCF)
WHO_WPRO,Western Pacific (WHO regions),NT_CF_MMF,"Minimum meal frequency (6-23 months), %",Layer 2: Underlying Determinants,2024,73.2555,,,Recent (≤5 years),0,Minimum Meal Frequency,Diets & Care (IYCF)
WSM,Samoa,IM_DTP3,"DTP3 immunisation coverage, % (proxy for health system reach)",Layer 2: Underlying Determinants,2024,85.0,East Asia and Pacific,Lower middle income,Recent (≤5 years),0,DTP3 Immunisation,Services & Programme Coverage
WSM,Samoa,MNCH_ANC4,"ANC 4+ visits coverage, %",Layer 2: Underlying Determinants,2021,69.8,East Asia and Pacific,Lower middle income,Recent (≤5 years),3,ANC 4+ Visits,Services & Programme Coverage
WSM,Samoa,MNCH_SAB,"Skilled birth attendance, %",Layer 2: Underlying Determinants,2020,88.9,East Asia and Pacific,Lower middle income,Recent (≤5 years),4,Skilled Birth Attendance,Services & Programme Coverage
WSM,Samoa,NT_BF_EIBF,"Early initiation of breastfeeding within 1 hour, %",Layer 2: Underlying Determinants,2019,52.9766,East Asia and Pacific,Lower middle income,Recent (≤5 years),5,Early Initiation of BF,Diets & Care (IYCF)
WSM,Samoa,NT_BF_EXBF,"Exclusive breastfeeding <6 months, %",Layer 1: Nutrition Outcomes,2019,51.7396,East Asia and Pacific,Lower middle income,Recent (≤5 years),5,Exclusive BF <6m,Diets & Care (IYCF)
WSM,Samoa,NT_CF_MAD,"Minimum acceptable diet (6-23 months), %",Layer 2: Underlying Determinants,2019,11.9996,East Asia and Pacific,Lower middle income,Recent (≤5 years),5,Minimum Acceptable Diet,Diets & Care (IYCF)
WSM,Samoa,NT_CF_MDD,"Minimum dietary diversity >=5/8 food groups (6-23 months), %",Layer 2: Underlying Determinants,2019,20.0478,East Asia and Pacific,Lower middle income,Recent (≤5 years),5,Minimum Dietary Diversity,Diets & Care (IYCF)
WSM,Samoa,NT_CF_MMF,"Minimum meal frequency (6-23 months), %",Layer 2: Underlying Determinants,2019,45.757,East Asia and Pacific,Lower middle income,Recent (≤5 years),5,Minimum Meal Frequency,Diets & Care (IYCF)
XKX,Kosovo (UNSCR 1244),MNCH_ANC4,"ANC 4+ visits coverage, %",Layer 2: Underlying Determinants,2020,94.4,,Upper middle income,Recent (≤5 years),4,ANC 4+ Visits,Services & Programme Coverage
YEM,Yemen,IM_DTP3,"DTP3 immunisation coverage, % (proxy for health system reach)",Layer 2: Underlying Determinants,2024,42.0,Middle East and North Africa,Low income,Recent (≤5 years),0,DTP3 Immunisation,Services & Programme Coverage
YEM,Yemen,MNCH_ANC4,"ANC 4+ visits coverage, %",Layer 2: Underlying Determinants,2023,32.4,Middle East and North Africa,Low income,Recent (≤5 years),1,ANC 4+ Visits,Services & Programme Coverage
YEM,Yemen,MNCH_SAB,"Skilled birth attendance, %",Layer 2: Underlying Determinants,2023,60.9,Middle East and North Africa,Low income,Recent (≤5 years),1,Skilled Birth Attendance,Services & Programme Coverage
YEM,Yemen,NT_BF_EIBF,"Early initiation of breastfeeding within 1 hour, %",Layer 2: Underlying Determinants,2013,52.69,Middle East and North Africa,Low income,Outdated (>10 years),11,Early Initiation of BF,Diets & Care (IYCF)
YEM,Yemen,NT_BF_EXBF,"Exclusive breastfeeding <6 months, %",Layer 1: Nutrition Outcomes,2013,9.6996,Middle East and North Africa,Low income,Outdated (>10 years),11,Exclusive BF <6m,Diets & Care (IYCF)
YEM,Yemen,NT_CF_MAD,"Minimum acceptable diet (6-23 months), %",Layer 2: Underlying Determinants,2013,15.4068,Middle East and North Africa,Low income,Outdated (>10 years),11,Minimum Acceptable Diet,Diets & Care (IYCF)
YEM,Yemen,NT_CF_MDD,"Minimum dietary diversity >=5/8 food groups (6-23 months), %",Layer 2: Underlying Determinants,2021,23.0,Middle East and North Africa,Low income,Recent (≤5 years),3,Minimum Dietary Diversity,Diets & Care (IYCF)
YEM,Yemen,NT_CF_MMF,"Minimum meal frequency (6-23 months), %",Layer 2: Underlying Determinants,2013,57.1348,Middle East and North Africa,Low income,Outdated (>10 years),11,Minimum Meal Frequency,Diets & Care (IYCF)
ZAF,South Africa,IM_DTP3,"DTP3 immunisation coverage, % (proxy for health system reach)",Layer 2: Underlying Determinants,2024,74.0,Sub-Saharan Africa,Upper middle income,Recent (≤5 years),0,DTP3 Immunisation,Services & Programme Coverage
ZAF,South Africa,MNCH_ANC4,"ANC 4+ visits coverage, %",Layer 2: Underlying Determinants,2016,75.5,Sub-Saharan Africa,Upper middle income,Dated (6-10 years),8,ANC 4+ Visits,Services & Programme Coverage
ZAF,South Africa,MNCH_SAB,"Skilled birth attendance, %",Layer 2: Underlying Determinants,2016,96.7,Sub-Saharan Africa,Upper middle income,Dated (6-10 years),8,Skilled Birth Attendance,Services & Programme Coverage
ZAF,South Africa,NT_BF_EIBF,"Early initiation of breastfeeding within 1 hour, %",Layer 2: Underlying Determinants,2016,67.2316,Sub-Saharan Africa,Upper middle income,Dated (6-10 years),8,Early Initiation of BF,Diets & Care (IYCF)
ZAF,South Africa,NT_BF_EXBF,"Exclusive breastfeeding <6 months, %",Layer 1: Nutrition Outcomes,2016,31.6147,Sub-Saharan Africa,Upper middle income,Dated (6-10 years),8,Exclusive BF <6m,Diets & Care (IYCF)
ZAF,South Africa,NT_CF_MAD,"Minimum acceptable diet (6-23 months), %",Layer 2: Underlying Determinants,2016,18.58,Sub-Saharan Africa,Upper middle income,Dated (6-10 years),8,Minimum Acceptable Diet,Diets & Care (IYCF)
ZAF,South Africa,NT_CF_MDD,"Minimum dietary diversity >=5/8 food groups (6-23 months), %",Layer 2: Underlying Determinants,2016,39.9055,Sub-Saharan Africa,Upper middle income,Dated (6-10 years),8,Minimum Dietary Diversity,Diets & Care (IYCF)
ZAF,South Africa,NT_CF_MMF,"Minimum meal frequency (6-23 months), %",Layer 2: Underlying Determinants,2016,42.6938,Sub-Saharan Africa,Upper middle income,Dated (6-10 years),8,Minimum Meal Frequency,Diets & Care (IYCF)
ZMB,Zambia,IM_DTP3,"DTP3 immunisation coverage, % (proxy for health system reach)",Layer 2: Underlying Determinants,2024,91.0,Sub-Saharan Africa,Lower middle income,Recent (≤5 years),0,DTP3 Immunisation,Services & Programme Coverage
ZMB,Zambia,MNCH_ANC4,"ANC 4+ visits coverage, %",Layer 2: Underlying Determinants,2024,82.1,Sub-Saharan Africa,Lower middle income,Recent (≤5 years),0,ANC 4+ Visits,Services & Programme Coverage
ZMB,Zambia,MNCH_SAB,"Skilled birth attendance, %",Layer 2: Underlying Determinants,2024,93.9,Sub-Saharan Africa,Lower middle income,Recent (≤5 years),0,Skilled Birth Attendance,Services & Programme Coverage
ZMB,Zambia,NT_BF_EIBF,"Early initiation of breastfeeding within 1 hour, %",Layer 2: Underlying Determinants,2024,68.0,Sub-Saharan Africa,Lower middle income,Recent (≤5 years),0,Early Initiation of BF,Diets & Care (IYCF)
ZMB,Zambia,NT_BF_EXBF,"Exclusive breastfeeding <6 months, %",Layer 1: Nutrition Outcomes,2024,64.1,Sub-Saharan Africa,Lower middle income,Recent (≤5 years),0,Exclusive BF <6m,Diets & Care (IYCF)
ZMB,Zambia,NT_CF_MAD,"Minimum acceptable diet (6-23 months), %",Layer 2: Underlying Determinants,2018,12.325,Sub-Saharan Africa,Lower middle income,Dated (6-10 years),6,Minimum Acceptable Diet,Diets & Care (IYCF)
ZMB,Zambia,NT_CF_MDD,"Minimum dietary diversity >=5/8 food groups (6-23 months), %",Layer 2: Underlying Determinants,2024,22.1,Sub-Saharan Africa,Lower middle income,Recent (≤5 years),0,Minimum Dietary Diversity,Diets & Care (IYCF)
ZMB,Zambia,NT_CF_MMF,"Minimum meal frequency (6-23 months), %",Layer 2: Underlying Determinants,2018,41.0938,Sub-Saharan Africa,Lower middle income,Dated (6-10 years),6,Minimum Meal Frequency,Diets & Care (IYCF)
ZWE,Zimbabwe,IM_DTP3,"DTP3 immunisation coverage, % (proxy for health system reach)",Layer 2: Underlying Determinants,2024,91.0,Sub-Saharan Africa,Lower middle income,Recent (≤5 years),0,DTP3 Immunisation,Services & Programme Coverage
ZWE,Zimbabwe,MNCH_ANC4,"ANC 4+ visits coverage, %",Layer 2: Underlying Determinants,2024,71.0,Sub-Saharan Africa,Lower middle income,Recent (≤5 years),0,ANC 4+ Visits,Services & Programme Coverage
ZWE,Zimbabwe,MNCH_SAB,"Skilled birth attendance, %",Layer 2: Underlying Determinants,2024,84.6,Sub-Saharan Africa,Lower middle income,Recent (≤5 years),0,Skilled Birth Attendance,Services & Programme Coverage
ZWE,Zimbabwe,NT_BF_EIBF,"Early initiation of breastfeeding within 1 hour, %",Layer 2: Underlying Determinants,2024,67.4,Sub-Saharan Africa,Lower middle income,Recent (≤5 years),0,Early Initiation of BF,Diets & Care (IYCF)
ZWE,Zimbabwe,NT_BF_EXBF,"Exclusive breastfeeding <6 months, %",Layer 1: Nutrition Outcomes,2024,42.4,Sub-Saharan Africa,Lower middle income,Recent (≤5 years),0,Exclusive BF <6m,Diets & Care (IYCF)
ZWE,Zimbabwe,NT_CF_MAD,"Minimum acceptable diet (6-23 months), %",Layer 2: Underlying Determinants,2019,10.7445,Sub-Saharan Africa,Lower middle income,Recent (≤5 years),5,Minimum Acceptable Diet,Diets & Care (IYCF)
ZWE,Zimbabwe,NT_CF_MDD,"Minimum dietary diversity >=5/8 food groups (6-23 months), %",Layer 2: Underlying Determinants,2024,24.7,Sub-Saharan Africa,Lower middle income,Recent (≤5 years),0,Minimum Dietary Diversity,Diets & Care (IYCF)
ZWE,Zimbabwe,NT_CF_MMF,"Minimum meal frequency (6-23 months), %",Layer 2: Underlying Determinants,2019,68.2497,Sub-Saharan Africa,Lower middle income,Recent (≤5 years),5,Minimum Meal Frequency,Diets & Care (IYCF)
