iso3,country,year,indicator,indicator_short,layer,value,years_since,region,income_group,nis_readiness_score,layer1_score,layer2_score
AFG,Afghanistan,2024,IM_DTP3,DTP3 Coverage,Layer 2,59.0,0,South Asia,Low income,68.33333333333333,66.66666666666666,70.0
AFG,Afghanistan,2023,MNCH_ANC4,ANC 4+ Visits,Layer 2,33.4,1,South Asia,Low income,68.33333333333333,66.66666666666666,70.0
AFG,Afghanistan,2023,MNCH_SAB,Skilled Birth Attendance,Layer 2,67.5,1,South Asia,Low income,68.33333333333333,66.66666666666666,70.0
AFG,Afghanistan,2023,NT_ANE_WOM_15_49_MOD,Anaemia WRA,Layer 1,45.4,1,South Asia,Low income,68.33333333333333,66.66666666666666,70.0
AFG,Afghanistan,2024,NT_ANT_HAZ_NE2_MOD,Stunting,Layer 1,42.0422,0,South Asia,Low income,68.33333333333333,66.66666666666666,70.0
AFG,Afghanistan,2024,NT_ANT_WHZ_PO2_MOD,Overweight,Layer 1,4.382,0,South Asia,Low income,68.33333333333333,66.66666666666666,70.0
AFG,Afghanistan,2022,NT_BF_EIBF,Early BF Initiation,Layer 2,47.7087,2,South Asia,Low income,68.33333333333333,66.66666666666666,70.0
AFG,Afghanistan,2022,NT_BF_EXBF,Excl. BF,Layer 1,63.2718,2,South Asia,Low income,68.33333333333333,66.66666666666666,70.0
AFG,Afghanistan,2022,NT_CF_MAD,Min Acceptable Diet,Layer 2,6.7867,2,South Asia,Low income,68.33333333333333,66.66666666666666,70.0
AFG,Afghanistan,2022,NT_CF_MDD,Min Dietary Diversity,Layer 2,14.7925,2,South Asia,Low income,68.33333333333333,66.66666666666666,70.0
AFG,Afghanistan,2022,NT_CF_MMF,Min Meal Frequency,Layer 2,33.5821,2,South Asia,Low income,68.33333333333333,66.66666666666666,70.0
AGO,Angola,2024,IM_DTP3,DTP3 Coverage,Layer 2,64.0,0,Sub-Saharan Africa,Lower middle income,61.66666666666667,83.33333333333334,40.0
AGO,Angola,2024,MNCH_ANC4,ANC 4+ Visits,Layer 2,51.2,0,Sub-Saharan Africa,Lower middle income,61.66666666666667,83.33333333333334,40.0
AGO,Angola,2016,MNCH_SAB,Skilled Birth Attendance,Layer 2,49.6,8,Sub-Saharan Africa,Lower middle income,61.66666666666667,83.33333333333334,40.0
AGO,Angola,2023,NT_ANE_WOM_15_49_MOD,Anaemia WRA,Layer 1,43.8,1,Sub-Saharan Africa,Lower middle income,61.66666666666667,83.33333333333334,40.0
AGO,Angola,2024,NT_ANT_HAZ_NE2_MOD,Stunting,Layer 1,47.6773,0,Sub-Saharan Africa,Lower middle income,61.66666666666667,83.33333333333334,40.0
AGO,Angola,2024,NT_ANT_WHZ_PO2_MOD,Overweight,Layer 1,4.7389,0,Sub-Saharan Africa,Lower middle income,61.66666666666667,83.33333333333334,40.0
AGO,Angola,2023,NT_BF_EIBF,Early BF Initiation,Layer 2,53.4,1,Sub-Saharan Africa,Lower middle income,61.66666666666667,83.33333333333334,40.0
AGO,Angola,2023,NT_BF_EXBF,Excl. BF,Layer 1,32.7,1,Sub-Saharan Africa,Lower middle income,61.66666666666667,83.33333333333334,40.0
AGO,Angola,2020,NT_BW_LBW,Low Birth Weight,Layer 1,15.5278,4,Sub-Saharan Africa,Lower middle income,61.66666666666667,83.33333333333334,40.0
AGO,Angola,2015,NT_CF_MAD,Min Acceptable Diet,Layer 2,12.1911,9,Sub-Saharan Africa,Lower middle income,61.66666666666667,83.33333333333334,40.0
AGO,Angola,2023,NT_CF_MDD,Min Dietary Diversity,Layer 2,19.9,1,Sub-Saharan Africa,Lower middle income,61.66666666666667,83.33333333333334,40.0
AGO,Angola,2015,NT_CF_MMF,Min Meal Frequency,Layer 2,31.0009,9,Sub-Saharan Africa,Lower middle income,61.66666666666667,83.33333333333334,40.0
AIA,Anguilla,2024,MNCH_SAB,Skilled Birth Attendance,Layer 2,100.0,0,,,5.0,0.0,10.0
ALB,Albania,2024,IM_DTP3,DTP3 Coverage,Layer 2,97.0,0,Europe and Central Asia,Upper middle income,43.33333333333333,66.66666666666666,20.0
ALB,Albania,2018,MNCH_ANC4,ANC 4+ Visits,Layer 2,77.8,6,Europe and Central Asia,Upper middle income,43.33333333333333,66.66666666666666,20.0
ALB,Albania,2022,MNCH_SAB,Skilled Birth Attendance,Layer 2,100.0,2,Europe and Central Asia,Upper middle income,43.33333333333333,66.66666666666666,20.0
ALB,Albania,2023,NT_ANE_WOM_15_49_MOD,Anaemia WRA,Layer 1,24.7,1,Europe and Central Asia,Upper middle income,43.33333333333333,66.66666666666666,20.0
ALB,Albania,2024,NT_ANT_HAZ_NE2_MOD,Stunting,Layer 1,7.3896,0,Europe and Central Asia,Upper middle income,43.33333333333333,66.66666666666666,20.0
ALB,Albania,2024,NT_ANT_WHZ_PO2_MOD,Overweight,Layer 1,16.6834,0,Europe and Central Asia,Upper middle income,43.33333333333333,66.66666666666666,20.0
ALB,Albania,2017,NT_BF_EIBF,Early BF Initiation,Layer 2,56.5221,7,Europe and Central Asia,Upper middle income,43.33333333333333,66.66666666666666,20.0
ALB,Albania,2017,NT_BF_EXBF,Excl. BF,Layer 1,36.5385,7,Europe and Central Asia,Upper middle income,43.33333333333333,66.66666666666666,20.0
ALB,Albania,2020,NT_BW_LBW,Low Birth Weight,Layer 1,5.9924,4,Europe and Central Asia,Upper middle income,43.33333333333333,66.66666666666666,20.0
ALB,Albania,2017,NT_CF_MAD,Min Acceptable Diet,Layer 2,26.5559,7,Europe and Central Asia,Upper middle income,43.33333333333333,66.66666666666666,20.0
ALB,Albania,2017,NT_CF_MDD,Min Dietary Diversity,Layer 2,52.4985,7,Europe and Central Asia,Upper middle income,43.33333333333333,66.66666666666666,20.0
ALB,Albania,2017,NT_CF_MMF,Min Meal Frequency,Layer 2,45.4756,7,Europe and Central Asia,Upper middle income,43.33333333333333,66.66666666666666,20.0
AND,Andorra,2024,IM_DTP3,DTP3 Coverage,Layer 2,98.0,0,,,21.666666666666664,33.33333333333333,10.0
AND,Andorra,2017,MNCH_SAB,Skilled Birth Attendance,Layer 2,100.0,7,,,21.666666666666664,33.33333333333333,10.0
AND,Andorra,2023,NT_ANE_WOM_15_49_MOD,Anaemia WRA,Layer 1,16.4,1,,,21.666666666666664,33.33333333333333,10.0
AND,Andorra,2020,NT_BW_LBW,Low Birth Weight,Layer 1,9.3949,4,,,21.666666666666664,33.33333333333333,10.0
ARE,United Arab Emirates,2024,IM_DTP3,DTP3 Coverage,Layer 2,96.0,0,Middle East and North Africa,High income,26.666666666666664,33.33333333333333,20.0
ARE,United Arab Emirates,2022,MNCH_SAB,Skilled Birth Attendance,Layer 2,100.0,2,Middle East and North Africa,High income,26.666666666666664,33.33333333333333,20.0
ARE,United Arab Emirates,2023,NT_ANE_WOM_15_49_MOD,Anaemia WRA,Layer 1,28.2,1,Middle East and North Africa,High income,26.666666666666664,33.33333333333333,20.0
ARE,United Arab Emirates,2020,NT_BW_LBW,Low Birth Weight,Layer 1,13.9407,4,Middle East and North Africa,High income,26.666666666666664,33.33333333333333,20.0
ARG,Argentina,2024,IM_DTP3,DTP3 Coverage,Layer 2,75.0,0,Latin America and Caribbean,Upper middle income,53.33333333333333,66.66666666666666,40.0
ARG,Argentina,2020,MNCH_ANC4,ANC 4+ Visits,Layer 2,90.4,4,Latin America and Caribbean,Upper middle income,53.33333333333333,66.66666666666666,40.0
ARG,Argentina,2023,MNCH_SAB,Skilled Birth Attendance,Layer 2,99.3,1,Latin America and Caribbean,Upper middle income,53.33333333333333,66.66666666666666,40.0
ARG,Argentina,2023,NT_ANE_WOM_15_49_MOD,Anaemia WRA,Layer 1,23.5,1,Latin America and Caribbean,Upper middle income,53.33333333333333,66.66666666666666,40.0
ARG,Argentina,2024,NT_ANT_HAZ_NE2_MOD,Stunting,Layer 1,10.6918,0,Latin America and Caribbean,Upper middle income,53.33333333333333,66.66666666666666,40.0
ARG,Argentina,2024,NT_ANT_WHZ_PO2_MOD,Overweight,Layer 1,14.2751,0,Latin America and Caribbean,Upper middle income,53.33333333333333,66.66666666666666,40.0
ARG,Argentina,2019,NT_BF_EIBF,Early BF Initiation,Layer 2,57.7382,5,Latin America and Caribbean,Upper middle income,53.33333333333333,66.66666666666666,40.0
ARG,Argentina,2011,NT_BF_EXBF,Excl. BF,Layer 1,31.9519,13,Latin America and Caribbean,Upper middle income,53.33333333333333,66.66666666666666,40.0
ARG,Argentina,2020,NT_BW_LBW,Low Birth Weight,Layer 1,7.3616,4,Latin America and Caribbean,Upper middle income,53.33333333333333,66.66666666666666,40.0
ARG,Argentina,2011,NT_CF_MMF,Min Meal Frequency,Layer 2,63.8611,13,Latin America and Caribbean,Upper middle income,53.33333333333333,66.66666666666666,40.0
ARM,Armenia,2024,IM_DTP3,DTP3 Coverage,Layer 2,94.0,0,Europe and Central Asia,Upper middle income,38.33333333333333,66.66666666666666,10.0
ARM,Armenia,2016,MNCH_ANC4,ANC 4+ Visits,Layer 2,96.0,8,Europe and Central Asia,Upper middle income,38.33333333333333,66.66666666666666,10.0
ARM,Armenia,2016,MNCH_SAB,Skilled Birth Attendance,Layer 2,99.8,8,Europe and Central Asia,Upper middle income,38.33333333333333,66.66666666666666,10.0
ARM,Armenia,2023,NT_ANE_WOM_15_49_MOD,Anaemia WRA,Layer 1,18.7,1,Europe and Central Asia,Upper middle income,38.33333333333333,66.66666666666666,10.0
ARM,Armenia,2024,NT_ANT_HAZ_NE2_MOD,Stunting,Layer 1,6.1748,0,Europe and Central Asia,Upper middle income,38.33333333333333,66.66666666666666,10.0
ARM,Armenia,2024,NT_ANT_WHZ_PO2_MOD,Overweight,Layer 1,12.867,0,Europe and Central Asia,Upper middle income,38.33333333333333,66.66666666666666,10.0
ARM,Armenia,2016,NT_BF_EIBF,Early BF Initiation,Layer 2,40.8796,8,Europe and Central Asia,Upper middle income,38.33333333333333,66.66666666666666,10.0
ARM,Armenia,2016,NT_BF_EXBF,Excl. BF,Layer 1,44.4904,8,Europe and Central Asia,Upper middle income,38.33333333333333,66.66666666666666,10.0
ARM,Armenia,2020,NT_BW_LBW,Low Birth Weight,Layer 1,8.2723,4,Europe and Central Asia,Upper middle income,38.33333333333333,66.66666666666666,10.0
ARM,Armenia,2016,NT_CF_MAD,Min Acceptable Diet,Layer 2,22.3229,8,Europe and Central Asia,Upper middle income,38.33333333333333,66.66666666666666,10.0
ARM,Armenia,2016,NT_CF_MDD,Min Dietary Diversity,Layer 2,36.3088,8,Europe and Central Asia,Upper middle income,38.33333333333333,66.66666666666666,10.0
ARM,Armenia,2016,NT_CF_MMF,Min Meal Frequency,Layer 2,62.3639,8,Europe and Central Asia,Upper middle income,38.33333333333333,66.66666666666666,10.0
ATG,Antigua and Barbuda,2024,IM_DTP3,DTP3 Coverage,Layer 2,99.0,0,Latin America and Caribbean,High income,26.666666666666664,33.33333333333333,20.0
ATG,Antigua and Barbuda,2013,MNCH_ANC4,ANC 4+ Visits,Layer 2,100.0,11,Latin America and Caribbean,High income,26.666666666666664,33.33333333333333,20.0
ATG,Antigua and Barbuda,2024,MNCH_SAB,Skilled Birth Attendance,Layer 2,99.0,0,Latin America and Caribbean,High income,26.666666666666664,33.33333333333333,20.0
ATG,Antigua and Barbuda,2023,NT_ANE_WOM_15_49_MOD,Anaemia WRA,Layer 1,20.3,1,Latin America and Caribbean,High income,26.666666666666664,33.33333333333333,20.0
ATG,Antigua and Barbuda,2020,NT_BW_LBW,Low Birth Weight,Layer 1,15.3555,4,Latin America and Caribbean,High income,26.666666666666664,33.33333333333333,20.0
AUREC_AMU,Arab Maghreb Union (AMU),2024,IM_DTP3,DTP3 Coverage,Layer 2,93.0,0,,,76.66666666666667,83.33333333333334,70.0
AUREC_AMU,Arab Maghreb Union (AMU),2024,MNCH_ANC4,ANC 4+ Visits,Layer 2,73.6,0,,,76.66666666666667,83.33333333333334,70.0
AUREC_AMU,Arab Maghreb Union (AMU),2024,MNCH_SAB,Skilled Birth Attendance,Layer 2,95.1,0,,,76.66666666666667,83.33333333333334,70.0
AUREC_AMU,Arab Maghreb Union (AMU),2023,NT_ANE_WOM_15_49_MOD,Anaemia WRA,Layer 1,31.2708,1,,,76.66666666666667,83.33333333333334,70.0
AUREC_AMU,Arab Maghreb Union (AMU),2024,NT_ANT_HAZ_NE2_MOD,Stunting,Layer 1,11.432,0,,,76.66666666666667,83.33333333333334,70.0
AUREC_AMU,Arab Maghreb Union (AMU),2024,NT_ANT_WHZ_PO2_MOD,Overweight,Layer 1,9.3482,0,,,76.66666666666667,83.33333333333334,70.0
AUREC_AMU,Arab Maghreb Union (AMU),2024,NT_BF_EIBF,Early BF Initiation,Layer 2,36.1974,0,,,76.66666666666667,83.33333333333334,70.0
AUREC_AMU,Arab Maghreb Union (AMU),2024,NT_BF_EXBF,Excl. BF,Layer 1,28.8595,0,,,76.66666666666667,83.33333333333334,70.0
AUREC_AMU,Arab Maghreb Union (AMU),2020,NT_BW_LBW,Low Birth Weight,Layer 1,10.3136,4,,,76.66666666666667,83.33333333333334,70.0
AUREC_AMU,Arab Maghreb Union (AMU),2024,NT_CF_MAD,Min Acceptable Diet,Layer 2,21.6594,0,,,76.66666666666667,83.33333333333334,70.0
AUREC_AMU,Arab Maghreb Union (AMU),2024,NT_CF_MDD,Min Dietary Diversity,Layer 2,40.0645,0,,,76.66666666666667,83.33333333333334,70.0
AUREC_AMU,Arab Maghreb Union (AMU),2024,NT_CF_MMF,Min Meal Frequency,Layer 2,46.5991,0,,,76.66666666666667,83.33333333333334,70.0
AUREC_CEN_SAD,Community of Sahel-Saharan States (CEN-SAD),2024,IM_DTP3,DTP3 Coverage,Layer 2,75.0,0,,,76.66666666666667,83.33333333333334,70.0
AUREC_CEN_SAD,Community of Sahel-Saharan States (CEN-SAD),2024,MNCH_ANC4,ANC 4+ Visits,Layer 2,57.6,0,,,76.66666666666667,83.33333333333334,70.0
AUREC_CEN_SAD,Community of Sahel-Saharan States (CEN-SAD),2024,MNCH_SAB,Skilled Birth Attendance,Layer 2,69.2,0,,,76.66666666666667,83.33333333333334,70.0
AUREC_CEN_SAD,Community of Sahel-Saharan States (CEN-SAD),2023,NT_ANE_WOM_15_49_MOD,Anaemia WRA,Layer 1,38.6953,1,,,76.66666666666667,83.33333333333334,70.0
AUREC_CEN_SAD,Community of Sahel-Saharan States (CEN-SAD),2024,NT_ANT_HAZ_NE2_MOD,Stunting,Layer 1,27.397,0,,,76.66666666666667,83.33333333333334,70.0
AUREC_CEN_SAD,Community of Sahel-Saharan States (CEN-SAD),2024,NT_ANT_WHZ_PO2_MOD,Overweight,Layer 1,3.5057,0,,,76.66666666666667,83.33333333333334,70.0
AUREC_CEN_SAD,Community of Sahel-Saharan States (CEN-SAD),2024,NT_BF_EIBF,Early BF Initiation,Layer 2,43.0171,0,,,76.66666666666667,83.33333333333334,70.0
AUREC_CEN_SAD,Community of Sahel-Saharan States (CEN-SAD),2024,NT_BF_EXBF,Excl. BF,Layer 1,33.5011,0,,,76.66666666666667,83.33333333333334,70.0
AUREC_CEN_SAD,Community of Sahel-Saharan States (CEN-SAD),2020,NT_BW_LBW,Low Birth Weight,Layer 1,14.5113,4,,,76.66666666666667,83.33333333333334,70.0
AUREC_CEN_SAD,Community of Sahel-Saharan States (CEN-SAD),2024,NT_CF_MAD,Min Acceptable Diet,Layer 2,13.3042,0,,,76.66666666666667,83.33333333333334,70.0
AUREC_CEN_SAD,Community of Sahel-Saharan States (CEN-SAD),2024,NT_CF_MDD,Min Dietary Diversity,Layer 2,22.2748,0,,,76.66666666666667,83.33333333333334,70.0
AUREC_CEN_SAD,Community of Sahel-Saharan States (CEN-SAD),2024,NT_CF_MMF,Min Meal Frequency,Layer 2,43.5868,0,,,76.66666666666667,83.33333333333334,70.0
AUREC_COMESA,Common Market for Eastern and Southern Africa (COMESA),2024,IM_DTP3,DTP3 Coverage,Layer 2,76.0,0,,,76.66666666666667,83.33333333333334,70.0
AUREC_COMESA,Common Market for Eastern and Southern Africa (COMESA),2024,MNCH_ANC4,ANC 4+ Visits,Layer 2,60.4,0,,,76.66666666666667,83.33333333333334,70.0
AUREC_COMESA,Common Market for Eastern and Southern Africa (COMESA),2024,MNCH_SAB,Skilled Birth Attendance,Layer 2,79.8,0,,,76.66666666666667,83.33333333333334,70.0
AUREC_COMESA,Common Market for Eastern and Southern Africa (COMESA),2023,NT_ANE_WOM_15_49_MOD,Anaemia WRA,Layer 1,31.3697,1,,,76.66666666666667,83.33333333333334,70.0
AUREC_COMESA,Common Market for Eastern and Southern Africa (COMESA),2024,NT_ANT_HAZ_NE2_MOD,Stunting,Layer 1,31.3784,0,,,76.66666666666667,83.33333333333334,70.0
AUREC_COMESA,Common Market for Eastern and Southern Africa (COMESA),2024,NT_ANT_WHZ_PO2_MOD,Overweight,Layer 1,4.7728,0,,,76.66666666666667,83.33333333333334,70.0
AUREC_COMESA,Common Market for Eastern and Southern Africa (COMESA),2024,NT_BF_EIBF,Early BF Initiation,Layer 2,61.2868,0,,,76.66666666666667,83.33333333333334,70.0
AUREC_COMESA,Common Market for Eastern and Southern Africa (COMESA),2024,NT_BF_EXBF,Excl. BF,Layer 1,53.8249,0,,,76.66666666666667,83.33333333333334,70.0
AUREC_COMESA,Common Market for Eastern and Southern Africa (COMESA),2020,NT_BW_LBW,Low Birth Weight,Layer 1,13.8531,4,,,76.66666666666667,83.33333333333334,70.0
AUREC_COMESA,Common Market for Eastern and Southern Africa (COMESA),2024,NT_CF_MAD,Min Acceptable Diet,Layer 2,14.0672,0,,,76.66666666666667,83.33333333333334,70.0
AUREC_COMESA,Common Market for Eastern and Southern Africa (COMESA),2024,NT_CF_MDD,Min Dietary Diversity,Layer 2,21.8533,0,,,76.66666666666667,83.33333333333334,70.0
AUREC_COMESA,Common Market for Eastern and Southern Africa (COMESA),2024,NT_CF_MMF,Min Meal Frequency,Layer 2,49.585,0,,,76.66666666666667,83.33333333333334,70.0
AUREC_EAC,East African Community (EAC),2024,IM_DTP3,DTP3 Coverage,Layer 2,79.0,0,,,76.66666666666667,83.33333333333334,70.0
AUREC_EAC,East African Community (EAC),2024,MNCH_ANC4,ANC 4+ Visits,Layer 2,57.2,0,,,76.66666666666667,83.33333333333334,70.0
AUREC_EAC,East African Community (EAC),2024,MNCH_SAB,Skilled Birth Attendance,Layer 2,85.9,0,,,76.66666666666667,83.33333333333334,70.0
AUREC_EAC,East African Community (EAC),2023,NT_ANE_WOM_15_49_MOD,Anaemia WRA,Layer 1,34.8655,1,,,76.66666666666667,83.33333333333334,70.0
AUREC_EAC,East African Community (EAC),2024,NT_ANT_HAZ_NE2_MOD,Stunting,Layer 1,33.7672,0,,,76.66666666666667,83.33333333333334,70.0
AUREC_EAC,East African Community (EAC),2024,NT_ANT_WHZ_PO2_MOD,Overweight,Layer 1,4.2803,0,,,76.66666666666667,83.33333333333334,70.0
AUREC_EAC,East African Community (EAC),2024,NT_BF_EIBF,Early BF Initiation,Layer 2,65.0098,0,,,76.66666666666667,83.33333333333334,70.0
AUREC_EAC,East African Community (EAC),2024,NT_BF_EXBF,Excl. BF,Layer 1,59.4807,0,,,76.66666666666667,83.33333333333334,70.0
AUREC_EAC,East African Community (EAC),2020,NT_BW_LBW,Low Birth Weight,Layer 1,11.3119,4,,,76.66666666666667,83.33333333333334,70.0
AUREC_EAC,East African Community (EAC),2024,NT_CF_MAD,Min Acceptable Diet,Layer 2,10.9494,0,,,76.66666666666667,83.33333333333334,70.0
AUREC_EAC,East African Community (EAC),2024,NT_CF_MDD,Min Dietary Diversity,Layer 2,18.9743,0,,,76.66666666666667,83.33333333333334,70.0
AUREC_EAC,East African Community (EAC),2024,NT_CF_MMF,Min Meal Frequency,Layer 2,40.8344,0,,,76.66666666666667,83.33333333333334,70.0
AUREC_ECCAS,Economic Community of Central African States (ECCAS),2024,IM_DTP3,DTP3 Coverage,Layer 2,69.0,0,,,76.66666666666667,83.33333333333334,70.0
AUREC_ECCAS,Economic Community of Central African States (ECCAS),2024,MNCH_ANC4,ANC 4+ Visits,Layer 2,50.3,0,,,76.66666666666667,83.33333333333334,70.0
AUREC_ECCAS,Economic Community of Central African States (ECCAS),2024,MNCH_SAB,Skilled Birth Attendance,Layer 2,79.9,0,,,76.66666666666667,83.33333333333334,70.0
AUREC_ECCAS,Economic Community of Central African States (ECCAS),2023,NT_ANE_WOM_15_49_MOD,Anaemia WRA,Layer 1,39.8042,1,,,76.66666666666667,83.33333333333334,70.0
AUREC_ECCAS,Economic Community of Central African States (ECCAS),2024,NT_ANT_HAZ_NE2_MOD,Stunting,Layer 1,40.4418,0,,,76.66666666666667,83.33333333333334,70.0
AUREC_ECCAS,Economic Community of Central African States (ECCAS),2024,NT_ANT_WHZ_PO2_MOD,Overweight,Layer 1,5.1079,0,,,76.66666666666667,83.33333333333334,70.0
AUREC_ECCAS,Economic Community of Central African States (ECCAS),2024,NT_BF_EIBF,Early BF Initiation,Layer 2,55.8239,0,,,76.66666666666667,83.33333333333334,70.0
AUREC_ECCAS,Economic Community of Central African States (ECCAS),2024,NT_BF_EXBF,Excl. BF,Layer 1,45.7325,0,,,76.66666666666667,83.33333333333334,70.0
AUREC_ECCAS,Economic Community of Central African States (ECCAS),2020,NT_BW_LBW,Low Birth Weight,Layer 1,12.2137,4,,,76.66666666666667,83.33333333333334,70.0
AUREC_ECCAS,Economic Community of Central African States (ECCAS),2024,NT_CF_MAD,Min Acceptable Diet,Layer 2,11.6337,0,,,76.66666666666667,83.33333333333334,70.0
AUREC_ECCAS,Economic Community of Central African States (ECCAS),2024,NT_CF_MDD,Min Dietary Diversity,Layer 2,18.8143,0,,,76.66666666666667,83.33333333333334,70.0
AUREC_ECCAS,Economic Community of Central African States (ECCAS),2024,NT_CF_MMF,Min Meal Frequency,Layer 2,34.7417,0,,,76.66666666666667,83.33333333333334,70.0
AUREC_ECOWAS,Economic Community of West African States (ECOWAS),2024,IM_DTP3,DTP3 Coverage,Layer 2,75.0,0,,,76.66666666666667,83.33333333333334,70.0
AUREC_ECOWAS,Economic Community of West African States (ECOWAS),2024,MNCH_ANC4,ANC 4+ Visits,Layer 2,60.2,0,,,76.66666666666667,83.33333333333334,70.0
AUREC_ECOWAS,Economic Community of West African States (ECOWAS),2024,MNCH_SAB,Skilled Birth Attendance,Layer 2,61.9,0,,,76.66666666666667,83.33333333333334,70.0
AUREC_ECOWAS,Economic Community of West African States (ECOWAS),2023,NT_ANE_WOM_15_49_MOD,Anaemia WRA,Layer 1,40.324,1,,,76.66666666666667,83.33333333333334,70.0
AUREC_ECOWAS,Economic Community of West African States (ECOWAS),2024,NT_ANT_HAZ_NE2_MOD,Stunting,Layer 1,29.344,0,,,76.66666666666667,83.33333333333334,70.0
AUREC_ECOWAS,Economic Community of West African States (ECOWAS),2024,NT_ANT_WHZ_PO2_MOD,Overweight,Layer 1,2.228,0,,,76.66666666666667,83.33333333333334,70.0
AUREC_ECOWAS,Economic Community of West African States (ECOWAS),2024,NT_BF_EIBF,Early BF Initiation,Layer 2,38.8503,0,,,76.66666666666667,83.33333333333334,70.0
AUREC_ECOWAS,Economic Community of West African States (ECOWAS),2024,NT_BF_EXBF,Excl. BF,Layer 1,33.9591,0,,,76.66666666666667,83.33333333333334,70.0
AUREC_ECOWAS,Economic Community of West African States (ECOWAS),2020,NT_BW_LBW,Low Birth Weight,Layer 1,13.7439,4,,,76.66666666666667,83.33333333333334,70.0
AUREC_ECOWAS,Economic Community of West African States (ECOWAS),2024,NT_CF_MAD,Min Acceptable Diet,Layer 2,8.4197,0,,,76.66666666666667,83.33333333333334,70.0
AUREC_ECOWAS,Economic Community of West African States (ECOWAS),2024,NT_CF_MDD,Min Dietary Diversity,Layer 2,18.454,0,,,76.66666666666667,83.33333333333334,70.0
AUREC_ECOWAS,Economic Community of West African States (ECOWAS),2024,NT_CF_MMF,Min Meal Frequency,Layer 2,37.5535,0,,,76.66666666666667,83.33333333333334,70.0
AUREC_ECOWAS_202502,Economic Community of West African States (ECOWAS 2025),2024,IM_DTP3,DTP3 Coverage,Layer 2,72.0,0,,,5.0,0.0,10.0
AUREC_IGAD,Intergovernmental Authority on Development (IGAD),2024,IM_DTP3,DTP3 Coverage,Layer 2,73.0,0,,,76.66666666666667,83.33333333333334,70.0
AUREC_IGAD,Intergovernmental Authority on Development (IGAD),2024,MNCH_ANC4,ANC 4+ Visits,Layer 2,56.4,0,,,76.66666666666667,83.33333333333334,70.0
AUREC_IGAD,Intergovernmental Authority on Development (IGAD),2024,MNCH_SAB,Skilled Birth Attendance,Layer 2,70.3,0,,,76.66666666666667,83.33333333333334,70.0
AUREC_IGAD,Intergovernmental Authority on Development (IGAD),2023,NT_ANE_WOM_15_49_MOD,Anaemia WRA,Layer 1,28.8966,1,,,76.66666666666667,83.33333333333334,70.0
AUREC_IGAD,Intergovernmental Authority on Development (IGAD),2024,NT_ANT_HAZ_NE2_MOD,Stunting,Layer 1,29.905,0,,,76.66666666666667,83.33333333333334,70.0
AUREC_IGAD,Intergovernmental Authority on Development (IGAD),2024,NT_ANT_WHZ_PO2_MOD,Overweight,Layer 1,3.4628,0,,,76.66666666666667,83.33333333333334,70.0
AUREC_IGAD,Intergovernmental Authority on Development (IGAD),2024,NT_BF_EIBF,Early BF Initiation,Layer 2,70.6292,0,,,76.66666666666667,83.33333333333334,70.0
AUREC_IGAD,Intergovernmental Authority on Development (IGAD),2024,NT_BF_EXBF,Excl. BF,Layer 1,55.9656,0,,,76.66666666666667,83.33333333333334,70.0
AUREC_IGAD,Intergovernmental Authority on Development (IGAD),2020,NT_BW_LBW,Low Birth Weight,Layer 1,14.5933,4,,,76.66666666666667,83.33333333333334,70.0
AUREC_IGAD,Intergovernmental Authority on Development (IGAD),2024,NT_CF_MAD,Min Acceptable Diet,Layer 2,14.3477,0,,,76.66666666666667,83.33333333333334,70.0
AUREC_IGAD,Intergovernmental Authority on Development (IGAD),2024,NT_CF_MDD,Min Dietary Diversity,Layer 2,18.4353,0,,,76.66666666666667,83.33333333333334,70.0
AUREC_IGAD,Intergovernmental Authority on Development (IGAD),2024,NT_CF_MMF,Min Meal Frequency,Layer 2,59.9772,0,,,76.66666666666667,83.33333333333334,70.0
AUREC_SADC,Southern African Development Community (SADC),2024,IM_DTP3,DTP3 Coverage,Layer 2,73.0,0,,,76.66666666666667,83.33333333333334,70.0
AUREC_SADC,Southern African Development Community (SADC),2024,MNCH_ANC4,ANC 4+ Visits,Layer 2,58.7,0,,,76.66666666666667,83.33333333333334,70.0
AUREC_SADC,Southern African Development Community (SADC),2024,MNCH_SAB,Skilled Birth Attendance,Layer 2,83.7,0,,,76.66666666666667,83.33333333333334,70.0
AUREC_SADC,Southern African Development Community (SADC),2023,NT_ANE_WOM_15_49_MOD,Anaemia WRA,Layer 1,36.9917,1,,,76.66666666666667,83.33333333333334,70.0
AUREC_SADC,Southern African Development Community (SADC),2024,NT_ANT_HAZ_NE2_MOD,Stunting,Layer 1,36.7457,0,,,76.66666666666667,83.33333333333334,70.0
AUREC_SADC,Southern African Development Community (SADC),2024,NT_ANT_WHZ_PO2_MOD,Overweight,Layer 1,5.197,0,,,76.66666666666667,83.33333333333334,70.0
AUREC_SADC,Southern African Development Community (SADC),2024,NT_BF_EIBF,Early BF Initiation,Layer 2,61.6899,0,,,76.66666666666667,83.33333333333334,70.0
AUREC_SADC,Southern African Development Community (SADC),2024,NT_BF_EXBF,Excl. BF,Layer 1,53.7976,0,,,76.66666666666667,83.33333333333334,70.0
AUREC_SADC,Southern African Development Community (SADC),2020,NT_BW_LBW,Low Birth Weight,Layer 1,13.0548,4,,,76.66666666666667,83.33333333333334,70.0
AUREC_SADC,Southern African Development Community (SADC),2024,NT_CF_MAD,Min Acceptable Diet,Layer 2,7.6358,0,,,76.66666666666667,83.33333333333334,70.0
AUREC_SADC,Southern African Development Community (SADC),2024,NT_CF_MDD,Min Dietary Diversity,Layer 2,17.2834,0,,,76.66666666666667,83.33333333333334,70.0
AUREC_SADC,Southern African Development Community (SADC),2024,NT_CF_MMF,Min Meal Frequency,Layer 2,34.6938,0,,,76.66666666666667,83.33333333333334,70.0
AUS,Australia,2024,IM_DTP3,DTP3 Coverage,Layer 2,93.0,0,East Asia and Pacific,High income,43.33333333333333,66.66666666666666,20.0
AUS,Australia,2008,MNCH_ANC4,ANC 4+ Visits,Layer 2,92.0,16,East Asia and Pacific,High income,43.33333333333333,66.66666666666666,20.0
AUS,Australia,2023,MNCH_SAB,Skilled Birth Attendance,Layer 2,98.5,1,East Asia and Pacific,High income,43.33333333333333,66.66666666666666,20.0
AUS,Australia,2023,NT_ANE_WOM_15_49_MOD,Anaemia WRA,Layer 1,11.1,1,East Asia and Pacific,High income,43.33333333333333,66.66666666666666,20.0
AUS,Australia,2024,NT_ANT_HAZ_NE2_MOD,Stunting,Layer 1,3.1005,0,East Asia and Pacific,High income,43.33333333333333,66.66666666666666,20.0
AUS,Australia,2024,NT_ANT_WHZ_PO2_MOD,Overweight,Layer 1,26.4308,0,East Asia and Pacific,High income,43.33333333333333,66.66666666666666,20.0
AUS,Australia,2020,NT_BW_LBW,Low Birth Weight,Layer 1,6.5537,4,East Asia and Pacific,High income,43.33333333333333,66.66666666666666,20.0
AUT,Austria,2024,IM_DTP3,DTP3 Coverage,Layer 2,85.0,0,Europe and Central Asia,High income,26.666666666666664,33.33333333333333,20.0
AUT,Austria,2024,MNCH_SAB,Skilled Birth Attendance,Layer 2,98.7,0,Europe and Central Asia,High income,26.666666666666664,33.33333333333333,20.0
AUT,Austria,2023,NT_ANE_WOM_15_49_MOD,Anaemia WRA,Layer 1,16.7,1,Europe and Central Asia,High income,26.666666666666664,33.33333333333333,20.0
AUT,Austria,2020,NT_BW_LBW,Low Birth Weight,Layer 1,6.3054,4,Europe and Central Asia,High income,26.666666666666664,33.33333333333333,20.0
AU_AFRICA,African Union,2024,IM_DTP3,DTP3 Coverage,Layer 2,76.0,0,,,76.66666666666667,83.33333333333334,70.0
AU_AFRICA,African Union,2024,MNCH_ANC4,ANC 4+ Visits,Layer 2,59.9,0,,,76.66666666666667,83.33333333333334,70.0
AU_AFRICA,African Union,2024,MNCH_SAB,Skilled Birth Attendance,Layer 2,74.8,0,,,76.66666666666667,83.33333333333334,70.0
AU_AFRICA,African Union,2023,NT_ANE_WOM_15_49_MOD,Anaemia WRA,Layer 1,35.8945,1,,,76.66666666666667,83.33333333333334,70.0
AU_AFRICA,African Union,2024,NT_ANT_HAZ_NE2_MOD,Stunting,Layer 1,30.2716,0,,,76.66666666666667,83.33333333333334,70.0
AU_AFRICA,African Union,2024,NT_ANT_WHZ_PO2_MOD,Overweight,Layer 1,4.5078,0,,,76.66666666666667,83.33333333333334,70.0
AU_AFRICA,African Union,2024,NT_BF_EIBF,Early BF Initiation,Layer 2,54.4855,0,,,76.66666666666667,83.33333333333334,70.0
AU_AFRICA,African Union,2024,NT_BF_EXBF,Excl. BF,Layer 1,44.7919,0,,,76.66666666666667,83.33333333333334,70.0
AU_AFRICA,African Union,2020,NT_BW_LBW,Low Birth Weight,Layer 1,13.8886,4,,,76.66666666666667,83.33333333333334,70.0
AU_AFRICA,African Union,2024,NT_CF_MAD,Min Acceptable Diet,Layer 2,11.9608,0,,,76.66666666666667,83.33333333333334,70.0
AU_AFRICA,African Union,2024,NT_CF_MDD,Min Dietary Diversity,Layer 2,20.5327,0,,,76.66666666666667,83.33333333333334,70.0
AU_AFRICA,African Union,2024,NT_CF_MMF,Min Meal Frequency,Layer 2,44.014,0,,,76.66666666666667,83.33333333333334,70.0
AU_CENTRAL_AFRICA,Central Africa (African Union),2024,IM_DTP3,DTP3 Coverage,Layer 2,68.0,0,,,76.66666666666667,83.33333333333334,70.0
AU_CENTRAL_AFRICA,Central Africa (African Union),2024,MNCH_ANC4,ANC 4+ Visits,Layer 2,49.5,0,,,76.66666666666667,83.33333333333334,70.0
AU_CENTRAL_AFRICA,Central Africa (African Union),2024,MNCH_SAB,Skilled Birth Attendance,Layer 2,80.4,0,,,76.66666666666667,83.33333333333334,70.0
AU_CENTRAL_AFRICA,Central Africa (African Union),2023,NT_ANE_WOM_15_49_MOD,Anaemia WRA,Layer 1,41.0548,1,,,76.66666666666667,83.33333333333334,70.0
AU_CENTRAL_AFRICA,Central Africa (African Union),2024,NT_ANT_HAZ_NE2_MOD,Stunting,Layer 1,39.6469,0,,,76.66666666666667,83.33333333333334,70.0
AU_CENTRAL_AFRICA,Central Africa (African Union),2024,NT_ANT_WHZ_PO2_MOD,Overweight,Layer 1,5.1877,0,,,76.66666666666667,83.33333333333334,70.0
AU_CENTRAL_AFRICA,Central Africa (African Union),2024,NT_BF_EIBF,Early BF Initiation,Layer 2,54.6445,0,,,76.66666666666667,83.33333333333334,70.0
AU_CENTRAL_AFRICA,Central Africa (African Union),2024,NT_BF_EXBF,Excl. BF,Layer 1,46.301,0,,,76.66666666666667,83.33333333333334,70.0
AU_CENTRAL_AFRICA,Central Africa (African Union),2020,NT_BW_LBW,Low Birth Weight,Layer 1,11.7379,4,,,76.66666666666667,83.33333333333334,70.0
AU_CENTRAL_AFRICA,Central Africa (African Union),2024,NT_CF_MAD,Min Acceptable Diet,Layer 2,11.0413,0,,,76.66666666666667,83.33333333333334,70.0
AU_CENTRAL_AFRICA,Central Africa (African Union),2024,NT_CF_MDD,Min Dietary Diversity,Layer 2,17.6455,0,,,76.66666666666667,83.33333333333334,70.0
AU_CENTRAL_AFRICA,Central Africa (African Union),2024,NT_CF_MMF,Min Meal Frequency,Layer 2,34.1165,0,,,76.66666666666667,83.33333333333334,70.0
AU_EASTERN_AFRICA,Eastern Africa (African Union),2024,IM_DTP3,DTP3 Coverage,Layer 2,75.0,0,,,76.66666666666667,83.33333333333334,70.0
AU_EASTERN_AFRICA,Eastern Africa (African Union),2024,MNCH_ANC4,ANC 4+ Visits,Layer 2,58.9,0,,,76.66666666666667,83.33333333333334,70.0
AU_EASTERN_AFRICA,Eastern Africa (African Union),2024,MNCH_SAB,Skilled Birth Attendance,Layer 2,72.9,0,,,76.66666666666667,83.33333333333334,70.0
AU_EASTERN_AFRICA,Eastern Africa (African Union),2023,NT_ANE_WOM_15_49_MOD,Anaemia WRA,Layer 1,30.5624,1,,,76.66666666666667,83.33333333333334,70.0
AU_EASTERN_AFRICA,Eastern Africa (African Union),2024,NT_ANT_HAZ_NE2_MOD,Stunting,Layer 1,30.4589,0,,,76.66666666666667,83.33333333333334,70.0
AU_EASTERN_AFRICA,Eastern Africa (African Union),2024,NT_ANT_WHZ_PO2_MOD,Overweight,Layer 1,3.6384,0,,,76.66666666666667,83.33333333333334,70.0
AU_EASTERN_AFRICA,Eastern Africa (African Union),2024,NT_BF_EIBF,Early BF Initiation,Layer 2,70.5408,0,,,76.66666666666667,83.33333333333334,70.0
AU_EASTERN_AFRICA,Eastern Africa (African Union),2024,NT_BF_EXBF,Excl. BF,Layer 1,58.6432,0,,,76.66666666666667,83.33333333333334,70.0
AU_EASTERN_AFRICA,Eastern Africa (African Union),2020,NT_BW_LBW,Low Birth Weight,Layer 1,13.9471,4,,,76.66666666666667,83.33333333333334,70.0
AU_EASTERN_AFRICA,Eastern Africa (African Union),2024,NT_CF_MAD,Min Acceptable Diet,Layer 2,13.2806,0,,,76.66666666666667,83.33333333333334,70.0
AU_EASTERN_AFRICA,Eastern Africa (African Union),2024,NT_CF_MDD,Min Dietary Diversity,Layer 2,19.2618,0,,,76.66666666666667,83.33333333333334,70.0
AU_EASTERN_AFRICA,Eastern Africa (African Union),2024,NT_CF_MMF,Min Meal Frequency,Layer 2,54.5226,0,,,76.66666666666667,83.33333333333334,70.0
AU_NORTHERN_AFRICA,Northern Africa (African Union),2024,IM_DTP3,DTP3 Coverage,Layer 2,95.0,0,,,76.66666666666667,83.33333333333334,70.0
AU_NORTHERN_AFRICA,Northern Africa (African Union),2024,MNCH_ANC4,ANC 4+ Visits,Layer 2,82.6,0,,,76.66666666666667,83.33333333333334,70.0
AU_NORTHERN_AFRICA,Northern Africa (African Union),2024,MNCH_SAB,Skilled Birth Attendance,Layer 2,96.4,0,,,76.66666666666667,83.33333333333334,70.0
AU_NORTHERN_AFRICA,Northern Africa (African Union),2023,NT_ANE_WOM_15_49_MOD,Anaemia WRA,Layer 1,32.0076,1,,,76.66666666666667,83.33333333333334,70.0
AU_NORTHERN_AFRICA,Northern Africa (African Union),2024,NT_ANT_HAZ_NE2_MOD,Stunting,Layer 1,12.2227,0,,,76.66666666666667,83.33333333333334,70.0
AU_NORTHERN_AFRICA,Northern Africa (African Union),2024,NT_ANT_WHZ_PO2_MOD,Overweight,Layer 1,10.3456,0,,,76.66666666666667,83.33333333333334,70.0
AU_NORTHERN_AFRICA,Northern Africa (African Union),2024,NT_BF_EIBF,Early BF Initiation,Layer 2,34.0011,0,,,76.66666666666667,83.33333333333334,70.0
AU_NORTHERN_AFRICA,Northern Africa (African Union),2024,NT_BF_EXBF,Excl. BF,Layer 1,36.3869,0,,,76.66666666666667,83.33333333333334,70.0
AU_NORTHERN_AFRICA,Northern Africa (African Union),2020,NT_BW_LBW,Low Birth Weight,Layer 1,13.8096,4,,,76.66666666666667,83.33333333333334,70.0
AU_NORTHERN_AFRICA,Northern Africa (African Union),2024,NT_CF_MAD,Min Acceptable Diet,Layer 2,24.6515,0,,,76.66666666666667,83.33333333333334,70.0
AU_NORTHERN_AFRICA,Northern Africa (African Union),2024,NT_CF_MDD,Min Dietary Diversity,Layer 2,41.0763,0,,,76.66666666666667,83.33333333333334,70.0
AU_NORTHERN_AFRICA,Northern Africa (African Union),2024,NT_CF_MMF,Min Meal Frequency,Layer 2,52.3986,0,,,76.66666666666667,83.33333333333334,70.0
AU_SOUTHERN_AFRICA,Southern Africa (African Union),2024,IM_DTP3,DTP3 Coverage,Layer 2,77.0,0,,,76.66666666666667,83.33333333333334,70.0
AU_SOUTHERN_AFRICA,Southern Africa (African Union),2024,MNCH_ANC4,ANC 4+ Visits,Layer 2,63.9,0,,,76.66666666666667,83.33333333333334,70.0
AU_SOUTHERN_AFRICA,Southern Africa (African Union),2024,MNCH_SAB,Skilled Birth Attendance,Layer 2,85.0,0,,,76.66666666666667,83.33333333333334,70.0
AU_SOUTHERN_AFRICA,Southern Africa (African Union),2023,NT_ANE_WOM_15_49_MOD,Anaemia WRA,Layer 1,35.0821,1,,,76.66666666666667,83.33333333333334,70.0
AU_SOUTHERN_AFRICA,Southern Africa (African Union),2024,NT_ANT_HAZ_NE2_MOD,Stunting,Layer 1,34.0999,0,,,76.66666666666667,83.33333333333334,70.0
AU_SOUTHERN_AFRICA,Southern Africa (African Union),2024,NT_ANT_WHZ_PO2_MOD,Overweight,Layer 1,6.5927,0,,,76.66666666666667,83.33333333333334,70.0
AU_SOUTHERN_AFRICA,Southern Africa (African Union),2024,NT_BF_EIBF,Early BF Initiation,Layer 2,64.7591,0,,,76.66666666666667,83.33333333333334,70.0
AU_SOUTHERN_AFRICA,Southern Africa (African Union),2024,NT_BF_EXBF,Excl. BF,Layer 1,49.8126,0,,,76.66666666666667,83.33333333333334,70.0
AU_SOUTHERN_AFRICA,Southern Africa (African Union),2020,NT_BW_LBW,Low Birth Weight,Layer 1,15.3889,4,,,76.66666666666667,83.33333333333334,70.0
AU_SOUTHERN_AFRICA,Southern Africa (African Union),2024,NT_CF_MAD,Min Acceptable Diet,Layer 2,8.1972,0,,,76.66666666666667,83.33333333333334,70.0
AU_SOUTHERN_AFRICA,Southern Africa (African Union),2024,NT_CF_MDD,Min Dietary Diversity,Layer 2,18.8725,0,,,76.66666666666667,83.33333333333334,70.0
AU_SOUTHERN_AFRICA,Southern Africa (African Union),2024,NT_CF_MMF,Min Meal Frequency,Layer 2,39.1838,0,,,76.66666666666667,83.33333333333334,70.0
AU_WESTERN_AFRICA,Western Africa (African Union),2024,IM_DTP3,DTP3 Coverage,Layer 2,75.0,0,,,76.66666666666667,83.33333333333334,70.0
AU_WESTERN_AFRICA,Western Africa (African Union),2024,MNCH_ANC4,ANC 4+ Visits,Layer 2,57.7,0,,,76.66666666666667,83.33333333333334,70.0
AU_WESTERN_AFRICA,Western Africa (African Union),2024,MNCH_SAB,Skilled Birth Attendance,Layer 2,63.1,0,,,76.66666666666667,83.33333333333334,70.0
AU_WESTERN_AFRICA,Western Africa (African Union),2023,NT_ANE_WOM_15_49_MOD,Anaemia WRA,Layer 1,41.7198,1,,,76.66666666666667,83.33333333333334,70.0
AU_WESTERN_AFRICA,Western Africa (African Union),2024,NT_ANT_HAZ_NE2_MOD,Stunting,Layer 1,29.8206,0,,,76.66666666666667,83.33333333333334,70.0
AU_WESTERN_AFRICA,Western Africa (African Union),2024,NT_ANT_WHZ_PO2_MOD,Overweight,Layer 1,2.2244,0,,,76.66666666666667,83.33333333333334,70.0
AU_WESTERN_AFRICA,Western Africa (African Union),2024,NT_BF_EIBF,Early BF Initiation,Layer 2,42.8765,0,,,76.66666666666667,83.33333333333334,70.0
AU_WESTERN_AFRICA,Western Africa (African Union),2024,NT_BF_EXBF,Excl. BF,Layer 1,34.5515,0,,,76.66666666666667,83.33333333333334,70.0
AU_WESTERN_AFRICA,Western Africa (African Union),2020,NT_BW_LBW,Low Birth Weight,Layer 1,14.2827,4,,,76.66666666666667,83.33333333333334,70.0
AU_WESTERN_AFRICA,Western Africa (African Union),2024,NT_CF_MAD,Min Acceptable Diet,Layer 2,8.78,0,,,76.66666666666667,83.33333333333334,70.0
AU_WESTERN_AFRICA,Western Africa (African Union),2024,NT_CF_MDD,Min Dietary Diversity,Layer 2,17.9982,0,,,76.66666666666667,83.33333333333334,70.0
AU_WESTERN_AFRICA,Western Africa (African Union),2024,NT_CF_MMF,Min Meal Frequency,Layer 2,39.3074,0,,,76.66666666666667,83.33333333333334,70.0
AZE,Azerbaijan,2024,IM_DTP3,DTP3 Coverage,Layer 2,51.0,0,Europe and Central Asia,Upper middle income,76.66666666666667,83.33333333333334,70.0
AZE,Azerbaijan,2023,MNCH_ANC4,ANC 4+ Visits,Layer 2,91.4,1,Europe and Central Asia,Upper middle income,76.66666666666667,83.33333333333334,70.0
AZE,Azerbaijan,2023,MNCH_SAB,Skilled Birth Attendance,Layer 2,99.8,1,Europe and Central Asia,Upper middle income,76.66666666666667,83.33333333333334,70.0
AZE,Azerbaijan,2023,NT_ANE_WOM_15_49_MOD,Anaemia WRA,Layer 1,35.6,1,Europe and Central Asia,Upper middle income,76.66666666666667,83.33333333333334,70.0
AZE,Azerbaijan,2024,NT_ANT_HAZ_NE2_MOD,Stunting,Layer 1,6.8197,0,Europe and Central Asia,Upper middle income,76.66666666666667,83.33333333333334,70.0
AZE,Azerbaijan,2024,NT_ANT_WHZ_PO2_MOD,Overweight,Layer 1,4.1889,0,Europe and Central Asia,Upper middle income,76.66666666666667,83.33333333333334,70.0
AZE,Azerbaijan,2023,NT_BF_EIBF,Early BF Initiation,Layer 2,13.717,1,Europe and Central Asia,Upper middle income,76.66666666666667,83.33333333333334,70.0
AZE,Azerbaijan,2023,NT_BF_EXBF,Excl. BF,Layer 1,18.4198,1,Europe and Central Asia,Upper middle income,76.66666666666667,83.33333333333334,70.0
AZE,Azerbaijan,2020,NT_BW_LBW,Low Birth Weight,Layer 1,11.0353,4,Europe and Central Asia,Upper middle income,76.66666666666667,83.33333333333334,70.0
AZE,Azerbaijan,2023,NT_CF_MAD,Min Acceptable Diet,Layer 2,35.2076,1,Europe and Central Asia,Upper middle income,76.66666666666667,83.33333333333334,70.0
AZE,Azerbaijan,2023,NT_CF_MDD,Min Dietary Diversity,Layer 2,57.4704,1,Europe and Central Asia,Upper middle income,76.66666666666667,83.33333333333334,70.0
AZE,Azerbaijan,2023,NT_CF_MMF,Min Meal Frequency,Layer 2,74.3208,1,Europe and Central Asia,Upper middle income,76.66666666666667,83.33333333333334,70.0
BDI,Burundi,2024,IM_DTP3,DTP3 Coverage,Layer 2,89.0,0,Sub-Saharan Africa,Low income,71.66666666666667,83.33333333333334,60.0
BDI,Burundi,2017,MNCH_ANC4,ANC 4+ Visits,Layer 2,49.3,7,Sub-Saharan Africa,Low income,71.66666666666667,83.33333333333334,60.0
BDI,Burundi,2022,MNCH_SAB,Skilled Birth Attendance,Layer 2,75.2,2,Sub-Saharan Africa,Low income,71.66666666666667,83.33333333333334,60.0
BDI,Burundi,2023,NT_ANE_WOM_15_49_MOD,Anaemia WRA,Layer 1,39.0,1,Sub-Saharan Africa,Low income,71.66666666666667,83.33333333333334,60.0
BDI,Burundi,2024,NT_ANT_HAZ_NE2_MOD,Stunting,Layer 1,55.2516,0,Sub-Saharan Africa,Low income,71.66666666666667,83.33333333333334,60.0
BDI,Burundi,2024,NT_ANT_WHZ_PO2_MOD,Overweight,Layer 1,2.3776,0,Sub-Saharan Africa,Low income,71.66666666666667,83.33333333333334,60.0
BDI,Burundi,2024,NT_BF_EIBF,Early BF Initiation,Layer 2,89.3,0,Sub-Saharan Africa,Low income,71.66666666666667,83.33333333333334,60.0
BDI,Burundi,2024,NT_BF_EXBF,Excl. BF,Layer 1,83.3,0,Sub-Saharan Africa,Low income,71.66666666666667,83.33333333333334,60.0
BDI,Burundi,2020,NT_BW_LBW,Low Birth Weight,Layer 1,14.7769,4,Sub-Saharan Africa,Low income,71.66666666666667,83.33333333333334,60.0
BDI,Burundi,2024,NT_CF_MAD,Min Acceptable Diet,Layer 2,18.2,0,Sub-Saharan Africa,Low income,71.66666666666667,83.33333333333334,60.0
BDI,Burundi,2024,NT_CF_MDD,Min Dietary Diversity,Layer 2,28.6,0,Sub-Saharan Africa,Low income,71.66666666666667,83.33333333333334,60.0
BDI,Burundi,2024,NT_CF_MMF,Min Meal Frequency,Layer 2,50.4,0,Sub-Saharan Africa,Low income,71.66666666666667,83.33333333333334,60.0
BEL,Belgium,2024,IM_DTP3,DTP3 Coverage,Layer 2,97.0,0,Europe and Central Asia,High income,38.33333333333333,66.66666666666666,10.0
BEL,Belgium,2023,NT_ANE_WOM_15_49_MOD,Anaemia WRA,Layer 1,15.0,1,Europe and Central Asia,High income,38.33333333333333,66.66666666666666,10.0
BEL,Belgium,2024,NT_ANT_HAZ_NE2_MOD,Stunting,Layer 1,2.6124,0,Europe and Central Asia,High income,38.33333333333333,66.66666666666666,10.0
BEL,Belgium,2024,NT_ANT_WHZ_PO2_MOD,Overweight,Layer 1,4.9067,0,Europe and Central Asia,High income,38.33333333333333,66.66666666666666,10.0
BEL,Belgium,2020,NT_BW_LBW,Low Birth Weight,Layer 1,6.7562,4,Europe and Central Asia,High income,38.33333333333333,66.66666666666666,10.0
BEN,Benin,2024,IM_DTP3,DTP3 Coverage,Layer 2,63.0,0,Sub-Saharan Africa,Lower middle income,76.66666666666667,83.33333333333334,70.0
BEN,Benin,2022,MNCH_ANC4,ANC 4+ Visits,Layer 2,52.6,2,Sub-Saharan Africa,Lower middle income,76.66666666666667,83.33333333333334,70.0
BEN,Benin,2022,MNCH_SAB,Skilled Birth Attendance,Layer 2,80.8,2,Sub-Saharan Africa,Lower middle income,76.66666666666667,83.33333333333334,70.0
BEN,Benin,2023,NT_ANE_WOM_15_49_MOD,Anaemia WRA,Layer 1,50.0,1,Sub-Saharan Africa,Lower middle income,76.66666666666667,83.33333333333334,70.0
BEN,Benin,2024,NT_ANT_HAZ_NE2_MOD,Stunting,Layer 1,33.2171,0,Sub-Saharan Africa,Lower middle income,76.66666666666667,83.33333333333334,70.0
BEN,Benin,2024,NT_ANT_WHZ_PO2_MOD,Overweight,Layer 1,3.7316,0,Sub-Saharan Africa,Lower middle income,76.66666666666667,83.33333333333334,70.0
BEN,Benin,2021,NT_BF_EIBF,Early BF Initiation,Layer 2,25.1392,3,Sub-Saharan Africa,Lower middle income,76.66666666666667,83.33333333333334,70.0
BEN,Benin,2021,NT_BF_EXBF,Excl. BF,Layer 1,44.9468,3,Sub-Saharan Africa,Lower middle income,76.66666666666667,83.33333333333334,70.0
BEN,Benin,2020,NT_BW_LBW,Low Birth Weight,Layer 1,16.4458,4,Sub-Saharan Africa,Lower middle income,76.66666666666667,83.33333333333334,70.0
BEN,Benin,2021,NT_CF_MAD,Min Acceptable Diet,Layer 2,9.2583,3,Sub-Saharan Africa,Lower middle income,76.66666666666667,83.33333333333334,70.0
BEN,Benin,2021,NT_CF_MDD,Min Dietary Diversity,Layer 2,21.9636,3,Sub-Saharan Africa,Lower middle income,76.66666666666667,83.33333333333334,70.0
BEN,Benin,2021,NT_CF_MMF,Min Meal Frequency,Layer 2,32.1361,3,Sub-Saharan Africa,Lower middle income,76.66666666666667,83.33333333333334,70.0
BFA,Burkina Faso,2024,IM_DTP3,DTP3 Coverage,Layer 2,91.0,0,Sub-Saharan Africa,Low income,76.66666666666667,83.33333333333334,70.0
BFA,Burkina Faso,2024,MNCH_ANC4,ANC 4+ Visits,Layer 2,49.3,0,Sub-Saharan Africa,Low income,76.66666666666667,83.33333333333334,70.0
BFA,Burkina Faso,2021,MNCH_SAB,Skilled Birth Attendance,Layer 2,95.8,3,Sub-Saharan Africa,Low income,76.66666666666667,83.33333333333334,70.0
BFA,Burkina Faso,2023,NT_ANE_WOM_15_49_MOD,Anaemia WRA,Layer 1,44.3,1,Sub-Saharan Africa,Low income,76.66666666666667,83.33333333333334,70.0
BFA,Burkina Faso,2024,NT_ANT_HAZ_NE2_MOD,Stunting,Layer 1,19.5408,0,Sub-Saharan Africa,Low income,76.66666666666667,83.33333333333334,70.0
BFA,Burkina Faso,2024,NT_ANT_WHZ_PO2_MOD,Overweight,Layer 1,2.8138,0,Sub-Saharan Africa,Low income,76.66666666666667,83.33333333333334,70.0
BFA,Burkina Faso,2021,NT_BF_EIBF,Early BF Initiation,Layer 2,60.2991,3,Sub-Saharan Africa,Low income,76.66666666666667,83.33333333333334,70.0
BFA,Burkina Faso,2021,NT_BF_EXBF,Excl. BF,Layer 1,51.2577,3,Sub-Saharan Africa,Low income,76.66666666666667,83.33333333333334,70.0
BFA,Burkina Faso,2020,NT_BW_LBW,Low Birth Weight,Layer 1,18.4687,4,Sub-Saharan Africa,Low income,76.66666666666667,83.33333333333334,70.0
BFA,Burkina Faso,2021,NT_CF_MAD,Min Acceptable Diet,Layer 2,11.1901,3,Sub-Saharan Africa,Low income,76.66666666666667,83.33333333333334,70.0
BFA,Burkina Faso,2021,NT_CF_MDD,Min Dietary Diversity,Layer 2,19.0218,3,Sub-Saharan Africa,Low income,76.66666666666667,83.33333333333334,70.0
BFA,Burkina Faso,2021,NT_CF_MMF,Min Meal Frequency,Layer 2,37.8035,3,Sub-Saharan Africa,Low income,76.66666666666667,83.33333333333334,70.0
BGD,Bangladesh,2024,IM_DTP3,DTP3 Coverage,Layer 2,97.0,0,South Asia,Lower middle income,76.66666666666667,83.33333333333334,70.0
BGD,Bangladesh,2022,MNCH_ANC4,ANC 4+ Visits,Layer 2,38.3,2,South Asia,Lower middle income,76.66666666666667,83.33333333333334,70.0
BGD,Bangladesh,2023,MNCH_SAB,Skilled Birth Attendance,Layer 2,69.7,1,South Asia,Lower middle income,76.66666666666667,83.33333333333334,70.0
BGD,Bangladesh,2023,NT_ANE_WOM_15_49_MOD,Anaemia WRA,Layer 1,37.6,1,South Asia,Lower middle income,76.66666666666667,83.33333333333334,70.0
BGD,Bangladesh,2024,NT_ANT_HAZ_NE2_MOD,Stunting,Layer 1,25.0916,0,South Asia,Lower middle income,76.66666666666667,83.33333333333334,70.0
BGD,Bangladesh,2024,NT_ANT_WHZ_PO2_MOD,Overweight,Layer 1,1.6215,0,South Asia,Lower middle income,76.66666666666667,83.33333333333334,70.0
BGD,Bangladesh,2022,NT_BF_EIBF,Early BF Initiation,Layer 2,36.9344,2,South Asia,Lower middle income,76.66666666666667,83.33333333333334,70.0
BGD,Bangladesh,2022,NT_BF_EXBF,Excl. BF,Layer 1,53.2855,2,South Asia,Lower middle income,76.66666666666667,83.33333333333334,70.0
BGD,Bangladesh,2020,NT_BW_LBW,Low Birth Weight,Layer 1,23.0467,4,South Asia,Lower middle income,76.66666666666667,83.33333333333334,70.0
BGD,Bangladesh,2022,NT_CF_MAD,Min Acceptable Diet,Layer 2,29.6212,2,South Asia,Lower middle income,76.66666666666667,83.33333333333334,70.0
BGD,Bangladesh,2022,NT_CF_MDD,Min Dietary Diversity,Layer 2,37.5694,2,South Asia,Lower middle income,76.66666666666667,83.33333333333334,70.0
BGD,Bangladesh,2022,NT_CF_MMF,Min Meal Frequency,Layer 2,65.3074,2,South Asia,Lower middle income,76.66666666666667,83.33333333333334,70.0
BGR,Bulgaria,2024,IM_DTP3,DTP3 Coverage,Layer 2,94.0,0,Europe and Central Asia,Upper middle income,43.33333333333333,66.66666666666666,20.0
BGR,Bulgaria,2022,MNCH_SAB,Skilled Birth Attendance,Layer 2,94.2,2,Europe and Central Asia,Upper middle income,43.33333333333333,66.66666666666666,20.0
BGR,Bulgaria,2023,NT_ANE_WOM_15_49_MOD,Anaemia WRA,Layer 1,25.8,1,Europe and Central Asia,Upper middle income,43.33333333333333,66.66666666666666,20.0
BGR,Bulgaria,2024,NT_ANT_HAZ_NE2_MOD,Stunting,Layer 1,5.5262,0,Europe and Central Asia,Upper middle income,43.33333333333333,66.66666666666666,20.0
BGR,Bulgaria,2024,NT_ANT_WHZ_PO2_MOD,Overweight,Layer 1,5.47,0,Europe and Central Asia,Upper middle income,43.33333333333333,66.66666666666666,20.0
BGR,Bulgaria,2020,NT_BW_LBW,Low Birth Weight,Layer 1,11.3616,4,Europe and Central Asia,Upper middle income,43.33333333333333,66.66666666666666,20.0
BHR,Bahrain,2024,IM_DTP3,DTP3 Coverage,Layer 2,96.0,0,Middle East and North Africa,High income,35.0,50.0,20.0
BHR,Bahrain,2013,MNCH_ANC4,ANC 4+ Visits,Layer 2,100.0,11,Middle East and North Africa,High income,35.0,50.0,20.0
BHR,Bahrain,2024,MNCH_SAB,Skilled Birth Attendance,Layer 2,100.0,0,Middle East and North Africa,High income,35.0,50.0,20.0
BHR,Bahrain,2023,NT_ANE_WOM_15_49_MOD,Anaemia WRA,Layer 1,38.4,1,Middle East and North Africa,High income,35.0,50.0,20.0
BHR,Bahrain,2024,NT_ANT_HAZ_NE2_MOD,Stunting,Layer 1,4.624,0,Middle East and North Africa,High income,35.0,50.0,20.0
BHR,Bahrain,2020,NT_BW_LBW,Low Birth Weight,Layer 1,12.4415,4,Middle East and North Africa,High income,35.0,50.0,20.0
BHS,Bahamas,2024,IM_DTP3,DTP3 Coverage,Layer 2,90.0,0,Latin America and Caribbean,High income,26.666666666666664,33.33333333333333,20.0
BHS,Bahamas,2013,MNCH_ANC4,ANC 4+ Visits,Layer 2,85.0,11,Latin America and Caribbean,High income,26.666666666666664,33.33333333333333,20.0
BHS,Bahamas,2024,MNCH_SAB,Skilled Birth Attendance,Layer 2,99.7,0,Latin America and Caribbean,High income,26.666666666666664,33.33333333333333,20.0
BHS,Bahamas,2023,NT_ANE_WOM_15_49_MOD,Anaemia WRA,Layer 1,18.8,1,Latin America and Caribbean,High income,26.666666666666664,33.33333333333333,20.0
BHS,Bahamas,2020,NT_BW_LBW,Low Birth Weight,Layer 1,15.3972,4,Latin America and Caribbean,High income,26.666666666666664,33.33333333333333,20.0
BIH,Bosnia and Herzegovina,2024,IM_DTP3,DTP3 Coverage,Layer 2,79.0,0,Europe and Central Asia,Upper middle income,43.33333333333333,66.66666666666666,20.0
BIH,Bosnia and Herzegovina,2012,MNCH_ANC4,ANC 4+ Visits,Layer 2,84.2,12,Europe and Central Asia,Upper middle income,43.33333333333333,66.66666666666666,20.0
BIH,Bosnia and Herzegovina,2023,MNCH_SAB,Skilled Birth Attendance,Layer 2,99.9,1,Europe and Central Asia,Upper middle income,43.33333333333333,66.66666666666666,20.0
BIH,Bosnia and Herzegovina,2023,NT_ANE_WOM_15_49_MOD,Anaemia WRA,Layer 1,26.0,1,Europe and Central Asia,Upper middle income,43.33333333333333,66.66666666666666,20.0
BIH,Bosnia and Herzegovina,2024,NT_ANT_HAZ_NE2_MOD,Stunting,Layer 1,7.9154,0,Europe and Central Asia,Upper middle income,43.33333333333333,66.66666666666666,20.0
BIH,Bosnia and Herzegovina,2024,NT_ANT_WHZ_PO2_MOD,Overweight,Layer 1,13.0277,0,Europe and Central Asia,Upper middle income,43.33333333333333,66.66666666666666,20.0
BIH,Bosnia and Herzegovina,2012,NT_BF_EIBF,Early BF Initiation,Layer 2,42.2883,12,Europe and Central Asia,Upper middle income,43.33333333333333,66.66666666666666,20.0
BIH,Bosnia and Herzegovina,2012,NT_BF_EXBF,Excl. BF,Layer 1,18.1893,12,Europe and Central Asia,Upper middle income,43.33333333333333,66.66666666666666,20.0
BIH,Bosnia and Herzegovina,2020,NT_BW_LBW,Low Birth Weight,Layer 1,5.1547,4,Europe and Central Asia,Upper middle income,43.33333333333333,66.66666666666666,20.0
BIH,Bosnia and Herzegovina,2012,NT_CF_MMF,Min Meal Frequency,Layer 2,70.6393,12,Europe and Central Asia,Upper middle income,43.33333333333333,66.66666666666666,20.0
BLR,Belarus,2024,IM_DTP3,DTP3 Coverage,Layer 2,98.0,0,Europe and Central Asia,,76.66666666666667,83.33333333333334,70.0
BLR,Belarus,2019,MNCH_ANC4,ANC 4+ Visits,Layer 2,99.9,5,Europe and Central Asia,,76.66666666666667,83.33333333333334,70.0
BLR,Belarus,2024,MNCH_SAB,Skilled Birth Attendance,Layer 2,99.9,0,Europe and Central Asia,,76.66666666666667,83.33333333333334,70.0
BLR,Belarus,2023,NT_ANE_WOM_15_49_MOD,Anaemia WRA,Layer 1,22.1,1,Europe and Central Asia,,76.66666666666667,83.33333333333334,70.0
BLR,Belarus,2024,NT_ANT_HAZ_NE2_MOD,Stunting,Layer 1,1.147,0,Europe and Central Asia,,76.66666666666667,83.33333333333334,70.0
BLR,Belarus,2024,NT_ANT_WHZ_PO2_MOD,Overweight,Layer 1,3.4135,0,Europe and Central Asia,,76.66666666666667,83.33333333333334,70.0
BLR,Belarus,2019,NT_BF_EIBF,Early BF Initiation,Layer 2,23.552,5,Europe and Central Asia,,76.66666666666667,83.33333333333334,70.0
BLR,Belarus,2019,NT_BF_EXBF,Excl. BF,Layer 1,21.7044,5,Europe and Central Asia,,76.66666666666667,83.33333333333334,70.0
BLR,Belarus,2020,NT_BW_LBW,Low Birth Weight,Layer 1,5.123,4,Europe and Central Asia,,76.66666666666667,83.33333333333334,70.0
BLR,Belarus,2019,NT_CF_MAD,Min Acceptable Diet,Layer 2,56.6607,5,Europe and Central Asia,,76.66666666666667,83.33333333333334,70.0
BLR,Belarus,2019,NT_CF_MDD,Min Dietary Diversity,Layer 2,69.5846,5,Europe and Central Asia,,76.66666666666667,83.33333333333334,70.0
BLR,Belarus,2019,NT_CF_MMF,Min Meal Frequency,Layer 2,92.8542,5,Europe and Central Asia,,76.66666666666667,83.33333333333334,70.0
BLZ,Belize,2024,IM_DTP3,DTP3 Coverage,Layer 2,88.0,0,Latin America and Caribbean,Lower middle income,48.33333333333333,66.66666666666666,30.0
BLZ,Belize,2024,MNCH_ANC4,ANC 4+ Visits,Layer 2,76.1,0,Latin America and Caribbean,Lower middle income,48.33333333333333,66.66666666666666,30.0
BLZ,Belize,2024,MNCH_SAB,Skilled Birth Attendance,Layer 2,94.9,0,Latin America and Caribbean,Lower middle income,48.33333333333333,66.66666666666666,30.0
BLZ,Belize,2023,NT_ANE_WOM_15_49_MOD,Anaemia WRA,Layer 1,21.3,1,Latin America and Caribbean,Lower middle income,48.33333333333333,66.66666666666666,30.0
BLZ,Belize,2024,NT_ANT_HAZ_NE2_MOD,Stunting,Layer 1,11.6866,0,Latin America and Caribbean,Lower middle income,48.33333333333333,66.66666666666666,30.0
BLZ,Belize,2024,NT_ANT_WHZ_PO2_MOD,Overweight,Layer 1,5.6497,0,Latin America and Caribbean,Lower middle income,48.33333333333333,66.66666666666666,30.0
BLZ,Belize,2015,NT_BF_EIBF,Early BF Initiation,Layer 2,68.2541,9,Latin America and Caribbean,Lower middle income,48.33333333333333,66.66666666666666,30.0
BLZ,Belize,2015,NT_BF_EXBF,Excl. BF,Layer 1,33.1646,9,Latin America and Caribbean,Lower middle income,48.33333333333333,66.66666666666666,30.0
BLZ,Belize,2020,NT_BW_LBW,Low Birth Weight,Layer 1,11.559,4,Latin America and Caribbean,Lower middle income,48.33333333333333,66.66666666666666,30.0
BLZ,Belize,2015,NT_CF_MDD,Min Dietary Diversity,Layer 2,57.8296,9,Latin America and Caribbean,Lower middle income,48.33333333333333,66.66666666666666,30.0
BLZ,Belize,2011,NT_CF_MMF,Min Meal Frequency,Layer 2,63.7069,13,Latin America and Caribbean,Lower middle income,48.33333333333333,66.66666666666666,30.0
BMU,Bermuda,2023,MNCH_SAB,Skilled Birth Attendance,Layer 2,99.3,1,,,5.0,0.0,10.0
BOL,Bolivia (Plurinational State of),2024,IM_DTP3,DTP3 Coverage,Layer 2,59.0,0,Latin America and Caribbean,Lower middle income,53.33333333333333,66.66666666666666,40.0
BOL,Bolivia (Plurinational State of),2016,MNCH_ANC4,ANC 4+ Visits,Layer 2,85.6,8,Latin America and Caribbean,Lower middle income,53.33333333333333,66.66666666666666,40.0
BOL,Bolivia (Plurinational State of),2024,MNCH_SAB,Skilled Birth Attendance,Layer 2,97.5,0,Latin America and Caribbean,Lower middle income,53.33333333333333,66.66666666666666,40.0
BOL,Bolivia (Plurinational State of),2023,NT_ANE_WOM_15_49_MOD,Anaemia WRA,Layer 1,24.9,1,Latin America and Caribbean,Lower middle income,53.33333333333333,66.66666666666666,40.0
BOL,Bolivia (Plurinational State of),2024,NT_ANT_HAZ_NE2_MOD,Stunting,Layer 1,10.7258,0,Latin America and Caribbean,Lower middle income,53.33333333333333,66.66666666666666,40.0
BOL,Bolivia (Plurinational State of),2024,NT_ANT_WHZ_PO2_MOD,Overweight,Layer 1,9.8887,0,Latin America and Caribbean,Lower middle income,53.33333333333333,66.66666666666666,40.0
BOL,Bolivia (Plurinational State of),2023,NT_BF_EIBF,Early BF Initiation,Layer 2,79.4746,1,Latin America and Caribbean,Lower middle income,53.33333333333333,66.66666666666666,40.0
BOL,Bolivia (Plurinational State of),2016,NT_BF_EXBF,Excl. BF,Layer 1,55.6582,8,Latin America and Caribbean,Lower middle income,53.33333333333333,66.66666666666666,40.0
BOL,Bolivia (Plurinational State of),2020,NT_BW_LBW,Low Birth Weight,Layer 1,7.9334,4,Latin America and Caribbean,Lower middle income,53.33333333333333,66.66666666666666,40.0
BOL,Bolivia (Plurinational State of),2023,NT_CF_MDD,Min Dietary Diversity,Layer 2,74.2455,1,Latin America and Caribbean,Lower middle income,53.33333333333333,66.66666666666666,40.0
BRA,Brazil,2024,IM_DTP3,DTP3 Coverage,Layer 2,91.0,0,Latin America and Caribbean,Upper middle income,66.66666666666667,83.33333333333334,50.0
BRA,Brazil,2024,MNCH_ANC4,ANC 4+ Visits,Layer 2,94.2,0,Latin America and Caribbean,Upper middle income,66.66666666666667,83.33333333333334,50.0
BRA,Brazil,2024,MNCH_SAB,Skilled Birth Attendance,Layer 2,98.4,0,Latin America and Caribbean,Upper middle income,66.66666666666667,83.33333333333334,50.0
BRA,Brazil,2023,NT_ANE_WOM_15_49_MOD,Anaemia WRA,Layer 1,21.3,1,Latin America and Caribbean,Upper middle income,66.66666666666667,83.33333333333334,50.0
BRA,Brazil,2024,NT_ANT_HAZ_NE2_MOD,Stunting,Layer 1,8.8894,0,Latin America and Caribbean,Upper middle income,66.66666666666667,83.33333333333334,50.0
BRA,Brazil,2024,NT_ANT_WHZ_PO2_MOD,Overweight,Layer 1,10.8814,0,Latin America and Caribbean,Upper middle income,66.66666666666667,83.33333333333334,50.0
BRA,Brazil,2019,NT_BF_EIBF,Early BF Initiation,Layer 2,62.4,5,Latin America and Caribbean,Upper middle income,66.66666666666667,83.33333333333334,50.0
BRA,Brazil,2019,NT_BF_EXBF,Excl. BF,Layer 1,45.8,5,Latin America and Caribbean,Upper middle income,66.66666666666667,83.33333333333334,50.0
BRA,Brazil,2020,NT_BW_LBW,Low Birth Weight,Layer 1,8.6981,4,Latin America and Caribbean,Upper middle income,66.66666666666667,83.33333333333334,50.0
BRA,Brazil,2019,NT_CF_MDD,Min Dietary Diversity,Layer 2,63.3,5,Latin America and Caribbean,Upper middle income,66.66666666666667,83.33333333333334,50.0
BRB,Barbados,2024,IM_DTP3,DTP3 Coverage,Layer 2,94.0,0,Latin America and Caribbean,High income,35.0,50.0,20.0
BRB,Barbados,2012,MNCH_ANC4,ANC 4+ Visits,Layer 2,87.9,12,Latin America and Caribbean,High income,35.0,50.0,20.0
BRB,Barbados,2024,MNCH_SAB,Skilled Birth Attendance,Layer 2,99.3,0,Latin America and Caribbean,High income,35.0,50.0,20.0
BRB,Barbados,2023,NT_ANE_WOM_15_49_MOD,Anaemia WRA,Layer 1,20.1,1,Latin America and Caribbean,High income,35.0,50.0,20.0
BRB,Barbados,2024,NT_ANT_HAZ_NE2_MOD,Stunting,Layer 1,5.7679,0,Latin America and Caribbean,High income,35.0,50.0,20.0
BRB,Barbados,2024,NT_ANT_WHZ_PO2_MOD,Overweight,Layer 1,13.0229,0,Latin America and Caribbean,High income,35.0,50.0,20.0
BRB,Barbados,2012,NT_BF_EIBF,Early BF Initiation,Layer 2,40.2905,12,Latin America and Caribbean,High income,35.0,50.0,20.0
BRB,Barbados,2012,NT_BF_EXBF,Excl. BF,Layer 1,19.6969,12,Latin America and Caribbean,High income,35.0,50.0,20.0
BRB,Barbados,2012,NT_CF_MMF,Min Meal Frequency,Layer 2,58.4839,12,Latin America and Caribbean,High income,35.0,50.0,20.0
BRN,Brunei Darussalam,2024,IM_DTP3,DTP3 Coverage,Layer 2,99.0,0,East Asia and Pacific,High income,43.33333333333333,66.66666666666666,20.0
BRN,Brunei Darussalam,2012,MNCH_ANC4,ANC 4+ Visits,Layer 2,93.2,12,East Asia and Pacific,High income,43.33333333333333,66.66666666666666,20.0
BRN,Brunei Darussalam,2023,MNCH_SAB,Skilled Birth Attendance,Layer 2,99.6,1,East Asia and Pacific,High income,43.33333333333333,66.66666666666666,20.0
BRN,Brunei Darussalam,2023,NT_ANE_WOM_15_49_MOD,Anaemia WRA,Layer 1,18.3,1,East Asia and Pacific,High income,43.33333333333333,66.66666666666666,20.0
BRN,Brunei Darussalam,2024,NT_ANT_HAZ_NE2_MOD,Stunting,Layer 1,9.9426,0,East Asia and Pacific,High income,43.33333333333333,66.66666666666666,20.0
BRN,Brunei Darussalam,2024,NT_ANT_WHZ_PO2_MOD,Overweight,Layer 1,9.4567,0,East Asia and Pacific,High income,43.33333333333333,66.66666666666666,20.0
BRN,Brunei Darussalam,2020,NT_BW_LBW,Low Birth Weight,Layer 1,13.6415,4,East Asia and Pacific,High income,43.33333333333333,66.66666666666666,20.0
BTN,Bhutan,2024,IM_DTP3,DTP3 Coverage,Layer 2,98.0,0,South Asia,Lower middle income,61.66666666666667,83.33333333333334,40.0
BTN,Bhutan,2023,MNCH_ANC4,ANC 4+ Visits,Layer 2,87.2,1,South Asia,Lower middle income,61.66666666666667,83.33333333333334,40.0
BTN,Bhutan,2023,MNCH_SAB,Skilled Birth Attendance,Layer 2,98.5,1,South Asia,Lower middle income,61.66666666666667,83.33333333333334,40.0
BTN,Bhutan,2023,NT_ANE_WOM_15_49_MOD,Anaemia WRA,Layer 1,33.8,1,South Asia,Lower middle income,61.66666666666667,83.33333333333334,40.0
BTN,Bhutan,2024,NT_ANT_HAZ_NE2_MOD,Stunting,Layer 1,17.8741,0,South Asia,Lower middle income,61.66666666666667,83.33333333333334,40.0
BTN,Bhutan,2024,NT_ANT_WHZ_PO2_MOD,Overweight,Layer 1,7.9868,0,South Asia,Lower middle income,61.66666666666667,83.33333333333334,40.0
BTN,Bhutan,2023,NT_BF_EIBF,Early BF Initiation,Layer 2,81.8,1,South Asia,Lower middle income,61.66666666666667,83.33333333333334,40.0
BTN,Bhutan,2023,NT_BF_EXBF,Excl. BF,Layer 1,69.4,1,South Asia,Lower middle income,61.66666666666667,83.33333333333334,40.0
BTN,Bhutan,2020,NT_BW_LBW,Low Birth Weight,Layer 1,11.431,4,South Asia,Lower middle income,61.66666666666667,83.33333333333334,40.0
BTN,Bhutan,2015,NT_CF_MDD,Min Dietary Diversity,Layer 2,15.5002,9,South Asia,Lower middle income,61.66666666666667,83.33333333333334,40.0
BTN,Bhutan,2010,NT_CF_MMF,Min Meal Frequency,Layer 2,62.5084,14,South Asia,Lower middle income,61.66666666666667,83.33333333333334,40.0
BWA,Botswana,2024,IM_DTP3,DTP3 Coverage,Layer 2,95.0,0,Sub-Saharan Africa,Upper middle income,43.33333333333333,66.66666666666666,20.0
BWA,Botswana,2007,MNCH_ANC4,ANC 4+ Visits,Layer 2,73.3,17,Sub-Saharan Africa,Upper middle income,43.33333333333333,66.66666666666666,20.0
BWA,Botswana,2021,MNCH_SAB,Skilled Birth Attendance,Layer 2,99.8,3,Sub-Saharan Africa,Upper middle income,43.33333333333333,66.66666666666666,20.0
BWA,Botswana,2023,NT_ANE_WOM_15_49_MOD,Anaemia WRA,Layer 1,30.9,1,Sub-Saharan Africa,Upper middle income,43.33333333333333,66.66666666666666,20.0
BWA,Botswana,2024,NT_ANT_HAZ_NE2_MOD,Stunting,Layer 1,20.9845,0,Sub-Saharan Africa,Upper middle income,43.33333333333333,66.66666666666666,20.0
BWA,Botswana,2024,NT_ANT_WHZ_PO2_MOD,Overweight,Layer 1,11.4868,0,Sub-Saharan Africa,Upper middle income,43.33333333333333,66.66666666666666,20.0
BWA,Botswana,2017,NT_BF_EIBF,Early BF Initiation,Layer 2,52.8209,7,Sub-Saharan Africa,Upper middle income,43.33333333333333,66.66666666666666,20.0
BWA,Botswana,2017,NT_BF_EXBF,Excl. BF,Layer 1,29.9944,7,Sub-Saharan Africa,Upper middle income,43.33333333333333,66.66666666666666,20.0
BWA,Botswana,2020,NT_BW_LBW,Low Birth Weight,Layer 1,16.8344,4,Sub-Saharan Africa,Upper middle income,43.33333333333333,66.66666666666666,20.0
CAF,Central African Republic,2024,IM_DTP3,DTP3 Coverage,Layer 2,42.0,0,Sub-Saharan Africa,Low income,66.66666666666667,83.33333333333334,50.0
CAF,Central African Republic,2019,MNCH_ANC4,ANC 4+ Visits,Layer 2,41.4,5,Sub-Saharan Africa,Low income,66.66666666666667,83.33333333333334,50.0
CAF,Central African Republic,2019,MNCH_SAB,Skilled Birth Attendance,Layer 2,40.3,5,Sub-Saharan Africa,Low income,66.66666666666667,83.33333333333334,50.0
CAF,Central African Republic,2023,NT_ANE_WOM_15_49_MOD,Anaemia WRA,Layer 1,43.4,1,Sub-Saharan Africa,Low income,66.66666666666667,83.33333333333334,50.0
CAF,Central African Republic,2024,NT_ANT_HAZ_NE2_MOD,Stunting,Layer 1,38.9465,0,Sub-Saharan Africa,Low income,66.66666666666667,83.33333333333334,50.0
CAF,Central African Republic,2024,NT_ANT_WHZ_PO2_MOD,Overweight,Layer 1,2.2882,0,Sub-Saharan Africa,Low income,66.66666666666667,83.33333333333334,50.0
CAF,Central African Republic,2022,NT_BF_EIBF,Early BF Initiation,Layer 2,62.5,2,Sub-Saharan Africa,Low income,66.66666666666667,83.33333333333334,50.0
CAF,Central African Republic,2019,NT_BF_EXBF,Excl. BF,Layer 1,36.1522,5,Sub-Saharan Africa,Low income,66.66666666666667,83.33333333333334,50.0
CAF,Central African Republic,2020,NT_BW_LBW,Low Birth Weight,Layer 1,16.3547,4,Sub-Saharan Africa,Low income,66.66666666666667,83.33333333333334,50.0
CAF,Central African Republic,2010,NT_CF_MAD,Min Acceptable Diet,Layer 2,8.5664,14,Sub-Saharan Africa,Low income,66.66666666666667,83.33333333333334,50.0
CAF,Central African Republic,2010,NT_CF_MDD,Min Dietary Diversity,Layer 2,26.6005,14,Sub-Saharan Africa,Low income,66.66666666666667,83.33333333333334,50.0
CAF,Central African Republic,2022,NT_CF_MMF,Min Meal Frequency,Layer 2,11.3,2,Sub-Saharan Africa,Low income,66.66666666666667,83.33333333333334,50.0
CAN,Canada,2024,IM_DTP3,DTP3 Coverage,Layer 2,92.0,0,North America,High income,35.0,50.0,20.0
CAN,Canada,2007,MNCH_ANC4,ANC 4+ Visits,Layer 2,99.0,17,North America,High income,35.0,50.0,20.0
CAN,Canada,2023,MNCH_SAB,Skilled Birth Attendance,Layer 2,97.8,1,North America,High income,35.0,50.0,20.0
CAN,Canada,2023,NT_ANE_WOM_15_49_MOD,Anaemia WRA,Layer 1,14.0,1,North America,High income,35.0,50.0,20.0
CAN,Canada,2024,NT_ANT_WHZ_PO2_MOD,Overweight,Layer 1,11.3564,0,North America,High income,35.0,50.0,20.0
CAN,Canada,2020,NT_BW_LBW,Low Birth Weight,Layer 1,6.6254,4,North America,High income,35.0,50.0,20.0
CHE,Switzerland,2024,IM_DTP3,DTP3 Coverage,Layer 2,96.0,0,Europe and Central Asia,High income,21.666666666666664,33.33333333333333,10.0
CHE,Switzerland,2023,NT_ANE_WOM_15_49_MOD,Anaemia WRA,Layer 1,16.6,1,Europe and Central Asia,High income,21.666666666666664,33.33333333333333,10.0
CHE,Switzerland,2020,NT_BW_LBW,Low Birth Weight,Layer 1,6.4161,4,Europe and Central Asia,High income,21.666666666666664,33.33333333333333,10.0
CHL,Chile,2024,IM_DTP3,DTP3 Coverage,Layer 2,95.0,0,Latin America and Caribbean,High income,43.33333333333333,66.66666666666666,20.0
CHL,Chile,2022,MNCH_SAB,Skilled Birth Attendance,Layer 2,99.4,2,Latin America and Caribbean,High income,43.33333333333333,66.66666666666666,20.0
CHL,Chile,2023,NT_ANE_WOM_15_49_MOD,Anaemia WRA,Layer 1,15.7,1,Latin America and Caribbean,High income,43.33333333333333,66.66666666666666,20.0
CHL,Chile,2024,NT_ANT_HAZ_NE2_MOD,Stunting,Layer 1,1.708,0,Latin America and Caribbean,High income,43.33333333333333,66.66666666666666,20.0
CHL,Chile,2024,NT_ANT_WHZ_PO2_MOD,Overweight,Layer 1,8.7377,0,Latin America and Caribbean,High income,43.33333333333333,66.66666666666666,20.0
CHL,Chile,2020,NT_BW_LBW,Low Birth Weight,Layer 1,6.8367,4,Latin America and Caribbean,High income,43.33333333333333,66.66666666666666,20.0
CHN,China,2024,IM_DTP3,DTP3 Coverage,Layer 2,97.0,0,East Asia and Pacific,Upper middle income,38.33333333333333,66.66666666666666,10.0
CHN,China,2018,MNCH_ANC4,ANC 4+ Visits,Layer 2,92.9,6,East Asia and Pacific,Upper middle income,38.33333333333333,66.66666666666666,10.0
CHN,China,2016,MNCH_SAB,Skilled Birth Attendance,Layer 2,99.9,8,East Asia and Pacific,Upper middle income,38.33333333333333,66.66666666666666,10.0
CHN,China,2023,NT_ANE_WOM_15_49_MOD,Anaemia WRA,Layer 1,15.6,1,East Asia and Pacific,Upper middle income,38.33333333333333,66.66666666666666,10.0
CHN,China,2024,NT_ANT_HAZ_NE2_MOD,Stunting,Layer 1,4.5244,0,East Asia and Pacific,Upper middle income,38.33333333333333,66.66666666666666,10.0
CHN,China,2024,NT_ANT_WHZ_PO2_MOD,Overweight,Layer 1,11.1292,0,East Asia and Pacific,Upper middle income,38.33333333333333,66.66666666666666,10.0
CHN,China,2013,NT_BF_EIBF,Early BF Initiation,Layer 2,28.7,11,East Asia and Pacific,Upper middle income,38.33333333333333,66.66666666666666,10.0
CHN,China,2017,NT_BF_EXBF,Excl. BF,Layer 1,35.1,7,East Asia and Pacific,Upper middle income,38.33333333333333,66.66666666666666,10.0
CHN,China,2020,NT_BW_LBW,Low Birth Weight,Layer 1,4.9735,4,East Asia and Pacific,Upper middle income,38.33333333333333,66.66666666666666,10.0
CHN,China,2017,NT_CF_MAD,Min Acceptable Diet,Layer 2,43.4,7,East Asia and Pacific,Upper middle income,38.33333333333333,66.66666666666666,10.0
CHN,China,2017,NT_CF_MDD,Min Dietary Diversity,Layer 2,60.6,7,East Asia and Pacific,Upper middle income,38.33333333333333,66.66666666666666,10.0
CHN,China,2017,NT_CF_MMF,Min Meal Frequency,Layer 2,72.4,7,East Asia and Pacific,Upper middle income,38.33333333333333,66.66666666666666,10.0
CIV,Côte d'Ivoire,2024,IM_DTP3,DTP3 Coverage,Layer 2,77.0,0,Sub-Saharan Africa,Lower middle income,76.66666666666667,83.33333333333334,70.0
CIV,Côte d'Ivoire,2021,MNCH_ANC4,ANC 4+ Visits,Layer 2,56.3,3,Sub-Saharan Africa,Lower middle income,76.66666666666667,83.33333333333334,70.0
CIV,Côte d'Ivoire,2021,MNCH_SAB,Skilled Birth Attendance,Layer 2,84.1,3,Sub-Saharan Africa,Lower middle income,76.66666666666667,83.33333333333334,70.0
CIV,Côte d'Ivoire,2023,NT_ANE_WOM_15_49_MOD,Anaemia WRA,Layer 1,51.4,1,Sub-Saharan Africa,Lower middle income,76.66666666666667,83.33333333333334,70.0
CIV,Côte d'Ivoire,2024,NT_ANT_HAZ_NE2_MOD,Stunting,Layer 1,20.2698,0,Sub-Saharan Africa,Lower middle income,76.66666666666667,83.33333333333334,70.0
CIV,Côte d'Ivoire,2024,NT_ANT_WHZ_PO2_MOD,Overweight,Layer 1,3.5278,0,Sub-Saharan Africa,Lower middle income,76.66666666666667,83.33333333333334,70.0
CIV,Côte d'Ivoire,2021,NT_BF_EIBF,Early BF Initiation,Layer 2,42.3316,3,Sub-Saharan Africa,Lower middle income,76.66666666666667,83.33333333333334,70.0
CIV,Côte d'Ivoire,2021,NT_BF_EXBF,Excl. BF,Layer 1,33.9636,3,Sub-Saharan Africa,Lower middle income,76.66666666666667,83.33333333333334,70.0
CIV,Côte d'Ivoire,2020,NT_BW_LBW,Low Birth Weight,Layer 1,18.2898,4,Sub-Saharan Africa,Lower middle income,76.66666666666667,83.33333333333334,70.0
CIV,Côte d'Ivoire,2021,NT_CF_MAD,Min Acceptable Diet,Layer 2,11.098,3,Sub-Saharan Africa,Lower middle income,76.66666666666667,83.33333333333334,70.0
CIV,Côte d'Ivoire,2021,NT_CF_MDD,Min Dietary Diversity,Layer 2,28.3858,3,Sub-Saharan Africa,Lower middle income,76.66666666666667,83.33333333333334,70.0
CIV,Côte d'Ivoire,2021,NT_CF_MMF,Min Meal Frequency,Layer 2,28.6077,3,Sub-Saharan Africa,Lower middle income,76.66666666666667,83.33333333333334,70.0
CMR,Cameroon,2024,IM_DTP3,DTP3 Coverage,Layer 2,77.0,0,Sub-Saharan Africa,Lower middle income,43.33333333333333,66.66666666666666,20.0
CMR,Cameroon,2022,MNCH_ANC4,ANC 4+ Visits,Layer 2,64.6,2,Sub-Saharan Africa,Lower middle income,43.33333333333333,66.66666666666666,20.0
CMR,Cameroon,2018,MNCH_SAB,Skilled Birth Attendance,Layer 2,69.0,6,Sub-Saharan Africa,Lower middle income,43.33333333333333,66.66666666666666,20.0
CMR,Cameroon,2023,NT_ANE_WOM_15_49_MOD,Anaemia WRA,Layer 1,38.9,1,Sub-Saharan Africa,Lower middle income,43.33333333333333,66.66666666666666,20.0
CMR,Cameroon,2024,NT_ANT_HAZ_NE2_MOD,Stunting,Layer 1,27.2051,0,Sub-Saharan Africa,Lower middle income,43.33333333333333,66.66666666666666,20.0
CMR,Cameroon,2024,NT_ANT_WHZ_PO2_MOD,Overweight,Layer 1,13.5938,0,Sub-Saharan Africa,Lower middle income,43.33333333333333,66.66666666666666,20.0
CMR,Cameroon,2018,NT_BF_EIBF,Early BF Initiation,Layer 2,48.3787,6,Sub-Saharan Africa,Lower middle income,43.33333333333333,66.66666666666666,20.0
CMR,Cameroon,2018,NT_BF_EXBF,Excl. BF,Layer 1,39.4132,6,Sub-Saharan Africa,Lower middle income,43.33333333333333,66.66666666666666,20.0
CMR,Cameroon,2020,NT_BW_LBW,Low Birth Weight,Layer 1,12.5126,4,Sub-Saharan Africa,Lower middle income,43.33333333333333,66.66666666666666,20.0
CMR,Cameroon,2018,NT_CF_MAD,Min Acceptable Diet,Layer 2,10.4706,6,Sub-Saharan Africa,Lower middle income,43.33333333333333,66.66666666666666,20.0
CMR,Cameroon,2018,NT_CF_MDD,Min Dietary Diversity,Layer 2,19.7696,6,Sub-Saharan Africa,Lower middle income,43.33333333333333,66.66666666666666,20.0
CMR,Cameroon,2018,NT_CF_MMF,Min Meal Frequency,Layer 2,43.589,6,Sub-Saharan Africa,Lower middle income,43.33333333333333,66.66666666666666,20.0
COD,Democratic Republic of the Congo,2024,IM_DTP3,DTP3 Coverage,Layer 2,65.0,0,Sub-Saharan Africa,Low income,76.66666666666667,83.33333333333334,70.0
COD,Democratic Republic of the Congo,2024,MNCH_ANC4,ANC 4+ Visits,Layer 2,44.9,0,Sub-Saharan Africa,Low income,76.66666666666667,83.33333333333334,70.0
COD,Democratic Republic of the Congo,2024,MNCH_SAB,Skilled Birth Attendance,Layer 2,85.0,0,Sub-Saharan Africa,Low income,76.66666666666667,83.33333333333334,70.0
COD,Democratic Republic of the Congo,2023,NT_ANE_WOM_15_49_MOD,Anaemia WRA,Layer 1,40.0,1,Sub-Saharan Africa,Low income,76.66666666666667,83.33333333333334,70.0
COD,Democratic Republic of the Congo,2024,NT_ANT_HAZ_NE2_MOD,Stunting,Layer 1,44.0648,0,Sub-Saharan Africa,Low income,76.66666666666667,83.33333333333334,70.0
COD,Democratic Republic of the Congo,2024,NT_ANT_WHZ_PO2_MOD,Overweight,Layer 1,4.1562,0,Sub-Saharan Africa,Low income,76.66666666666667,83.33333333333334,70.0
COD,Democratic Republic of the Congo,2023,NT_BF_EIBF,Early BF Initiation,Layer 2,53.207,1,Sub-Saharan Africa,Low income,76.66666666666667,83.33333333333334,70.0
COD,Democratic Republic of the Congo,2023,NT_BF_EXBF,Excl. BF,Layer 1,52.2599,1,Sub-Saharan Africa,Low income,76.66666666666667,83.33333333333334,70.0
COD,Democratic Republic of the Congo,2020,NT_BW_LBW,Low Birth Weight,Layer 1,10.157,4,Sub-Saharan Africa,Low income,76.66666666666667,83.33333333333334,70.0
COD,Democratic Republic of the Congo,2023,NT_CF_MAD,Min Acceptable Diet,Layer 2,5.4152,1,Sub-Saharan Africa,Low income,76.66666666666667,83.33333333333334,70.0
COD,Democratic Republic of the Congo,2023,NT_CF_MDD,Min Dietary Diversity,Layer 2,13.9271,1,Sub-Saharan Africa,Low income,76.66666666666667,83.33333333333334,70.0
COD,Democratic Republic of the Congo,2023,NT_CF_MMF,Min Meal Frequency,Layer 2,24.4173,1,Sub-Saharan Africa,Low income,76.66666666666667,83.33333333333334,70.0
COG,Congo,2024,IM_DTP3,DTP3 Coverage,Layer 2,78.0,0,Sub-Saharan Africa,Lower middle income,38.33333333333333,66.66666666666666,10.0
COG,Congo,2015,MNCH_ANC4,ANC 4+ Visits,Layer 2,79.0,9,Sub-Saharan Africa,Lower middle income,38.33333333333333,66.66666666666666,10.0
COG,Congo,2015,MNCH_SAB,Skilled Birth Attendance,Layer 2,94.4,9,Sub-Saharan Africa,Lower middle income,38.33333333333333,66.66666666666666,10.0
COG,Congo,2023,NT_ANE_WOM_15_49_MOD,Anaemia WRA,Layer 1,46.7,1,Sub-Saharan Africa,Lower middle income,38.33333333333333,66.66666666666666,10.0
COG,Congo,2024,NT_ANT_HAZ_NE2_MOD,Stunting,Layer 1,16.2649,0,Sub-Saharan Africa,Lower middle income,38.33333333333333,66.66666666666666,10.0
COG,Congo,2024,NT_ANT_WHZ_PO2_MOD,Overweight,Layer 1,5.3014,0,Sub-Saharan Africa,Lower middle income,38.33333333333333,66.66666666666666,10.0
COG,Congo,2014,NT_BF_EIBF,Early BF Initiation,Layer 2,25.2739,10,Sub-Saharan Africa,Lower middle income,38.33333333333333,66.66666666666666,10.0
COG,Congo,2014,NT_BF_EXBF,Excl. BF,Layer 1,32.8551,10,Sub-Saharan Africa,Lower middle income,38.33333333333333,66.66666666666666,10.0
COG,Congo,2020,NT_BW_LBW,Low Birth Weight,Layer 1,11.9265,4,Sub-Saharan Africa,Lower middle income,38.33333333333333,66.66666666666666,10.0
COG,Congo,2014,NT_CF_MAD,Min Acceptable Diet,Layer 2,4.4472,10,Sub-Saharan Africa,Lower middle income,38.33333333333333,66.66666666666666,10.0
COG,Congo,2014,NT_CF_MDD,Min Dietary Diversity,Layer 2,13.7475,10,Sub-Saharan Africa,Lower middle income,38.33333333333333,66.66666666666666,10.0
COG,Congo,2014,NT_CF_MMF,Min Meal Frequency,Layer 2,28.9516,10,Sub-Saharan Africa,Lower middle income,38.33333333333333,66.66666666666666,10.0
COK,Cook Islands,2024,IM_DTP3,DTP3 Coverage,Layer 2,75.0,0,,,21.666666666666664,33.33333333333333,10.0
COK,Cook Islands,2009,MNCH_SAB,Skilled Birth Attendance,Layer 2,100.0,15,,,21.666666666666664,33.33333333333333,10.0
COK,Cook Islands,2023,NT_ANE_WOM_15_49_MOD,Anaemia WRA,Layer 1,23.9,1,,,21.666666666666664,33.33333333333333,10.0
COK,Cook Islands,2020,NT_BW_LBW,Low Birth Weight,Layer 1,10.2633,4,,,21.666666666666664,33.33333333333333,10.0
COL,Colombia,2024,IM_DTP3,DTP3 Coverage,Layer 2,89.0,0,Latin America and Caribbean,Upper middle income,43.33333333333333,66.66666666666666,20.0
COL,Colombia,2016,MNCH_ANC4,ANC 4+ Visits,Layer 2,89.8,8,Latin America and Caribbean,Upper middle income,43.33333333333333,66.66666666666666,20.0
COL,Colombia,2023,MNCH_SAB,Skilled Birth Attendance,Layer 2,97.8,1,Latin America and Caribbean,Upper middle income,43.33333333333333,66.66666666666666,20.0
COL,Colombia,2023,NT_ANE_WOM_15_49_MOD,Anaemia WRA,Layer 1,22.4,1,Latin America and Caribbean,Upper middle income,43.33333333333333,66.66666666666666,20.0
COL,Colombia,2024,NT_ANT_HAZ_NE2_MOD,Stunting,Layer 1,11.577,0,Latin America and Caribbean,Upper middle income,43.33333333333333,66.66666666666666,20.0
COL,Colombia,2024,NT_ANT_WHZ_PO2_MOD,Overweight,Layer 1,6.7589,0,Latin America and Caribbean,Upper middle income,43.33333333333333,66.66666666666666,20.0
COL,Colombia,2016,NT_BF_EIBF,Early BF Initiation,Layer 2,68.5278,8,Latin America and Caribbean,Upper middle income,43.33333333333333,66.66666666666666,20.0
COL,Colombia,2016,NT_BF_EXBF,Excl. BF,Layer 1,36.673,8,Latin America and Caribbean,Upper middle income,43.33333333333333,66.66666666666666,20.0
COL,Colombia,2020,NT_BW_LBW,Low Birth Weight,Layer 1,10.9528,4,Latin America and Caribbean,Upper middle income,43.33333333333333,66.66666666666666,20.0
COL,Colombia,2016,NT_CF_MAD,Min Acceptable Diet,Layer 2,42.4151,8,Latin America and Caribbean,Upper middle income,43.33333333333333,66.66666666666666,20.0
COL,Colombia,2010,NT_CF_MDD,Min Dietary Diversity,Layer 2,62.717,14,Latin America and Caribbean,Upper middle income,43.33333333333333,66.66666666666666,20.0
COL,Colombia,2016,NT_CF_MMF,Min Meal Frequency,Layer 2,60.3404,8,Latin America and Caribbean,Upper middle income,43.33333333333333,66.66666666666666,20.0
COM,Comoros,2024,IM_DTP3,DTP3 Coverage,Layer 2,75.0,0,Sub-Saharan Africa,Lower middle income,66.66666666666667,83.33333333333334,50.0
COM,Comoros,2022,MNCH_ANC4,ANC 4+ Visits,Layer 2,64.3,2,Sub-Saharan Africa,Lower middle income,66.66666666666667,83.33333333333334,50.0
COM,Comoros,2022,MNCH_SAB,Skilled Birth Attendance,Layer 2,97.2,2,Sub-Saharan Africa,Lower middle income,66.66666666666667,83.33333333333334,50.0
COM,Comoros,2023,NT_ANE_WOM_15_49_MOD,Anaemia WRA,Layer 1,29.9,1,Sub-Saharan Africa,Lower middle income,66.66666666666667,83.33333333333334,50.0
COM,Comoros,2024,NT_ANT_HAZ_NE2_MOD,Stunting,Layer 1,17.4404,0,Sub-Saharan Africa,Lower middle income,66.66666666666667,83.33333333333334,50.0
COM,Comoros,2024,NT_ANT_WHZ_PO2_MOD,Overweight,Layer 1,3.9372,0,Sub-Saharan Africa,Lower middle income,66.66666666666667,83.33333333333334,50.0
COM,Comoros,2022,NT_BF_EIBF,Early BF Initiation,Layer 2,16.7775,2,Sub-Saharan Africa,Lower middle income,66.66666666666667,83.33333333333334,50.0
COM,Comoros,2022,NT_BF_EXBF,Excl. BF,Layer 1,22.5729,2,Sub-Saharan Africa,Lower middle income,66.66666666666667,83.33333333333334,50.0
COM,Comoros,2020,NT_BW_LBW,Low Birth Weight,Layer 1,23.0272,4,Sub-Saharan Africa,Lower middle income,66.66666666666667,83.33333333333334,50.0
COM,Comoros,2012,NT_CF_MAD,Min Acceptable Diet,Layer 2,5.2077,12,Sub-Saharan Africa,Lower middle income,66.66666666666667,83.33333333333334,50.0
COM,Comoros,2022,NT_CF_MDD,Min Dietary Diversity,Layer 2,16.1459,2,Sub-Saharan Africa,Lower middle income,66.66666666666667,83.33333333333334,50.0
COM,Comoros,2012,NT_CF_MMF,Min Meal Frequency,Layer 2,27.813,12,Sub-Saharan Africa,Lower middle income,66.66666666666667,83.33333333333334,50.0
CPV,Cabo Verde,2024,IM_DTP3,DTP3 Coverage,Layer 2,93.0,0,Sub-Saharan Africa,Lower middle income,35.0,50.0,20.0
CPV,Cabo Verde,2018,MNCH_ANC4,ANC 4+ Visits,Layer 2,85.6,6,Sub-Saharan Africa,Lower middle income,35.0,50.0,20.0
CPV,Cabo Verde,2022,MNCH_SAB,Skilled Birth Attendance,Layer 2,98.4,2,Sub-Saharan Africa,Lower middle income,35.0,50.0,20.0
CPV,Cabo Verde,2023,NT_ANE_WOM_15_49_MOD,Anaemia WRA,Layer 1,40.6,1,Sub-Saharan Africa,Lower middle income,35.0,50.0,20.0
CPV,Cabo Verde,2024,NT_ANT_HAZ_NE2_MOD,Stunting,Layer 1,5.3011,0,Sub-Saharan Africa,Lower middle income,35.0,50.0,20.0
CPV,Cabo Verde,2024,NT_ANT_WHZ_PO2_MOD,Overweight,Layer 1,8.3788,0,Sub-Saharan Africa,Lower middle income,35.0,50.0,20.0
CPV,Cabo Verde,2018,NT_BF_EIBF,Early BF Initiation,Layer 2,71.1,6,Sub-Saharan Africa,Lower middle income,35.0,50.0,20.0
CPV,Cabo Verde,2018,NT_BF_EXBF,Excl. BF,Layer 1,41.8,6,Sub-Saharan Africa,Lower middle income,35.0,50.0,20.0
CRI,Costa Rica,2024,IM_DTP3,DTP3 Coverage,Layer 2,99.0,0,Latin America and Caribbean,Upper middle income,43.33333333333333,66.66666666666666,20.0
CRI,Costa Rica,2018,MNCH_ANC4,ANC 4+ Visits,Layer 2,94.1,6,Latin America and Caribbean,Upper middle income,43.33333333333333,66.66666666666666,20.0
CRI,Costa Rica,2023,MNCH_SAB,Skilled Birth Attendance,Layer 2,98.9,1,Latin America and Caribbean,Upper middle income,43.33333333333333,66.66666666666666,20.0
CRI,Costa Rica,2023,NT_ANE_WOM_15_49_MOD,Anaemia WRA,Layer 1,13.7,1,Latin America and Caribbean,Upper middle income,43.33333333333333,66.66666666666666,20.0
CRI,Costa Rica,2024,NT_ANT_HAZ_NE2_MOD,Stunting,Layer 1,10.6451,0,Latin America and Caribbean,Upper middle income,43.33333333333333,66.66666666666666,20.0
CRI,Costa Rica,2024,NT_ANT_WHZ_PO2_MOD,Overweight,Layer 1,7.8727,0,Latin America and Caribbean,Upper middle income,43.33333333333333,66.66666666666666,20.0
CRI,Costa Rica,2018,NT_BF_EIBF,Early BF Initiation,Layer 2,52.924,6,Latin America and Caribbean,Upper middle income,43.33333333333333,66.66666666666666,20.0
CRI,Costa Rica,2018,NT_BF_EXBF,Excl. BF,Layer 1,25.2885,6,Latin America and Caribbean,Upper middle income,43.33333333333333,66.66666666666666,20.0
CRI,Costa Rica,2020,NT_BW_LBW,Low Birth Weight,Layer 1,8.7166,4,Latin America and Caribbean,Upper middle income,43.33333333333333,66.66666666666666,20.0
CRI,Costa Rica,2018,NT_CF_MDD,Min Dietary Diversity,Layer 2,75.6718,6,Latin America and Caribbean,Upper middle income,43.33333333333333,66.66666666666666,20.0
CRI,Costa Rica,2011,NT_CF_MMF,Min Meal Frequency,Layer 2,75.5236,13,Latin America and Caribbean,Upper middle income,43.33333333333333,66.66666666666666,20.0
CUB,Cuba,2024,IM_DTP3,DTP3 Coverage,Layer 2,99.0,0,Latin America and Caribbean,Upper middle income,66.66666666666667,83.33333333333334,50.0
CUB,Cuba,2019,MNCH_ANC4,ANC 4+ Visits,Layer 2,79.3,5,Latin America and Caribbean,Upper middle income,66.66666666666667,83.33333333333334,50.0
CUB,Cuba,2024,MNCH_SAB,Skilled Birth Attendance,Layer 2,99.8,0,Latin America and Caribbean,Upper middle income,66.66666666666667,83.33333333333334,50.0
CUB,Cuba,2023,NT_ANE_WOM_15_49_MOD,Anaemia WRA,Layer 1,22.2,1,Latin America and Caribbean,Upper middle income,66.66666666666667,83.33333333333334,50.0
CUB,Cuba,2024,NT_ANT_HAZ_NE2_MOD,Stunting,Layer 1,7.321,0,Latin America and Caribbean,Upper middle income,66.66666666666667,83.33333333333334,50.0
CUB,Cuba,2024,NT_ANT_WHZ_PO2_MOD,Overweight,Layer 1,10.5514,0,Latin America and Caribbean,Upper middle income,66.66666666666667,83.33333333333334,50.0
CUB,Cuba,2019,NT_BF_EIBF,Early BF Initiation,Layer 2,64.1126,5,Latin America and Caribbean,Upper middle income,66.66666666666667,83.33333333333334,50.0
CUB,Cuba,2019,NT_BF_EXBF,Excl. BF,Layer 1,40.5533,5,Latin America and Caribbean,Upper middle income,66.66666666666667,83.33333333333334,50.0
CUB,Cuba,2020,NT_BW_LBW,Low Birth Weight,Layer 1,7.062,4,Latin America and Caribbean,Upper middle income,66.66666666666667,83.33333333333334,50.0
CUB,Cuba,2014,NT_CF_MAD,Min Acceptable Diet,Layer 2,54.2438,10,Latin America and Caribbean,Upper middle income,66.66666666666667,83.33333333333334,50.0
CUB,Cuba,2019,NT_CF_MDD,Min Dietary Diversity,Layer 2,57.9257,5,Latin America and Caribbean,Upper middle income,66.66666666666667,83.33333333333334,50.0
CUB,Cuba,2014,NT_CF_MMF,Min Meal Frequency,Layer 2,76.1211,10,Latin America and Caribbean,Upper middle income,66.66666666666667,83.33333333333334,50.0
CYP,Cyprus,2024,IM_DTP3,DTP3 Coverage,Layer 2,94.0,0,Europe and Central Asia,High income,18.333333333333332,16.666666666666664,20.0
CYP,Cyprus,2021,MNCH_SAB,Skilled Birth Attendance,Layer 2,99.9,3,Europe and Central Asia,High income,18.333333333333332,16.666666666666664,20.0
CYP,Cyprus,2023,NT_ANE_WOM_15_49_MOD,Anaemia WRA,Layer 1,16.4,1,Europe and Central Asia,High income,18.333333333333332,16.666666666666664,20.0
CZE,Czechia,2024,IM_DTP3,DTP3 Coverage,Layer 2,86.0,0,Europe and Central Asia,High income,38.33333333333333,66.66666666666666,10.0
CZE,Czechia,2017,MNCH_SAB,Skilled Birth Attendance,Layer 2,99.8,7,Europe and Central Asia,High income,38.33333333333333,66.66666666666666,10.0
CZE,Czechia,2023,NT_ANE_WOM_15_49_MOD,Anaemia WRA,Layer 1,24.6,1,Europe and Central Asia,High income,38.33333333333333,66.66666666666666,10.0
CZE,Czechia,2024,NT_ANT_HAZ_NE2_MOD,Stunting,Layer 1,2.3959,0,Europe and Central Asia,High income,38.33333333333333,66.66666666666666,10.0
CZE,Czechia,2024,NT_ANT_WHZ_PO2_MOD,Overweight,Layer 1,6.5779,0,Europe and Central Asia,High income,38.33333333333333,66.66666666666666,10.0
CZE,Czechia,2020,NT_BW_LBW,Low Birth Weight,Layer 1,7.6095,4,Europe and Central Asia,High income,38.33333333333333,66.66666666666666,10.0
DEU,Germany,2024,IM_DTP3,DTP3 Coverage,Layer 2,89.0,0,Europe and Central Asia,High income,43.33333333333333,66.66666666666666,20.0
DEU,Germany,2014,MNCH_ANC4,ANC 4+ Visits,Layer 2,99.3,10,Europe and Central Asia,High income,43.33333333333333,66.66666666666666,20.0
DEU,Germany,2023,MNCH_SAB,Skilled Birth Attendance,Layer 2,96.4,1,Europe and Central Asia,High income,43.33333333333333,66.66666666666666,20.0
DEU,Germany,2023,NT_ANE_WOM_15_49_MOD,Anaemia WRA,Layer 1,14.0,1,Europe and Central Asia,High income,43.33333333333333,66.66666666666666,20.0
DEU,Germany,2024,NT_ANT_HAZ_NE2_MOD,Stunting,Layer 1,2.2237,0,Europe and Central Asia,High income,43.33333333333333,66.66666666666666,20.0
DEU,Germany,2024,NT_ANT_WHZ_PO2_MOD,Overweight,Layer 1,3.3059,0,Europe and Central Asia,High income,43.33333333333333,66.66666666666666,20.0
DEU,Germany,2020,NT_BW_LBW,Low Birth Weight,Layer 1,6.7141,4,Europe and Central Asia,High income,43.33333333333333,66.66666666666666,20.0
DJI,Djibouti,2024,IM_DTP3,DTP3 Coverage,Layer 2,77.0,0,Middle East and North Africa,Lower middle income,30.0,50.0,10.0
DJI,Djibouti,2012,MNCH_ANC4,ANC 4+ Visits,Layer 2,22.6,12,Middle East and North Africa,Lower middle income,30.0,50.0,10.0
DJI,Djibouti,2012,MNCH_SAB,Skilled Birth Attendance,Layer 2,87.4,12,Middle East and North Africa,Lower middle income,30.0,50.0,10.0
DJI,Djibouti,2023,NT_ANE_WOM_15_49_MOD,Anaemia WRA,Layer 1,31.8,1,Middle East and North Africa,Lower middle income,30.0,50.0,10.0
DJI,Djibouti,2024,NT_ANT_HAZ_NE2_MOD,Stunting,Layer 1,20.9271,0,Middle East and North Africa,Lower middle income,30.0,50.0,10.0
DJI,Djibouti,2024,NT_ANT_WHZ_PO2_MOD,Overweight,Layer 1,5.4632,0,Middle East and North Africa,Lower middle income,30.0,50.0,10.0
DJI,Djibouti,2012,NT_BF_EIBF,Early BF Initiation,Layer 2,52.0,12,Middle East and North Africa,Lower middle income,30.0,50.0,10.0
DJI,Djibouti,2012,NT_BF_EXBF,Excl. BF,Layer 1,12.4,12,Middle East and North Africa,Lower middle income,30.0,50.0,10.0
DMA,Dominica,2024,IM_DTP3,DTP3 Coverage,Layer 2,90.0,0,Latin America and Caribbean,Upper middle income,18.333333333333332,16.666666666666664,20.0
DMA,Dominica,2024,MNCH_SAB,Skilled Birth Attendance,Layer 2,100.0,0,Latin America and Caribbean,Upper middle income,18.333333333333332,16.666666666666664,20.0
DMA,Dominica,2023,NT_ANE_WOM_15_49_MOD,Anaemia WRA,Layer 1,22.0,1,Latin America and Caribbean,Upper middle income,18.333333333333332,16.666666666666664,20.0
DNK,Denmark,2024,IM_DTP3,DTP3 Coverage,Layer 2,96.0,0,Europe and Central Asia,High income,26.666666666666664,33.33333333333333,20.0
DNK,Denmark,2024,MNCH_SAB,Skilled Birth Attendance,Layer 2,96.9,0,Europe and Central Asia,High income,26.666666666666664,33.33333333333333,20.0
DNK,Denmark,2023,NT_ANE_WOM_15_49_MOD,Anaemia WRA,Layer 1,17.0,1,Europe and Central Asia,High income,26.666666666666664,33.33333333333333,20.0
DNK,Denmark,2020,NT_BW_LBW,Low Birth Weight,Layer 1,4.8076,4,Europe and Central Asia,High income,26.666666666666664,33.33333333333333,20.0
DOM,Dominican Republic,2024,IM_DTP3,DTP3 Coverage,Layer 2,87.0,0,Latin America and Caribbean,Upper middle income,66.66666666666667,83.33333333333334,50.0
DOM,Dominican Republic,2019,MNCH_ANC4,ANC 4+ Visits,Layer 2,92.6,5,Latin America and Caribbean,Upper middle income,66.66666666666667,83.33333333333334,50.0
DOM,Dominican Republic,2023,MNCH_SAB,Skilled Birth Attendance,Layer 2,99.9,1,Latin America and Caribbean,Upper middle income,66.66666666666667,83.33333333333334,50.0
DOM,Dominican Republic,2023,NT_ANE_WOM_15_49_MOD,Anaemia WRA,Layer 1,22.4,1,Latin America and Caribbean,Upper middle income,66.66666666666667,83.33333333333334,50.0
DOM,Dominican Republic,2024,NT_ANT_HAZ_NE2_MOD,Stunting,Layer 1,5.6302,0,Latin America and Caribbean,Upper middle income,66.66666666666667,83.33333333333334,50.0
DOM,Dominican Republic,2024,NT_ANT_WHZ_PO2_MOD,Overweight,Layer 1,7.5052,0,Latin America and Caribbean,Upper middle income,66.66666666666667,83.33333333333334,50.0
DOM,Dominican Republic,2019,NT_BF_EIBF,Early BF Initiation,Layer 2,41.5806,5,Latin America and Caribbean,Upper middle income,66.66666666666667,83.33333333333334,50.0
DOM,Dominican Republic,2019,NT_BF_EXBF,Excl. BF,Layer 1,15.8444,5,Latin America and Caribbean,Upper middle income,66.66666666666667,83.33333333333334,50.0
DOM,Dominican Republic,2020,NT_BW_LBW,Low Birth Weight,Layer 1,13.4354,4,Latin America and Caribbean,Upper middle income,66.66666666666667,83.33333333333334,50.0
DOM,Dominican Republic,2014,NT_CF_MAD,Min Acceptable Diet,Layer 2,42.3262,10,Latin America and Caribbean,Upper middle income,66.66666666666667,83.33333333333334,50.0
DOM,Dominican Republic,2019,NT_CF_MDD,Min Dietary Diversity,Layer 2,65.7719,5,Latin America and Caribbean,Upper middle income,66.66666666666667,83.33333333333334,50.0
DOM,Dominican Republic,2014,NT_CF_MMF,Min Meal Frequency,Layer 2,76.6361,10,Latin America and Caribbean,Upper middle income,66.66666666666667,83.33333333333334,50.0
DZA,Algeria,2024,IM_DTP3,DTP3 Coverage,Layer 2,92.0,0,Middle East and North Africa,Lower middle income,76.66666666666667,83.33333333333334,70.0
DZA,Algeria,2019,MNCH_ANC4,ANC 4+ Visits,Layer 2,69.8,5,Middle East and North Africa,Lower middle income,76.66666666666667,83.33333333333334,70.0
DZA,Algeria,2019,MNCH_SAB,Skilled Birth Attendance,Layer 2,98.8,5,Middle East and North Africa,Lower middle income,76.66666666666667,83.33333333333334,70.0
DZA,Algeria,2023,NT_ANE_WOM_15_49_MOD,Anaemia WRA,Layer 1,31.6,1,Middle East and North Africa,Lower middle income,76.66666666666667,83.33333333333334,70.0
DZA,Algeria,2024,NT_ANT_HAZ_NE2_MOD,Stunting,Layer 1,8.938,0,Middle East and North Africa,Lower middle income,76.66666666666667,83.33333333333334,70.0
DZA,Algeria,2024,NT_ANT_WHZ_PO2_MOD,Overweight,Layer 1,13.3175,0,Middle East and North Africa,Lower middle income,76.66666666666667,83.33333333333334,70.0
DZA,Algeria,2019,NT_BF_EIBF,Early BF Initiation,Layer 2,32.7338,5,Middle East and North Africa,Lower middle income,76.66666666666667,83.33333333333334,70.0
DZA,Algeria,2019,NT_BF_EXBF,Excl. BF,Layer 1,28.6316,5,Middle East and North Africa,Lower middle income,76.66666666666667,83.33333333333334,70.0
DZA,Algeria,2020,NT_BW_LBW,Low Birth Weight,Layer 1,7.1972,4,Middle East and North Africa,Lower middle income,76.66666666666667,83.33333333333334,70.0
DZA,Algeria,2019,NT_CF_MAD,Min Acceptable Diet,Layer 2,19.156,5,Middle East and North Africa,Lower middle income,76.66666666666667,83.33333333333334,70.0
DZA,Algeria,2019,NT_CF_MDD,Min Dietary Diversity,Layer 2,39.3562,5,Middle East and North Africa,Lower middle income,76.66666666666667,83.33333333333334,70.0
DZA,Algeria,2019,NT_CF_MMF,Min Meal Frequency,Layer 2,46.1141,5,Middle East and North Africa,Lower middle income,76.66666666666667,83.33333333333334,70.0
ECU,Ecuador,2024,IM_DTP3,DTP3 Coverage,Layer 2,70.0,0,Latin America and Caribbean,Upper middle income,68.33333333333333,66.66666666666666,70.0
ECU,Ecuador,2024,MNCH_ANC4,ANC 4+ Visits,Layer 2,89.4,0,Latin America and Caribbean,Upper middle income,68.33333333333333,66.66666666666666,70.0
ECU,Ecuador,2024,MNCH_SAB,Skilled Birth Attendance,Layer 2,97.2,0,Latin America and Caribbean,Upper middle income,68.33333333333333,66.66666666666666,70.0
ECU,Ecuador,2023,NT_ANE_WOM_15_49_MOD,Anaemia WRA,Layer 1,20.2,1,Latin America and Caribbean,Upper middle income,68.33333333333333,66.66666666666666,70.0
ECU,Ecuador,2024,NT_ANT_HAZ_NE2_MOD,Stunting,Layer 1,17.7069,0,Latin America and Caribbean,Upper middle income,68.33333333333333,66.66666666666666,70.0
ECU,Ecuador,2024,NT_ANT_WHZ_PO2_MOD,Overweight,Layer 1,4.6901,0,Latin America and Caribbean,Upper middle income,68.33333333333333,66.66666666666666,70.0
ECU,Ecuador,2024,NT_BF_EIBF,Early BF Initiation,Layer 2,49.1278,0,Latin America and Caribbean,Upper middle income,68.33333333333333,66.66666666666666,70.0
ECU,Ecuador,2004,NT_BF_EXBF,Excl. BF,Layer 1,39.6,20,Latin America and Caribbean,Upper middle income,68.33333333333333,66.66666666666666,70.0
ECU,Ecuador,2020,NT_BW_LBW,Low Birth Weight,Layer 1,10.6269,4,Latin America and Caribbean,Upper middle income,68.33333333333333,66.66666666666666,70.0
ECU,Ecuador,2024,NT_CF_MAD,Min Acceptable Diet,Layer 2,65.4681,0,Latin America and Caribbean,Upper middle income,68.33333333333333,66.66666666666666,70.0
ECU,Ecuador,2024,NT_CF_MDD,Min Dietary Diversity,Layer 2,79.7467,0,Latin America and Caribbean,Upper middle income,68.33333333333333,66.66666666666666,70.0
ECU,Ecuador,2024,NT_CF_MMF,Min Meal Frequency,Layer 2,92.2292,0,Latin America and Caribbean,Upper middle income,68.33333333333333,66.66666666666666,70.0
EGY,Egypt,2024,IM_DTP3,DTP3 Coverage,Layer 2,97.0,0,Middle East and North Africa,Lower middle income,68.33333333333333,66.66666666666666,70.0
EGY,Egypt,2021,MNCH_ANC4,ANC 4+ Visits,Layer 2,89.9,3,Middle East and North Africa,Lower middle income,68.33333333333333,66.66666666666666,70.0
EGY,Egypt,2021,MNCH_SAB,Skilled Birth Attendance,Layer 2,97.1,3,Middle East and North Africa,Lower middle income,68.33333333333333,66.66666666666666,70.0
EGY,Egypt,2023,NT_ANE_WOM_15_49_MOD,Anaemia WRA,Layer 1,32.7,1,Middle East and North Africa,Lower middle income,68.33333333333333,66.66666666666666,70.0
EGY,Egypt,2024,NT_ANT_HAZ_NE2_MOD,Stunting,Layer 1,12.9438,0,Middle East and North Africa,Lower middle income,68.33333333333333,66.66666666666666,70.0
EGY,Egypt,2024,NT_ANT_WHZ_PO2_MOD,Overweight,Layer 1,11.2227,0,Middle East and North Africa,Lower middle income,68.33333333333333,66.66666666666666,70.0
EGY,Egypt,2021,NT_BF_EIBF,Early BF Initiation,Layer 2,32.9,3,Middle East and North Africa,Lower middle income,68.33333333333333,66.66666666666666,70.0
EGY,Egypt,2021,NT_BF_EXBF,Excl. BF,Layer 1,40.2,3,Middle East and North Africa,Lower middle income,68.33333333333333,66.66666666666666,70.0
EGY,Egypt,2021,NT_CF_MAD,Min Acceptable Diet,Layer 2,26.1759,3,Middle East and North Africa,Lower middle income,68.33333333333333,66.66666666666666,70.0
EGY,Egypt,2021,NT_CF_MDD,Min Dietary Diversity,Layer 2,41.5576,3,Middle East and North Africa,Lower middle income,68.33333333333333,66.66666666666666,70.0
EGY,Egypt,2021,NT_CF_MMF,Min Meal Frequency,Layer 2,55.4444,3,Middle East and North Africa,Lower middle income,68.33333333333333,66.66666666666666,70.0
ERI,Eritrea,2024,IM_DTP3,DTP3 Coverage,Layer 2,95.0,0,Sub-Saharan Africa,Low income,38.33333333333333,66.66666666666666,10.0
ERI,Eritrea,2010,MNCH_ANC4,ANC 4+ Visits,Layer 2,57.4,14,Sub-Saharan Africa,Low income,38.33333333333333,66.66666666666666,10.0
ERI,Eritrea,2010,MNCH_SAB,Skilled Birth Attendance,Layer 2,34.1,14,Sub-Saharan Africa,Low income,38.33333333333333,66.66666666666666,10.0
ERI,Eritrea,2023,NT_ANE_WOM_15_49_MOD,Anaemia WRA,Layer 1,35.6,1,Sub-Saharan Africa,Low income,38.33333333333333,66.66666666666666,10.0
ERI,Eritrea,2024,NT_ANT_HAZ_NE2_MOD,Stunting,Layer 1,47.9524,0,Sub-Saharan Africa,Low income,38.33333333333333,66.66666666666666,10.0
ERI,Eritrea,2024,NT_ANT_WHZ_PO2_MOD,Overweight,Layer 1,2.7503,0,Sub-Saharan Africa,Low income,38.33333333333333,66.66666666666666,10.0
ERI,Eritrea,2010,NT_BF_EIBF,Early BF Initiation,Layer 2,93.1,14,Sub-Saharan Africa,Low income,38.33333333333333,66.66666666666666,10.0
ERI,Eritrea,2010,NT_BF_EXBF,Excl. BF,Layer 1,68.7,14,Sub-Saharan Africa,Low income,38.33333333333333,66.66666666666666,10.0
ERI,Eritrea,2020,NT_BW_LBW,Low Birth Weight,Layer 1,15.1601,4,Sub-Saharan Africa,Low income,38.33333333333333,66.66666666666666,10.0
ESP,Spain,2024,IM_DTP3,DTP3 Coverage,Layer 2,94.0,0,Europe and Central Asia,High income,26.666666666666664,33.33333333333333,20.0
ESP,Spain,2023,MNCH_SAB,Skilled Birth Attendance,Layer 2,99.9,1,Europe and Central Asia,High income,26.666666666666664,33.33333333333333,20.0
ESP,Spain,2023,NT_ANE_WOM_15_49_MOD,Anaemia WRA,Layer 1,15.6,1,Europe and Central Asia,High income,26.666666666666664,33.33333333333333,20.0
ESP,Spain,2020,NT_BW_LBW,Low Birth Weight,Layer 1,9.639,4,Europe and Central Asia,High income,26.666666666666664,33.33333333333333,20.0
EST,Estonia,2024,IM_DTP3,DTP3 Coverage,Layer 2,81.0,0,Europe and Central Asia,High income,43.33333333333333,66.66666666666666,20.0
EST,Estonia,2014,MNCH_ANC4,ANC 4+ Visits,Layer 2,96.8,10,Europe and Central Asia,High income,43.33333333333333,66.66666666666666,20.0
EST,Estonia,2024,MNCH_SAB,Skilled Birth Attendance,Layer 2,99.9,0,Europe and Central Asia,High income,43.33333333333333,66.66666666666666,20.0
EST,Estonia,2023,NT_ANE_WOM_15_49_MOD,Anaemia WRA,Layer 1,24.7,1,Europe and Central Asia,High income,43.33333333333333,66.66666666666666,20.0
EST,Estonia,2024,NT_ANT_HAZ_NE2_MOD,Stunting,Layer 1,1.2996,0,Europe and Central Asia,High income,43.33333333333333,66.66666666666666,20.0
EST,Estonia,2024,NT_ANT_WHZ_PO2_MOD,Overweight,Layer 1,5.5732,0,Europe and Central Asia,High income,43.33333333333333,66.66666666666666,20.0
EST,Estonia,2020,NT_BW_LBW,Low Birth Weight,Layer 1,4.1737,4,Europe and Central Asia,High income,43.33333333333333,66.66666666666666,20.0
ETH,Ethiopia,2024,IM_DTP3,DTP3 Coverage,Layer 2,73.0,0,Sub-Saharan Africa,Low income,68.33333333333333,66.66666666666666,70.0
ETH,Ethiopia,2019,MNCH_ANC4,ANC 4+ Visits,Layer 2,43.0,5,Sub-Saharan Africa,Low income,68.33333333333333,66.66666666666666,70.0
ETH,Ethiopia,2019,MNCH_SAB,Skilled Birth Attendance,Layer 2,49.8,5,Sub-Saharan Africa,Low income,68.33333333333333,66.66666666666666,70.0
ETH,Ethiopia,2023,NT_ANE_WOM_15_49_MOD,Anaemia WRA,Layer 1,23.1,1,Sub-Saharan Africa,Low income,68.33333333333333,66.66666666666666,70.0
ETH,Ethiopia,2024,NT_ANT_HAZ_NE2_MOD,Stunting,Layer 1,35.5319,0,Sub-Saharan Africa,Low income,68.33333333333333,66.66666666666666,70.0
ETH,Ethiopia,2024,NT_ANT_WHZ_PO2_MOD,Overweight,Layer 1,3.3389,0,Sub-Saharan Africa,Low income,68.33333333333333,66.66666666666666,70.0
ETH,Ethiopia,2019,NT_BF_EIBF,Early BF Initiation,Layer 2,71.9781,5,Sub-Saharan Africa,Low income,68.33333333333333,66.66666666666666,70.0
ETH,Ethiopia,2019,NT_BF_EXBF,Excl. BF,Layer 1,58.8143,5,Sub-Saharan Africa,Low income,68.33333333333333,66.66666666666666,70.0
ETH,Ethiopia,2019,NT_CF_MAD,Min Acceptable Diet,Layer 2,11.2796,5,Sub-Saharan Africa,Low income,68.33333333333333,66.66666666666666,70.0
ETH,Ethiopia,2024,NT_CF_MDD,Min Dietary Diversity,Layer 2,16.2,0,Sub-Saharan Africa,Low income,68.33333333333333,66.66666666666666,70.0
ETH,Ethiopia,2019,NT_CF_MMF,Min Meal Frequency,Layer 2,54.7662,5,Sub-Saharan Africa,Low income,68.33333333333333,66.66666666666666,70.0
FAO_LIFDC,Low Income Food Deficit Countries (LIFDCs),2023,NT_ANE_WOM_15_49_MOD,Anaemia WRA,Layer 1,36.0781,1,,,61.66666666666667,83.33333333333334,40.0
FAO_LIFDC,Low Income Food Deficit Countries (LIFDCs),2024,NT_ANT_HAZ_NE2_MOD,Stunting,Layer 1,32.071,0,,,61.66666666666667,83.33333333333334,40.0
FAO_LIFDC,Low Income Food Deficit Countries (LIFDCs),2024,NT_ANT_WHZ_PO2_MOD,Overweight,Layer 1,4.0328,0,,,61.66666666666667,83.33333333333334,40.0
FAO_LIFDC,Low Income Food Deficit Countries (LIFDCs),2024,NT_BF_EIBF,Early BF Initiation,Layer 2,60.3962,0,,,61.66666666666667,83.33333333333334,40.0
FAO_LIFDC,Low Income Food Deficit Countries (LIFDCs),2024,NT_BF_EXBF,Excl. BF,Layer 1,50.4478,0,,,61.66666666666667,83.33333333333334,40.0
FAO_LIFDC,Low Income Food Deficit Countries (LIFDCs),2020,NT_BW_LBW,Low Birth Weight,Layer 1,13.9448,4,,,61.66666666666667,83.33333333333334,40.0
FAO_LIFDC,Low Income Food Deficit Countries (LIFDCs),2024,NT_CF_MAD,Min Acceptable Diet,Layer 2,12.7082,0,,,61.66666666666667,83.33333333333334,40.0
FAO_LIFDC,Low Income Food Deficit Countries (LIFDCs),2024,NT_CF_MDD,Min Dietary Diversity,Layer 2,20.558,0,,,61.66666666666667,83.33333333333334,40.0
FAO_LIFDC,Low Income Food Deficit Countries (LIFDCs),2024,NT_CF_MMF,Min Meal Frequency,Layer 2,45.2931,0,,,61.66666666666667,83.33333333333334,40.0
FIN,Finland,2024,IM_DTP3,DTP3 Coverage,Layer 2,91.0,0,Europe and Central Asia,High income,43.33333333333333,66.66666666666666,20.0
FIN,Finland,2024,MNCH_SAB,Skilled Birth Attendance,Layer 2,99.5,0,Europe and Central Asia,High income,43.33333333333333,66.66666666666666,20.0
FIN,Finland,2023,NT_ANE_WOM_15_49_MOD,Anaemia WRA,Layer 1,13.6,1,Europe and Central Asia,High income,43.33333333333333,66.66666666666666,20.0
FIN,Finland,2024,NT_ANT_HAZ_NE2_MOD,Stunting,Layer 1,1.6977,0,Europe and Central Asia,High income,43.33333333333333,66.66666666666666,20.0
FIN,Finland,2024,NT_ANT_WHZ_PO2_MOD,Overweight,Layer 1,4.7451,0,Europe and Central Asia,High income,43.33333333333333,66.66666666666666,20.0
FIN,Finland,2020,NT_BW_LBW,Low Birth Weight,Layer 1,4.0692,4,Europe and Central Asia,High income,43.33333333333333,66.66666666666666,20.0
FJI,Fiji,2024,IM_DTP3,DTP3 Coverage,Layer 2,94.0,0,East Asia and Pacific,Upper middle income,76.66666666666667,83.33333333333334,70.0
FJI,Fiji,2021,MNCH_ANC4,ANC 4+ Visits,Layer 2,88.7,3,East Asia and Pacific,Upper middle income,76.66666666666667,83.33333333333334,70.0
FJI,Fiji,2021,MNCH_SAB,Skilled Birth Attendance,Layer 2,99.8,3,East Asia and Pacific,Upper middle income,76.66666666666667,83.33333333333334,70.0
FJI,Fiji,2023,NT_ANE_WOM_15_49_MOD,Anaemia WRA,Layer 1,29.9,1,East Asia and Pacific,Upper middle income,76.66666666666667,83.33333333333334,70.0
FJI,Fiji,2024,NT_ANT_HAZ_NE2_MOD,Stunting,Layer 1,7.2143,0,East Asia and Pacific,Upper middle income,76.66666666666667,83.33333333333334,70.0
FJI,Fiji,2024,NT_ANT_WHZ_PO2_MOD,Overweight,Layer 1,7.3231,0,East Asia and Pacific,Upper middle income,76.66666666666667,83.33333333333334,70.0
FJI,Fiji,2021,NT_BF_EIBF,Early BF Initiation,Layer 2,63.2595,3,East Asia and Pacific,Upper middle income,76.66666666666667,83.33333333333334,70.0
FJI,Fiji,2021,NT_BF_EXBF,Excl. BF,Layer 1,42.8527,3,East Asia and Pacific,Upper middle income,76.66666666666667,83.33333333333334,70.0
FJI,Fiji,2020,NT_BW_LBW,Low Birth Weight,Layer 1,7.4019,4,East Asia and Pacific,Upper middle income,76.66666666666667,83.33333333333334,70.0
FJI,Fiji,2021,NT_CF_MAD,Min Acceptable Diet,Layer 2,41.0043,3,East Asia and Pacific,Upper middle income,76.66666666666667,83.33333333333334,70.0
FJI,Fiji,2021,NT_CF_MDD,Min Dietary Diversity,Layer 2,59.1561,3,East Asia and Pacific,Upper middle income,76.66666666666667,83.33333333333334,70.0
FJI,Fiji,2021,NT_CF_MMF,Min Meal Frequency,Layer 2,69.2042,3,East Asia and Pacific,Upper middle income,76.66666666666667,83.33333333333334,70.0
FRA,France,2024,IM_DTP3,DTP3 Coverage,Layer 2,96.0,0,Europe and Central Asia,High income,26.666666666666664,33.33333333333333,20.0
FRA,France,2010,MNCH_ANC4,ANC 4+ Visits,Layer 2,98.9,14,Europe and Central Asia,High income,26.666666666666664,33.33333333333333,20.0
FRA,France,2023,MNCH_SAB,Skilled Birth Attendance,Layer 2,97.6,1,Europe and Central Asia,High income,26.666666666666664,33.33333333333333,20.0
FRA,France,2023,NT_ANE_WOM_15_49_MOD,Anaemia WRA,Layer 1,13.1,1,Europe and Central Asia,High income,26.666666666666664,33.33333333333333,20.0
FRA,France,2020,NT_BW_LBW,Low Birth Weight,Layer 1,7.429,4,Europe and Central Asia,High income,26.666666666666664,33.33333333333333,20.0
FSM,Micronesia (Federated States of),2024,IM_DTP3,DTP3 Coverage,Layer 2,76.0,0,East Asia and Pacific,,13.333333333333332,16.666666666666664,10.0
FSM,Micronesia (Federated States of),2009,MNCH_SAB,Skilled Birth Attendance,Layer 2,100.0,15,East Asia and Pacific,,13.333333333333332,16.666666666666664,10.0
FSM,Micronesia (Federated States of),2023,NT_ANE_WOM_15_49_MOD,Anaemia WRA,Layer 1,22.1,1,East Asia and Pacific,,13.333333333333332,16.666666666666664,10.0
GAB,Gabon,2024,IM_DTP3,DTP3 Coverage,Layer 2,61.0,0,Sub-Saharan Africa,Upper middle income,76.66666666666667,83.33333333333334,70.0
GAB,Gabon,2021,MNCH_ANC4,ANC 4+ Visits,Layer 2,77.8,3,Sub-Saharan Africa,Upper middle income,76.66666666666667,83.33333333333334,70.0
GAB,Gabon,2021,MNCH_SAB,Skilled Birth Attendance,Layer 2,95.2,3,Sub-Saharan Africa,Upper middle income,76.66666666666667,83.33333333333334,70.0
GAB,Gabon,2023,NT_ANE_WOM_15_49_MOD,Anaemia WRA,Layer 1,59.9,1,Sub-Saharan Africa,Upper middle income,76.66666666666667,83.33333333333334,70.0
GAB,Gabon,2024,NT_ANT_HAZ_NE2_MOD,Stunting,Layer 1,13.7443,0,Sub-Saharan Africa,Upper middle income,76.66666666666667,83.33333333333334,70.0
GAB,Gabon,2024,NT_ANT_WHZ_PO2_MOD,Overweight,Layer 1,6.0688,0,Sub-Saharan Africa,Upper middle income,76.66666666666667,83.33333333333334,70.0
GAB,Gabon,2020,NT_BF_EIBF,Early BF Initiation,Layer 2,70.3329,4,Sub-Saharan Africa,Upper middle income,76.66666666666667,83.33333333333334,70.0
GAB,Gabon,2020,NT_BF_EXBF,Excl. BF,Layer 1,19.3594,4,Sub-Saharan Africa,Upper middle income,76.66666666666667,83.33333333333334,70.0
GAB,Gabon,2020,NT_BW_LBW,Low Birth Weight,Layer 1,14.6498,4,Sub-Saharan Africa,Upper middle income,76.66666666666667,83.33333333333334,70.0
GAB,Gabon,2020,NT_CF_MAD,Min Acceptable Diet,Layer 2,12.4684,4,Sub-Saharan Africa,Upper middle income,76.66666666666667,83.33333333333334,70.0
GAB,Gabon,2020,NT_CF_MDD,Min Dietary Diversity,Layer 2,26.3195,4,Sub-Saharan Africa,Upper middle income,76.66666666666667,83.33333333333334,70.0
GAB,Gabon,2020,NT_CF_MMF,Min Meal Frequency,Layer 2,40.2609,4,Sub-Saharan Africa,Upper middle income,76.66666666666667,83.33333333333334,70.0
GBR,United Kingdom,2024,IM_DTP3,DTP3 Coverage,Layer 2,92.0,0,Europe and Central Asia,High income,38.33333333333333,66.66666666666666,10.0
GBR,United Kingdom,2023,NT_ANE_WOM_15_49_MOD,Anaemia WRA,Layer 1,13.6,1,Europe and Central Asia,High income,38.33333333333333,66.66666666666666,10.0
GBR,United Kingdom,2024,NT_ANT_HAZ_NE2_MOD,Stunting,Layer 1,3.5059,0,Europe and Central Asia,High income,38.33333333333333,66.66666666666666,10.0
GBR,United Kingdom,2024,NT_ANT_WHZ_PO2_MOD,Overweight,Layer 1,7.7935,0,Europe and Central Asia,High income,38.33333333333333,66.66666666666666,10.0
GBR,United Kingdom,2020,NT_BW_LBW,Low Birth Weight,Layer 1,6.8271,4,Europe and Central Asia,High income,38.33333333333333,66.66666666666666,10.0
GEO,Georgia,2024,IM_DTP3,DTP3 Coverage,Layer 2,86.0,0,Europe and Central Asia,Upper middle income,48.33333333333333,66.66666666666666,30.0
GEO,Georgia,2024,MNCH_ANC4,ANC 4+ Visits,Layer 2,83.7,0,Europe and Central Asia,Upper middle income,48.33333333333333,66.66666666666666,30.0
GEO,Georgia,2023,MNCH_SAB,Skilled Birth Attendance,Layer 2,99.8,1,Europe and Central Asia,Upper middle income,48.33333333333333,66.66666666666666,30.0
GEO,Georgia,2023,NT_ANE_WOM_15_49_MOD,Anaemia WRA,Layer 1,30.2,1,Europe and Central Asia,Upper middle income,48.33333333333333,66.66666666666666,30.0
GEO,Georgia,2024,NT_ANT_HAZ_NE2_MOD,Stunting,Layer 1,4.7281,0,Europe and Central Asia,Upper middle income,48.33333333333333,66.66666666666666,30.0
GEO,Georgia,2024,NT_ANT_WHZ_PO2_MOD,Overweight,Layer 1,4.1177,0,Europe and Central Asia,Upper middle income,48.33333333333333,66.66666666666666,30.0
GEO,Georgia,2018,NT_BF_EIBF,Early BF Initiation,Layer 2,32.846,6,Europe and Central Asia,Upper middle income,48.33333333333333,66.66666666666666,30.0
GEO,Georgia,2018,NT_BF_EXBF,Excl. BF,Layer 1,20.3753,6,Europe and Central Asia,Upper middle income,48.33333333333333,66.66666666666666,30.0
GEO,Georgia,2020,NT_BW_LBW,Low Birth Weight,Layer 1,7.4206,4,Europe and Central Asia,Upper middle income,48.33333333333333,66.66666666666666,30.0
GEO,Georgia,2018,NT_CF_MAD,Min Acceptable Diet,Layer 2,28.2838,6,Europe and Central Asia,Upper middle income,48.33333333333333,66.66666666666666,30.0
GEO,Georgia,2018,NT_CF_MDD,Min Dietary Diversity,Layer 2,52.5895,6,Europe and Central Asia,Upper middle income,48.33333333333333,66.66666666666666,30.0
GEO,Georgia,2018,NT_CF_MMF,Min Meal Frequency,Layer 2,64.5646,6,Europe and Central Asia,Upper middle income,48.33333333333333,66.66666666666666,30.0
GHA,Ghana,2024,IM_DTP3,DTP3 Coverage,Layer 2,95.0,0,Sub-Saharan Africa,Lower middle income,76.66666666666667,83.33333333333334,70.0
GHA,Ghana,2022,MNCH_ANC4,ANC 4+ Visits,Layer 2,87.8,2,Sub-Saharan Africa,Lower middle income,76.66666666666667,83.33333333333334,70.0
GHA,Ghana,2023,MNCH_SAB,Skilled Birth Attendance,Layer 2,87.6,1,Sub-Saharan Africa,Lower middle income,76.66666666666667,83.33333333333334,70.0
GHA,Ghana,2023,NT_ANE_WOM_15_49_MOD,Anaemia WRA,Layer 1,36.0,1,Sub-Saharan Africa,Lower middle income,76.66666666666667,83.33333333333334,70.0
GHA,Ghana,2024,NT_ANT_HAZ_NE2_MOD,Stunting,Layer 1,15.5749,0,Sub-Saharan Africa,Lower middle income,76.66666666666667,83.33333333333334,70.0
GHA,Ghana,2024,NT_ANT_WHZ_PO2_MOD,Overweight,Layer 1,1.7962,0,Sub-Saharan Africa,Lower middle income,76.66666666666667,83.33333333333334,70.0
GHA,Ghana,2022,NT_BF_EIBF,Early BF Initiation,Layer 2,58.1603,2,Sub-Saharan Africa,Lower middle income,76.66666666666667,83.33333333333334,70.0
GHA,Ghana,2022,NT_BF_EXBF,Excl. BF,Layer 1,52.5853,2,Sub-Saharan Africa,Lower middle income,76.66666666666667,83.33333333333334,70.0
GHA,Ghana,2020,NT_BW_LBW,Low Birth Weight,Layer 1,14.4159,4,Sub-Saharan Africa,Lower middle income,76.66666666666667,83.33333333333334,70.0
GHA,Ghana,2022,NT_CF_MAD,Min Acceptable Diet,Layer 2,23.4406,2,Sub-Saharan Africa,Lower middle income,76.66666666666667,83.33333333333334,70.0
GHA,Ghana,2022,NT_CF_MDD,Min Dietary Diversity,Layer 2,41.4343,2,Sub-Saharan Africa,Lower middle income,76.66666666666667,83.33333333333334,70.0
GHA,Ghana,2022,NT_CF_MMF,Min Meal Frequency,Layer 2,49.0355,2,Sub-Saharan Africa,Lower middle income,76.66666666666667,83.33333333333334,70.0
GIN,Guinea,2024,IM_DTP3,DTP3 Coverage,Layer 2,63.0,0,Sub-Saharan Africa,Low income,53.33333333333333,66.66666666666666,40.0
GIN,Guinea,2021,MNCH_ANC4,ANC 4+ Visits,Layer 2,58.3,3,Sub-Saharan Africa,Low income,53.33333333333333,66.66666666666666,40.0
GIN,Guinea,2018,MNCH_SAB,Skilled Birth Attendance,Layer 2,55.3,6,Sub-Saharan Africa,Low income,53.33333333333333,66.66666666666666,40.0
GIN,Guinea,2023,NT_ANE_WOM_15_49_MOD,Anaemia WRA,Layer 1,45.7,1,Sub-Saharan Africa,Low income,53.33333333333333,66.66666666666666,40.0
GIN,Guinea,2024,NT_ANT_HAZ_NE2_MOD,Stunting,Layer 1,26.631,0,Sub-Saharan Africa,Low income,53.33333333333333,66.66666666666666,40.0
GIN,Guinea,2024,NT_ANT_WHZ_PO2_MOD,Overweight,Layer 1,4.4056,0,Sub-Saharan Africa,Low income,53.33333333333333,66.66666666666666,40.0
GIN,Guinea,2022,NT_BF_EIBF,Early BF Initiation,Layer 2,25.8,2,Sub-Saharan Africa,Low income,53.33333333333333,66.66666666666666,40.0
GIN,Guinea,2022,NT_BF_EXBF,Excl. BF,Layer 1,43.7,2,Sub-Saharan Africa,Low income,53.33333333333333,66.66666666666666,40.0
GIN,Guinea,2018,NT_CF_MAD,Min Acceptable Diet,Layer 2,3.6998,6,Sub-Saharan Africa,Low income,53.33333333333333,66.66666666666666,40.0
GIN,Guinea,2022,NT_CF_MDD,Min Dietary Diversity,Layer 2,11.1,2,Sub-Saharan Africa,Low income,53.33333333333333,66.66666666666666,40.0
GIN,Guinea,2018,NT_CF_MMF,Min Meal Frequency,Layer 2,22.3736,6,Sub-Saharan Africa,Low income,53.33333333333333,66.66666666666666,40.0
GMB,Gambia,2024,IM_DTP3,DTP3 Coverage,Layer 2,80.0,0,Sub-Saharan Africa,Low income,76.66666666666667,83.33333333333334,70.0
GMB,Gambia,2020,MNCH_ANC4,ANC 4+ Visits,Layer 2,78.5,4,Sub-Saharan Africa,Low income,76.66666666666667,83.33333333333334,70.0
GMB,Gambia,2020,MNCH_SAB,Skilled Birth Attendance,Layer 2,83.8,4,Sub-Saharan Africa,Low income,76.66666666666667,83.33333333333334,70.0
GMB,Gambia,2023,NT_ANE_WOM_15_49_MOD,Anaemia WRA,Layer 1,46.1,1,Sub-Saharan Africa,Low income,76.66666666666667,83.33333333333334,70.0
GMB,Gambia,2024,NT_ANT_HAZ_NE2_MOD,Stunting,Layer 1,13.9945,0,Sub-Saharan Africa,Low income,76.66666666666667,83.33333333333334,70.0
GMB,Gambia,2024,NT_ANT_WHZ_PO2_MOD,Overweight,Layer 1,2.7328,0,Sub-Saharan Africa,Low income,76.66666666666667,83.33333333333334,70.0
GMB,Gambia,2020,NT_BF_EIBF,Early BF Initiation,Layer 2,35.4824,4,Sub-Saharan Africa,Low income,76.66666666666667,83.33333333333334,70.0
GMB,Gambia,2020,NT_BF_EXBF,Excl. BF,Layer 1,53.6345,4,Sub-Saharan Africa,Low income,76.66666666666667,83.33333333333334,70.0
GMB,Gambia,2020,NT_BW_LBW,Low Birth Weight,Layer 1,13.2491,4,Sub-Saharan Africa,Low income,76.66666666666667,83.33333333333334,70.0
GMB,Gambia,2020,NT_CF_MAD,Min Acceptable Diet,Layer 2,14.7282,4,Sub-Saharan Africa,Low income,76.66666666666667,83.33333333333334,70.0
GMB,Gambia,2020,NT_CF_MDD,Min Dietary Diversity,Layer 2,22.8291,4,Sub-Saharan Africa,Low income,76.66666666666667,83.33333333333334,70.0
GMB,Gambia,2020,NT_CF_MMF,Min Meal Frequency,Layer 2,51.1895,4,Sub-Saharan Africa,Low income,76.66666666666667,83.33333333333334,70.0
GNB,Guinea-Bissau,2024,IM_DTP3,DTP3 Coverage,Layer 2,68.0,0,Sub-Saharan Africa,Low income,76.66666666666667,83.33333333333334,70.0
GNB,Guinea-Bissau,2019,MNCH_ANC4,ANC 4+ Visits,Layer 2,80.7,5,Sub-Saharan Africa,Low income,76.66666666666667,83.33333333333334,70.0
GNB,Guinea-Bissau,2019,MNCH_SAB,Skilled Birth Attendance,Layer 2,53.8,5,Sub-Saharan Africa,Low income,76.66666666666667,83.33333333333334,70.0
GNB,Guinea-Bissau,2023,NT_ANE_WOM_15_49_MOD,Anaemia WRA,Layer 1,45.7,1,Sub-Saharan Africa,Low income,76.66666666666667,83.33333333333334,70.0
GNB,Guinea-Bissau,2024,NT_ANT_HAZ_NE2_MOD,Stunting,Layer 1,28.3146,0,Sub-Saharan Africa,Low income,76.66666666666667,83.33333333333334,70.0
GNB,Guinea-Bissau,2024,NT_ANT_WHZ_PO2_MOD,Overweight,Layer 1,3.6045,0,Sub-Saharan Africa,Low income,76.66666666666667,83.33333333333334,70.0
GNB,Guinea-Bissau,2019,NT_BF_EIBF,Early BF Initiation,Layer 2,46.331,5,Sub-Saharan Africa,Low income,76.66666666666667,83.33333333333334,70.0
GNB,Guinea-Bissau,2019,NT_BF_EXBF,Excl. BF,Layer 1,59.3486,5,Sub-Saharan Africa,Low income,76.66666666666667,83.33333333333334,70.0
GNB,Guinea-Bissau,2020,NT_BW_LBW,Low Birth Weight,Layer 1,19.5489,4,Sub-Saharan Africa,Low income,76.66666666666667,83.33333333333334,70.0
GNB,Guinea-Bissau,2019,NT_CF_MAD,Min Acceptable Diet,Layer 2,2.7357,5,Sub-Saharan Africa,Low income,76.66666666666667,83.33333333333334,70.0
GNB,Guinea-Bissau,2019,NT_CF_MDD,Min Dietary Diversity,Layer 2,8.0891,5,Sub-Saharan Africa,Low income,76.66666666666667,83.33333333333334,70.0
GNB,Guinea-Bissau,2019,NT_CF_MMF,Min Meal Frequency,Layer 2,35.0623,5,Sub-Saharan Africa,Low income,76.66666666666667,83.33333333333334,70.0
GNQ,Equatorial Guinea,2024,IM_DTP3,DTP3 Coverage,Layer 2,68.0,0,Sub-Saharan Africa,Upper middle income,30.0,50.0,10.0
GNQ,Equatorial Guinea,2011,MNCH_ANC4,ANC 4+ Visits,Layer 2,66.9,13,Sub-Saharan Africa,Upper middle income,30.0,50.0,10.0
GNQ,Equatorial Guinea,2011,MNCH_SAB,Skilled Birth Attendance,Layer 2,68.3,13,Sub-Saharan Africa,Upper middle income,30.0,50.0,10.0
GNQ,Equatorial Guinea,2023,NT_ANE_WOM_15_49_MOD,Anaemia WRA,Layer 1,41.3,1,Sub-Saharan Africa,Upper middle income,30.0,50.0,10.0
GNQ,Equatorial Guinea,2024,NT_ANT_HAZ_NE2_MOD,Stunting,Layer 1,17.1437,0,Sub-Saharan Africa,Upper middle income,30.0,50.0,10.0
GNQ,Equatorial Guinea,2024,NT_ANT_WHZ_PO2_MOD,Overweight,Layer 1,7.4615,0,Sub-Saharan Africa,Upper middle income,30.0,50.0,10.0
GNQ,Equatorial Guinea,2011,NT_BF_EXBF,Excl. BF,Layer 1,7.4,13,Sub-Saharan Africa,Upper middle income,30.0,50.0,10.0
GRC,Greece,2024,IM_DTP3,DTP3 Coverage,Layer 2,95.0,0,Europe and Central Asia,High income,43.33333333333333,66.66666666666666,20.0
GRC,Greece,2023,MNCH_SAB,Skilled Birth Attendance,Layer 2,99.7,1,Europe and Central Asia,High income,43.33333333333333,66.66666666666666,20.0
GRC,Greece,2023,NT_ANE_WOM_15_49_MOD,Anaemia WRA,Layer 1,15.6,1,Europe and Central Asia,High income,43.33333333333333,66.66666666666666,20.0
GRC,Greece,2024,NT_ANT_HAZ_NE2_MOD,Stunting,Layer 1,1.9711,0,Europe and Central Asia,High income,43.33333333333333,66.66666666666666,20.0
GRC,Greece,2024,NT_ANT_WHZ_PO2_MOD,Overweight,Layer 1,13.4846,0,Europe and Central Asia,High income,43.33333333333333,66.66666666666666,20.0
GRC,Greece,2020,NT_BW_LBW,Low Birth Weight,Layer 1,11.4059,4,Europe and Central Asia,High income,43.33333333333333,66.66666666666666,20.0
GRD,Grenada,2024,IM_DTP3,DTP3 Coverage,Layer 2,93.0,0,Latin America and Caribbean,Upper middle income,18.333333333333332,16.666666666666664,20.0
GRD,Grenada,2024,MNCH_SAB,Skilled Birth Attendance,Layer 2,100.0,0,Latin America and Caribbean,Upper middle income,18.333333333333332,16.666666666666664,20.0
GRD,Grenada,2023,NT_ANE_WOM_15_49_MOD,Anaemia WRA,Layer 1,20.9,1,Latin America and Caribbean,Upper middle income,18.333333333333332,16.666666666666664,20.0
GTM,Guatemala,2024,IM_DTP3,DTP3 Coverage,Layer 2,81.0,0,Latin America and Caribbean,Upper middle income,56.66666666666667,83.33333333333334,30.0
GTM,Guatemala,2015,MNCH_ANC4,ANC 4+ Visits,Layer 2,86.2,9,Latin America and Caribbean,Upper middle income,56.66666666666667,83.33333333333334,30.0
GTM,Guatemala,2022,MNCH_SAB,Skilled Birth Attendance,Layer 2,96.0,2,Latin America and Caribbean,Upper middle income,56.66666666666667,83.33333333333334,30.0
GTM,Guatemala,2023,NT_ANE_WOM_15_49_MOD,Anaemia WRA,Layer 1,10.5,1,Latin America and Caribbean,Upper middle income,56.66666666666667,83.33333333333334,30.0
GTM,Guatemala,2024,NT_ANT_HAZ_NE2_MOD,Stunting,Layer 1,44.5876,0,Latin America and Caribbean,Upper middle income,56.66666666666667,83.33333333333334,30.0
GTM,Guatemala,2024,NT_ANT_WHZ_PO2_MOD,Overweight,Layer 1,3.7429,0,Latin America and Caribbean,Upper middle income,56.66666666666667,83.33333333333334,30.0
GTM,Guatemala,2021,NT_BF_EIBF,Early BF Initiation,Layer 2,52.8,3,Latin America and Caribbean,Upper middle income,56.66666666666667,83.33333333333334,30.0
GTM,Guatemala,2021,NT_BF_EXBF,Excl. BF,Layer 1,58.5,3,Latin America and Caribbean,Upper middle income,56.66666666666667,83.33333333333334,30.0
GTM,Guatemala,2020,NT_BW_LBW,Low Birth Weight,Layer 1,14.4944,4,Latin America and Caribbean,Upper middle income,56.66666666666667,83.33333333333334,30.0
GTM,Guatemala,2015,NT_CF_MAD,Min Acceptable Diet,Layer 2,51.8962,9,Latin America and Caribbean,Upper middle income,56.66666666666667,83.33333333333334,30.0
GTM,Guatemala,2015,NT_CF_MDD,Min Dietary Diversity,Layer 2,59.3161,9,Latin America and Caribbean,Upper middle income,56.66666666666667,83.33333333333334,30.0
GTM,Guatemala,2015,NT_CF_MMF,Min Meal Frequency,Layer 2,81.7593,9,Latin America and Caribbean,Upper middle income,56.66666666666667,83.33333333333334,30.0
GUY,Guyana,2024,IM_DTP3,DTP3 Coverage,Layer 2,98.0,0,Latin America and Caribbean,Upper middle income,66.66666666666667,83.33333333333334,50.0
GUY,Guyana,2020,MNCH_ANC4,ANC 4+ Visits,Layer 2,84.7,4,Latin America and Caribbean,Upper middle income,66.66666666666667,83.33333333333334,50.0
GUY,Guyana,2023,MNCH_SAB,Skilled Birth Attendance,Layer 2,98.0,1,Latin America and Caribbean,Upper middle income,66.66666666666667,83.33333333333334,50.0
GUY,Guyana,2023,NT_ANE_WOM_15_49_MOD,Anaemia WRA,Layer 1,37.5,1,Latin America and Caribbean,Upper middle income,66.66666666666667,83.33333333333334,50.0
GUY,Guyana,2024,NT_ANT_HAZ_NE2_MOD,Stunting,Layer 1,7.0904,0,Latin America and Caribbean,Upper middle income,66.66666666666667,83.33333333333334,50.0
GUY,Guyana,2024,NT_ANT_WHZ_PO2_MOD,Overweight,Layer 1,4.9794,0,Latin America and Caribbean,Upper middle income,66.66666666666667,83.33333333333334,50.0
GUY,Guyana,2019,NT_BF_EIBF,Early BF Initiation,Layer 2,46.0431,5,Latin America and Caribbean,Upper middle income,66.66666666666667,83.33333333333334,50.0
GUY,Guyana,2019,NT_BF_EXBF,Excl. BF,Layer 1,28.5434,5,Latin America and Caribbean,Upper middle income,66.66666666666667,83.33333333333334,50.0
GUY,Guyana,2020,NT_BW_LBW,Low Birth Weight,Layer 1,17.1631,4,Latin America and Caribbean,Upper middle income,66.66666666666667,83.33333333333334,50.0
GUY,Guyana,2014,NT_CF_MAD,Min Acceptable Diet,Layer 2,35.8529,10,Latin America and Caribbean,Upper middle income,66.66666666666667,83.33333333333334,50.0
GUY,Guyana,2019,NT_CF_MDD,Min Dietary Diversity,Layer 2,40.3192,5,Latin America and Caribbean,Upper middle income,66.66666666666667,83.33333333333334,50.0
GUY,Guyana,2014,NT_CF_MMF,Min Meal Frequency,Layer 2,61.0871,10,Latin America and Caribbean,Upper middle income,66.66666666666667,83.33333333333334,50.0
HND,Honduras,2024,IM_DTP3,DTP3 Coverage,Layer 2,75.0,0,Latin America and Caribbean,Lower middle income,66.66666666666667,83.33333333333334,50.0
HND,Honduras,2019,MNCH_ANC4,ANC 4+ Visits,Layer 2,88.3,5,Latin America and Caribbean,Lower middle income,66.66666666666667,83.33333333333334,50.0
HND,Honduras,2019,MNCH_SAB,Skilled Birth Attendance,Layer 2,94.1,5,Latin America and Caribbean,Lower middle income,66.66666666666667,83.33333333333334,50.0
HND,Honduras,2023,NT_ANE_WOM_15_49_MOD,Anaemia WRA,Layer 1,18.8,1,Latin America and Caribbean,Lower middle income,66.66666666666667,83.33333333333334,50.0
HND,Honduras,2024,NT_ANT_HAZ_NE2_MOD,Stunting,Layer 1,17.8803,0,Latin America and Caribbean,Lower middle income,66.66666666666667,83.33333333333334,50.0
HND,Honduras,2024,NT_ANT_WHZ_PO2_MOD,Overweight,Layer 1,4.1966,0,Latin America and Caribbean,Lower middle income,66.66666666666667,83.33333333333334,50.0
HND,Honduras,2019,NT_BF_EIBF,Early BF Initiation,Layer 2,51.375,5,Latin America and Caribbean,Lower middle income,66.66666666666667,83.33333333333334,50.0
HND,Honduras,2019,NT_BF_EXBF,Excl. BF,Layer 1,30.2217,5,Latin America and Caribbean,Lower middle income,66.66666666666667,83.33333333333334,50.0
HND,Honduras,2020,NT_BW_LBW,Low Birth Weight,Layer 1,13.0945,4,Latin America and Caribbean,Lower middle income,66.66666666666667,83.33333333333334,50.0
HND,Honduras,2012,NT_CF_MAD,Min Acceptable Diet,Layer 2,54.5998,12,Latin America and Caribbean,Lower middle income,66.66666666666667,83.33333333333334,50.0
HND,Honduras,2019,NT_CF_MDD,Min Dietary Diversity,Layer 2,57.3431,5,Latin America and Caribbean,Lower middle income,66.66666666666667,83.33333333333334,50.0
HND,Honduras,2012,NT_CF_MMF,Min Meal Frequency,Layer 2,85.1029,12,Latin America and Caribbean,Lower middle income,66.66666666666667,83.33333333333334,50.0
HRV,Croatia,2024,IM_DTP3,DTP3 Coverage,Layer 2,92.0,0,Europe and Central Asia,High income,31.666666666666664,33.33333333333333,30.0
HRV,Croatia,2022,MNCH_ANC4,ANC 4+ Visits,Layer 2,96.5,2,Europe and Central Asia,High income,31.666666666666664,33.33333333333333,30.0
HRV,Croatia,2023,MNCH_SAB,Skilled Birth Attendance,Layer 2,99.9,1,Europe and Central Asia,High income,31.666666666666664,33.33333333333333,30.0
HRV,Croatia,2023,NT_ANE_WOM_15_49_MOD,Anaemia WRA,Layer 1,23.3,1,Europe and Central Asia,High income,31.666666666666664,33.33333333333333,30.0
HRV,Croatia,2020,NT_BW_LBW,Low Birth Weight,Layer 1,4.9945,4,Europe and Central Asia,High income,31.666666666666664,33.33333333333333,30.0
HTI,Haiti,2024,IM_DTP3,DTP3 Coverage,Layer 2,60.0,0,Latin America and Caribbean,Lower middle income,40.0,50.0,30.0
HTI,Haiti,2017,MNCH_ANC4,ANC 4+ Visits,Layer 2,66.6,7,Latin America and Caribbean,Lower middle income,40.0,50.0,30.0
HTI,Haiti,2023,MNCH_SAB,Skilled Birth Attendance,Layer 2,75.6,1,Latin America and Caribbean,Lower middle income,40.0,50.0,30.0
HTI,Haiti,2023,NT_ANE_WOM_15_49_MOD,Anaemia WRA,Layer 1,45.9,1,Latin America and Caribbean,Lower middle income,40.0,50.0,30.0
HTI,Haiti,2024,NT_ANT_HAZ_NE2_MOD,Stunting,Layer 1,21.5532,0,Latin America and Caribbean,Lower middle income,40.0,50.0,30.0
HTI,Haiti,2024,NT_ANT_WHZ_PO2_MOD,Overweight,Layer 1,3.906,0,Latin America and Caribbean,Lower middle income,40.0,50.0,30.0
HTI,Haiti,2023,NT_BF_EIBF,Early BF Initiation,Layer 2,48.0,1,Latin America and Caribbean,Lower middle income,40.0,50.0,30.0
HTI,Haiti,2017,NT_BF_EXBF,Excl. BF,Layer 1,39.8753,7,Latin America and Caribbean,Lower middle income,40.0,50.0,30.0
HTI,Haiti,2017,NT_CF_MAD,Min Acceptable Diet,Layer 2,11.1026,7,Latin America and Caribbean,Lower middle income,40.0,50.0,30.0
HTI,Haiti,2017,NT_CF_MDD,Min Dietary Diversity,Layer 2,19.1763,7,Latin America and Caribbean,Lower middle income,40.0,50.0,30.0
HTI,Haiti,2017,NT_CF_MMF,Min Meal Frequency,Layer 2,39.25,7,Latin America and Caribbean,Lower middle income,40.0,50.0,30.0
HUN,Hungary,2024,IM_DTP3,DTP3 Coverage,Layer 2,99.0,0,Europe and Central Asia,High income,26.666666666666664,33.33333333333333,20.0
HUN,Hungary,2023,MNCH_SAB,Skilled Birth Attendance,Layer 2,98.7,1,Europe and Central Asia,High income,26.666666666666664,33.33333333333333,20.0
HUN,Hungary,2023,NT_ANE_WOM_15_49_MOD,Anaemia WRA,Layer 1,24.1,1,Europe and Central Asia,High income,26.666666666666664,33.33333333333333,20.0
HUN,Hungary,2020,NT_BW_LBW,Low Birth Weight,Layer 1,8.3165,4,Europe and Central Asia,High income,26.666666666666664,33.33333333333333,20.0
IDN,Indonesia,2024,IM_DTP3,DTP3 Coverage,Layer 2,78.0,0,East Asia and Pacific,Lower middle income,48.33333333333333,66.66666666666666,30.0
IDN,Indonesia,2023,MNCH_ANC4,ANC 4+ Visits,Layer 2,68.1,1,East Asia and Pacific,Lower middle income,48.33333333333333,66.66666666666666,30.0
IDN,Indonesia,2024,MNCH_SAB,Skilled Birth Attendance,Layer 2,96.8,0,East Asia and Pacific,Lower middle income,48.33333333333333,66.66666666666666,30.0
IDN,Indonesia,2023,NT_ANE_WOM_15_49_MOD,Anaemia WRA,Layer 1,26.7,1,East Asia and Pacific,Lower middle income,48.33333333333333,66.66666666666666,30.0
IDN,Indonesia,2024,NT_ANT_HAZ_NE2_MOD,Stunting,Layer 1,22.6396,0,East Asia and Pacific,Lower middle income,48.33333333333333,66.66666666666666,30.0
IDN,Indonesia,2024,NT_ANT_WHZ_PO2_MOD,Overweight,Layer 1,2.6028,0,East Asia and Pacific,Lower middle income,48.33333333333333,66.66666666666666,30.0
IDN,Indonesia,2018,NT_BF_EIBF,Early BF Initiation,Layer 2,58.2,6,East Asia and Pacific,Lower middle income,48.33333333333333,66.66666666666666,30.0
IDN,Indonesia,2017,NT_BF_EXBF,Excl. BF,Layer 1,50.6726,7,East Asia and Pacific,Lower middle income,48.33333333333333,66.66666666666666,30.0
IDN,Indonesia,2020,NT_BW_LBW,Low Birth Weight,Layer 1,9.9342,4,East Asia and Pacific,Lower middle income,48.33333333333333,66.66666666666666,30.0
IDN,Indonesia,2017,NT_CF_MAD,Min Acceptable Diet,Layer 2,40.0233,7,East Asia and Pacific,Lower middle income,48.33333333333333,66.66666666666666,30.0
IDN,Indonesia,2017,NT_CF_MDD,Min Dietary Diversity,Layer 2,53.9253,7,East Asia and Pacific,Lower middle income,48.33333333333333,66.66666666666666,30.0
IDN,Indonesia,2017,NT_CF_MMF,Min Meal Frequency,Layer 2,71.0665,7,East Asia and Pacific,Lower middle income,48.33333333333333,66.66666666666666,30.0
IND,India,2024,IM_DTP3,DTP3 Coverage,Layer 2,94.0,0,South Asia,Lower middle income,76.66666666666667,83.33333333333334,70.0
IND,India,2021,MNCH_ANC4,ANC 4+ Visits,Layer 2,58.4,3,South Asia,Lower middle income,76.66666666666667,83.33333333333334,70.0
IND,India,2021,MNCH_SAB,Skilled Birth Attendance,Layer 2,89.4,3,South Asia,Lower middle income,76.66666666666667,83.33333333333334,70.0
IND,India,2023,NT_ANE_WOM_15_49_MOD,Anaemia WRA,Layer 1,53.7,1,South Asia,Lower middle income,76.66666666666667,83.33333333333334,70.0
IND,India,2024,NT_ANT_HAZ_NE2_MOD,Stunting,Layer 1,32.9066,0,South Asia,Lower middle income,76.66666666666667,83.33333333333334,70.0
IND,India,2024,NT_ANT_WHZ_PO2_MOD,Overweight,Layer 1,3.7015,0,South Asia,Lower middle income,76.66666666666667,83.33333333333334,70.0
IND,India,2020,NT_BF_EIBF,Early BF Initiation,Layer 2,41.4162,4,South Asia,Lower middle income,76.66666666666667,83.33333333333334,70.0
IND,India,2020,NT_BF_EXBF,Excl. BF,Layer 1,63.6885,4,South Asia,Lower middle income,76.66666666666667,83.33333333333334,70.0
IND,India,2020,NT_BW_LBW,Low Birth Weight,Layer 1,27.4353,4,South Asia,Lower middle income,76.66666666666667,83.33333333333334,70.0
IND,India,2020,NT_CF_MAD,Min Acceptable Diet,Layer 2,11.0996,4,South Asia,Lower middle income,76.66666666666667,83.33333333333334,70.0
IND,India,2020,NT_CF_MDD,Min Dietary Diversity,Layer 2,23.5529,4,South Asia,Lower middle income,76.66666666666667,83.33333333333334,70.0
IND,India,2020,NT_CF_MMF,Min Meal Frequency,Layer 2,34.5698,4,South Asia,Lower middle income,76.66666666666667,83.33333333333334,70.0
IRL,Ireland,2024,IM_DTP3,DTP3 Coverage,Layer 2,92.0,0,Europe and Central Asia,High income,43.33333333333333,66.66666666666666,20.0
IRL,Ireland,2021,MNCH_SAB,Skilled Birth Attendance,Layer 2,99.5,3,Europe and Central Asia,High income,43.33333333333333,66.66666666666666,20.0
IRL,Ireland,2023,NT_ANE_WOM_15_49_MOD,Anaemia WRA,Layer 1,14.0,1,Europe and Central Asia,High income,43.33333333333333,66.66666666666666,20.0
IRL,Ireland,2024,NT_ANT_HAZ_NE2_MOD,Stunting,Layer 1,2.159,0,Europe and Central Asia,High income,43.33333333333333,66.66666666666666,20.0
IRL,Ireland,2024,NT_ANT_WHZ_PO2_MOD,Overweight,Layer 1,11.1793,0,Europe and Central Asia,High income,43.33333333333333,66.66666666666666,20.0
IRL,Ireland,2020,NT_BW_LBW,Low Birth Weight,Layer 1,5.6457,4,Europe and Central Asia,High income,43.33333333333333,66.66666666666666,20.0
IRN,Iran (Islamic Republic of),2024,IM_DTP3,DTP3 Coverage,Layer 2,98.0,0,Middle East and North Africa,Upper middle income,35.0,50.0,20.0
IRN,Iran (Islamic Republic of),2016,MNCH_ANC4,ANC 4+ Visits,Layer 2,93.4,8,Middle East and North Africa,Upper middle income,35.0,50.0,20.0
IRN,Iran (Islamic Republic of),2023,MNCH_SAB,Skilled Birth Attendance,Layer 2,99.0,1,Middle East and North Africa,Upper middle income,35.0,50.0,20.0
IRN,Iran (Islamic Republic of),2023,NT_ANE_WOM_15_49_MOD,Anaemia WRA,Layer 1,25.5,1,Middle East and North Africa,Upper middle income,35.0,50.0,20.0
IRN,Iran (Islamic Republic of),2024,NT_ANT_HAZ_NE2_MOD,Stunting,Layer 1,4.828,0,Middle East and North Africa,Upper middle income,35.0,50.0,20.0
IRN,Iran (Islamic Republic of),2024,NT_ANT_WHZ_PO2_MOD,Overweight,Layer 1,2.7424,0,Middle East and North Africa,Upper middle income,35.0,50.0,20.0
IRN,Iran (Islamic Republic of),2017,NT_BF_EIBF,Early BF Initiation,Layer 2,80.6,7,Middle East and North Africa,Upper middle income,35.0,50.0,20.0
IRN,Iran (Islamic Republic of),2017,NT_BF_EXBF,Excl. BF,Layer 1,47.4,7,Middle East and North Africa,Upper middle income,35.0,50.0,20.0
IRN,Iran (Islamic Republic of),2017,NT_CF_MDD,Min Dietary Diversity,Layer 2,84.0,7,Middle East and North Africa,Upper middle income,35.0,50.0,20.0
IRQ,Iraq,2024,IM_DTP3,DTP3 Coverage,Layer 2,90.0,0,Middle East and North Africa,Upper middle income,43.33333333333333,66.66666666666666,20.0
IRQ,Iraq,2018,MNCH_ANC4,ANC 4+ Visits,Layer 2,67.9,6,Middle East and North Africa,Upper middle income,43.33333333333333,66.66666666666666,20.0
IRQ,Iraq,2021,MNCH_SAB,Skilled Birth Attendance,Layer 2,96.0,3,Middle East and North Africa,Upper middle income,43.33333333333333,66.66666666666666,20.0
IRQ,Iraq,2023,NT_ANE_WOM_15_49_MOD,Anaemia WRA,Layer 1,27.1,1,Middle East and North Africa,Upper middle income,43.33333333333333,66.66666666666666,20.0
IRQ,Iraq,2024,NT_ANT_HAZ_NE2_MOD,Stunting,Layer 1,9.4151,0,Middle East and North Africa,Upper middle income,43.33333333333333,66.66666666666666,20.0
IRQ,Iraq,2024,NT_ANT_WHZ_PO2_MOD,Overweight,Layer 1,4.6076,0,Middle East and North Africa,Upper middle income,43.33333333333333,66.66666666666666,20.0
IRQ,Iraq,2018,NT_BF_EIBF,Early BF Initiation,Layer 2,32.3583,6,Middle East and North Africa,Upper middle income,43.33333333333333,66.66666666666666,20.0
IRQ,Iraq,2018,NT_BF_EXBF,Excl. BF,Layer 1,25.8224,6,Middle East and North Africa,Upper middle income,43.33333333333333,66.66666666666666,20.0
IRQ,Iraq,2020,NT_BW_LBW,Low Birth Weight,Layer 1,10.8614,4,Middle East and North Africa,Upper middle income,43.33333333333333,66.66666666666666,20.0
IRQ,Iraq,2018,NT_CF_MAD,Min Acceptable Diet,Layer 2,34.1185,6,Middle East and North Africa,Upper middle income,43.33333333333333,66.66666666666666,20.0
IRQ,Iraq,2018,NT_CF_MDD,Min Dietary Diversity,Layer 2,44.5826,6,Middle East and North Africa,Upper middle income,43.33333333333333,66.66666666666666,20.0
IRQ,Iraq,2018,NT_CF_MMF,Min Meal Frequency,Layer 2,74.3352,6,Middle East and North Africa,Upper middle income,43.33333333333333,66.66666666666666,20.0
ISL,Iceland,2024,IM_DTP3,DTP3 Coverage,Layer 2,94.0,0,Europe and Central Asia,High income,26.666666666666664,33.33333333333333,20.0
ISL,Iceland,2023,MNCH_SAB,Skilled Birth Attendance,Layer 2,97.6,1,Europe and Central Asia,High income,26.666666666666664,33.33333333333333,20.0
ISL,Iceland,2023,NT_ANE_WOM_15_49_MOD,Anaemia WRA,Layer 1,14.7,1,Europe and Central Asia,High income,26.666666666666664,33.33333333333333,20.0
ISL,Iceland,2020,NT_BW_LBW,Low Birth Weight,Layer 1,3.9928,4,Europe and Central Asia,High income,26.666666666666664,33.33333333333333,20.0
ISR,Israel,2024,IM_DTP3,DTP3 Coverage,Layer 2,98.0,0,Middle East and North Africa,High income,26.666666666666664,33.33333333333333,20.0
ISR,Israel,2023,MNCH_SAB,Skilled Birth Attendance,Layer 2,99.5,1,Middle East and North Africa,High income,26.666666666666664,33.33333333333333,20.0
ISR,Israel,2023,NT_ANE_WOM_15_49_MOD,Anaemia WRA,Layer 1,14.6,1,Middle East and North Africa,High income,26.666666666666664,33.33333333333333,20.0
ISR,Israel,2020,NT_BW_LBW,Low Birth Weight,Layer 1,8.9839,4,Middle East and North Africa,High income,26.666666666666664,33.33333333333333,20.0
ITA,Italy,2024,IM_DTP3,DTP3 Coverage,Layer 2,94.0,0,Europe and Central Asia,High income,26.666666666666664,33.33333333333333,20.0
ITA,Italy,2003,MNCH_ANC4,ANC 4+ Visits,Layer 2,68.1,20,Europe and Central Asia,High income,26.666666666666664,33.33333333333333,20.0
ITA,Italy,2023,MNCH_SAB,Skilled Birth Attendance,Layer 2,99.9,1,Europe and Central Asia,High income,26.666666666666664,33.33333333333333,20.0
ITA,Italy,2023,NT_ANE_WOM_15_49_MOD,Anaemia WRA,Layer 1,16.4,1,Europe and Central Asia,High income,26.666666666666664,33.33333333333333,20.0
ITA,Italy,2020,NT_BW_LBW,Low Birth Weight,Layer 1,7.2106,4,Europe and Central Asia,High income,26.666666666666664,33.33333333333333,20.0
JAM,Jamaica,2024,IM_DTP3,DTP3 Coverage,Layer 2,99.0,0,Latin America and Caribbean,Upper middle income,71.66666666666667,83.33333333333334,60.0
JAM,Jamaica,2021,MNCH_ANC4,ANC 4+ Visits,Layer 2,83.6,3,Latin America and Caribbean,Upper middle income,71.66666666666667,83.33333333333334,60.0
JAM,Jamaica,2023,MNCH_SAB,Skilled Birth Attendance,Layer 2,98.8,1,Latin America and Caribbean,Upper middle income,71.66666666666667,83.33333333333334,60.0
JAM,Jamaica,2023,NT_ANE_WOM_15_49_MOD,Anaemia WRA,Layer 1,21.5,1,Latin America and Caribbean,Upper middle income,71.66666666666667,83.33333333333334,60.0
JAM,Jamaica,2024,NT_ANT_HAZ_NE2_MOD,Stunting,Layer 1,6.8575,0,Latin America and Caribbean,Upper middle income,71.66666666666667,83.33333333333334,60.0
JAM,Jamaica,2024,NT_ANT_WHZ_PO2_MOD,Overweight,Layer 1,5.0607,0,Latin America and Caribbean,Upper middle income,71.66666666666667,83.33333333333334,60.0
JAM,Jamaica,2011,NT_BF_EIBF,Early BF Initiation,Layer 2,64.719,13,Latin America and Caribbean,Upper middle income,71.66666666666667,83.33333333333334,60.0
JAM,Jamaica,2022,NT_BF_EXBF,Excl. BF,Layer 1,32.9926,2,Latin America and Caribbean,Upper middle income,71.66666666666667,83.33333333333334,60.0
JAM,Jamaica,2020,NT_BW_LBW,Low Birth Weight,Layer 1,13.6812,4,Latin America and Caribbean,Upper middle income,71.66666666666667,83.33333333333334,60.0
JAM,Jamaica,2022,NT_CF_MAD,Min Acceptable Diet,Layer 2,33.354,2,Latin America and Caribbean,Upper middle income,71.66666666666667,83.33333333333334,60.0
JAM,Jamaica,2022,NT_CF_MDD,Min Dietary Diversity,Layer 2,51.3693,2,Latin America and Caribbean,Upper middle income,71.66666666666667,83.33333333333334,60.0
JAM,Jamaica,2022,NT_CF_MMF,Min Meal Frequency,Layer 2,60.6592,2,Latin America and Caribbean,Upper middle income,71.66666666666667,83.33333333333334,60.0
JOR,Jordan,2024,IM_DTP3,DTP3 Coverage,Layer 2,96.0,0,Middle East and North Africa,Upper middle income,76.66666666666667,83.33333333333334,70.0
JOR,Jordan,2023,MNCH_ANC4,ANC 4+ Visits,Layer 2,93.1,1,Middle East and North Africa,Upper middle income,76.66666666666667,83.33333333333334,70.0
JOR,Jordan,2023,MNCH_SAB,Skilled Birth Attendance,Layer 2,99.9,1,Middle East and North Africa,Upper middle income,76.66666666666667,83.33333333333334,70.0
JOR,Jordan,2023,NT_ANE_WOM_15_49_MOD,Anaemia WRA,Layer 1,33.0,1,Middle East and North Africa,Upper middle income,76.66666666666667,83.33333333333334,70.0
JOR,Jordan,2024,NT_ANT_HAZ_NE2_MOD,Stunting,Layer 1,7.6614,0,Middle East and North Africa,Upper middle income,76.66666666666667,83.33333333333334,70.0
JOR,Jordan,2024,NT_ANT_WHZ_PO2_MOD,Overweight,Layer 1,10.6022,0,Middle East and North Africa,Upper middle income,76.66666666666667,83.33333333333334,70.0
JOR,Jordan,2023,NT_BF_EIBF,Early BF Initiation,Layer 2,33.7693,1,Middle East and North Africa,Upper middle income,76.66666666666667,83.33333333333334,70.0
JOR,Jordan,2023,NT_BF_EXBF,Excl. BF,Layer 1,23.9101,1,Middle East and North Africa,Upper middle income,76.66666666666667,83.33333333333334,70.0
JOR,Jordan,2020,NT_BW_LBW,Low Birth Weight,Layer 1,18.9367,4,Middle East and North Africa,Upper middle income,76.66666666666667,83.33333333333334,70.0
JOR,Jordan,2023,NT_CF_MAD,Min Acceptable Diet,Layer 2,27.2309,1,Middle East and North Africa,Upper middle income,76.66666666666667,83.33333333333334,70.0
JOR,Jordan,2023,NT_CF_MDD,Min Dietary Diversity,Layer 2,42.4242,1,Middle East and North Africa,Upper middle income,76.66666666666667,83.33333333333334,70.0
JOR,Jordan,2023,NT_CF_MMF,Min Meal Frequency,Layer 2,59.8446,1,Middle East and North Africa,Upper middle income,76.66666666666667,83.33333333333334,70.0
JPN,Japan,2024,IM_DTP3,DTP3 Coverage,Layer 2,99.0,0,East Asia and Pacific,High income,43.33333333333333,66.66666666666666,20.0
JPN,Japan,2023,MNCH_SAB,Skilled Birth Attendance,Layer 2,99.8,1,East Asia and Pacific,High income,43.33333333333333,66.66666666666666,20.0
JPN,Japan,2023,NT_ANE_WOM_15_49_MOD,Anaemia WRA,Layer 1,18.7,1,East Asia and Pacific,High income,43.33333333333333,66.66666666666666,20.0
JPN,Japan,2024,NT_ANT_HAZ_NE2_MOD,Stunting,Layer 1,5.1694,0,East Asia and Pacific,High income,43.33333333333333,66.66666666666666,20.0
JPN,Japan,2024,NT_ANT_WHZ_PO2_MOD,Overweight,Layer 1,1.9618,0,East Asia and Pacific,High income,43.33333333333333,66.66666666666666,20.0
JPN,Japan,2020,NT_BW_LBW,Low Birth Weight,Layer 1,11.3047,4,East Asia and Pacific,High income,43.33333333333333,66.66666666666666,20.0
KAZ,Kazakhstan,2024,IM_DTP3,DTP3 Coverage,Layer 2,98.0,0,Europe and Central Asia,Upper middle income,38.33333333333333,66.66666666666666,10.0
KAZ,Kazakhstan,2015,MNCH_ANC4,ANC 4+ Visits,Layer 2,95.3,9,Europe and Central Asia,Upper middle income,38.33333333333333,66.66666666666666,10.0
KAZ,Kazakhstan,2018,MNCH_SAB,Skilled Birth Attendance,Layer 2,99.9,6,Europe and Central Asia,Upper middle income,38.33333333333333,66.66666666666666,10.0
KAZ,Kazakhstan,2023,NT_ANE_WOM_15_49_MOD,Anaemia WRA,Layer 1,30.5,1,Europe and Central Asia,Upper middle income,38.33333333333333,66.66666666666666,10.0
KAZ,Kazakhstan,2024,NT_ANT_HAZ_NE2_MOD,Stunting,Layer 1,4.4346,0,Europe and Central Asia,Upper middle income,38.33333333333333,66.66666666666666,10.0
KAZ,Kazakhstan,2024,NT_ANT_WHZ_PO2_MOD,Overweight,Layer 1,8.7274,0,Europe and Central Asia,Upper middle income,38.33333333333333,66.66666666666666,10.0
KAZ,Kazakhstan,2015,NT_BF_EIBF,Early BF Initiation,Layer 2,83.2887,9,Europe and Central Asia,Upper middle income,38.33333333333333,66.66666666666666,10.0
KAZ,Kazakhstan,2015,NT_BF_EXBF,Excl. BF,Layer 1,37.7719,9,Europe and Central Asia,Upper middle income,38.33333333333333,66.66666666666666,10.0
KAZ,Kazakhstan,2020,NT_BW_LBW,Low Birth Weight,Layer 1,5.2911,4,Europe and Central Asia,Upper middle income,38.33333333333333,66.66666666666666,10.0
KAZ,Kazakhstan,2015,NT_CF_MAD,Min Acceptable Diet,Layer 2,36.6726,9,Europe and Central Asia,Upper middle income,38.33333333333333,66.66666666666666,10.0
KAZ,Kazakhstan,2015,NT_CF_MDD,Min Dietary Diversity,Layer 2,48.9808,9,Europe and Central Asia,Upper middle income,38.33333333333333,66.66666666666666,10.0
KAZ,Kazakhstan,2015,NT_CF_MMF,Min Meal Frequency,Layer 2,73.208,9,Europe and Central Asia,Upper middle income,38.33333333333333,66.66666666666666,10.0
KEN,Kenya,2024,IM_DTP3,DTP3 Coverage,Layer 2,91.0,0,Sub-Saharan Africa,Lower middle income,76.66666666666667,83.33333333333334,70.0
KEN,Kenya,2022,MNCH_ANC4,ANC 4+ Visits,Layer 2,66.0,2,Sub-Saharan Africa,Lower middle income,76.66666666666667,83.33333333333334,70.0
KEN,Kenya,2022,MNCH_SAB,Skilled Birth Attendance,Layer 2,89.3,2,Sub-Saharan Africa,Lower middle income,76.66666666666667,83.33333333333334,70.0
KEN,Kenya,2023,NT_ANE_WOM_15_49_MOD,Anaemia WRA,Layer 1,32.2,1,Sub-Saharan Africa,Lower middle income,76.66666666666667,83.33333333333334,70.0
KEN,Kenya,2024,NT_ANT_HAZ_NE2_MOD,Stunting,Layer 1,17.9087,0,Sub-Saharan Africa,Lower middle income,76.66666666666667,83.33333333333334,70.0
KEN,Kenya,2024,NT_ANT_WHZ_PO2_MOD,Overweight,Layer 1,4.3344,0,Sub-Saharan Africa,Lower middle income,76.66666666666667,83.33333333333334,70.0
KEN,Kenya,2022,NT_BF_EIBF,Early BF Initiation,Layer 2,60.1271,2,Sub-Saharan Africa,Lower middle income,76.66666666666667,83.33333333333334,70.0
KEN,Kenya,2022,NT_BF_EXBF,Excl. BF,Layer 1,59.7122,2,Sub-Saharan Africa,Lower middle income,76.66666666666667,83.33333333333334,70.0
KEN,Kenya,2020,NT_BW_LBW,Low Birth Weight,Layer 1,9.9711,4,Sub-Saharan Africa,Lower middle income,76.66666666666667,83.33333333333334,70.0
KEN,Kenya,2022,NT_CF_MAD,Min Acceptable Diet,Layer 2,30.6664,2,Sub-Saharan Africa,Lower middle income,76.66666666666667,83.33333333333334,70.0
KEN,Kenya,2022,NT_CF_MDD,Min Dietary Diversity,Layer 2,36.9253,2,Sub-Saharan Africa,Lower middle income,76.66666666666667,83.33333333333334,70.0
KEN,Kenya,2022,NT_CF_MMF,Min Meal Frequency,Layer 2,70.9052,2,Sub-Saharan Africa,Lower middle income,76.66666666666667,83.33333333333334,70.0
KGZ,Kyrgyzstan,2024,IM_DTP3,DTP3 Coverage,Layer 2,85.0,0,Europe and Central Asia,Lower middle income,76.66666666666667,83.33333333333334,70.0
KGZ,Kyrgyzstan,2023,MNCH_ANC4,ANC 4+ Visits,Layer 2,94.4,1,Europe and Central Asia,Lower middle income,76.66666666666667,83.33333333333334,70.0
KGZ,Kyrgyzstan,2023,MNCH_SAB,Skilled Birth Attendance,Layer 2,99.8,1,Europe and Central Asia,Lower middle income,76.66666666666667,83.33333333333334,70.0
KGZ,Kyrgyzstan,2023,NT_ANE_WOM_15_49_MOD,Anaemia WRA,Layer 1,32.9,1,Europe and Central Asia,Lower middle income,76.66666666666667,83.33333333333334,70.0
KGZ,Kyrgyzstan,2024,NT_ANT_HAZ_NE2_MOD,Stunting,Layer 1,11.0389,0,Europe and Central Asia,Lower middle income,76.66666666666667,83.33333333333334,70.0
KGZ,Kyrgyzstan,2024,NT_ANT_WHZ_PO2_MOD,Overweight,Layer 1,9.8526,0,Europe and Central Asia,Lower middle income,76.66666666666667,83.33333333333334,70.0
KGZ,Kyrgyzstan,2023,NT_BF_EIBF,Early BF Initiation,Layer 2,73.2173,1,Europe and Central Asia,Lower middle income,76.66666666666667,83.33333333333334,70.0
KGZ,Kyrgyzstan,2023,NT_BF_EXBF,Excl. BF,Layer 1,44.2549,1,Europe and Central Asia,Lower middle income,76.66666666666667,83.33333333333334,70.0
KGZ,Kyrgyzstan,2020,NT_BW_LBW,Low Birth Weight,Layer 1,6.0377,4,Europe and Central Asia,Lower middle income,76.66666666666667,83.33333333333334,70.0
KGZ,Kyrgyzstan,2023,NT_CF_MAD,Min Acceptable Diet,Layer 2,50.515,1,Europe and Central Asia,Lower middle income,76.66666666666667,83.33333333333334,70.0
KGZ,Kyrgyzstan,2023,NT_CF_MDD,Min Dietary Diversity,Layer 2,65.7408,1,Europe and Central Asia,Lower middle income,76.66666666666667,83.33333333333334,70.0
KGZ,Kyrgyzstan,2023,NT_CF_MMF,Min Meal Frequency,Layer 2,77.778,1,Europe and Central Asia,Lower middle income,76.66666666666667,83.33333333333334,70.0
KHM,Cambodia,2024,IM_DTP3,DTP3 Coverage,Layer 2,83.0,0,East Asia and Pacific,Lower middle income,76.66666666666667,83.33333333333334,70.0
KHM,Cambodia,2022,MNCH_ANC4,ANC 4+ Visits,Layer 2,86.0,2,East Asia and Pacific,Lower middle income,76.66666666666667,83.33333333333334,70.0
KHM,Cambodia,2022,MNCH_SAB,Skilled Birth Attendance,Layer 2,98.7,2,East Asia and Pacific,Lower middle income,76.66666666666667,83.33333333333334,70.0
KHM,Cambodia,2023,NT_ANE_WOM_15_49_MOD,Anaemia WRA,Layer 1,38.0,1,East Asia and Pacific,Lower middle income,76.66666666666667,83.33333333333334,70.0
KHM,Cambodia,2024,NT_ANT_HAZ_NE2_MOD,Stunting,Layer 1,21.9644,0,East Asia and Pacific,Lower middle income,76.66666666666667,83.33333333333334,70.0
KHM,Cambodia,2024,NT_ANT_WHZ_PO2_MOD,Overweight,Layer 1,5.6724,0,East Asia and Pacific,Lower middle income,76.66666666666667,83.33333333333334,70.0
KHM,Cambodia,2021,NT_BF_EIBF,Early BF Initiation,Layer 2,53.9956,3,East Asia and Pacific,Lower middle income,76.66666666666667,83.33333333333334,70.0
KHM,Cambodia,2021,NT_BF_EXBF,Excl. BF,Layer 1,50.2936,3,East Asia and Pacific,Lower middle income,76.66666666666667,83.33333333333334,70.0
KHM,Cambodia,2020,NT_BW_LBW,Low Birth Weight,Layer 1,11.449,4,East Asia and Pacific,Lower middle income,76.66666666666667,83.33333333333334,70.0
KHM,Cambodia,2021,NT_CF_MAD,Min Acceptable Diet,Layer 2,42.0349,3,East Asia and Pacific,Lower middle income,76.66666666666667,83.33333333333334,70.0
KHM,Cambodia,2021,NT_CF_MDD,Min Dietary Diversity,Layer 2,48.6445,3,East Asia and Pacific,Lower middle income,76.66666666666667,83.33333333333334,70.0
KHM,Cambodia,2021,NT_CF_MMF,Min Meal Frequency,Layer 2,81.6674,3,East Asia and Pacific,Lower middle income,76.66666666666667,83.33333333333334,70.0
KIR,Kiribati,2024,IM_DTP3,DTP3 Coverage,Layer 2,94.0,0,East Asia and Pacific,Lower middle income,48.33333333333333,66.66666666666666,30.0
KIR,Kiribati,2019,MNCH_ANC4,ANC 4+ Visits,Layer 2,67.0,5,East Asia and Pacific,Lower middle income,48.33333333333333,66.66666666666666,30.0
KIR,Kiribati,2019,MNCH_SAB,Skilled Birth Attendance,Layer 2,91.9,5,East Asia and Pacific,Lower middle income,48.33333333333333,66.66666666666666,30.0
KIR,Kiribati,2023,NT_ANE_WOM_15_49_MOD,Anaemia WRA,Layer 1,26.9,1,East Asia and Pacific,Lower middle income,48.33333333333333,66.66666666666666,30.0
KIR,Kiribati,2024,NT_ANT_HAZ_NE2_MOD,Stunting,Layer 1,14.655,0,East Asia and Pacific,Lower middle income,48.33333333333333,66.66666666666666,30.0
KIR,Kiribati,2024,NT_ANT_WHZ_PO2_MOD,Overweight,Layer 1,2.1147,0,East Asia and Pacific,Lower middle income,48.33333333333333,66.66666666666666,30.0
KIR,Kiribati,2018,NT_BF_EIBF,Early BF Initiation,Layer 2,45.5991,6,East Asia and Pacific,Lower middle income,48.33333333333333,66.66666666666666,30.0
KIR,Kiribati,2018,NT_BF_EXBF,Excl. BF,Layer 1,63.5852,6,East Asia and Pacific,Lower middle income,48.33333333333333,66.66666666666666,30.0
KIR,Kiribati,2020,NT_BW_LBW,Low Birth Weight,Layer 1,9.0314,4,East Asia and Pacific,Lower middle income,48.33333333333333,66.66666666666666,30.0
KIR,Kiribati,2018,NT_CF_MAD,Min Acceptable Diet,Layer 2,8.2732,6,East Asia and Pacific,Lower middle income,48.33333333333333,66.66666666666666,30.0
KIR,Kiribati,2018,NT_CF_MDD,Min Dietary Diversity,Layer 2,9.3019,6,East Asia and Pacific,Lower middle income,48.33333333333333,66.66666666666666,30.0
KIR,Kiribati,2018,NT_CF_MMF,Min Meal Frequency,Layer 2,74.1032,6,East Asia and Pacific,Lower middle income,48.33333333333333,66.66666666666666,30.0
KNA,Saint Kitts and Nevis,2024,IM_DTP3,DTP3 Coverage,Layer 2,97.0,0,Latin America and Caribbean,High income,18.333333333333332,16.666666666666664,20.0
KNA,Saint Kitts and Nevis,2024,MNCH_SAB,Skilled Birth Attendance,Layer 2,99.4,0,Latin America and Caribbean,High income,18.333333333333332,16.666666666666664,20.0
KNA,Saint Kitts and Nevis,2023,NT_ANE_WOM_15_49_MOD,Anaemia WRA,Layer 1,19.4,1,Latin America and Caribbean,High income,18.333333333333332,16.666666666666664,20.0
KOR,Republic of Korea,2024,IM_DTP3,DTP3 Coverage,Layer 2,97.0,0,East Asia and Pacific,High income,43.33333333333333,66.66666666666666,20.0
KOR,Republic of Korea,2012,MNCH_ANC4,ANC 4+ Visits,Layer 2,96.8,12,East Asia and Pacific,High income,43.33333333333333,66.66666666666666,20.0
KOR,Republic of Korea,2024,MNCH_SAB,Skilled Birth Attendance,Layer 2,99.8,0,East Asia and Pacific,High income,43.33333333333333,66.66666666666666,20.0
KOR,Republic of Korea,2023,NT_ANE_WOM_15_49_MOD,Anaemia WRA,Layer 1,15.7,1,East Asia and Pacific,High income,43.33333333333333,66.66666666666666,20.0
KOR,Republic of Korea,2024,NT_ANT_HAZ_NE2_MOD,Stunting,Layer 1,1.8301,0,East Asia and Pacific,High income,43.33333333333333,66.66666666666666,20.0
KOR,Republic of Korea,2024,NT_ANT_WHZ_PO2_MOD,Overweight,Layer 1,5.4947,0,East Asia and Pacific,High income,43.33333333333333,66.66666666666666,20.0
KOR,Republic of Korea,2020,NT_BW_LBW,Low Birth Weight,Layer 1,7.4631,4,East Asia and Pacific,High income,43.33333333333333,66.66666666666666,20.0
KWT,Kuwait,2024,IM_DTP3,DTP3 Coverage,Layer 2,99.0,0,Middle East and North Africa,High income,43.33333333333333,66.66666666666666,20.0
KWT,Kuwait,2024,MNCH_SAB,Skilled Birth Attendance,Layer 2,100.0,0,Middle East and North Africa,High income,43.33333333333333,66.66666666666666,20.0
KWT,Kuwait,2023,NT_ANE_WOM_15_49_MOD,Anaemia WRA,Layer 1,27.7,1,Middle East and North Africa,High income,43.33333333333333,66.66666666666666,20.0
KWT,Kuwait,2024,NT_ANT_HAZ_NE2_MOD,Stunting,Layer 1,4.456,0,Middle East and North Africa,High income,43.33333333333333,66.66666666666666,20.0
KWT,Kuwait,2024,NT_ANT_WHZ_PO2_MOD,Overweight,Layer 1,10.0813,0,Middle East and North Africa,High income,43.33333333333333,66.66666666666666,20.0
KWT,Kuwait,2020,NT_BW_LBW,Low Birth Weight,Layer 1,14.366,4,Middle East and North Africa,High income,43.33333333333333,66.66666666666666,20.0
LAO,Lao People's Democratic Republic,2024,IM_DTP3,DTP3 Coverage,Layer 2,67.0,0,East Asia and Pacific,Lower middle income,66.66666666666667,83.33333333333334,50.0
LAO,Lao People's Democratic Republic,2023,MNCH_ANC4,ANC 4+ Visits,Layer 2,71.6,1,East Asia and Pacific,Lower middle income,66.66666666666667,83.33333333333334,50.0
LAO,Lao People's Democratic Republic,2023,MNCH_SAB,Skilled Birth Attendance,Layer 2,79.8,1,East Asia and Pacific,Lower middle income,66.66666666666667,83.33333333333334,50.0
LAO,Lao People's Democratic Republic,2023,NT_ANE_WOM_15_49_MOD,Anaemia WRA,Layer 1,28.6,1,East Asia and Pacific,Lower middle income,66.66666666666667,83.33333333333334,50.0
LAO,Lao People's Democratic Republic,2024,NT_ANT_HAZ_NE2_MOD,Stunting,Layer 1,29.8514,0,East Asia and Pacific,Lower middle income,66.66666666666667,83.33333333333334,50.0
LAO,Lao People's Democratic Republic,2024,NT_ANT_WHZ_PO2_MOD,Overweight,Layer 1,3.7132,0,East Asia and Pacific,Lower middle income,66.66666666666667,83.33333333333334,50.0
LAO,Lao People's Democratic Republic,2023,NT_BF_EIBF,Early BF Initiation,Layer 2,44.8747,1,East Asia and Pacific,Lower middle income,66.66666666666667,83.33333333333334,50.0
LAO,Lao People's Democratic Republic,2023,NT_BF_EXBF,Excl. BF,Layer 1,50.3193,1,East Asia and Pacific,Lower middle income,66.66666666666667,83.33333333333334,50.0
LAO,Lao People's Democratic Republic,2020,NT_BW_LBW,Low Birth Weight,Layer 1,16.7323,4,East Asia and Pacific,Lower middle income,66.66666666666667,83.33333333333334,50.0
LAO,Lao People's Democratic Republic,2017,NT_CF_MAD,Min Acceptable Diet,Layer 2,25.906,7,East Asia and Pacific,Lower middle income,66.66666666666667,83.33333333333334,50.0
LAO,Lao People's Democratic Republic,2023,NT_CF_MDD,Min Dietary Diversity,Layer 2,41.0038,1,East Asia and Pacific,Lower middle income,66.66666666666667,83.33333333333334,50.0
LAO,Lao People's Democratic Republic,2017,NT_CF_MMF,Min Meal Frequency,Layer 2,68.5912,7,East Asia and Pacific,Lower middle income,66.66666666666667,83.33333333333334,50.0
LBN,Lebanon,2024,IM_DTP3,DTP3 Coverage,Layer 2,49.0,0,Middle East and North Africa,Upper middle income,56.66666666666667,83.33333333333334,30.0
LBN,Lebanon,2004,MNCH_SAB,Skilled Birth Attendance,Layer 2,98.2,20,Middle East and North Africa,Upper middle income,56.66666666666667,83.33333333333334,30.0
LBN,Lebanon,2023,NT_ANE_WOM_15_49_MOD,Anaemia WRA,Layer 1,34.0,1,Middle East and North Africa,Upper middle income,56.66666666666667,83.33333333333334,30.0
LBN,Lebanon,2024,NT_ANT_HAZ_NE2_MOD,Stunting,Layer 1,10.0694,0,Middle East and North Africa,Upper middle income,56.66666666666667,83.33333333333334,30.0
LBN,Lebanon,2024,NT_ANT_WHZ_PO2_MOD,Overweight,Layer 1,4.5351,0,Middle East and North Africa,Upper middle income,56.66666666666667,83.33333333333334,30.0
LBN,Lebanon,2023,NT_BF_EIBF,Early BF Initiation,Layer 2,58.8,1,Middle East and North Africa,Upper middle income,56.66666666666667,83.33333333333334,30.0
LBN,Lebanon,2023,NT_BF_EXBF,Excl. BF,Layer 1,22.7,1,Middle East and North Africa,Upper middle income,56.66666666666667,83.33333333333334,30.0
LBN,Lebanon,2020,NT_BW_LBW,Low Birth Weight,Layer 1,12.5996,4,Middle East and North Africa,Upper middle income,56.66666666666667,83.33333333333334,30.0
LBN,Lebanon,2023,NT_CF_MDD,Min Dietary Diversity,Layer 2,25.8,1,Middle East and North Africa,Upper middle income,56.66666666666667,83.33333333333334,30.0
LBR,Liberia,2024,IM_DTP3,DTP3 Coverage,Layer 2,83.0,0,Sub-Saharan Africa,Low income,76.66666666666667,83.33333333333334,70.0
LBR,Liberia,2022,MNCH_ANC4,ANC 4+ Visits,Layer 2,83.8,2,Sub-Saharan Africa,Low income,76.66666666666667,83.33333333333334,70.0
LBR,Liberia,2020,MNCH_SAB,Skilled Birth Attendance,Layer 2,84.4,4,Sub-Saharan Africa,Low income,76.66666666666667,83.33333333333334,70.0
LBR,Liberia,2023,NT_ANE_WOM_15_49_MOD,Anaemia WRA,Layer 1,42.5,1,Sub-Saharan Africa,Low income,76.66666666666667,83.33333333333334,70.0
LBR,Liberia,2024,NT_ANT_HAZ_NE2_MOD,Stunting,Layer 1,26.887,0,Sub-Saharan Africa,Low income,76.66666666666667,83.33333333333334,70.0
LBR,Liberia,2024,NT_ANT_WHZ_PO2_MOD,Overweight,Layer 1,6.0982,0,Sub-Saharan Africa,Low income,76.66666666666667,83.33333333333334,70.0
LBR,Liberia,2019,NT_BF_EIBF,Early BF Initiation,Layer 2,66.485,5,Sub-Saharan Africa,Low income,76.66666666666667,83.33333333333334,70.0
LBR,Liberia,2019,NT_BF_EXBF,Excl. BF,Layer 1,55.2284,5,Sub-Saharan Africa,Low income,76.66666666666667,83.33333333333334,70.0
LBR,Liberia,2020,NT_BW_LBW,Low Birth Weight,Layer 1,19.8813,4,Sub-Saharan Africa,Low income,76.66666666666667,83.33333333333334,70.0
LBR,Liberia,2019,NT_CF_MAD,Min Acceptable Diet,Layer 2,3.1415,5,Sub-Saharan Africa,Low income,76.66666666666667,83.33333333333334,70.0
LBR,Liberia,2019,NT_CF_MDD,Min Dietary Diversity,Layer 2,8.6074,5,Sub-Saharan Africa,Low income,76.66666666666667,83.33333333333334,70.0
LBR,Liberia,2019,NT_CF_MMF,Min Meal Frequency,Layer 2,21.8293,5,Sub-Saharan Africa,Low income,76.66666666666667,83.33333333333334,70.0
LBY,Libya,2024,IM_DTP3,DTP3 Coverage,Layer 2,86.0,0,Middle East and North Africa,Upper middle income,35.0,50.0,20.0
LBY,Libya,2024,MNCH_ANC4,ANC 4+ Visits,Layer 2,79.9,0,Middle East and North Africa,Upper middle income,35.0,50.0,20.0
LBY,Libya,2013,MNCH_SAB,Skilled Birth Attendance,Layer 2,99.9,11,Middle East and North Africa,Upper middle income,35.0,50.0,20.0
LBY,Libya,2023,NT_ANE_WOM_15_49_MOD,Anaemia WRA,Layer 1,29.3,1,Middle East and North Africa,Upper middle income,35.0,50.0,20.0
LBY,Libya,2024,NT_ANT_HAZ_NE2_MOD,Stunting,Layer 1,9.1545,0,Middle East and North Africa,Upper middle income,35.0,50.0,20.0
LBY,Libya,2024,NT_ANT_WHZ_PO2_MOD,Overweight,Layer 1,4.7272,0,Middle East and North Africa,Upper middle income,35.0,50.0,20.0
LBY,Libya,2014,NT_BF_EIBF,Early BF Initiation,Layer 2,28.8,10,Middle East and North Africa,Upper middle income,35.0,50.0,20.0
LCA,Saint Lucia,2024,IM_DTP3,DTP3 Coverage,Layer 2,99.0,0,Latin America and Caribbean,Upper middle income,43.33333333333333,66.66666666666666,20.0
LCA,Saint Lucia,2012,MNCH_ANC4,ANC 4+ Visits,Layer 2,90.3,12,Latin America and Caribbean,Upper middle income,43.33333333333333,66.66666666666666,20.0
LCA,Saint Lucia,2024,MNCH_SAB,Skilled Birth Attendance,Layer 2,100.0,0,Latin America and Caribbean,Upper middle income,43.33333333333333,66.66666666666666,20.0
LCA,Saint Lucia,2023,NT_ANE_WOM_15_49_MOD,Anaemia WRA,Layer 1,19.9,1,Latin America and Caribbean,Upper middle income,43.33333333333333,66.66666666666666,20.0
LCA,Saint Lucia,2024,NT_ANT_HAZ_NE2_MOD,Stunting,Layer 1,2.7981,0,Latin America and Caribbean,Upper middle income,43.33333333333333,66.66666666666666,20.0
LCA,Saint Lucia,2024,NT_ANT_WHZ_PO2_MOD,Overweight,Layer 1,6.7593,0,Latin America and Caribbean,Upper middle income,43.33333333333333,66.66666666666666,20.0
LCA,Saint Lucia,2012,NT_BF_EIBF,Early BF Initiation,Layer 2,49.5829,12,Latin America and Caribbean,Upper middle income,43.33333333333333,66.66666666666666,20.0
LCA,Saint Lucia,2012,NT_BF_EXBF,Excl. BF,Layer 1,3.497,12,Latin America and Caribbean,Upper middle income,43.33333333333333,66.66666666666666,20.0
LCA,Saint Lucia,2020,NT_BW_LBW,Low Birth Weight,Layer 1,16.2511,4,Latin America and Caribbean,Upper middle income,43.33333333333333,66.66666666666666,20.0
LCA,Saint Lucia,2012,NT_CF_MMF,Min Meal Frequency,Layer 2,42.9957,12,Latin America and Caribbean,Upper middle income,43.33333333333333,66.66666666666666,20.0
LKA,Sri Lanka,2024,IM_DTP3,DTP3 Coverage,Layer 2,97.0,0,South Asia,Lower middle income,43.33333333333333,66.66666666666666,20.0
LKA,Sri Lanka,2007,MNCH_ANC4,ANC 4+ Visits,Layer 2,92.5,17,South Asia,Lower middle income,43.33333333333333,66.66666666666666,20.0
LKA,Sri Lanka,2016,MNCH_SAB,Skilled Birth Attendance,Layer 2,99.5,8,South Asia,Lower middle income,43.33333333333333,66.66666666666666,20.0
LKA,Sri Lanka,2023,NT_ANE_WOM_15_49_MOD,Anaemia WRA,Layer 1,20.9,1,South Asia,Lower middle income,43.33333333333333,66.66666666666666,20.0
LKA,Sri Lanka,2024,NT_ANT_HAZ_NE2_MOD,Stunting,Layer 1,10.092,0,South Asia,Lower middle income,43.33333333333333,66.66666666666666,20.0
LKA,Sri Lanka,2024,NT_ANT_WHZ_PO2_MOD,Overweight,Layer 1,0.9076,0,South Asia,Lower middle income,43.33333333333333,66.66666666666666,20.0
LKA,Sri Lanka,2022,NT_BF_EIBF,Early BF Initiation,Layer 2,90.7,2,South Asia,Lower middle income,43.33333333333333,66.66666666666666,20.0
LKA,Sri Lanka,2016,NT_BF_EXBF,Excl. BF,Layer 1,80.9288,8,South Asia,Lower middle income,43.33333333333333,66.66666666666666,20.0
LKA,Sri Lanka,2020,NT_BW_LBW,Low Birth Weight,Layer 1,17.9783,4,South Asia,Lower middle income,43.33333333333333,66.66666666666666,20.0
LKA,Sri Lanka,2016,NT_CF_MDD,Min Dietary Diversity,Layer 2,78.4447,8,South Asia,Lower middle income,43.33333333333333,66.66666666666666,20.0
LSO,Lesotho,2024,IM_DTP3,DTP3 Coverage,Layer 2,86.0,0,Sub-Saharan Africa,Lower middle income,76.66666666666667,83.33333333333334,70.0
LSO,Lesotho,2024,MNCH_ANC4,ANC 4+ Visits,Layer 2,81.9,0,Sub-Saharan Africa,Lower middle income,76.66666666666667,83.33333333333334,70.0
LSO,Lesotho,2024,MNCH_SAB,Skilled Birth Attendance,Layer 2,88.8,0,Sub-Saharan Africa,Lower middle income,76.66666666666667,83.33333333333334,70.0
LSO,Lesotho,2023,NT_ANE_WOM_15_49_MOD,Anaemia WRA,Layer 1,34.2,1,Sub-Saharan Africa,Lower middle income,76.66666666666667,83.33333333333334,70.0
LSO,Lesotho,2024,NT_ANT_HAZ_NE2_MOD,Stunting,Layer 1,34.9908,0,Sub-Saharan Africa,Lower middle income,76.66666666666667,83.33333333333334,70.0
LSO,Lesotho,2024,NT_ANT_WHZ_PO2_MOD,Overweight,Layer 1,7.5115,0,Sub-Saharan Africa,Lower middle income,76.66666666666667,83.33333333333334,70.0
LSO,Lesotho,2024,NT_BF_EIBF,Early BF Initiation,Layer 2,67.1393,0,Sub-Saharan Africa,Lower middle income,76.66666666666667,83.33333333333334,70.0
LSO,Lesotho,2024,NT_BF_EXBF,Excl. BF,Layer 1,60.7438,0,Sub-Saharan Africa,Lower middle income,76.66666666666667,83.33333333333334,70.0
LSO,Lesotho,2020,NT_BW_LBW,Low Birth Weight,Layer 1,14.4474,4,Sub-Saharan Africa,Lower middle income,76.66666666666667,83.33333333333334,70.0
LSO,Lesotho,2024,NT_CF_MAD,Min Acceptable Diet,Layer 2,8.4973,0,Sub-Saharan Africa,Lower middle income,76.66666666666667,83.33333333333334,70.0
LSO,Lesotho,2024,NT_CF_MDD,Min Dietary Diversity,Layer 2,14.9936,0,Sub-Saharan Africa,Lower middle income,76.66666666666667,83.33333333333334,70.0
LSO,Lesotho,2024,NT_CF_MMF,Min Meal Frequency,Layer 2,58.3699,0,Sub-Saharan Africa,Lower middle income,76.66666666666667,83.33333333333334,70.0
LTU,Lithuania,2024,IM_DTP3,DTP3 Coverage,Layer 2,89.0,0,Europe and Central Asia,High income,43.33333333333333,66.66666666666666,20.0
LTU,Lithuania,2024,MNCH_SAB,Skilled Birth Attendance,Layer 2,100.0,0,Europe and Central Asia,High income,43.33333333333333,66.66666666666666,20.0
LTU,Lithuania,2023,NT_ANE_WOM_15_49_MOD,Anaemia WRA,Layer 1,23.7,1,Europe and Central Asia,High income,43.33333333333333,66.66666666666666,20.0
LTU,Lithuania,2024,NT_ANT_HAZ_NE2_MOD,Stunting,Layer 1,1.5518,0,Europe and Central Asia,High income,43.33333333333333,66.66666666666666,20.0
LTU,Lithuania,2024,NT_ANT_WHZ_PO2_MOD,Overweight,Layer 1,4.5955,0,Europe and Central Asia,High income,43.33333333333333,66.66666666666666,20.0
LTU,Lithuania,2020,NT_BW_LBW,Low Birth Weight,Layer 1,4.3979,4,Europe and Central Asia,High income,43.33333333333333,66.66666666666666,20.0
LUX,Luxembourg,2024,IM_DTP3,DTP3 Coverage,Layer 2,99.0,0,Europe and Central Asia,High income,26.666666666666664,33.33333333333333,20.0
LUX,Luxembourg,2011,MNCH_ANC4,ANC 4+ Visits,Layer 2,97.3,13,Europe and Central Asia,High income,26.666666666666664,33.33333333333333,20.0
LUX,Luxembourg,2019,MNCH_SAB,Skilled Birth Attendance,Layer 2,99.8,5,Europe and Central Asia,High income,26.666666666666664,33.33333333333333,20.0
LUX,Luxembourg,2023,NT_ANE_WOM_15_49_MOD,Anaemia WRA,Layer 1,15.4,1,Europe and Central Asia,High income,26.666666666666664,33.33333333333333,20.0
LUX,Luxembourg,2020,NT_BW_LBW,Low Birth Weight,Layer 1,7.7499,4,Europe and Central Asia,High income,26.666666666666664,33.33333333333333,20.0
LVA,Latvia,2024,IM_DTP3,DTP3 Coverage,Layer 2,97.0,0,Europe and Central Asia,High income,43.33333333333333,66.66666666666666,20.0
LVA,Latvia,2024,MNCH_SAB,Skilled Birth Attendance,Layer 2,98.5,0,Europe and Central Asia,High income,43.33333333333333,66.66666666666666,20.0
LVA,Latvia,2023,NT_ANE_WOM_15_49_MOD,Anaemia WRA,Layer 1,21.4,1,Europe and Central Asia,High income,43.33333333333333,66.66666666666666,20.0
LVA,Latvia,2024,NT_ANT_HAZ_NE2_MOD,Stunting,Layer 1,1.6717,0,Europe and Central Asia,High income,43.33333333333333,66.66666666666666,20.0
LVA,Latvia,2024,NT_ANT_WHZ_PO2_MOD,Overweight,Layer 1,6.6324,0,Europe and Central Asia,High income,43.33333333333333,66.66666666666666,20.0
LVA,Latvia,2020,NT_BW_LBW,Low Birth Weight,Layer 1,4.2326,4,Europe and Central Asia,High income,43.33333333333333,66.66666666666666,20.0
MAR,Morocco,2024,IM_DTP3,DTP3 Coverage,Layer 2,96.0,0,Middle East and North Africa,Lower middle income,38.33333333333333,66.66666666666666,10.0
MAR,Morocco,2018,MNCH_ANC4,ANC 4+ Visits,Layer 2,53.5,6,Middle East and North Africa,Lower middle income,38.33333333333333,66.66666666666666,10.0
MAR,Morocco,2018,MNCH_SAB,Skilled Birth Attendance,Layer 2,86.6,6,Middle East and North Africa,Lower middle income,38.33333333333333,66.66666666666666,10.0
MAR,Morocco,2023,NT_ANE_WOM_15_49_MOD,Anaemia WRA,Layer 1,29.5,1,Middle East and North Africa,Lower middle income,38.33333333333333,66.66666666666666,10.0
MAR,Morocco,2024,NT_ANT_HAZ_NE2_MOD,Stunting,Layer 1,13.6869,0,Middle East and North Africa,Lower middle income,38.33333333333333,66.66666666666666,10.0
MAR,Morocco,2024,NT_ANT_WHZ_PO2_MOD,Overweight,Layer 1,11.1755,0,Middle East and North Africa,Lower middle income,38.33333333333333,66.66666666666666,10.0
MAR,Morocco,2017,NT_BF_EIBF,Early BF Initiation,Layer 2,42.6,7,Middle East and North Africa,Lower middle income,38.33333333333333,66.66666666666666,10.0
MAR,Morocco,2017,NT_BF_EXBF,Excl. BF,Layer 1,35.0,7,Middle East and North Africa,Lower middle income,38.33333333333333,66.66666666666666,10.0
MAR,Morocco,2020,NT_BW_LBW,Low Birth Weight,Layer 1,14.7665,4,Middle East and North Africa,Lower middle income,38.33333333333333,66.66666666666666,10.0
MCO,Monaco,2024,IM_DTP3,DTP3 Coverage,Layer 2,99.0,0,,,21.666666666666664,33.33333333333333,10.0
MCO,Monaco,2023,NT_ANE_WOM_15_49_MOD,Anaemia WRA,Layer 1,15.9,1,,,21.666666666666664,33.33333333333333,10.0
MCO,Monaco,2020,NT_BW_LBW,Low Birth Weight,Layer 1,6.8246,4,,,21.666666666666664,33.33333333333333,10.0
MDA,Republic of Moldova,2024,IM_DTP3,DTP3 Coverage,Layer 2,86.0,0,Europe and Central Asia,Lower middle income,43.33333333333333,66.66666666666666,20.0
MDA,Republic of Moldova,2012,MNCH_ANC4,ANC 4+ Visits,Layer 2,95.4,12,Europe and Central Asia,Lower middle income,43.33333333333333,66.66666666666666,20.0
MDA,Republic of Moldova,2024,MNCH_SAB,Skilled Birth Attendance,Layer 2,99.6,0,Europe and Central Asia,Lower middle income,43.33333333333333,66.66666666666666,20.0
MDA,Republic of Moldova,2023,NT_ANE_WOM_15_49_MOD,Anaemia WRA,Layer 1,28.5,1,Europe and Central Asia,Lower middle income,43.33333333333333,66.66666666666666,20.0
MDA,Republic of Moldova,2024,NT_ANT_HAZ_NE2_MOD,Stunting,Layer 1,4.2028,0,Europe and Central Asia,Lower middle income,43.33333333333333,66.66666666666666,20.0
MDA,Republic of Moldova,2024,NT_ANT_WHZ_PO2_MOD,Overweight,Layer 1,4.0635,0,Europe and Central Asia,Lower middle income,43.33333333333333,66.66666666666666,20.0
MDA,Republic of Moldova,2012,NT_BF_EIBF,Early BF Initiation,Layer 2,60.9195,12,Europe and Central Asia,Lower middle income,43.33333333333333,66.66666666666666,20.0
MDA,Republic of Moldova,2012,NT_BF_EXBF,Excl. BF,Layer 1,36.3703,12,Europe and Central Asia,Lower middle income,43.33333333333333,66.66666666666666,20.0
MDA,Republic of Moldova,2020,NT_BW_LBW,Low Birth Weight,Layer 1,6.4705,4,Europe and Central Asia,Lower middle income,43.33333333333333,66.66666666666666,20.0
MDA,Republic of Moldova,2005,NT_CF_MDD,Min Dietary Diversity,Layer 2,69.7046,19,Europe and Central Asia,Lower middle income,43.33333333333333,66.66666666666666,20.0
MDA,Republic of Moldova,2012,NT_CF_MMF,Min Meal Frequency,Layer 2,46.0767,12,Europe and Central Asia,Lower middle income,43.33333333333333,66.66666666666666,20.0
MDG,Madagascar,2024,IM_DTP3,DTP3 Coverage,Layer 2,60.0,0,Sub-Saharan Africa,Low income,76.66666666666667,83.33333333333334,70.0
MDG,Madagascar,2021,MNCH_ANC4,ANC 4+ Visits,Layer 2,59.9,3,Sub-Saharan Africa,Low income,76.66666666666667,83.33333333333334,70.0
MDG,Madagascar,2021,MNCH_SAB,Skilled Birth Attendance,Layer 2,45.8,3,Sub-Saharan Africa,Low income,76.66666666666667,83.33333333333334,70.0
MDG,Madagascar,2023,NT_ANE_WOM_15_49_MOD,Anaemia WRA,Layer 1,37.2,1,Sub-Saharan Africa,Low income,76.66666666666667,83.33333333333334,70.0
MDG,Madagascar,2024,NT_ANT_HAZ_NE2_MOD,Stunting,Layer 1,38.3883,0,Sub-Saharan Africa,Low income,76.66666666666667,83.33333333333334,70.0
MDG,Madagascar,2024,NT_ANT_WHZ_PO2_MOD,Overweight,Layer 1,2.3351,0,Sub-Saharan Africa,Low income,76.66666666666667,83.33333333333334,70.0
MDG,Madagascar,2024,NT_BF_EIBF,Early BF Initiation,Layer 2,66.1,0,Sub-Saharan Africa,Low income,76.66666666666667,83.33333333333334,70.0
MDG,Madagascar,2021,NT_BF_EXBF,Excl. BF,Layer 1,54.4131,3,Sub-Saharan Africa,Low income,76.66666666666667,83.33333333333334,70.0
MDG,Madagascar,2020,NT_BW_LBW,Low Birth Weight,Layer 1,18.7121,4,Sub-Saharan Africa,Low income,76.66666666666667,83.33333333333334,70.0
MDG,Madagascar,2024,NT_CF_MAD,Min Acceptable Diet,Layer 2,14.9,0,Sub-Saharan Africa,Low income,76.66666666666667,83.33333333333334,70.0
MDG,Madagascar,2024,NT_CF_MDD,Min Dietary Diversity,Layer 2,21.1,0,Sub-Saharan Africa,Low income,76.66666666666667,83.33333333333334,70.0
MDG,Madagascar,2024,NT_CF_MMF,Min Meal Frequency,Layer 2,69.2,0,Sub-Saharan Africa,Low income,76.66666666666667,83.33333333333334,70.0
MDV,Maldives,2024,IM_DTP3,DTP3 Coverage,Layer 2,99.0,0,South Asia,Upper middle income,43.33333333333333,66.66666666666666,20.0
MDV,Maldives,2017,MNCH_ANC4,ANC 4+ Visits,Layer 2,81.6,7,South Asia,Upper middle income,43.33333333333333,66.66666666666666,20.0
MDV,Maldives,2021,MNCH_SAB,Skilled Birth Attendance,Layer 2,99.9,3,South Asia,Upper middle income,43.33333333333333,66.66666666666666,20.0
MDV,Maldives,2023,NT_ANE_WOM_15_49_MOD,Anaemia WRA,Layer 1,43.4,1,South Asia,Upper middle income,43.33333333333333,66.66666666666666,20.0
MDV,Maldives,2024,NT_ANT_HAZ_NE2_MOD,Stunting,Layer 1,14.1944,0,South Asia,Upper middle income,43.33333333333333,66.66666666666666,20.0
MDV,Maldives,2024,NT_ANT_WHZ_PO2_MOD,Overweight,Layer 1,3.0498,0,South Asia,Upper middle income,43.33333333333333,66.66666666666666,20.0
MDV,Maldives,2017,NT_BF_EIBF,Early BF Initiation,Layer 2,66.463,7,South Asia,Upper middle income,43.33333333333333,66.66666666666666,20.0
MDV,Maldives,2017,NT_BF_EXBF,Excl. BF,Layer 1,63.0329,7,South Asia,Upper middle income,43.33333333333333,66.66666666666666,20.0
MDV,Maldives,2020,NT_BW_LBW,Low Birth Weight,Layer 1,13.7183,4,South Asia,Upper middle income,43.33333333333333,66.66666666666666,20.0
MDV,Maldives,2017,NT_CF_MAD,Min Acceptable Diet,Layer 2,49.9955,7,South Asia,Upper middle income,43.33333333333333,66.66666666666666,20.0
MDV,Maldives,2017,NT_CF_MDD,Min Dietary Diversity,Layer 2,71.3791,7,South Asia,Upper middle income,43.33333333333333,66.66666666666666,20.0
MDV,Maldives,2017,NT_CF_MMF,Min Meal Frequency,Layer 2,68.1684,7,South Asia,Upper middle income,43.33333333333333,66.66666666666666,20.0
MEX,Mexico,2024,IM_DTP3,DTP3 Coverage,Layer 2,78.0,0,Latin America and Caribbean,Upper middle income,61.66666666666667,83.33333333333334,40.0
MEX,Mexico,2015,MNCH_ANC4,ANC 4+ Visits,Layer 2,94.3,9,Latin America and Caribbean,Upper middle income,61.66666666666667,83.33333333333334,40.0
MEX,Mexico,2022,MNCH_SAB,Skilled Birth Attendance,Layer 2,87.5,2,Latin America and Caribbean,Upper middle income,61.66666666666667,83.33333333333334,40.0
MEX,Mexico,2023,NT_ANE_WOM_15_49_MOD,Anaemia WRA,Layer 1,13.2,1,Latin America and Caribbean,Upper middle income,61.66666666666667,83.33333333333334,40.0
MEX,Mexico,2024,NT_ANT_HAZ_NE2_MOD,Stunting,Layer 1,13.0646,0,Latin America and Caribbean,Upper middle income,61.66666666666667,83.33333333333334,40.0
MEX,Mexico,2024,NT_ANT_WHZ_PO2_MOD,Overweight,Layer 1,7.4357,0,Latin America and Caribbean,Upper middle income,61.66666666666667,83.33333333333334,40.0
MEX,Mexico,2023,NT_BF_EIBF,Early BF Initiation,Layer 2,62.5123,1,Latin America and Caribbean,Upper middle income,61.66666666666667,83.33333333333334,40.0
MEX,Mexico,2023,NT_BF_EXBF,Excl. BF,Layer 1,34.9976,1,Latin America and Caribbean,Upper middle income,61.66666666666667,83.33333333333334,40.0
MEX,Mexico,2020,NT_BW_LBW,Low Birth Weight,Layer 1,10.1538,4,Latin America and Caribbean,Upper middle income,61.66666666666667,83.33333333333334,40.0
MEX,Mexico,2015,NT_CF_MAD,Min Acceptable Diet,Layer 2,47.97,9,Latin America and Caribbean,Upper middle income,61.66666666666667,83.33333333333334,40.0
MEX,Mexico,2015,NT_CF_MDD,Min Dietary Diversity,Layer 2,59.4437,9,Latin America and Caribbean,Upper middle income,61.66666666666667,83.33333333333334,40.0
MEX,Mexico,2023,NT_CF_MMF,Min Meal Frequency,Layer 2,75.2357,1,Latin America and Caribbean,Upper middle income,61.66666666666667,83.33333333333334,40.0
MHL,Marshall Islands,2024,IM_DTP3,DTP3 Coverage,Layer 2,85.0,0,East Asia and Pacific,Upper middle income,30.0,50.0,10.0
MHL,Marshall Islands,2007,MNCH_ANC4,ANC 4+ Visits,Layer 2,77.1,17,East Asia and Pacific,Upper middle income,30.0,50.0,10.0
MHL,Marshall Islands,2017,MNCH_SAB,Skilled Birth Attendance,Layer 2,92.4,7,East Asia and Pacific,Upper middle income,30.0,50.0,10.0
MHL,Marshall Islands,2023,NT_ANE_WOM_15_49_MOD,Anaemia WRA,Layer 1,23.5,1,East Asia and Pacific,Upper middle income,30.0,50.0,10.0
MHL,Marshall Islands,2024,NT_ANT_HAZ_NE2_MOD,Stunting,Layer 1,29.9566,0,East Asia and Pacific,Upper middle income,30.0,50.0,10.0
MHL,Marshall Islands,2024,NT_ANT_WHZ_PO2_MOD,Overweight,Layer 1,4.6007,0,East Asia and Pacific,Upper middle income,30.0,50.0,10.0
MHL,Marshall Islands,2017,NT_BF_EIBF,Early BF Initiation,Layer 2,60.8,7,East Asia and Pacific,Upper middle income,30.0,50.0,10.0
MHL,Marshall Islands,2017,NT_BF_EXBF,Excl. BF,Layer 1,43.1171,7,East Asia and Pacific,Upper middle income,30.0,50.0,10.0
MHL,Marshall Islands,2017,NT_CF_MAD,Min Acceptable Diet,Layer 2,14.7558,7,East Asia and Pacific,Upper middle income,30.0,50.0,10.0
MHL,Marshall Islands,2017,NT_CF_MDD,Min Dietary Diversity,Layer 2,34.1445,7,East Asia and Pacific,Upper middle income,30.0,50.0,10.0
MHL,Marshall Islands,2017,NT_CF_MMF,Min Meal Frequency,Layer 2,49.6807,7,East Asia and Pacific,Upper middle income,30.0,50.0,10.0
MKD,North Macedonia,2024,IM_DTP3,DTP3 Coverage,Layer 2,89.0,0,Europe and Central Asia,Upper middle income,76.66666666666667,83.33333333333334,70.0
MKD,North Macedonia,2019,MNCH_ANC4,ANC 4+ Visits,Layer 2,95.7,5,Europe and Central Asia,Upper middle income,76.66666666666667,83.33333333333334,70.0
MKD,North Macedonia,2023,MNCH_SAB,Skilled Birth Attendance,Layer 2,100.0,1,Europe and Central Asia,Upper middle income,76.66666666666667,83.33333333333334,70.0
MKD,North Macedonia,2023,NT_ANE_WOM_15_49_MOD,Anaemia WRA,Layer 1,21.5,1,Europe and Central Asia,Upper middle income,76.66666666666667,83.33333333333334,70.0
MKD,North Macedonia,2024,NT_ANT_HAZ_NE2_MOD,Stunting,Layer 1,3.7789,0,Europe and Central Asia,Upper middle income,76.66666666666667,83.33333333333334,70.0
MKD,North Macedonia,2024,NT_ANT_WHZ_PO2_MOD,Overweight,Layer 1,12.2665,0,Europe and Central Asia,Upper middle income,76.66666666666667,83.33333333333334,70.0
MKD,North Macedonia,2019,NT_BF_EIBF,Early BF Initiation,Layer 2,9.5046,5,Europe and Central Asia,Upper middle income,76.66666666666667,83.33333333333334,70.0
MKD,North Macedonia,2019,NT_BF_EXBF,Excl. BF,Layer 1,27.519,5,Europe and Central Asia,Upper middle income,76.66666666666667,83.33333333333334,70.0
MKD,North Macedonia,2020,NT_BW_LBW,Low Birth Weight,Layer 1,8.2921,4,Europe and Central Asia,Upper middle income,76.66666666666667,83.33333333333334,70.0
MKD,North Macedonia,2019,NT_CF_MAD,Min Acceptable Diet,Layer 2,42.8593,5,Europe and Central Asia,Upper middle income,76.66666666666667,83.33333333333334,70.0
MKD,North Macedonia,2019,NT_CF_MDD,Min Dietary Diversity,Layer 2,54.1924,5,Europe and Central Asia,Upper middle income,76.66666666666667,83.33333333333334,70.0
MKD,North Macedonia,2019,NT_CF_MMF,Min Meal Frequency,Layer 2,79.719,5,Europe and Central Asia,Upper middle income,76.66666666666667,83.33333333333334,70.0
MLI,Mali,2024,IM_DTP3,DTP3 Coverage,Layer 2,82.0,0,Sub-Saharan Africa,Low income,68.33333333333333,66.66666666666666,70.0
MLI,Mali,2024,MNCH_ANC4,ANC 4+ Visits,Layer 2,51.3,0,Sub-Saharan Africa,Low income,68.33333333333333,66.66666666666666,70.0
MLI,Mali,2024,MNCH_SAB,Skilled Birth Attendance,Layer 2,65.5,0,Sub-Saharan Africa,Low income,68.33333333333333,66.66666666666666,70.0
MLI,Mali,2023,NT_ANE_WOM_15_49_MOD,Anaemia WRA,Layer 1,56.5,1,Sub-Saharan Africa,Low income,68.33333333333333,66.66666666666666,70.0
MLI,Mali,2024,NT_ANT_HAZ_NE2_MOD,Stunting,Layer 1,23.229,0,Sub-Saharan Africa,Low income,68.33333333333333,66.66666666666666,70.0
MLI,Mali,2024,NT_ANT_WHZ_PO2_MOD,Overweight,Layer 1,1.2956,0,Sub-Saharan Africa,Low income,68.33333333333333,66.66666666666666,70.0
MLI,Mali,2024,NT_BF_EIBF,Early BF Initiation,Layer 2,45.4731,0,Sub-Saharan Africa,Low income,68.33333333333333,66.66666666666666,70.0
MLI,Mali,2024,NT_BF_EXBF,Excl. BF,Layer 1,40.3986,0,Sub-Saharan Africa,Low income,68.33333333333333,66.66666666666666,70.0
MLI,Mali,2024,NT_CF_MAD,Min Acceptable Diet,Layer 2,9.2582,0,Sub-Saharan Africa,Low income,68.33333333333333,66.66666666666666,70.0
MLI,Mali,2024,NT_CF_MDD,Min Dietary Diversity,Layer 2,17.2612,0,Sub-Saharan Africa,Low income,68.33333333333333,66.66666666666666,70.0
MLI,Mali,2024,NT_CF_MMF,Min Meal Frequency,Layer 2,34.2726,0,Sub-Saharan Africa,Low income,68.33333333333333,66.66666666666666,70.0
MLT,Malta,2024,IM_DTP3,DTP3 Coverage,Layer 2,97.0,0,Europe and Central Asia,High income,43.33333333333333,66.66666666666666,20.0
MLT,Malta,2023,MNCH_SAB,Skilled Birth Attendance,Layer 2,99.8,1,Europe and Central Asia,High income,43.33333333333333,66.66666666666666,20.0
MLT,Malta,2023,NT_ANE_WOM_15_49_MOD,Anaemia WRA,Layer 1,15.7,1,Europe and Central Asia,High income,43.33333333333333,66.66666666666666,20.0
MLT,Malta,2024,NT_ANT_HAZ_NE2_MOD,Stunting,Layer 1,3.4926,0,Europe and Central Asia,High income,43.33333333333333,66.66666666666666,20.0
MLT,Malta,2024,NT_ANT_WHZ_PO2_MOD,Overweight,Layer 1,10.1399,0,Europe and Central Asia,High income,43.33333333333333,66.66666666666666,20.0
MLT,Malta,2020,NT_BW_LBW,Low Birth Weight,Layer 1,7.1841,4,Europe and Central Asia,High income,43.33333333333333,66.66666666666666,20.0
MMR,Myanmar,2024,IM_DTP3,DTP3 Coverage,Layer 2,71.0,0,East Asia and Pacific,Lower middle income,38.33333333333333,66.66666666666666,10.0
MMR,Myanmar,2016,MNCH_ANC4,ANC 4+ Visits,Layer 2,58.6,8,East Asia and Pacific,Lower middle income,38.33333333333333,66.66666666666666,10.0
MMR,Myanmar,2016,MNCH_SAB,Skilled Birth Attendance,Layer 2,60.2,8,East Asia and Pacific,Lower middle income,38.33333333333333,66.66666666666666,10.0
MMR,Myanmar,2023,NT_ANE_WOM_15_49_MOD,Anaemia WRA,Layer 1,39.7,1,East Asia and Pacific,Lower middle income,38.33333333333333,66.66666666666666,10.0
MMR,Myanmar,2024,NT_ANT_HAZ_NE2_MOD,Stunting,Layer 1,24.4791,0,East Asia and Pacific,Lower middle income,38.33333333333333,66.66666666666666,10.0
MMR,Myanmar,2024,NT_ANT_WHZ_PO2_MOD,Overweight,Layer 1,0.6229,0,East Asia and Pacific,Lower middle income,38.33333333333333,66.66666666666666,10.0
MMR,Myanmar,2016,NT_BF_EIBF,Early BF Initiation,Layer 2,66.7642,8,East Asia and Pacific,Lower middle income,38.33333333333333,66.66666666666666,10.0
MMR,Myanmar,2016,NT_BF_EXBF,Excl. BF,Layer 1,51.2379,8,East Asia and Pacific,Lower middle income,38.33333333333333,66.66666666666666,10.0
MMR,Myanmar,2020,NT_BW_LBW,Low Birth Weight,Layer 1,12.4843,4,East Asia and Pacific,Lower middle income,38.33333333333333,66.66666666666666,10.0
MMR,Myanmar,2016,NT_CF_MAD,Min Acceptable Diet,Layer 2,15.8531,8,East Asia and Pacific,Lower middle income,38.33333333333333,66.66666666666666,10.0
MMR,Myanmar,2016,NT_CF_MDD,Min Dietary Diversity,Layer 2,21.3297,8,East Asia and Pacific,Lower middle income,38.33333333333333,66.66666666666666,10.0
MMR,Myanmar,2016,NT_CF_MMF,Min Meal Frequency,Layer 2,57.4074,8,East Asia and Pacific,Lower middle income,38.33333333333333,66.66666666666666,10.0
MNE,Montenegro,2024,IM_DTP3,DTP3 Coverage,Layer 2,81.0,0,Europe and Central Asia,Upper middle income,48.33333333333333,66.66666666666666,30.0
MNE,Montenegro,2018,MNCH_ANC4,ANC 4+ Visits,Layer 2,94.2,6,Europe and Central Asia,Upper middle income,48.33333333333333,66.66666666666666,30.0
MNE,Montenegro,2018,MNCH_SAB,Skilled Birth Attendance,Layer 2,98.8,6,Europe and Central Asia,Upper middle income,48.33333333333333,66.66666666666666,30.0
MNE,Montenegro,2023,NT_ANE_WOM_15_49_MOD,Anaemia WRA,Layer 1,25.8,1,Europe and Central Asia,Upper middle income,48.33333333333333,66.66666666666666,30.0
MNE,Montenegro,2024,NT_ANT_HAZ_NE2_MOD,Stunting,Layer 1,7.9979,0,Europe and Central Asia,Upper middle income,48.33333333333333,66.66666666666666,30.0
MNE,Montenegro,2024,NT_ANT_WHZ_PO2_MOD,Overweight,Layer 1,8.6033,0,Europe and Central Asia,Upper middle income,48.33333333333333,66.66666666666666,30.0
MNE,Montenegro,2022,NT_BF_EIBF,Early BF Initiation,Layer 2,45.4,2,Europe and Central Asia,Upper middle income,48.33333333333333,66.66666666666666,30.0
MNE,Montenegro,2018,NT_BF_EXBF,Excl. BF,Layer 1,19.5167,6,Europe and Central Asia,Upper middle income,48.33333333333333,66.66666666666666,30.0
MNE,Montenegro,2020,NT_BW_LBW,Low Birth Weight,Layer 1,6.232,4,Europe and Central Asia,Upper middle income,48.33333333333333,66.66666666666666,30.0
MNE,Montenegro,2018,NT_CF_MAD,Min Acceptable Diet,Layer 2,47.5133,6,Europe and Central Asia,Upper middle income,48.33333333333333,66.66666666666666,30.0
MNE,Montenegro,2018,NT_CF_MDD,Min Dietary Diversity,Layer 2,66.0231,6,Europe and Central Asia,Upper middle income,48.33333333333333,66.66666666666666,30.0
MNE,Montenegro,2022,NT_CF_MMF,Min Meal Frequency,Layer 2,87.3,2,Europe and Central Asia,Upper middle income,48.33333333333333,66.66666666666666,30.0
MNG,Mongolia,2024,IM_DTP3,DTP3 Coverage,Layer 2,96.0,0,East Asia and Pacific,Lower middle income,66.66666666666667,83.33333333333334,50.0
MNG,Mongolia,2023,MNCH_ANC4,ANC 4+ Visits,Layer 2,93.6,1,East Asia and Pacific,Lower middle income,66.66666666666667,83.33333333333334,50.0
MNG,Mongolia,2023,MNCH_SAB,Skilled Birth Attendance,Layer 2,100.0,1,East Asia and Pacific,Lower middle income,66.66666666666667,83.33333333333334,50.0
MNG,Mongolia,2023,NT_ANE_WOM_15_49_MOD,Anaemia WRA,Layer 1,19.1,1,East Asia and Pacific,Lower middle income,66.66666666666667,83.33333333333334,50.0
MNG,Mongolia,2024,NT_ANT_HAZ_NE2_MOD,Stunting,Layer 1,7.0533,0,East Asia and Pacific,Lower middle income,66.66666666666667,83.33333333333334,50.0
MNG,Mongolia,2024,NT_ANT_WHZ_PO2_MOD,Overweight,Layer 1,12.2926,0,East Asia and Pacific,Lower middle income,66.66666666666667,83.33333333333334,50.0
MNG,Mongolia,2023,NT_BF_EIBF,Early BF Initiation,Layer 2,71.9,1,East Asia and Pacific,Lower middle income,66.66666666666667,83.33333333333334,50.0
MNG,Mongolia,2023,NT_BF_EXBF,Excl. BF,Layer 1,51.1,1,East Asia and Pacific,Lower middle income,66.66666666666667,83.33333333333334,50.0
MNG,Mongolia,2020,NT_BW_LBW,Low Birth Weight,Layer 1,4.8965,4,East Asia and Pacific,Lower middle income,66.66666666666667,83.33333333333334,50.0
MNG,Mongolia,2018,NT_CF_MAD,Min Acceptable Diet,Layer 2,27.8667,6,East Asia and Pacific,Lower middle income,66.66666666666667,83.33333333333334,50.0
MNG,Mongolia,2023,NT_CF_MDD,Min Dietary Diversity,Layer 2,45.2,1,East Asia and Pacific,Lower middle income,66.66666666666667,83.33333333333334,50.0
MNG,Mongolia,2018,NT_CF_MMF,Min Meal Frequency,Layer 2,65.565,6,East Asia and Pacific,Lower middle income,66.66666666666667,83.33333333333334,50.0
MOZ,Mozambique,2024,IM_DTP3,DTP3 Coverage,Layer 2,70.0,0,Sub-Saharan Africa,Low income,76.66666666666667,83.33333333333334,70.0
MOZ,Mozambique,2023,MNCH_ANC4,ANC 4+ Visits,Layer 2,48.6,1,Sub-Saharan Africa,Low income,76.66666666666667,83.33333333333334,70.0
MOZ,Mozambique,2023,MNCH_SAB,Skilled Birth Attendance,Layer 2,67.5,1,Sub-Saharan Africa,Low income,76.66666666666667,83.33333333333334,70.0
MOZ,Mozambique,2023,NT_ANE_WOM_15_49_MOD,Anaemia WRA,Layer 1,47.0,1,Sub-Saharan Africa,Low income,76.66666666666667,83.33333333333334,70.0
MOZ,Mozambique,2024,NT_ANT_HAZ_NE2_MOD,Stunting,Layer 1,37.022,0,Sub-Saharan Africa,Low income,76.66666666666667,83.33333333333334,70.0
MOZ,Mozambique,2024,NT_ANT_WHZ_PO2_MOD,Overweight,Layer 1,4.4273,0,Sub-Saharan Africa,Low income,76.66666666666667,83.33333333333334,70.0
MOZ,Mozambique,2022,NT_BF_EIBF,Early BF Initiation,Layer 2,77.0969,2,Sub-Saharan Africa,Low income,76.66666666666667,83.33333333333334,70.0
MOZ,Mozambique,2022,NT_BF_EXBF,Excl. BF,Layer 1,55.5006,2,Sub-Saharan Africa,Low income,76.66666666666667,83.33333333333334,70.0
MOZ,Mozambique,2020,NT_BW_LBW,Low Birth Weight,Layer 1,17.7602,4,Sub-Saharan Africa,Low income,76.66666666666667,83.33333333333334,70.0
MOZ,Mozambique,2022,NT_CF_MAD,Min Acceptable Diet,Layer 2,4.4213,2,Sub-Saharan Africa,Low income,76.66666666666667,83.33333333333334,70.0
MOZ,Mozambique,2022,NT_CF_MDD,Min Dietary Diversity,Layer 2,14.389,2,Sub-Saharan Africa,Low income,76.66666666666667,83.33333333333334,70.0
MOZ,Mozambique,2022,NT_CF_MMF,Min Meal Frequency,Layer 2,26.4129,2,Sub-Saharan Africa,Low income,76.66666666666667,83.33333333333334,70.0
MRT,Mauritania,2024,IM_DTP3,DTP3 Coverage,Layer 2,86.0,0,Sub-Saharan Africa,Lower middle income,68.33333333333333,66.66666666666666,70.0
MRT,Mauritania,2021,MNCH_ANC4,ANC 4+ Visits,Layer 2,38.5,3,Sub-Saharan Africa,Lower middle income,68.33333333333333,66.66666666666666,70.0
MRT,Mauritania,2021,MNCH_SAB,Skilled Birth Attendance,Layer 2,70.4,3,Sub-Saharan Africa,Lower middle income,68.33333333333333,66.66666666666666,70.0
MRT,Mauritania,2023,NT_ANE_WOM_15_49_MOD,Anaemia WRA,Layer 1,54.5,1,Sub-Saharan Africa,Lower middle income,68.33333333333333,66.66666666666666,70.0
MRT,Mauritania,2024,NT_ANT_HAZ_NE2_MOD,Stunting,Layer 1,21.485,0,Sub-Saharan Africa,Lower middle income,68.33333333333333,66.66666666666666,70.0
MRT,Mauritania,2024,NT_ANT_WHZ_PO2_MOD,Overweight,Layer 1,1.6147,0,Sub-Saharan Africa,Lower middle income,68.33333333333333,66.66666666666666,70.0
MRT,Mauritania,2020,NT_BF_EIBF,Early BF Initiation,Layer 2,55.5353,4,Sub-Saharan Africa,Lower middle income,68.33333333333333,66.66666666666666,70.0
MRT,Mauritania,2020,NT_BF_EXBF,Excl. BF,Layer 1,40.8994,4,Sub-Saharan Africa,Lower middle income,68.33333333333333,66.66666666666666,70.0
MRT,Mauritania,2020,NT_CF_MAD,Min Acceptable Diet,Layer 2,8.0893,4,Sub-Saharan Africa,Lower middle income,68.33333333333333,66.66666666666666,70.0
MRT,Mauritania,2020,NT_CF_MDD,Min Dietary Diversity,Layer 2,19.9632,4,Sub-Saharan Africa,Lower middle income,68.33333333333333,66.66666666666666,70.0
MRT,Mauritania,2020,NT_CF_MMF,Min Meal Frequency,Layer 2,22.7971,4,Sub-Saharan Africa,Lower middle income,68.33333333333333,66.66666666666666,70.0
MSR,Montserrat,2023,MNCH_SAB,Skilled Birth Attendance,Layer 2,100.0,1,,,5.0,0.0,10.0
MUS,Mauritius,2024,IM_DTP3,DTP3 Coverage,Layer 2,93.0,0,Sub-Saharan Africa,Upper middle income,43.33333333333333,66.66666666666666,20.0
MUS,Mauritius,2023,MNCH_SAB,Skilled Birth Attendance,Layer 2,99.8,1,Sub-Saharan Africa,Upper middle income,43.33333333333333,66.66666666666666,20.0
MUS,Mauritius,2023,NT_ANE_WOM_15_49_MOD,Anaemia WRA,Layer 1,32.8,1,Sub-Saharan Africa,Upper middle income,43.33333333333333,66.66666666666666,20.0
MUS,Mauritius,2024,NT_ANT_HAZ_NE2_MOD,Stunting,Layer 1,7.7905,0,Sub-Saharan Africa,Upper middle income,43.33333333333333,66.66666666666666,20.0
MUS,Mauritius,2024,NT_ANT_WHZ_PO2_MOD,Overweight,Layer 1,4.7672,0,Sub-Saharan Africa,Upper middle income,43.33333333333333,66.66666666666666,20.0
MUS,Mauritius,2020,NT_BW_LBW,Low Birth Weight,Layer 1,18.6944,4,Sub-Saharan Africa,Upper middle income,43.33333333333333,66.66666666666666,20.0
MWI,Malawi,2024,IM_DTP3,DTP3 Coverage,Layer 2,91.0,0,Sub-Saharan Africa,Low income,76.66666666666667,83.33333333333334,70.0
MWI,Malawi,2024,MNCH_ANC4,ANC 4+ Visits,Layer 2,62.4,0,Sub-Saharan Africa,Low income,76.66666666666667,83.33333333333334,70.0
MWI,Malawi,2024,MNCH_SAB,Skilled Birth Attendance,Layer 2,96.3,0,Sub-Saharan Africa,Low income,76.66666666666667,83.33333333333334,70.0
MWI,Malawi,2023,NT_ANE_WOM_15_49_MOD,Anaemia WRA,Layer 1,32.4,1,Sub-Saharan Africa,Low income,76.66666666666667,83.33333333333334,70.0
MWI,Malawi,2024,NT_ANT_HAZ_NE2_MOD,Stunting,Layer 1,33.155,0,Sub-Saharan Africa,Low income,76.66666666666667,83.33333333333334,70.0
MWI,Malawi,2024,NT_ANT_WHZ_PO2_MOD,Overweight,Layer 1,4.4442,0,Sub-Saharan Africa,Low income,76.66666666666667,83.33333333333334,70.0
MWI,Malawi,2020,NT_BF_EIBF,Early BF Initiation,Layer 2,60.3429,4,Sub-Saharan Africa,Low income,76.66666666666667,83.33333333333334,70.0
MWI,Malawi,2020,NT_BF_EXBF,Excl. BF,Layer 1,64.0525,4,Sub-Saharan Africa,Low income,76.66666666666667,83.33333333333334,70.0
MWI,Malawi,2020,NT_BW_LBW,Low Birth Weight,Layer 1,15.5764,4,Sub-Saharan Africa,Low income,76.66666666666667,83.33333333333334,70.0
MWI,Malawi,2020,NT_CF_MAD,Min Acceptable Diet,Layer 2,8.6782,4,Sub-Saharan Africa,Low income,76.66666666666667,83.33333333333334,70.0
MWI,Malawi,2020,NT_CF_MDD,Min Dietary Diversity,Layer 2,17.3055,4,Sub-Saharan Africa,Low income,76.66666666666667,83.33333333333334,70.0
MWI,Malawi,2020,NT_CF_MMF,Min Meal Frequency,Layer 2,36.8344,4,Sub-Saharan Africa,Low income,76.66666666666667,83.33333333333334,70.0
MYS,Malaysia,2024,IM_DTP3,DTP3 Coverage,Layer 2,93.0,0,East Asia and Pacific,Upper middle income,53.33333333333333,66.66666666666666,40.0
MYS,Malaysia,2022,MNCH_ANC4,ANC 4+ Visits,Layer 2,98.1,2,East Asia and Pacific,Upper middle income,53.33333333333333,66.66666666666666,40.0
MYS,Malaysia,2022,MNCH_SAB,Skilled Birth Attendance,Layer 2,99.8,2,East Asia and Pacific,Upper middle income,53.33333333333333,66.66666666666666,40.0
MYS,Malaysia,2023,NT_ANE_WOM_15_49_MOD,Anaemia WRA,Layer 1,31.3,1,East Asia and Pacific,Upper middle income,53.33333333333333,66.66666666666666,40.0
MYS,Malaysia,2024,NT_ANT_HAZ_NE2_MOD,Stunting,Layer 1,24.3234,0,East Asia and Pacific,Upper middle income,53.33333333333333,66.66666666666666,40.0
MYS,Malaysia,2024,NT_ANT_WHZ_PO2_MOD,Overweight,Layer 1,5.2596,0,East Asia and Pacific,Upper middle income,53.33333333333333,66.66666666666666,40.0
MYS,Malaysia,2022,NT_BF_EIBF,Early BF Initiation,Layer 2,64.3,2,East Asia and Pacific,Upper middle income,53.33333333333333,66.66666666666666,40.0
MYS,Malaysia,2016,NT_BF_EXBF,Excl. BF,Layer 1,40.3,8,East Asia and Pacific,Upper middle income,53.33333333333333,66.66666666666666,40.0
MYS,Malaysia,2020,NT_BW_LBW,Low Birth Weight,Layer 1,13.8114,4,East Asia and Pacific,Upper middle income,53.33333333333333,66.66666666666666,40.0
NAM,Namibia,2024,IM_DTP3,DTP3 Coverage,Layer 2,74.0,0,Sub-Saharan Africa,Upper middle income,43.33333333333333,66.66666666666666,20.0
NAM,Namibia,2013,MNCH_ANC4,ANC 4+ Visits,Layer 2,62.5,11,Sub-Saharan Africa,Upper middle income,43.33333333333333,66.66666666666666,20.0
NAM,Namibia,2021,MNCH_SAB,Skilled Birth Attendance,Layer 2,96.3,3,Sub-Saharan Africa,Upper middle income,43.33333333333333,66.66666666666666,20.0
NAM,Namibia,2023,NT_ANE_WOM_15_49_MOD,Anaemia WRA,Layer 1,24.9,1,Sub-Saharan Africa,Upper middle income,43.33333333333333,66.66666666666666,20.0
NAM,Namibia,2024,NT_ANT_HAZ_NE2_MOD,Stunting,Layer 1,16.4184,0,Sub-Saharan Africa,Upper middle income,43.33333333333333,66.66666666666666,20.0
NAM,Namibia,2024,NT_ANT_WHZ_PO2_MOD,Overweight,Layer 1,5.7853,0,Sub-Saharan Africa,Upper middle income,43.33333333333333,66.66666666666666,20.0
NAM,Namibia,2013,NT_BF_EIBF,Early BF Initiation,Layer 2,71.2212,11,Sub-Saharan Africa,Upper middle income,43.33333333333333,66.66666666666666,20.0
NAM,Namibia,2013,NT_BF_EXBF,Excl. BF,Layer 1,48.3248,11,Sub-Saharan Africa,Upper middle income,43.33333333333333,66.66666666666666,20.0
NAM,Namibia,2020,NT_BW_LBW,Low Birth Weight,Layer 1,15.5815,4,Sub-Saharan Africa,Upper middle income,43.33333333333333,66.66666666666666,20.0
NAM,Namibia,2013,NT_CF_MAD,Min Acceptable Diet,Layer 2,11.6448,11,Sub-Saharan Africa,Upper middle income,43.33333333333333,66.66666666666666,20.0
NAM,Namibia,2013,NT_CF_MDD,Min Dietary Diversity,Layer 2,24.8902,11,Sub-Saharan Africa,Upper middle income,43.33333333333333,66.66666666666666,20.0
NAM,Namibia,2013,NT_CF_MMF,Min Meal Frequency,Layer 2,37.6514,11,Sub-Saharan Africa,Upper middle income,43.33333333333333,66.66666666666666,20.0
NER,Niger,2024,IM_DTP3,DTP3 Coverage,Layer 2,86.0,0,Sub-Saharan Africa,Low income,68.33333333333333,66.66666666666666,70.0
NER,Niger,2021,MNCH_ANC4,ANC 4+ Visits,Layer 2,37.3,3,Sub-Saharan Africa,Low income,68.33333333333333,66.66666666666666,70.0
NER,Niger,2021,MNCH_SAB,Skilled Birth Attendance,Layer 2,43.7,3,Sub-Saharan Africa,Low income,68.33333333333333,66.66666666666666,70.0
NER,Niger,2023,NT_ANE_WOM_15_49_MOD,Anaemia WRA,Layer 1,47.1,1,Sub-Saharan Africa,Low income,68.33333333333333,66.66666666666666,70.0
NER,Niger,2024,NT_ANT_HAZ_NE2_MOD,Stunting,Layer 1,48.2902,0,Sub-Saharan Africa,Low income,68.33333333333333,66.66666666666666,70.0
NER,Niger,2024,NT_ANT_WHZ_PO2_MOD,Overweight,Layer 1,2.5859,0,Sub-Saharan Africa,Low income,68.33333333333333,66.66666666666666,70.0
NER,Niger,2022,NT_BF_EIBF,Early BF Initiation,Layer 2,70.7029,2,Sub-Saharan Africa,Low income,68.33333333333333,66.66666666666666,70.0
NER,Niger,2022,NT_BF_EXBF,Excl. BF,Layer 1,24.5068,2,Sub-Saharan Africa,Low income,68.33333333333333,66.66666666666666,70.0
NER,Niger,2022,NT_CF_MAD,Min Acceptable Diet,Layer 2,10.5464,2,Sub-Saharan Africa,Low income,68.33333333333333,66.66666666666666,70.0
NER,Niger,2022,NT_CF_MDD,Min Dietary Diversity,Layer 2,13.1319,2,Sub-Saharan Africa,Low income,68.33333333333333,66.66666666666666,70.0
NER,Niger,2022,NT_CF_MMF,Min Meal Frequency,Layer 2,63.3476,2,Sub-Saharan Africa,Low income,68.33333333333333,66.66666666666666,70.0
NGA,Nigeria,2024,IM_DTP3,DTP3 Coverage,Layer 2,67.0,0,Sub-Saharan Africa,Lower middle income,68.33333333333333,66.66666666666666,70.0
NGA,Nigeria,2024,MNCH_ANC4,ANC 4+ Visits,Layer 2,52.4,0,Sub-Saharan Africa,Lower middle income,68.33333333333333,66.66666666666666,70.0
NGA,Nigeria,2024,MNCH_SAB,Skilled Birth Attendance,Layer 2,45.7,0,Sub-Saharan Africa,Lower middle income,68.33333333333333,66.66666666666666,70.0
NGA,Nigeria,2023,NT_ANE_WOM_15_49_MOD,Anaemia WRA,Layer 1,37.9,1,Sub-Saharan Africa,Lower middle income,68.33333333333333,66.66666666666666,70.0
NGA,Nigeria,2024,NT_ANT_HAZ_NE2_MOD,Stunting,Layer 1,33.8114,0,Sub-Saharan Africa,Lower middle income,68.33333333333333,66.66666666666666,70.0
NGA,Nigeria,2024,NT_ANT_WHZ_PO2_MOD,Overweight,Layer 1,1.6199,0,Sub-Saharan Africa,Lower middle income,68.33333333333333,66.66666666666666,70.0
NGA,Nigeria,2024,NT_BF_EIBF,Early BF Initiation,Layer 2,35.5337,0,Sub-Saharan Africa,Lower middle income,68.33333333333333,66.66666666666666,70.0
NGA,Nigeria,2024,NT_BF_EXBF,Excl. BF,Layer 1,28.7778,0,Sub-Saharan Africa,Lower middle income,68.33333333333333,66.66666666666666,70.0
NGA,Nigeria,2024,NT_CF_MAD,Min Acceptable Diet,Layer 2,6.7164,0,Sub-Saharan Africa,Lower middle income,68.33333333333333,66.66666666666666,70.0
NGA,Nigeria,2024,NT_CF_MDD,Min Dietary Diversity,Layer 2,14.005,0,Sub-Saharan Africa,Lower middle income,68.33333333333333,66.66666666666666,70.0
NGA,Nigeria,2024,NT_CF_MMF,Min Meal Frequency,Layer 2,40.2148,0,Sub-Saharan Africa,Lower middle income,68.33333333333333,66.66666666666666,70.0
NIC,Nicaragua,2012,MNCH_ANC4,ANC 4+ Visits,Layer 2,87.6,12,Latin America and Caribbean,Lower middle income,5.0,0.0,10.0
NIC,Nicaragua,2022,MNCH_SAB,Skilled Birth Attendance,Layer 2,96.6,2,Latin America and Caribbean,Lower middle income,5.0,0.0,10.0
NIC,Nicaragua,2012,NT_BF_EIBF,Early BF Initiation,Layer 2,54.4,12,Latin America and Caribbean,Lower middle income,5.0,0.0,10.0
NIC,Nicaragua,2012,NT_BF_EXBF,Excl. BF,Layer 1,31.7,12,Latin America and Caribbean,Lower middle income,5.0,0.0,10.0
NIU,Niue,2024,IM_DTP3,DTP3 Coverage,Layer 2,99.0,0,,,13.333333333333332,16.666666666666664,10.0
NIU,Niue,2011,MNCH_SAB,Skilled Birth Attendance,Layer 2,100.0,13,,,13.333333333333332,16.666666666666664,10.0
NIU,Niue,2023,NT_ANE_WOM_15_49_MOD,Anaemia WRA,Layer 1,24.0,1,,,13.333333333333332,16.666666666666664,10.0
NLD,هولندا,2024,IM_DTP3,DTP3 Coverage,Layer 2,91.0,0,Europe and Central Asia,High income,38.33333333333333,66.66666666666666,10.0
NLD,هولندا,2023,NT_ANE_WOM_15_49_MOD,Anaemia WRA,Layer 1,16.5,1,Europe and Central Asia,High income,38.33333333333333,66.66666666666666,10.0
NLD,هولندا,2024,NT_ANT_HAZ_NE2_MOD,Stunting,Layer 1,1.6342,0,Europe and Central Asia,High income,38.33333333333333,66.66666666666666,10.0
NLD,هولندا,2024,NT_ANT_WHZ_PO2_MOD,Overweight,Layer 1,5.4121,0,Europe and Central Asia,High income,38.33333333333333,66.66666666666666,10.0
NLD,هولندا,2020,NT_BW_LBW,Low Birth Weight,Layer 1,5.6518,4,Europe and Central Asia,High income,38.33333333333333,66.66666666666666,10.0
NOR,Norway,2024,IM_DTP3,DTP3 Coverage,Layer 2,97.0,0,Europe and Central Asia,High income,26.666666666666664,33.33333333333333,20.0
NOR,Norway,2024,MNCH_SAB,Skilled Birth Attendance,Layer 2,99.1,0,Europe and Central Asia,High income,26.666666666666664,33.33333333333333,20.0
NOR,Norway,2023,NT_ANE_WOM_15_49_MOD,Anaemia WRA,Layer 1,16.3,1,Europe and Central Asia,High income,26.666666666666664,33.33333333333333,20.0
NOR,Norway,2020,NT_BW_LBW,Low Birth Weight,Layer 1,4.443,4,Europe and Central Asia,High income,26.666666666666664,33.33333333333333,20.0
NPL,Nepal,2024,IM_DTP3,DTP3 Coverage,Layer 2,97.0,0,South Asia,Lower middle income,76.66666666666667,83.33333333333334,70.0
NPL,Nepal,2022,MNCH_ANC4,ANC 4+ Visits,Layer 2,80.5,2,South Asia,Lower middle income,76.66666666666667,83.33333333333334,70.0
NPL,Nepal,2022,MNCH_SAB,Skilled Birth Attendance,Layer 2,80.1,2,South Asia,Lower middle income,76.66666666666667,83.33333333333334,70.0
NPL,Nepal,2023,NT_ANE_WOM_15_49_MOD,Anaemia WRA,Layer 1,33.2,1,South Asia,Lower middle income,76.66666666666667,83.33333333333334,70.0
NPL,Nepal,2024,NT_ANT_HAZ_NE2_MOD,Stunting,Layer 1,26.0291,0,South Asia,Lower middle income,76.66666666666667,83.33333333333334,70.0
NPL,Nepal,2024,NT_ANT_WHZ_PO2_MOD,Overweight,Layer 1,1.7723,0,South Asia,Lower middle income,76.66666666666667,83.33333333333334,70.0
NPL,Nepal,2022,NT_BF_EIBF,Early BF Initiation,Layer 2,54.6157,2,South Asia,Lower middle income,76.66666666666667,83.33333333333334,70.0
NPL,Nepal,2022,NT_BF_EXBF,Excl. BF,Layer 1,56.3988,2,South Asia,Lower middle income,76.66666666666667,83.33333333333334,70.0
NPL,Nepal,2020,NT_BW_LBW,Low Birth Weight,Layer 1,19.7315,4,South Asia,Lower middle income,76.66666666666667,83.33333333333334,70.0
NPL,Nepal,2022,NT_CF_MAD,Min Acceptable Diet,Layer 2,43.0232,2,South Asia,Lower middle income,76.66666666666667,83.33333333333334,70.0
NPL,Nepal,2022,NT_CF_MDD,Min Dietary Diversity,Layer 2,48.241,2,South Asia,Lower middle income,76.66666666666667,83.33333333333334,70.0
NPL,Nepal,2022,NT_CF_MMF,Min Meal Frequency,Layer 2,81.6873,2,South Asia,Lower middle income,76.66666666666667,83.33333333333334,70.0
NRU,Nauru,2024,IM_DTP3,DTP3 Coverage,Layer 2,99.0,0,East Asia and Pacific,High income,68.33333333333333,66.66666666666666,70.0
NRU,Nauru,2023,MNCH_ANC4,ANC 4+ Visits,Layer 2,50.7,1,East Asia and Pacific,High income,68.33333333333333,66.66666666666666,70.0
NRU,Nauru,2023,MNCH_SAB,Skilled Birth Attendance,Layer 2,98.0,1,East Asia and Pacific,High income,68.33333333333333,66.66666666666666,70.0
NRU,Nauru,2023,NT_ANE_WOM_15_49_MOD,Anaemia WRA,Layer 1,22.5,1,East Asia and Pacific,High income,68.33333333333333,66.66666666666666,70.0
NRU,Nauru,2024,NT_ANT_HAZ_NE2_MOD,Stunting,Layer 1,16.0314,0,East Asia and Pacific,High income,68.33333333333333,66.66666666666666,70.0
NRU,Nauru,2024,NT_ANT_WHZ_PO2_MOD,Overweight,Layer 1,8.1638,0,East Asia and Pacific,High income,68.33333333333333,66.66666666666666,70.0
NRU,Nauru,2023,NT_BF_EIBF,Early BF Initiation,Layer 2,69.7368,1,East Asia and Pacific,High income,68.33333333333333,66.66666666666666,70.0
NRU,Nauru,2023,NT_BF_EXBF,Excl. BF,Layer 1,52.7778,1,East Asia and Pacific,High income,68.33333333333333,66.66666666666666,70.0
NRU,Nauru,2023,NT_CF_MAD,Min Acceptable Diet,Layer 2,26.087,1,East Asia and Pacific,High income,68.33333333333333,66.66666666666666,70.0
NRU,Nauru,2023,NT_CF_MDD,Min Dietary Diversity,Layer 2,49.5652,1,East Asia and Pacific,High income,68.33333333333333,66.66666666666666,70.0
NRU,Nauru,2023,NT_CF_MMF,Min Meal Frequency,Layer 2,46.087,1,East Asia and Pacific,High income,68.33333333333333,66.66666666666666,70.0
NZL,New Zealand,2024,IM_DTP3,DTP3 Coverage,Layer 2,89.0,0,East Asia and Pacific,High income,26.666666666666664,33.33333333333333,20.0
NZL,New Zealand,2023,MNCH_SAB,Skilled Birth Attendance,Layer 2,96.3,1,East Asia and Pacific,High income,26.666666666666664,33.33333333333333,20.0
NZL,New Zealand,2023,NT_ANE_WOM_15_49_MOD,Anaemia WRA,Layer 1,12.4,1,East Asia and Pacific,High income,26.666666666666664,33.33333333333333,20.0
NZL,New Zealand,2020,NT_BW_LBW,Low Birth Weight,Layer 1,5.8572,4,East Asia and Pacific,High income,26.666666666666664,33.33333333333333,20.0
OMN,Oman,2024,IM_DTP3,DTP3 Coverage,Layer 2,99.0,0,Middle East and North Africa,High income,48.33333333333333,66.66666666666666,30.0
OMN,Oman,2019,MNCH_ANC4,ANC 4+ Visits,Layer 2,73.9,5,Middle East and North Africa,High income,48.33333333333333,66.66666666666666,30.0
OMN,Oman,2024,MNCH_SAB,Skilled Birth Attendance,Layer 2,99.9,0,Middle East and North Africa,High income,48.33333333333333,66.66666666666666,30.0
OMN,Oman,2023,NT_ANE_WOM_15_49_MOD,Anaemia WRA,Layer 1,34.4,1,Middle East and North Africa,High income,48.33333333333333,66.66666666666666,30.0
OMN,Oman,2024,NT_ANT_HAZ_NE2_MOD,Stunting,Layer 1,12.9155,0,Middle East and North Africa,High income,48.33333333333333,66.66666666666666,30.0
OMN,Oman,2024,NT_ANT_WHZ_PO2_MOD,Overweight,Layer 1,8.7556,0,Middle East and North Africa,High income,48.33333333333333,66.66666666666666,30.0
OMN,Oman,2017,NT_BF_EIBF,Early BF Initiation,Layer 2,82.0,7,Middle East and North Africa,High income,48.33333333333333,66.66666666666666,30.0
OMN,Oman,2017,NT_BF_EXBF,Excl. BF,Layer 1,23.2,7,Middle East and North Africa,High income,48.33333333333333,66.66666666666666,30.0
OMN,Oman,2020,NT_BW_LBW,Low Birth Weight,Layer 1,13.2359,4,Middle East and North Africa,High income,48.33333333333333,66.66666666666666,30.0
PAK,Pakistan,2024,IM_DTP3,DTP3 Coverage,Layer 2,87.0,0,South Asia,Lower middle income,48.33333333333333,66.66666666666666,30.0
PAK,Pakistan,2019,MNCH_ANC4,ANC 4+ Visits,Layer 2,52.4,5,South Asia,Lower middle income,48.33333333333333,66.66666666666666,30.0
PAK,Pakistan,2020,MNCH_SAB,Skilled Birth Attendance,Layer 2,68.0,4,South Asia,Lower middle income,48.33333333333333,66.66666666666666,30.0
PAK,Pakistan,2023,NT_ANE_WOM_15_49_MOD,Anaemia WRA,Layer 1,46.5,1,South Asia,Lower middle income,48.33333333333333,66.66666666666666,30.0
PAK,Pakistan,2024,NT_ANT_HAZ_NE2_MOD,Stunting,Layer 1,33.5728,0,South Asia,Lower middle income,48.33333333333333,66.66666666666666,30.0
PAK,Pakistan,2024,NT_ANT_WHZ_PO2_MOD,Overweight,Layer 1,2.0695,0,South Asia,Lower middle income,48.33333333333333,66.66666666666666,30.0
PAK,Pakistan,2018,NT_BF_EIBF,Early BF Initiation,Layer 2,19.5604,6,South Asia,Lower middle income,48.33333333333333,66.66666666666666,30.0
PAK,Pakistan,2019,NT_BF_EXBF,Excl. BF,Layer 1,47.8389,5,South Asia,Lower middle income,48.33333333333333,66.66666666666666,30.0
PAK,Pakistan,2018,NT_CF_MAD,Min Acceptable Diet,Layer 2,12.6608,6,South Asia,Lower middle income,48.33333333333333,66.66666666666666,30.0
PAK,Pakistan,2018,NT_CF_MDD,Min Dietary Diversity,Layer 2,14.9724,6,South Asia,Lower middle income,48.33333333333333,66.66666666666666,30.0
PAK,Pakistan,2018,NT_CF_MMF,Min Meal Frequency,Layer 2,60.7353,6,South Asia,Lower middle income,48.33333333333333,66.66666666666666,30.0
PAN,Panama,2024,IM_DTP3,DTP3 Coverage,Layer 2,72.0,0,Latin America and Caribbean,High income,48.33333333333333,66.66666666666666,30.0
PAN,Panama,2013,MNCH_ANC4,ANC 4+ Visits,Layer 2,87.9,11,Latin America and Caribbean,High income,48.33333333333333,66.66666666666666,30.0
PAN,Panama,2022,MNCH_SAB,Skilled Birth Attendance,Layer 2,95.7,2,Latin America and Caribbean,High income,48.33333333333333,66.66666666666666,30.0
PAN,Panama,2023,NT_ANE_WOM_15_49_MOD,Anaemia WRA,Layer 1,25.5,1,Latin America and Caribbean,High income,48.33333333333333,66.66666666666666,30.0
PAN,Panama,2024,NT_ANT_HAZ_NE2_MOD,Stunting,Layer 1,14.0063,0,Latin America and Caribbean,High income,48.33333333333333,66.66666666666666,30.0
PAN,Panama,2024,NT_ANT_WHZ_PO2_MOD,Overweight,Layer 1,10.8623,0,Latin America and Caribbean,High income,48.33333333333333,66.66666666666666,30.0
PAN,Panama,2019,NT_BF_EIBF,Early BF Initiation,Layer 2,55.4,5,Latin America and Caribbean,High income,48.33333333333333,66.66666666666666,30.0
PAN,Panama,2013,NT_BF_EXBF,Excl. BF,Layer 1,21.4595,11,Latin America and Caribbean,High income,48.33333333333333,66.66666666666666,30.0
PAN,Panama,2020,NT_BW_LBW,Low Birth Weight,Layer 1,10.2837,4,Latin America and Caribbean,High income,48.33333333333333,66.66666666666666,30.0
PAN,Panama,2013,NT_CF_MMF,Min Meal Frequency,Layer 2,60.2974,11,Latin America and Caribbean,High income,48.33333333333333,66.66666666666666,30.0
PER,Peru,2024,IM_DTP3,DTP3 Coverage,Layer 2,80.0,0,Latin America and Caribbean,Upper middle income,66.66666666666667,83.33333333333334,50.0
PER,Peru,2024,MNCH_ANC4,ANC 4+ Visits,Layer 2,95.5,0,Latin America and Caribbean,Upper middle income,66.66666666666667,83.33333333333334,50.0
PER,Peru,2024,MNCH_SAB,Skilled Birth Attendance,Layer 2,94.3,0,Latin America and Caribbean,Upper middle income,66.66666666666667,83.33333333333334,50.0
PER,Peru,2023,NT_ANE_WOM_15_49_MOD,Anaemia WRA,Layer 1,21.0,1,Latin America and Caribbean,Upper middle income,66.66666666666667,83.33333333333334,50.0
PER,Peru,2024,NT_ANT_HAZ_NE2_MOD,Stunting,Layer 1,10.6201,0,Latin America and Caribbean,Upper middle income,66.66666666666667,83.33333333333334,50.0
PER,Peru,2024,NT_ANT_WHZ_PO2_MOD,Overweight,Layer 1,9.0269,0,Latin America and Caribbean,Upper middle income,66.66666666666667,83.33333333333334,50.0
PER,Peru,2024,NT_BF_EIBF,Early BF Initiation,Layer 2,48.3885,0,Latin America and Caribbean,Upper middle income,66.66666666666667,83.33333333333334,50.0
PER,Peru,2024,NT_BF_EXBF,Excl. BF,Layer 1,70.087,0,Latin America and Caribbean,Upper middle income,66.66666666666667,83.33333333333334,50.0
PER,Peru,2020,NT_BW_LBW,Low Birth Weight,Layer 1,7.4716,4,Latin America and Caribbean,Upper middle income,66.66666666666667,83.33333333333334,50.0
PER,Peru,2024,NT_CF_MDD,Min Dietary Diversity,Layer 2,84.8284,0,Latin America and Caribbean,Upper middle income,66.66666666666667,83.33333333333334,50.0
PHL,Philippines,2024,IM_DTP3,DTP3 Coverage,Layer 2,71.0,0,East Asia and Pacific,Lower middle income,76.66666666666667,83.33333333333334,70.0
PHL,Philippines,2022,MNCH_ANC4,ANC 4+ Visits,Layer 2,83.0,2,East Asia and Pacific,Lower middle income,76.66666666666667,83.33333333333334,70.0
PHL,Philippines,2022,MNCH_SAB,Skilled Birth Attendance,Layer 2,89.6,2,East Asia and Pacific,Lower middle income,76.66666666666667,83.33333333333334,70.0
PHL,Philippines,2023,NT_ANE_WOM_15_49_MOD,Anaemia WRA,Layer 1,12.0,1,East Asia and Pacific,Lower middle income,76.66666666666667,83.33333333333334,70.0
PHL,Philippines,2024,NT_ANT_HAZ_NE2_MOD,Stunting,Layer 1,27.7063,0,East Asia and Pacific,Lower middle income,76.66666666666667,83.33333333333334,70.0
PHL,Philippines,2024,NT_ANT_WHZ_PO2_MOD,Overweight,Layer 1,3.3079,0,East Asia and Pacific,Lower middle income,76.66666666666667,83.33333333333334,70.0
PHL,Philippines,2022,NT_BF_EIBF,Early BF Initiation,Layer 2,54.0871,2,East Asia and Pacific,Lower middle income,76.66666666666667,83.33333333333334,70.0
PHL,Philippines,2022,NT_BF_EXBF,Excl. BF,Layer 1,40.8973,2,East Asia and Pacific,Lower middle income,76.66666666666667,83.33333333333334,70.0
PHL,Philippines,2020,NT_BW_LBW,Low Birth Weight,Layer 1,21.1441,4,East Asia and Pacific,Lower middle income,76.66666666666667,83.33333333333334,70.0
PHL,Philippines,2022,NT_CF_MAD,Min Acceptable Diet,Layer 2,37.3075,2,East Asia and Pacific,Lower middle income,76.66666666666667,83.33333333333334,70.0
PHL,Philippines,2022,NT_CF_MDD,Min Dietary Diversity,Layer 2,47.2228,2,East Asia and Pacific,Lower middle income,76.66666666666667,83.33333333333334,70.0
PHL,Philippines,2022,NT_CF_MMF,Min Meal Frequency,Layer 2,73.7071,2,East Asia and Pacific,Lower middle income,76.66666666666667,83.33333333333334,70.0
PLW,Palau,2024,IM_DTP3,DTP3 Coverage,Layer 2,97.0,0,East Asia and Pacific,High income,26.666666666666664,33.33333333333333,20.0
PLW,Palau,2010,MNCH_ANC4,ANC 4+ Visits,Layer 2,81.0,14,East Asia and Pacific,High income,26.666666666666664,33.33333333333333,20.0
PLW,Palau,2023,MNCH_SAB,Skilled Birth Attendance,Layer 2,99.5,1,East Asia and Pacific,High income,26.666666666666664,33.33333333333333,20.0
PLW,Palau,2023,NT_ANE_WOM_15_49_MOD,Anaemia WRA,Layer 1,25.9,1,East Asia and Pacific,High income,26.666666666666664,33.33333333333333,20.0
PLW,Palau,2020,NT_BW_LBW,Low Birth Weight,Layer 1,13.5251,4,East Asia and Pacific,High income,26.666666666666664,33.33333333333333,20.0
PNG,Papua New Guinea,2024,IM_DTP3,DTP3 Coverage,Layer 2,42.0,0,East Asia and Pacific,Lower middle income,38.33333333333333,66.66666666666666,10.0
PNG,Papua New Guinea,2018,MNCH_ANC4,ANC 4+ Visits,Layer 2,49.0,6,East Asia and Pacific,Lower middle income,38.33333333333333,66.66666666666666,10.0
PNG,Papua New Guinea,2018,MNCH_SAB,Skilled Birth Attendance,Layer 2,56.4,6,East Asia and Pacific,Lower middle income,38.33333333333333,66.66666666666666,10.0
PNG,Papua New Guinea,2023,NT_ANE_WOM_15_49_MOD,Anaemia WRA,Layer 1,28.8,1,East Asia and Pacific,Lower middle income,38.33333333333333,66.66666666666666,10.0
PNG,Papua New Guinea,2024,NT_ANT_HAZ_NE2_MOD,Stunting,Layer 1,47.5968,0,East Asia and Pacific,Lower middle income,38.33333333333333,66.66666666666666,10.0
PNG,Papua New Guinea,2024,NT_ANT_WHZ_PO2_MOD,Overweight,Layer 1,18.4608,0,East Asia and Pacific,Lower middle income,38.33333333333333,66.66666666666666,10.0
PNG,Papua New Guinea,2017,NT_BF_EIBF,Early BF Initiation,Layer 2,54.8339,7,East Asia and Pacific,Lower middle income,38.33333333333333,66.66666666666666,10.0
PNG,Papua New Guinea,2017,NT_BF_EXBF,Excl. BF,Layer 1,59.6814,7,East Asia and Pacific,Lower middle income,38.33333333333333,66.66666666666666,10.0
PNG,Papua New Guinea,2020,NT_BW_LBW,Low Birth Weight,Layer 1,19.3803,4,East Asia and Pacific,Lower middle income,38.33333333333333,66.66666666666666,10.0
PNG,Papua New Guinea,2017,NT_CF_MAD,Min Acceptable Diet,Layer 2,17.8754,7,East Asia and Pacific,Lower middle income,38.33333333333333,66.66666666666666,10.0
PNG,Papua New Guinea,2017,NT_CF_MDD,Min Dietary Diversity,Layer 2,32.1836,7,East Asia and Pacific,Lower middle income,38.33333333333333,66.66666666666666,10.0
PNG,Papua New Guinea,2017,NT_CF_MMF,Min Meal Frequency,Layer 2,43.929,7,East Asia and Pacific,Lower middle income,38.33333333333333,66.66666666666666,10.0
POL,Poland,2024,IM_DTP3,DTP3 Coverage,Layer 2,94.0,0,Europe and Central Asia,High income,43.33333333333333,66.66666666666666,20.0
POL,Poland,2023,MNCH_SAB,Skilled Birth Attendance,Layer 2,99.6,1,Europe and Central Asia,High income,43.33333333333333,66.66666666666666,20.0
POL,Poland,2023,NT_ANE_WOM_15_49_MOD,Anaemia WRA,Layer 1,23.4,1,Europe and Central Asia,High income,43.33333333333333,66.66666666666666,20.0
POL,Poland,2024,NT_ANT_HAZ_NE2_MOD,Stunting,Layer 1,1.0226,0,Europe and Central Asia,High income,43.33333333333333,66.66666666666666,20.0
POL,Poland,2024,NT_ANT_WHZ_PO2_MOD,Overweight,Layer 1,8.5559,0,Europe and Central Asia,High income,43.33333333333333,66.66666666666666,20.0
POL,Poland,2020,NT_BW_LBW,Low Birth Weight,Layer 1,5.6069,4,Europe and Central Asia,High income,43.33333333333333,66.66666666666666,20.0
PRI,Puerto Rico,2022,MNCH_SAB,Skilled Birth Attendance,Layer 2,99.8,2,,High income,5.0,0.0,10.0
PRK,Democratic People's Republic of Korea,2024,IM_DTP3,DTP3 Coverage,Layer 2,99.0,0,East Asia and Pacific,Low income,30.0,50.0,10.0
PRK,Democratic People's Republic of Korea,2017,MNCH_ANC4,ANC 4+ Visits,Layer 2,93.7,7,East Asia and Pacific,Low income,30.0,50.0,10.0
PRK,Democratic People's Republic of Korea,2017,MNCH_SAB,Skilled Birth Attendance,Layer 2,99.5,7,East Asia and Pacific,Low income,30.0,50.0,10.0
PRK,Democratic People's Republic of Korea,2023,NT_ANE_WOM_15_49_MOD,Anaemia WRA,Layer 1,27.5,1,East Asia and Pacific,Low income,30.0,50.0,10.0
PRK,Democratic People's Republic of Korea,2024,NT_ANT_HAZ_NE2_MOD,Stunting,Layer 1,16.6195,0,East Asia and Pacific,Low income,30.0,50.0,10.0
PRK,Democratic People's Republic of Korea,2024,NT_ANT_WHZ_PO2_MOD,Overweight,Layer 1,3.3478,0,East Asia and Pacific,Low income,30.0,50.0,10.0
PRK,Democratic People's Republic of Korea,2017,NT_BF_EIBF,Early BF Initiation,Layer 2,42.5,7,East Asia and Pacific,Low income,30.0,50.0,10.0
PRK,Democratic People's Republic of Korea,2017,NT_BF_EXBF,Excl. BF,Layer 1,71.4,7,East Asia and Pacific,Low income,30.0,50.0,10.0
PRK,Democratic People's Republic of Korea,2017,NT_CF_MDD,Min Dietary Diversity,Layer 2,46.7,7,East Asia and Pacific,Low income,30.0,50.0,10.0
PRT,Portugal,2024,IM_DTP3,DTP3 Coverage,Layer 2,99.0,0,Europe and Central Asia,High income,43.33333333333333,66.66666666666666,20.0
PRT,Portugal,2023,MNCH_SAB,Skilled Birth Attendance,Layer 2,98.6,1,Europe and Central Asia,High income,43.33333333333333,66.66666666666666,20.0
PRT,Portugal,2023,NT_ANE_WOM_15_49_MOD,Anaemia WRA,Layer 1,15.0,1,Europe and Central Asia,High income,43.33333333333333,66.66666666666666,20.0
PRT,Portugal,2024,NT_ANT_HAZ_NE2_MOD,Stunting,Layer 1,3.1509,0,Europe and Central Asia,High income,43.33333333333333,66.66666666666666,20.0
PRT,Portugal,2024,NT_ANT_WHZ_PO2_MOD,Overweight,Layer 1,9.3611,0,Europe and Central Asia,High income,43.33333333333333,66.66666666666666,20.0
PRT,Portugal,2020,NT_BW_LBW,Low Birth Weight,Layer 1,8.9226,4,Europe and Central Asia,High income,43.33333333333333,66.66666666666666,20.0
PRY,Paraguay,2024,IM_DTP3,DTP3 Coverage,Layer 2,80.0,0,Latin America and Caribbean,Upper middle income,48.33333333333333,66.66666666666666,30.0
PRY,Paraguay,2021,MNCH_ANC4,ANC 4+ Visits,Layer 2,81.0,3,Latin America and Caribbean,Upper middle income,48.33333333333333,66.66666666666666,30.0
PRY,Paraguay,2023,MNCH_SAB,Skilled Birth Attendance,Layer 2,98.2,1,Latin America and Caribbean,Upper middle income,48.33333333333333,66.66666666666666,30.0
PRY,Paraguay,2023,NT_ANE_WOM_15_49_MOD,Anaemia WRA,Layer 1,23.2,1,Latin America and Caribbean,Upper middle income,48.33333333333333,66.66666666666666,30.0
PRY,Paraguay,2024,NT_ANT_HAZ_NE2_MOD,Stunting,Layer 1,3.2005,0,Latin America and Caribbean,Upper middle income,48.33333333333333,66.66666666666666,30.0
PRY,Paraguay,2024,NT_ANT_WHZ_PO2_MOD,Overweight,Layer 1,15.3954,0,Latin America and Caribbean,Upper middle income,48.33333333333333,66.66666666666666,30.0
PRY,Paraguay,2016,NT_BF_EIBF,Early BF Initiation,Layer 2,49.5485,8,Latin America and Caribbean,Upper middle income,48.33333333333333,66.66666666666666,30.0
PRY,Paraguay,2016,NT_BF_EXBF,Excl. BF,Layer 1,29.5936,8,Latin America and Caribbean,Upper middle income,48.33333333333333,66.66666666666666,30.0
PRY,Paraguay,2020,NT_BW_LBW,Low Birth Weight,Layer 1,9.96,4,Latin America and Caribbean,Upper middle income,48.33333333333333,66.66666666666666,30.0
PRY,Paraguay,2016,NT_CF_MAD,Min Acceptable Diet,Layer 2,37.8872,8,Latin America and Caribbean,Upper middle income,48.33333333333333,66.66666666666666,30.0
PRY,Paraguay,2016,NT_CF_MDD,Min Dietary Diversity,Layer 2,52.0675,8,Latin America and Caribbean,Upper middle income,48.33333333333333,66.66666666666666,30.0
PRY,Paraguay,2016,NT_CF_MMF,Min Meal Frequency,Layer 2,71.1623,8,Latin America and Caribbean,Upper middle income,48.33333333333333,66.66666666666666,30.0
PSE,State of Palestine,2024,IM_DTP3,DTP3 Coverage,Layer 2,88.0,0,Middle East and North Africa,Lower middle income,76.66666666666667,83.33333333333334,70.0
PSE,State of Palestine,2020,MNCH_ANC4,ANC 4+ Visits,Layer 2,94.8,4,Middle East and North Africa,Lower middle income,76.66666666666667,83.33333333333334,70.0
PSE,State of Palestine,2020,MNCH_SAB,Skilled Birth Attendance,Layer 2,99.7,4,Middle East and North Africa,Lower middle income,76.66666666666667,83.33333333333334,70.0
PSE,State of Palestine,2023,NT_ANE_WOM_15_49_MOD,Anaemia WRA,Layer 1,24.8,1,Middle East and North Africa,Lower middle income,76.66666666666667,83.33333333333334,70.0
PSE,State of Palestine,2024,NT_ANT_HAZ_NE2_MOD,Stunting,Layer 1,7.9948,0,Middle East and North Africa,Lower middle income,76.66666666666667,83.33333333333334,70.0
PSE,State of Palestine,2024,NT_ANT_WHZ_PO2_MOD,Overweight,Layer 1,8.8213,0,Middle East and North Africa,Lower middle income,76.66666666666667,83.33333333333334,70.0
PSE,State of Palestine,2020,NT_BF_EIBF,Early BF Initiation,Layer 2,40.5678,4,Middle East and North Africa,Lower middle income,76.66666666666667,83.33333333333334,70.0
PSE,State of Palestine,2020,NT_BF_EXBF,Excl. BF,Layer 1,38.8956,4,Middle East and North Africa,Lower middle income,76.66666666666667,83.33333333333334,70.0
PSE,State of Palestine,2020,NT_BW_LBW,Low Birth Weight,Layer 1,10.3729,4,Middle East and North Africa,Lower middle income,76.66666666666667,83.33333333333334,70.0
PSE,State of Palestine,2020,NT_CF_MAD,Min Acceptable Diet,Layer 2,31.2174,4,Middle East and North Africa,Lower middle income,76.66666666666667,83.33333333333334,70.0
PSE,State of Palestine,2020,NT_CF_MDD,Min Dietary Diversity,Layer 2,44.6583,4,Middle East and North Africa,Lower middle income,76.66666666666667,83.33333333333334,70.0
PSE,State of Palestine,2020,NT_CF_MMF,Min Meal Frequency,Layer 2,71.3384,4,Middle East and North Africa,Lower middle income,76.66666666666667,83.33333333333334,70.0
QAT,Qatar,2024,IM_DTP3,DTP3 Coverage,Layer 2,96.0,0,Middle East and North Africa,High income,66.66666666666667,83.33333333333334,50.0
QAT,Qatar,2023,MNCH_ANC4,ANC 4+ Visits,Layer 2,98.2,1,Middle East and North Africa,High income,66.66666666666667,83.33333333333334,50.0
QAT,Qatar,2023,MNCH_SAB,Skilled Birth Attendance,Layer 2,100.0,1,Middle East and North Africa,High income,66.66666666666667,83.33333333333334,50.0
QAT,Qatar,2023,NT_ANE_WOM_15_49_MOD,Anaemia WRA,Layer 1,23.6,1,Middle East and North Africa,High income,66.66666666666667,83.33333333333334,50.0
QAT,Qatar,2024,NT_ANT_HAZ_NE2_MOD,Stunting,Layer 1,5.4412,0,Middle East and North Africa,High income,66.66666666666667,83.33333333333334,50.0
QAT,Qatar,2024,NT_ANT_WHZ_PO2_MOD,Overweight,Layer 1,8.6309,0,Middle East and North Africa,High income,66.66666666666667,83.33333333333334,50.0
QAT,Qatar,2023,NT_BF_EIBF,Early BF Initiation,Layer 2,61.2893,1,Middle East and North Africa,High income,66.66666666666667,83.33333333333334,50.0
QAT,Qatar,2023,NT_BF_EXBF,Excl. BF,Layer 1,45.3747,1,Middle East and North Africa,High income,66.66666666666667,83.33333333333334,50.0
QAT,Qatar,2020,NT_BW_LBW,Low Birth Weight,Layer 1,9.9559,4,Middle East and North Africa,High income,66.66666666666667,83.33333333333334,50.0
QAT,Qatar,2023,NT_CF_MDD,Min Dietary Diversity,Layer 2,63.529,1,Middle East and North Africa,High income,66.66666666666667,83.33333333333334,50.0
QAT,Qatar,2012,NT_CF_MMF,Min Meal Frequency,Layer 2,40.0009,12,Middle East and North Africa,High income,66.66666666666667,83.33333333333334,50.0
ROU,Romania,2024,IM_DTP3,DTP3 Coverage,Layer 2,79.0,0,Europe and Central Asia,Upper middle income,48.33333333333333,66.66666666666666,30.0
ROU,Romania,2021,MNCH_ANC4,ANC 4+ Visits,Layer 2,70.1,3,Europe and Central Asia,Upper middle income,48.33333333333333,66.66666666666666,30.0
ROU,Romania,2022,MNCH_SAB,Skilled Birth Attendance,Layer 2,98.4,2,Europe and Central Asia,Upper middle income,48.33333333333333,66.66666666666666,30.0
ROU,Romania,2023,NT_ANE_WOM_15_49_MOD,Anaemia WRA,Layer 1,24.3,1,Europe and Central Asia,Upper middle income,48.33333333333333,66.66666666666666,30.0
ROU,Romania,2024,NT_ANT_HAZ_NE2_MOD,Stunting,Layer 1,6.9796,0,Europe and Central Asia,Upper middle income,48.33333333333333,66.66666666666666,30.0
ROU,Romania,2024,NT_ANT_WHZ_PO2_MOD,Overweight,Layer 1,4.8187,0,Europe and Central Asia,Upper middle income,48.33333333333333,66.66666666666666,30.0
ROU,Romania,2004,NT_BF_EIBF,Early BF Initiation,Layer 2,57.7,20,Europe and Central Asia,Upper middle income,48.33333333333333,66.66666666666666,30.0
ROU,Romania,2004,NT_BF_EXBF,Excl. BF,Layer 1,15.8,20,Europe and Central Asia,Upper middle income,48.33333333333333,66.66666666666666,30.0
ROU,Romania,2020,NT_BW_LBW,Low Birth Weight,Layer 1,8.8178,4,Europe and Central Asia,Upper middle income,48.33333333333333,66.66666666666666,30.0
RUS,Russian Federation,2024,IM_DTP3,DTP3 Coverage,Layer 2,97.0,0,Europe and Central Asia,Upper middle income,35.0,50.0,20.0
RUS,Russian Federation,2023,MNCH_SAB,Skilled Birth Attendance,Layer 2,99.7,1,Europe and Central Asia,Upper middle income,35.0,50.0,20.0
RUS,Russian Federation,2023,NT_ANE_WOM_15_49_MOD,Anaemia WRA,Layer 1,24.1,1,Europe and Central Asia,Upper middle income,35.0,50.0,20.0
RUS,Russian Federation,2024,NT_ANT_WHZ_PO2_MOD,Overweight,Layer 1,9.5126,0,Europe and Central Asia,Upper middle income,35.0,50.0,20.0
RUS,Russian Federation,2011,NT_BF_EIBF,Early BF Initiation,Layer 2,25.0,13,Europe and Central Asia,Upper middle income,35.0,50.0,20.0
RUS,Russian Federation,2020,NT_BW_LBW,Low Birth Weight,Layer 1,7.2682,4,Europe and Central Asia,Upper middle income,35.0,50.0,20.0
RWA,Rwanda,2024,IM_DTP3,DTP3 Coverage,Layer 2,98.0,0,Sub-Saharan Africa,Low income,76.66666666666667,83.33333333333334,70.0
RWA,Rwanda,2020,MNCH_ANC4,ANC 4+ Visits,Layer 2,47.2,4,Sub-Saharan Africa,Low income,76.66666666666667,83.33333333333334,70.0
RWA,Rwanda,2020,MNCH_SAB,Skilled Birth Attendance,Layer 2,94.2,4,Sub-Saharan Africa,Low income,76.66666666666667,83.33333333333334,70.0
RWA,Rwanda,2023,NT_ANE_WOM_15_49_MOD,Anaemia WRA,Layer 1,16.1,1,Sub-Saharan Africa,Low income,76.66666666666667,83.33333333333334,70.0
RWA,Rwanda,2024,NT_ANT_HAZ_NE2_MOD,Stunting,Layer 1,29.7876,0,Sub-Saharan Africa,Low income,76.66666666666667,83.33333333333334,70.0
RWA,Rwanda,2024,NT_ANT_WHZ_PO2_MOD,Overweight,Layer 1,5.0721,0,Sub-Saharan Africa,Low income,76.66666666666667,83.33333333333334,70.0
RWA,Rwanda,2020,NT_BF_EIBF,Early BF Initiation,Layer 2,85.338,4,Sub-Saharan Africa,Low income,76.66666666666667,83.33333333333334,70.0
RWA,Rwanda,2020,NT_BF_EXBF,Excl. BF,Layer 1,80.8959,4,Sub-Saharan Africa,Low income,76.66666666666667,83.33333333333334,70.0
RWA,Rwanda,2020,NT_BW_LBW,Low Birth Weight,Layer 1,9.3985,4,Sub-Saharan Africa,Low income,76.66666666666667,83.33333333333334,70.0
RWA,Rwanda,2020,NT_CF_MAD,Min Acceptable Diet,Layer 2,21.3698,4,Sub-Saharan Africa,Low income,76.66666666666667,83.33333333333334,70.0
RWA,Rwanda,2020,NT_CF_MDD,Min Dietary Diversity,Layer 2,34.4266,4,Sub-Saharan Africa,Low income,76.66666666666667,83.33333333333334,70.0
RWA,Rwanda,2020,NT_CF_MMF,Min Meal Frequency,Layer 2,45.4193,4,Sub-Saharan Africa,Low income,76.66666666666667,83.33333333333334,70.0
SAU,Saudi Arabia,2024,IM_DTP3,DTP3 Coverage,Layer 2,97.0,0,Middle East and North Africa,High income,40.0,50.0,30.0
SAU,Saudi Arabia,2019,MNCH_ANC4,ANC 4+ Visits,Layer 2,79.7,5,Middle East and North Africa,High income,40.0,50.0,30.0
SAU,Saudi Arabia,2024,MNCH_SAB,Skilled Birth Attendance,Layer 2,99.6,0,Middle East and North Africa,High income,40.0,50.0,30.0
SAU,Saudi Arabia,2023,NT_ANE_WOM_15_49_MOD,Anaemia WRA,Layer 1,17.6,1,Middle East and North Africa,High income,40.0,50.0,30.0
SAU,Saudi Arabia,2024,NT_ANT_HAZ_NE2_MOD,Stunting,Layer 1,11.1447,0,Middle East and North Africa,High income,40.0,50.0,30.0
SAU,Saudi Arabia,2024,NT_ANT_WHZ_PO2_MOD,Overweight,Layer 1,8.4482,0,Middle East and North Africa,High income,40.0,50.0,30.0
SDGRC_ARAB,(SDGRC) ESCWA_Arab countries,2024,IM_DTP3,DTP3 Coverage,Layer 2,77.0,0,,,66.66666666666667,83.33333333333334,50.0
SDGRC_ARAB,(SDGRC) ESCWA_Arab countries,2024,MNCH_ANC4,ANC 4+ Visits,Layer 2,63.8,0,,,66.66666666666667,83.33333333333334,50.0
SDGRC_ARAB,(SDGRC) ESCWA_Arab countries,2024,MNCH_SAB,Skilled Birth Attendance,Layer 2,88.8,0,,,66.66666666666667,83.33333333333334,50.0
SDGRC_ARAB,(SDGRC) ESCWA_Arab countries,2023,NT_ANE_WOM_15_49_MOD,Anaemia WRA,Layer 1,31.4636,1,,,66.66666666666667,83.33333333333334,50.0
SDGRC_ARAB,(SDGRC) ESCWA_Arab countries,2024,NT_ANT_HAZ_NE2_MOD,Stunting,Layer 1,20.2772,0,,,66.66666666666667,83.33333333333334,50.0
SDGRC_ARAB,(SDGRC) ESCWA_Arab countries,2024,NT_ANT_WHZ_PO2_MOD,Overweight,Layer 1,6.9244,0,,,66.66666666666667,83.33333333333334,50.0
SDGRC_ARAB,(SDGRC) ESCWA_Arab countries,2024,NT_BF_EIBF,Early BF Initiation,Layer 2,37.5843,0,,,66.66666666666667,83.33333333333334,50.0
SDGRC_ARAB,(SDGRC) ESCWA_Arab countries,2024,NT_BF_EXBF,Excl. BF,Layer 1,32.9893,0,,,66.66666666666667,83.33333333333334,50.0
SDGRC_ARAB,(SDGRC) ESCWA_Arab countries,2020,NT_BW_LBW,Low Birth Weight,Layer 1,13.3096,4,,,66.66666666666667,83.33333333333334,50.0
SDGRC_ARAB,(SDGRC) ESCWA_Arab countries,2024,NT_CF_MDD,Min Dietary Diversity,Layer 2,34.8713,0,,,66.66666666666667,83.33333333333334,50.0
SDGRC_AUC,(SDGRC) ECA_African Union Commission,2024,IM_DTP3,DTP3 Coverage,Layer 2,76.0,0,,,76.66666666666667,83.33333333333334,70.0
SDGRC_AUC,(SDGRC) ECA_African Union Commission,2024,MNCH_ANC4,ANC 4+ Visits,Layer 2,59.9,0,,,76.66666666666667,83.33333333333334,70.0
SDGRC_AUC,(SDGRC) ECA_African Union Commission,2024,MNCH_SAB,Skilled Birth Attendance,Layer 2,74.8,0,,,76.66666666666667,83.33333333333334,70.0
SDGRC_AUC,(SDGRC) ECA_African Union Commission,2023,NT_ANE_WOM_15_49_MOD,Anaemia WRA,Layer 1,35.8945,1,,,76.66666666666667,83.33333333333334,70.0
SDGRC_AUC,(SDGRC) ECA_African Union Commission,2024,NT_ANT_HAZ_NE2_MOD,Stunting,Layer 1,30.2716,0,,,76.66666666666667,83.33333333333334,70.0
SDGRC_AUC,(SDGRC) ECA_African Union Commission,2024,NT_ANT_WHZ_PO2_MOD,Overweight,Layer 1,4.5078,0,,,76.66666666666667,83.33333333333334,70.0
SDGRC_AUC,(SDGRC) ECA_African Union Commission,2024,NT_BF_EIBF,Early BF Initiation,Layer 2,54.4855,0,,,76.66666666666667,83.33333333333334,70.0
SDGRC_AUC,(SDGRC) ECA_African Union Commission,2024,NT_BF_EXBF,Excl. BF,Layer 1,44.7919,0,,,76.66666666666667,83.33333333333334,70.0
SDGRC_AUC,(SDGRC) ECA_African Union Commission,2020,NT_BW_LBW,Low Birth Weight,Layer 1,13.8886,4,,,76.66666666666667,83.33333333333334,70.0
SDGRC_AUC,(SDGRC) ECA_African Union Commission,2024,NT_CF_MAD,Min Acceptable Diet,Layer 2,11.9608,0,,,76.66666666666667,83.33333333333334,70.0
SDGRC_AUC,(SDGRC) ECA_African Union Commission,2024,NT_CF_MDD,Min Dietary Diversity,Layer 2,20.5327,0,,,76.66666666666667,83.33333333333334,70.0
SDGRC_AUC,(SDGRC) ECA_African Union Commission,2024,NT_CF_MMF,Min Meal Frequency,Layer 2,44.014,0,,,76.66666666666667,83.33333333333334,70.0
SDGRC_ECA_ALL,(SDGRC) United Nations Economic Commission for Africa,2024,IM_DTP3,DTP3 Coverage,Layer 2,76.0,0,,,76.66666666666667,83.33333333333334,70.0
SDGRC_ECA_ALL,(SDGRC) United Nations Economic Commission for Africa,2024,MNCH_ANC4,ANC 4+ Visits,Layer 2,59.9,0,,,76.66666666666667,83.33333333333334,70.0
SDGRC_ECA_ALL,(SDGRC) United Nations Economic Commission for Africa,2024,MNCH_SAB,Skilled Birth Attendance,Layer 2,74.8,0,,,76.66666666666667,83.33333333333334,70.0
SDGRC_ECA_ALL,(SDGRC) United Nations Economic Commission for Africa,2023,NT_ANE_WOM_15_49_MOD,Anaemia WRA,Layer 1,35.8945,1,,,76.66666666666667,83.33333333333334,70.0
SDGRC_ECA_ALL,(SDGRC) United Nations Economic Commission for Africa,2024,NT_ANT_HAZ_NE2_MOD,Stunting,Layer 1,30.2716,0,,,76.66666666666667,83.33333333333334,70.0
SDGRC_ECA_ALL,(SDGRC) United Nations Economic Commission for Africa,2024,NT_ANT_WHZ_PO2_MOD,Overweight,Layer 1,4.5078,0,,,76.66666666666667,83.33333333333334,70.0
SDGRC_ECA_ALL,(SDGRC) United Nations Economic Commission for Africa,2024,NT_BF_EIBF,Early BF Initiation,Layer 2,54.4855,0,,,76.66666666666667,83.33333333333334,70.0
SDGRC_ECA_ALL,(SDGRC) United Nations Economic Commission for Africa,2024,NT_BF_EXBF,Excl. BF,Layer 1,44.7919,0,,,76.66666666666667,83.33333333333334,70.0
SDGRC_ECA_ALL,(SDGRC) United Nations Economic Commission for Africa,2020,NT_BW_LBW,Low Birth Weight,Layer 1,13.8886,4,,,76.66666666666667,83.33333333333334,70.0
SDGRC_ECA_ALL,(SDGRC) United Nations Economic Commission for Africa,2024,NT_CF_MAD,Min Acceptable Diet,Layer 2,11.9608,0,,,76.66666666666667,83.33333333333334,70.0
SDGRC_ECA_ALL,(SDGRC) United Nations Economic Commission for Africa,2024,NT_CF_MDD,Min Dietary Diversity,Layer 2,20.5327,0,,,76.66666666666667,83.33333333333334,70.0
SDGRC_ECA_ALL,(SDGRC) United Nations Economic Commission for Africa,2024,NT_CF_MMF,Min Meal Frequency,Layer 2,44.014,0,,,76.66666666666667,83.33333333333334,70.0
SDGRC_ECA_AMU,(SDGRC) ECA AMU,2024,IM_DTP3,DTP3 Coverage,Layer 2,93.0,0,,,76.66666666666667,83.33333333333334,70.0
SDGRC_ECA_AMU,(SDGRC) ECA AMU,2024,MNCH_ANC4,ANC 4+ Visits,Layer 2,73.6,0,,,76.66666666666667,83.33333333333334,70.0
SDGRC_ECA_AMU,(SDGRC) ECA AMU,2024,MNCH_SAB,Skilled Birth Attendance,Layer 2,95.1,0,,,76.66666666666667,83.33333333333334,70.0
SDGRC_ECA_AMU,(SDGRC) ECA AMU,2023,NT_ANE_WOM_15_49_MOD,Anaemia WRA,Layer 1,31.2708,1,,,76.66666666666667,83.33333333333334,70.0
SDGRC_ECA_AMU,(SDGRC) ECA AMU,2024,NT_ANT_HAZ_NE2_MOD,Stunting,Layer 1,11.432,0,,,76.66666666666667,83.33333333333334,70.0
SDGRC_ECA_AMU,(SDGRC) ECA AMU,2024,NT_ANT_WHZ_PO2_MOD,Overweight,Layer 1,9.3482,0,,,76.66666666666667,83.33333333333334,70.0
SDGRC_ECA_AMU,(SDGRC) ECA AMU,2024,NT_BF_EIBF,Early BF Initiation,Layer 2,36.1974,0,,,76.66666666666667,83.33333333333334,70.0
SDGRC_ECA_AMU,(SDGRC) ECA AMU,2024,NT_BF_EXBF,Excl. BF,Layer 1,28.8595,0,,,76.66666666666667,83.33333333333334,70.0
SDGRC_ECA_AMU,(SDGRC) ECA AMU,2020,NT_BW_LBW,Low Birth Weight,Layer 1,10.3136,4,,,76.66666666666667,83.33333333333334,70.0
SDGRC_ECA_AMU,(SDGRC) ECA AMU,2024,NT_CF_MAD,Min Acceptable Diet,Layer 2,21.6594,0,,,76.66666666666667,83.33333333333334,70.0
SDGRC_ECA_AMU,(SDGRC) ECA AMU,2024,NT_CF_MDD,Min Dietary Diversity,Layer 2,40.0645,0,,,76.66666666666667,83.33333333333334,70.0
SDGRC_ECA_AMU,(SDGRC) ECA AMU,2024,NT_CF_MMF,Min Meal Frequency,Layer 2,46.5991,0,,,76.66666666666667,83.33333333333334,70.0
SDGRC_ECA_CA,(SDGRC) Central Africa,2024,IM_DTP3,DTP3 Coverage,Layer 2,70.0,0,,,76.66666666666667,83.33333333333334,70.0
SDGRC_ECA_CA,(SDGRC) Central Africa,2024,MNCH_ANC4,ANC 4+ Visits,Layer 2,56.3,0,,,76.66666666666667,83.33333333333334,70.0
SDGRC_ECA_CA,(SDGRC) Central Africa,2024,MNCH_SAB,Skilled Birth Attendance,Layer 2,69.1,0,,,76.66666666666667,83.33333333333334,70.0
SDGRC_ECA_CA,(SDGRC) Central Africa,2023,NT_ANE_WOM_15_49_MOD,Anaemia WRA,Layer 1,43.145,1,,,76.66666666666667,83.33333333333334,70.0
SDGRC_ECA_CA,(SDGRC) Central Africa,2024,NT_ANT_HAZ_NE2_MOD,Stunting,Layer 1,28.1444,0,,,76.66666666666667,83.33333333333334,70.0
SDGRC_ECA_CA,(SDGRC) Central Africa,2024,NT_ANT_WHZ_PO2_MOD,Overweight,Layer 1,7.5984,0,,,76.66666666666667,83.33333333333334,70.0
SDGRC_ECA_CA,(SDGRC) Central Africa,2024,NT_BF_EIBF,Early BF Initiation,Layer 2,50.1699,0,,,76.66666666666667,83.33333333333334,70.0
SDGRC_ECA_CA,(SDGRC) Central Africa,2024,NT_BF_EXBF,Excl. BF,Layer 1,25.733,0,,,76.66666666666667,83.33333333333334,70.0
SDGRC_ECA_CA,(SDGRC) Central Africa,2020,NT_BW_LBW,Low Birth Weight,Layer 1,13.9221,4,,,76.66666666666667,83.33333333333334,70.0
SDGRC_ECA_CA,(SDGRC) Central Africa,2024,NT_CF_MAD,Min Acceptable Diet,Layer 2,22.5141,0,,,76.66666666666667,83.33333333333334,70.0
SDGRC_ECA_CA,(SDGRC) Central Africa,2024,NT_CF_MDD,Min Dietary Diversity,Layer 2,23.6735,0,,,76.66666666666667,83.33333333333334,70.0
SDGRC_ECA_CA,(SDGRC) Central Africa,2024,NT_CF_MMF,Min Meal Frequency,Layer 2,50.8267,0,,,76.66666666666667,83.33333333333334,70.0
SDGRC_ECA_CEN_SAD,(SDGRC) ECA_CEN-SAD,2024,IM_DTP3,DTP3 Coverage,Layer 2,75.0,0,,,76.66666666666667,83.33333333333334,70.0
SDGRC_ECA_CEN_SAD,(SDGRC) ECA_CEN-SAD,2024,MNCH_ANC4,ANC 4+ Visits,Layer 2,57.6,0,,,76.66666666666667,83.33333333333334,70.0
SDGRC_ECA_CEN_SAD,(SDGRC) ECA_CEN-SAD,2024,MNCH_SAB,Skilled Birth Attendance,Layer 2,69.2,0,,,76.66666666666667,83.33333333333334,70.0
SDGRC_ECA_CEN_SAD,(SDGRC) ECA_CEN-SAD,2023,NT_ANE_WOM_15_49_MOD,Anaemia WRA,Layer 1,38.6953,1,,,76.66666666666667,83.33333333333334,70.0
SDGRC_ECA_CEN_SAD,(SDGRC) ECA_CEN-SAD,2024,NT_ANT_HAZ_NE2_MOD,Stunting,Layer 1,27.397,0,,,76.66666666666667,83.33333333333334,70.0
SDGRC_ECA_CEN_SAD,(SDGRC) ECA_CEN-SAD,2024,NT_ANT_WHZ_PO2_MOD,Overweight,Layer 1,3.5057,0,,,76.66666666666667,83.33333333333334,70.0
SDGRC_ECA_CEN_SAD,(SDGRC) ECA_CEN-SAD,2024,NT_BF_EIBF,Early BF Initiation,Layer 2,43.0171,0,,,76.66666666666667,83.33333333333334,70.0
SDGRC_ECA_CEN_SAD,(SDGRC) ECA_CEN-SAD,2024,NT_BF_EXBF,Excl. BF,Layer 1,33.5011,0,,,76.66666666666667,83.33333333333334,70.0
SDGRC_ECA_CEN_SAD,(SDGRC) ECA_CEN-SAD,2020,NT_BW_LBW,Low Birth Weight,Layer 1,14.5113,4,,,76.66666666666667,83.33333333333334,70.0
SDGRC_ECA_CEN_SAD,(SDGRC) ECA_CEN-SAD,2024,NT_CF_MAD,Min Acceptable Diet,Layer 2,13.3042,0,,,76.66666666666667,83.33333333333334,70.0
SDGRC_ECA_CEN_SAD,(SDGRC) ECA_CEN-SAD,2024,NT_CF_MDD,Min Dietary Diversity,Layer 2,22.2748,0,,,76.66666666666667,83.33333333333334,70.0
SDGRC_ECA_CEN_SAD,(SDGRC) ECA_CEN-SAD,2024,NT_CF_MMF,Min Meal Frequency,Layer 2,43.5868,0,,,76.66666666666667,83.33333333333334,70.0
SDGRC_ECA_COMESA,(SDGRC) ECA_COMESA,2024,IM_DTP3,DTP3 Coverage,Layer 2,76.0,0,,,76.66666666666667,83.33333333333334,70.0
SDGRC_ECA_COMESA,(SDGRC) ECA_COMESA,2024,MNCH_ANC4,ANC 4+ Visits,Layer 2,60.4,0,,,76.66666666666667,83.33333333333334,70.0
SDGRC_ECA_COMESA,(SDGRC) ECA_COMESA,2024,MNCH_SAB,Skilled Birth Attendance,Layer 2,79.8,0,,,76.66666666666667,83.33333333333334,70.0
SDGRC_ECA_COMESA,(SDGRC) ECA_COMESA,2023,NT_ANE_WOM_15_49_MOD,Anaemia WRA,Layer 1,31.3697,1,,,76.66666666666667,83.33333333333334,70.0
SDGRC_ECA_COMESA,(SDGRC) ECA_COMESA,2024,NT_ANT_HAZ_NE2_MOD,Stunting,Layer 1,31.3784,0,,,76.66666666666667,83.33333333333334,70.0
SDGRC_ECA_COMESA,(SDGRC) ECA_COMESA,2024,NT_ANT_WHZ_PO2_MOD,Overweight,Layer 1,4.7728,0,,,76.66666666666667,83.33333333333334,70.0
SDGRC_ECA_COMESA,(SDGRC) ECA_COMESA,2024,NT_BF_EIBF,Early BF Initiation,Layer 2,61.2868,0,,,76.66666666666667,83.33333333333334,70.0
SDGRC_ECA_COMESA,(SDGRC) ECA_COMESA,2024,NT_BF_EXBF,Excl. BF,Layer 1,53.8249,0,,,76.66666666666667,83.33333333333334,70.0
SDGRC_ECA_COMESA,(SDGRC) ECA_COMESA,2020,NT_BW_LBW,Low Birth Weight,Layer 1,13.8531,4,,,76.66666666666667,83.33333333333334,70.0
SDGRC_ECA_COMESA,(SDGRC) ECA_COMESA,2024,NT_CF_MAD,Min Acceptable Diet,Layer 2,14.0672,0,,,76.66666666666667,83.33333333333334,70.0
SDGRC_ECA_COMESA,(SDGRC) ECA_COMESA,2024,NT_CF_MDD,Min Dietary Diversity,Layer 2,21.8533,0,,,76.66666666666667,83.33333333333334,70.0
SDGRC_ECA_COMESA,(SDGRC) ECA_COMESA,2024,NT_CF_MMF,Min Meal Frequency,Layer 2,49.585,0,,,76.66666666666667,83.33333333333334,70.0
SDGRC_ECA_EA,(SDGRC) Eastern Africa,2024,IM_DTP3,DTP3 Coverage,Layer 2,76.0,0,,,76.66666666666667,83.33333333333334,70.0
SDGRC_ECA_EA,(SDGRC) Eastern Africa,2024,MNCH_ANC4,ANC 4+ Visits,Layer 2,57.4,0,,,76.66666666666667,83.33333333333334,70.0
SDGRC_ECA_EA,(SDGRC) Eastern Africa,2024,MNCH_SAB,Skilled Birth Attendance,Layer 2,75.1,0,,,76.66666666666667,83.33333333333334,70.0
SDGRC_ECA_EA,(SDGRC) Eastern Africa,2023,NT_ANE_WOM_15_49_MOD,Anaemia WRA,Layer 1,32.264,1,,,76.66666666666667,83.33333333333334,70.0
SDGRC_ECA_EA,(SDGRC) Eastern Africa,2024,NT_ANT_HAZ_NE2_MOD,Stunting,Layer 1,34.0638,0,,,76.66666666666667,83.33333333333334,70.0
SDGRC_ECA_EA,(SDGRC) Eastern Africa,2024,NT_ANT_WHZ_PO2_MOD,Overweight,Layer 1,3.8421,0,,,76.66666666666667,83.33333333333334,70.0
SDGRC_ECA_EA,(SDGRC) Eastern Africa,2024,NT_BF_EIBF,Early BF Initiation,Layer 2,66.4897,0,,,76.66666666666667,83.33333333333334,70.0
SDGRC_ECA_EA,(SDGRC) Eastern Africa,2024,NT_BF_EXBF,Excl. BF,Layer 1,57.5611,0,,,76.66666666666667,83.33333333333334,70.0
SDGRC_ECA_EA,(SDGRC) Eastern Africa,2020,NT_BW_LBW,Low Birth Weight,Layer 1,12.9928,4,,,76.66666666666667,83.33333333333334,70.0
SDGRC_ECA_EA,(SDGRC) Eastern Africa,2024,NT_CF_MAD,Min Acceptable Diet,Layer 2,11.2876,0,,,76.66666666666667,83.33333333333334,70.0
SDGRC_ECA_EA,(SDGRC) Eastern Africa,2024,NT_CF_MDD,Min Dietary Diversity,Layer 2,18.1361,0,,,76.66666666666667,83.33333333333334,70.0
SDGRC_ECA_EA,(SDGRC) Eastern Africa,2024,NT_CF_MMF,Min Meal Frequency,Layer 2,46.2376,0,,,76.66666666666667,83.33333333333334,70.0
SDGRC_ECA_EAC,(SDGRC) ECA_EAC,2024,IM_DTP3,DTP3 Coverage,Layer 2,79.0,0,,,76.66666666666667,83.33333333333334,70.0
SDGRC_ECA_EAC,(SDGRC) ECA_EAC,2024,MNCH_ANC4,ANC 4+ Visits,Layer 2,57.2,0,,,76.66666666666667,83.33333333333334,70.0
SDGRC_ECA_EAC,(SDGRC) ECA_EAC,2024,MNCH_SAB,Skilled Birth Attendance,Layer 2,85.9,0,,,76.66666666666667,83.33333333333334,70.0
SDGRC_ECA_EAC,(SDGRC) ECA_EAC,2023,NT_ANE_WOM_15_49_MOD,Anaemia WRA,Layer 1,34.8655,1,,,76.66666666666667,83.33333333333334,70.0
SDGRC_ECA_EAC,(SDGRC) ECA_EAC,2024,NT_ANT_HAZ_NE2_MOD,Stunting,Layer 1,33.7672,0,,,76.66666666666667,83.33333333333334,70.0
SDGRC_ECA_EAC,(SDGRC) ECA_EAC,2024,NT_ANT_WHZ_PO2_MOD,Overweight,Layer 1,4.2803,0,,,76.66666666666667,83.33333333333334,70.0
SDGRC_ECA_EAC,(SDGRC) ECA_EAC,2024,NT_BF_EIBF,Early BF Initiation,Layer 2,65.0098,0,,,76.66666666666667,83.33333333333334,70.0
SDGRC_ECA_EAC,(SDGRC) ECA_EAC,2024,NT_BF_EXBF,Excl. BF,Layer 1,59.4807,0,,,76.66666666666667,83.33333333333334,70.0
SDGRC_ECA_EAC,(SDGRC) ECA_EAC,2020,NT_BW_LBW,Low Birth Weight,Layer 1,11.3119,4,,,76.66666666666667,83.33333333333334,70.0
SDGRC_ECA_EAC,(SDGRC) ECA_EAC,2024,NT_CF_MAD,Min Acceptable Diet,Layer 2,10.9494,0,,,76.66666666666667,83.33333333333334,70.0
SDGRC_ECA_EAC,(SDGRC) ECA_EAC,2024,NT_CF_MDD,Min Dietary Diversity,Layer 2,18.9743,0,,,76.66666666666667,83.33333333333334,70.0
SDGRC_ECA_EAC,(SDGRC) ECA_EAC,2024,NT_CF_MMF,Min Meal Frequency,Layer 2,40.8344,0,,,76.66666666666667,83.33333333333334,70.0
SDGRC_ECA_ECCAS,(SDGRC) ECA_ECCAS,2024,IM_DTP3,DTP3 Coverage,Layer 2,69.0,0,,,76.66666666666667,83.33333333333334,70.0
SDGRC_ECA_ECCAS,(SDGRC) ECA_ECCAS,2024,MNCH_ANC4,ANC 4+ Visits,Layer 2,50.3,0,,,76.66666666666667,83.33333333333334,70.0
SDGRC_ECA_ECCAS,(SDGRC) ECA_ECCAS,2024,MNCH_SAB,Skilled Birth Attendance,Layer 2,79.9,0,,,76.66666666666667,83.33333333333334,70.0
SDGRC_ECA_ECCAS,(SDGRC) ECA_ECCAS,2023,NT_ANE_WOM_15_49_MOD,Anaemia WRA,Layer 1,39.8042,1,,,76.66666666666667,83.33333333333334,70.0
SDGRC_ECA_ECCAS,(SDGRC) ECA_ECCAS,2024,NT_ANT_HAZ_NE2_MOD,Stunting,Layer 1,40.4418,0,,,76.66666666666667,83.33333333333334,70.0
SDGRC_ECA_ECCAS,(SDGRC) ECA_ECCAS,2024,NT_ANT_WHZ_PO2_MOD,Overweight,Layer 1,5.1079,0,,,76.66666666666667,83.33333333333334,70.0
SDGRC_ECA_ECCAS,(SDGRC) ECA_ECCAS,2024,NT_BF_EIBF,Early BF Initiation,Layer 2,55.8239,0,,,76.66666666666667,83.33333333333334,70.0
SDGRC_ECA_ECCAS,(SDGRC) ECA_ECCAS,2024,NT_BF_EXBF,Excl. BF,Layer 1,45.7325,0,,,76.66666666666667,83.33333333333334,70.0
SDGRC_ECA_ECCAS,(SDGRC) ECA_ECCAS,2020,NT_BW_LBW,Low Birth Weight,Layer 1,12.2137,4,,,76.66666666666667,83.33333333333334,70.0
SDGRC_ECA_ECCAS,(SDGRC) ECA_ECCAS,2024,NT_CF_MAD,Min Acceptable Diet,Layer 2,11.6337,0,,,76.66666666666667,83.33333333333334,70.0
SDGRC_ECA_ECCAS,(SDGRC) ECA_ECCAS,2024,NT_CF_MDD,Min Dietary Diversity,Layer 2,18.8143,0,,,76.66666666666667,83.33333333333334,70.0
SDGRC_ECA_ECCAS,(SDGRC) ECA_ECCAS,2024,NT_CF_MMF,Min Meal Frequency,Layer 2,34.7417,0,,,76.66666666666667,83.33333333333334,70.0
SDGRC_ECA_ECOWAS,(SDGRC) ECA_ECOWAS,2024,IM_DTP3,DTP3 Coverage,Layer 2,75.0,0,,,76.66666666666667,83.33333333333334,70.0
SDGRC_ECA_ECOWAS,(SDGRC) ECA_ECOWAS,2024,MNCH_ANC4,ANC 4+ Visits,Layer 2,60.2,0,,,76.66666666666667,83.33333333333334,70.0
SDGRC_ECA_ECOWAS,(SDGRC) ECA_ECOWAS,2024,MNCH_SAB,Skilled Birth Attendance,Layer 2,61.9,0,,,76.66666666666667,83.33333333333334,70.0
SDGRC_ECA_ECOWAS,(SDGRC) ECA_ECOWAS,2023,NT_ANE_WOM_15_49_MOD,Anaemia WRA,Layer 1,40.324,1,,,76.66666666666667,83.33333333333334,70.0
SDGRC_ECA_ECOWAS,(SDGRC) ECA_ECOWAS,2024,NT_ANT_HAZ_NE2_MOD,Stunting,Layer 1,29.344,0,,,76.66666666666667,83.33333333333334,70.0
SDGRC_ECA_ECOWAS,(SDGRC) ECA_ECOWAS,2024,NT_ANT_WHZ_PO2_MOD,Overweight,Layer 1,2.228,0,,,76.66666666666667,83.33333333333334,70.0
SDGRC_ECA_ECOWAS,(SDGRC) ECA_ECOWAS,2024,NT_BF_EIBF,Early BF Initiation,Layer 2,38.8503,0,,,76.66666666666667,83.33333333333334,70.0
SDGRC_ECA_ECOWAS,(SDGRC) ECA_ECOWAS,2024,NT_BF_EXBF,Excl. BF,Layer 1,33.9591,0,,,76.66666666666667,83.33333333333334,70.0
SDGRC_ECA_ECOWAS,(SDGRC) ECA_ECOWAS,2020,NT_BW_LBW,Low Birth Weight,Layer 1,13.7439,4,,,76.66666666666667,83.33333333333334,70.0
SDGRC_ECA_ECOWAS,(SDGRC) ECA_ECOWAS,2024,NT_CF_MAD,Min Acceptable Diet,Layer 2,8.4197,0,,,76.66666666666667,83.33333333333334,70.0
SDGRC_ECA_ECOWAS,(SDGRC) ECA_ECOWAS,2024,NT_CF_MDD,Min Dietary Diversity,Layer 2,18.454,0,,,76.66666666666667,83.33333333333334,70.0
SDGRC_ECA_ECOWAS,(SDGRC) ECA_ECOWAS,2024,NT_CF_MMF,Min Meal Frequency,Layer 2,37.5535,0,,,76.66666666666667,83.33333333333334,70.0
SDGRC_ECA_IE,(SDGRC) ECA_Island economies,2024,IM_DTP3,DTP3 Coverage,Layer 2,61.0,0,,,76.66666666666667,83.33333333333334,70.0
SDGRC_ECA_IE,(SDGRC) ECA_Island economies,2024,MNCH_ANC4,ANC 4+ Visits,Layer 2,66.6,0,,,76.66666666666667,83.33333333333334,70.0
SDGRC_ECA_IE,(SDGRC) ECA_Island economies,2024,MNCH_SAB,Skilled Birth Attendance,Layer 2,62.0,0,,,76.66666666666667,83.33333333333334,70.0
SDGRC_ECA_IE,(SDGRC) ECA_Island economies,2023,NT_ANE_WOM_15_49_MOD,Anaemia WRA,Layer 1,36.8824,1,,,76.66666666666667,83.33333333333334,70.0
SDGRC_ECA_IE,(SDGRC) ECA_Island economies,2024,NT_ANT_HAZ_NE2_MOD,Stunting,Layer 1,37.0544,0,,,76.66666666666667,83.33333333333334,70.0
SDGRC_ECA_IE,(SDGRC) ECA_Island economies,2024,NT_ANT_WHZ_PO2_MOD,Overweight,Layer 1,2.4542,0,,,76.66666666666667,83.33333333333334,70.0
SDGRC_ECA_IE,(SDGRC) ECA_Island economies,2024,NT_BF_EIBF,Early BF Initiation,Layer 2,64.7917,0,,,76.66666666666667,83.33333333333334,70.0
SDGRC_ECA_IE,(SDGRC) ECA_Island economies,2024,NT_BF_EXBF,Excl. BF,Layer 1,53.6309,0,,,76.66666666666667,83.33333333333334,70.0
SDGRC_ECA_IE,(SDGRC) ECA_Island economies,2020,NT_BW_LBW,Low Birth Weight,Layer 1,18.7017,4,,,76.66666666666667,83.33333333333334,70.0
SDGRC_ECA_IE,(SDGRC) ECA_Island economies,2024,NT_CF_MAD,Min Acceptable Diet,Layer 2,14.9,0,,,76.66666666666667,83.33333333333334,70.0
SDGRC_ECA_IE,(SDGRC) ECA_Island economies,2024,NT_CF_MDD,Min Dietary Diversity,Layer 2,21.0542,0,,,76.66666666666667,83.33333333333334,70.0
SDGRC_ECA_IE,(SDGRC) ECA_Island economies,2024,NT_CF_MMF,Min Meal Frequency,Layer 2,69.2,0,,,76.66666666666667,83.33333333333334,70.0
SDGRC_ECA_IGAD,(SDGRC) ECA_IGAD,2024,IM_DTP3,DTP3 Coverage,Layer 2,73.0,0,,,76.66666666666667,83.33333333333334,70.0
SDGRC_ECA_IGAD,(SDGRC) ECA_IGAD,2024,MNCH_ANC4,ANC 4+ Visits,Layer 2,56.4,0,,,76.66666666666667,83.33333333333334,70.0
SDGRC_ECA_IGAD,(SDGRC) ECA_IGAD,2024,MNCH_SAB,Skilled Birth Attendance,Layer 2,70.3,0,,,76.66666666666667,83.33333333333334,70.0
SDGRC_ECA_IGAD,(SDGRC) ECA_IGAD,2023,NT_ANE_WOM_15_49_MOD,Anaemia WRA,Layer 1,28.8966,1,,,76.66666666666667,83.33333333333334,70.0
SDGRC_ECA_IGAD,(SDGRC) ECA_IGAD,2024,NT_ANT_HAZ_NE2_MOD,Stunting,Layer 1,29.905,0,,,76.66666666666667,83.33333333333334,70.0
SDGRC_ECA_IGAD,(SDGRC) ECA_IGAD,2024,NT_ANT_WHZ_PO2_MOD,Overweight,Layer 1,3.4628,0,,,76.66666666666667,83.33333333333334,70.0
SDGRC_ECA_IGAD,(SDGRC) ECA_IGAD,2024,NT_BF_EIBF,Early BF Initiation,Layer 2,70.6292,0,,,76.66666666666667,83.33333333333334,70.0
SDGRC_ECA_IGAD,(SDGRC) ECA_IGAD,2024,NT_BF_EXBF,Excl. BF,Layer 1,55.9656,0,,,76.66666666666667,83.33333333333334,70.0
SDGRC_ECA_IGAD,(SDGRC) ECA_IGAD,2020,NT_BW_LBW,Low Birth Weight,Layer 1,14.5933,4,,,76.66666666666667,83.33333333333334,70.0
SDGRC_ECA_IGAD,(SDGRC) ECA_IGAD,2024,NT_CF_MAD,Min Acceptable Diet,Layer 2,14.3477,0,,,76.66666666666667,83.33333333333334,70.0
SDGRC_ECA_IGAD,(SDGRC) ECA_IGAD,2024,NT_CF_MDD,Min Dietary Diversity,Layer 2,18.4353,0,,,76.66666666666667,83.33333333333334,70.0
SDGRC_ECA_IGAD,(SDGRC) ECA_IGAD,2024,NT_CF_MMF,Min Meal Frequency,Layer 2,59.9772,0,,,76.66666666666667,83.33333333333334,70.0
SDGRC_ECA_LDC,(SDGRC) ECA_Least developed countries,2024,IM_DTP3,DTP3 Coverage,Layer 2,74.0,0,,,76.66666666666667,83.33333333333334,70.0
SDGRC_ECA_LDC,(SDGRC) ECA_Least developed countries,2024,MNCH_ANC4,ANC 4+ Visits,Layer 2,55.0,0,,,76.66666666666667,83.33333333333334,70.0
SDGRC_ECA_LDC,(SDGRC) ECA_Least developed countries,2024,MNCH_SAB,Skilled Birth Attendance,Layer 2,75.0,0,,,76.66666666666667,83.33333333333334,70.0
SDGRC_ECA_LDC,(SDGRC) ECA_Least developed countries,2023,NT_ANE_WOM_15_49_MOD,Anaemia WRA,Layer 1,36.6726,1,,,76.66666666666667,83.33333333333334,70.0
SDGRC_ECA_LDC,(SDGRC) ECA_Least developed countries,2024,NT_ANT_HAZ_NE2_MOD,Stunting,Layer 1,34.6727,0,,,76.66666666666667,83.33333333333334,70.0
SDGRC_ECA_LDC,(SDGRC) ECA_Least developed countries,2024,NT_ANT_WHZ_PO2_MOD,Overweight,Layer 1,3.6641,0,,,76.66666666666667,83.33333333333334,70.0
SDGRC_ECA_LDC,(SDGRC) ECA_Least developed countries,2024,NT_BF_EIBF,Early BF Initiation,Layer 2,62.9321,0,,,76.66666666666667,83.33333333333334,70.0
SDGRC_ECA_LDC,(SDGRC) ECA_Least developed countries,2024,NT_BF_EXBF,Excl. BF,Layer 1,50.5835,0,,,76.66666666666667,83.33333333333334,70.0
SDGRC_ECA_LDC,(SDGRC) ECA_Least developed countries,2020,NT_BW_LBW,Low Birth Weight,Layer 1,14.286,4,,,76.66666666666667,83.33333333333334,70.0
SDGRC_ECA_LDC,(SDGRC) ECA_Least developed countries,2024,NT_CF_MAD,Min Acceptable Diet,Layer 2,9.9426,0,,,76.66666666666667,83.33333333333334,70.0
SDGRC_ECA_LDC,(SDGRC) ECA_Least developed countries,2024,NT_CF_MDD,Min Dietary Diversity,Layer 2,17.2066,0,,,76.66666666666667,83.33333333333334,70.0
SDGRC_ECA_LDC,(SDGRC) ECA_Least developed countries,2024,NT_CF_MMF,Min Meal Frequency,Layer 2,41.8708,0,,,76.66666666666667,83.33333333333334,70.0
SDGRC_ECA_LLC,(SDGRC) ECA_Land-locked countries,2024,IM_DTP3,DTP3 Coverage,Layer 2,81.0,0,,,76.66666666666667,83.33333333333334,70.0
SDGRC_ECA_LLC,(SDGRC) ECA_Land-locked countries,2024,MNCH_ANC4,ANC 4+ Visits,Layer 2,58.0,0,,,76.66666666666667,83.33333333333334,70.0
SDGRC_ECA_LLC,(SDGRC) ECA_Land-locked countries,2024,MNCH_SAB,Skilled Birth Attendance,Layer 2,69.8,0,,,76.66666666666667,83.33333333333334,70.0
SDGRC_ECA_LLC,(SDGRC) ECA_Land-locked countries,2023,NT_ANE_WOM_15_49_MOD,Anaemia WRA,Layer 1,31.4531,1,,,76.66666666666667,83.33333333333334,70.0
SDGRC_ECA_LLC,(SDGRC) ECA_Land-locked countries,2024,NT_ANT_HAZ_NE2_MOD,Stunting,Layer 1,32.463,0,,,76.66666666666667,83.33333333333334,70.0
SDGRC_ECA_LLC,(SDGRC) ECA_Land-locked countries,2024,NT_ANT_WHZ_PO2_MOD,Overweight,Layer 1,3.5014,0,,,76.66666666666667,83.33333333333334,70.0
SDGRC_ECA_LLC,(SDGRC) ECA_Land-locked countries,2024,NT_BF_EIBF,Early BF Initiation,Layer 2,68.5149,0,,,76.66666666666667,83.33333333333334,70.0
SDGRC_ECA_LLC,(SDGRC) ECA_Land-locked countries,2024,NT_BF_EXBF,Excl. BF,Layer 1,50.5165,0,,,76.66666666666667,83.33333333333334,70.0
SDGRC_ECA_LLC,(SDGRC) ECA_Land-locked countries,2020,NT_BW_LBW,Low Birth Weight,Layer 1,15.4086,4,,,76.66666666666667,83.33333333333334,70.0
SDGRC_ECA_LLC,(SDGRC) ECA_Land-locked countries,2024,NT_CF_MAD,Min Acceptable Diet,Layer 2,12.7386,0,,,76.66666666666667,83.33333333333334,70.0
SDGRC_ECA_LLC,(SDGRC) ECA_Land-locked countries,2024,NT_CF_MDD,Min Dietary Diversity,Layer 2,17.9208,0,,,76.66666666666667,83.33333333333334,70.0
SDGRC_ECA_LLC,(SDGRC) ECA_Land-locked countries,2024,NT_CF_MMF,Min Meal Frequency,Layer 2,52.7795,0,,,76.66666666666667,83.33333333333334,70.0
SDGRC_ECA_LL_LDC,(SDGRC) ECA_Land-locked LDCs,2024,IM_DTP3,DTP3 Coverage,Layer 2,81.0,0,,,76.66666666666667,83.33333333333334,70.0
SDGRC_ECA_LL_LDC,(SDGRC) ECA_Land-locked LDCs,2024,MNCH_ANC4,ANC 4+ Visits,Layer 2,57.3,0,,,76.66666666666667,83.33333333333334,70.0
SDGRC_ECA_LL_LDC,(SDGRC) ECA_Land-locked LDCs,2024,MNCH_SAB,Skilled Birth Attendance,Layer 2,69.0,0,,,76.66666666666667,83.33333333333334,70.0
SDGRC_ECA_LL_LDC,(SDGRC) ECA_Land-locked LDCs,2023,NT_ANE_WOM_15_49_MOD,Anaemia WRA,Layer 1,31.6647,1,,,76.66666666666667,83.33333333333334,70.0
SDGRC_ECA_LL_LDC,(SDGRC) ECA_Land-locked LDCs,2024,NT_ANT_HAZ_NE2_MOD,Stunting,Layer 1,32.9172,0,,,76.66666666666667,83.33333333333334,70.0
SDGRC_ECA_LL_LDC,(SDGRC) ECA_Land-locked LDCs,2024,NT_ANT_WHZ_PO2_MOD,Overweight,Layer 1,3.4223,0,,,76.66666666666667,83.33333333333334,70.0
SDGRC_ECA_LL_LDC,(SDGRC) ECA_Land-locked LDCs,2024,NT_BF_EIBF,Early BF Initiation,Layer 2,68.6135,0,,,76.66666666666667,83.33333333333334,70.0
SDGRC_ECA_LL_LDC,(SDGRC) ECA_Land-locked LDCs,2024,NT_BF_EXBF,Excl. BF,Layer 1,50.8999,0,,,76.66666666666667,83.33333333333334,70.0
SDGRC_ECA_LL_LDC,(SDGRC) ECA_Land-locked LDCs,2020,NT_BW_LBW,Low Birth Weight,Layer 1,15.5634,4,,,76.66666666666667,83.33333333333334,70.0
SDGRC_ECA_LL_LDC,(SDGRC) ECA_Land-locked LDCs,2024,NT_CF_MAD,Min Acceptable Diet,Layer 2,12.8099,0,,,76.66666666666667,83.33333333333334,70.0
SDGRC_ECA_LL_LDC,(SDGRC) ECA_Land-locked LDCs,2024,NT_CF_MDD,Min Dietary Diversity,Layer 2,17.6014,0,,,76.66666666666667,83.33333333333334,70.0
SDGRC_ECA_LL_LDC,(SDGRC) ECA_Land-locked LDCs,2024,NT_CF_MMF,Min Meal Frequency,Layer 2,52.1064,0,,,76.66666666666667,83.33333333333334,70.0
SDGRC_ECA_MRC,(SDGRC) ECA_Mineral-rich countries,2024,IM_DTP3,DTP3 Coverage,Layer 2,74.0,0,,,76.66666666666667,83.33333333333334,70.0
SDGRC_ECA_MRC,(SDGRC) ECA_Mineral-rich countries,2024,MNCH_ANC4,ANC 4+ Visits,Layer 2,58.1,0,,,76.66666666666667,83.33333333333334,70.0
SDGRC_ECA_MRC,(SDGRC) ECA_Mineral-rich countries,2024,MNCH_SAB,Skilled Birth Attendance,Layer 2,82.5,0,,,76.66666666666667,83.33333333333334,70.0
SDGRC_ECA_MRC,(SDGRC) ECA_Mineral-rich countries,2023,NT_ANE_WOM_15_49_MOD,Anaemia WRA,Layer 1,37.8479,1,,,76.66666666666667,83.33333333333334,70.0
SDGRC_ECA_MRC,(SDGRC) ECA_Mineral-rich countries,2024,NT_ANT_HAZ_NE2_MOD,Stunting,Layer 1,32.0667,0,,,76.66666666666667,83.33333333333334,70.0
SDGRC_ECA_MRC,(SDGRC) ECA_Mineral-rich countries,2024,NT_ANT_WHZ_PO2_MOD,Overweight,Layer 1,4.7695,0,,,76.66666666666667,83.33333333333334,70.0
SDGRC_ECA_MRC,(SDGRC) ECA_Mineral-rich countries,2024,NT_BF_EIBF,Early BF Initiation,Layer 2,59.3603,0,,,76.66666666666667,83.33333333333334,70.0
SDGRC_ECA_MRC,(SDGRC) ECA_Mineral-rich countries,2024,NT_BF_EXBF,Excl. BF,Layer 1,50.7201,0,,,76.66666666666667,83.33333333333334,70.0
SDGRC_ECA_MRC,(SDGRC) ECA_Mineral-rich countries,2020,NT_BW_LBW,Low Birth Weight,Layer 1,13.2544,4,,,76.66666666666667,83.33333333333334,70.0
SDGRC_ECA_MRC,(SDGRC) ECA_Mineral-rich countries,2024,NT_CF_MAD,Min Acceptable Diet,Layer 2,9.7454,0,,,76.66666666666667,83.33333333333334,70.0
SDGRC_ECA_MRC,(SDGRC) ECA_Mineral-rich countries,2024,NT_CF_MDD,Min Dietary Diversity,Layer 2,19.8131,0,,,76.66666666666667,83.33333333333334,70.0
SDGRC_ECA_MRC,(SDGRC) ECA_Mineral-rich countries,2024,NT_CF_MMF,Min Meal Frequency,Layer 2,37.0897,0,,,76.66666666666667,83.33333333333334,70.0
SDGRC_ECA_NA,(SDGRC) North Africa,2024,IM_DTP3,DTP3 Coverage,Layer 2,80.0,0,,,76.66666666666667,83.33333333333334,70.0
SDGRC_ECA_NA,(SDGRC) North Africa,2024,MNCH_ANC4,ANC 4+ Visits,Layer 2,70.0,0,,,76.66666666666667,83.33333333333334,70.0
SDGRC_ECA_NA,(SDGRC) North Africa,2024,MNCH_SAB,Skilled Birth Attendance,Layer 2,94.0,0,,,76.66666666666667,83.33333333333334,70.0
SDGRC_ECA_NA,(SDGRC) North Africa,2023,NT_ANE_WOM_15_49_MOD,Anaemia WRA,Layer 1,32.3694,1,,,76.66666666666667,83.33333333333334,70.0
SDGRC_ECA_NA,(SDGRC) North Africa,2024,NT_ANT_HAZ_NE2_MOD,Stunting,Layer 1,18.2221,0,,,76.66666666666667,83.33333333333334,70.0
SDGRC_ECA_NA,(SDGRC) North Africa,2024,NT_ANT_WHZ_PO2_MOD,Overweight,Layer 1,8.3407,0,,,76.66666666666667,83.33333333333334,70.0
SDGRC_ECA_NA,(SDGRC) North Africa,2024,NT_BF_EIBF,Early BF Initiation,Layer 2,34.0011,0,,,76.66666666666667,83.33333333333334,70.0
SDGRC_ECA_NA,(SDGRC) North Africa,2024,NT_BF_EXBF,Excl. BF,Layer 1,36.3869,0,,,76.66666666666667,83.33333333333334,70.0
SDGRC_ECA_NA,(SDGRC) North Africa,2020,NT_BW_LBW,Low Birth Weight,Layer 1,13.9646,4,,,76.66666666666667,83.33333333333334,70.0
SDGRC_ECA_NA,(SDGRC) North Africa,2024,NT_CF_MAD,Min Acceptable Diet,Layer 2,24.6515,0,,,76.66666666666667,83.33333333333334,70.0
SDGRC_ECA_NA,(SDGRC) North Africa,2024,NT_CF_MDD,Min Dietary Diversity,Layer 2,41.0763,0,,,76.66666666666667,83.33333333333334,70.0
SDGRC_ECA_NA,(SDGRC) North Africa,2024,NT_CF_MMF,Min Meal Frequency,Layer 2,52.3986,0,,,76.66666666666667,83.33333333333334,70.0
SDGRC_ECA_NOP,(SDGRC) ECA_Non-Oil Producing,2024,IM_DTP3,DTP3 Coverage,Layer 2,80.0,0,,,76.66666666666667,83.33333333333334,70.0
SDGRC_ECA_NOP,(SDGRC) ECA_Non-Oil Producing,2024,MNCH_ANC4,ANC 4+ Visits,Layer 2,63.2,0,,,76.66666666666667,83.33333333333334,70.0
SDGRC_ECA_NOP,(SDGRC) ECA_Non-Oil Producing,2024,MNCH_SAB,Skilled Birth Attendance,Layer 2,77.4,0,,,76.66666666666667,83.33333333333334,70.0
SDGRC_ECA_NOP,(SDGRC) ECA_Non-Oil Producing,2023,NT_ANE_WOM_15_49_MOD,Anaemia WRA,Layer 1,33.949,1,,,76.66666666666667,83.33333333333334,70.0
SDGRC_ECA_NOP,(SDGRC) ECA_Non-Oil Producing,2024,NT_ANT_HAZ_NE2_MOD,Stunting,Layer 1,28.7842,0,,,76.66666666666667,83.33333333333334,70.0
SDGRC_ECA_NOP,(SDGRC) ECA_Non-Oil Producing,2024,NT_ANT_WHZ_PO2_MOD,Overweight,Layer 1,4.2904,0,,,76.66666666666667,83.33333333333334,70.0
SDGRC_ECA_NOP,(SDGRC) ECA_Non-Oil Producing,2024,NT_BF_EIBF,Early BF Initiation,Layer 2,65.9032,0,,,76.66666666666667,83.33333333333334,70.0
SDGRC_ECA_NOP,(SDGRC) ECA_Non-Oil Producing,2024,NT_BF_EXBF,Excl. BF,Layer 1,55.6581,0,,,76.66666666666667,83.33333333333334,70.0
SDGRC_ECA_NOP,(SDGRC) ECA_Non-Oil Producing,2020,NT_BW_LBW,Low Birth Weight,Layer 1,14.5796,4,,,76.66666666666667,83.33333333333334,70.0
SDGRC_ECA_NOP,(SDGRC) ECA_Non-Oil Producing,2024,NT_CF_MAD,Min Acceptable Diet,Layer 2,11.4843,0,,,76.66666666666667,83.33333333333334,70.0
SDGRC_ECA_NOP,(SDGRC) ECA_Non-Oil Producing,2024,NT_CF_MDD,Min Dietary Diversity,Layer 2,19.2759,0,,,76.66666666666667,83.33333333333334,70.0
SDGRC_ECA_NOP,(SDGRC) ECA_Non-Oil Producing,2024,NT_CF_MMF,Min Meal Frequency,Layer 2,46.46,0,,,76.66666666666667,83.33333333333334,70.0
SDGRC_ECA_NO_LDC,(SDGRC) ECA_Non-Oil LDCs,2024,IM_DTP3,DTP3 Coverage,Layer 2,79.0,0,,,76.66666666666667,83.33333333333334,70.0
SDGRC_ECA_NO_LDC,(SDGRC) ECA_Non-Oil LDCs,2024,MNCH_ANC4,ANC 4+ Visits,Layer 2,61.6,0,,,76.66666666666667,83.33333333333334,70.0
SDGRC_ECA_NO_LDC,(SDGRC) ECA_Non-Oil LDCs,2024,MNCH_SAB,Skilled Birth Attendance,Layer 2,74.2,0,,,76.66666666666667,83.33333333333334,70.0
SDGRC_ECA_NO_LDC,(SDGRC) ECA_Non-Oil LDCs,2023,NT_ANE_WOM_15_49_MOD,Anaemia WRA,Layer 1,35.1257,1,,,76.66666666666667,83.33333333333334,70.0
SDGRC_ECA_NO_LDC,(SDGRC) ECA_Non-Oil LDCs,2024,NT_ANT_HAZ_NE2_MOD,Stunting,Layer 1,30.8553,0,,,76.66666666666667,83.33333333333334,70.0
SDGRC_ECA_NO_LDC,(SDGRC) ECA_Non-Oil LDCs,2024,NT_ANT_WHZ_PO2_MOD,Overweight,Layer 1,3.6564,0,,,76.66666666666667,83.33333333333334,70.0
SDGRC_ECA_NO_LDC,(SDGRC) ECA_Non-Oil LDCs,2024,NT_BF_EIBF,Early BF Initiation,Layer 2,66.3956,0,,,76.66666666666667,83.33333333333334,70.0
SDGRC_ECA_NO_LDC,(SDGRC) ECA_Non-Oil LDCs,2024,NT_BF_EXBF,Excl. BF,Layer 1,55.6917,0,,,76.66666666666667,83.33333333333334,70.0
SDGRC_ECA_NO_LDC,(SDGRC) ECA_Non-Oil LDCs,2020,NT_BW_LBW,Low Birth Weight,Layer 1,14.8888,4,,,76.66666666666667,83.33333333333334,70.0
SDGRC_ECA_NO_LDC,(SDGRC) ECA_Non-Oil LDCs,2024,NT_CF_MAD,Min Acceptable Diet,Layer 2,9.7427,0,,,76.66666666666667,83.33333333333334,70.0
SDGRC_ECA_NO_LDC,(SDGRC) ECA_Non-Oil LDCs,2024,NT_CF_MDD,Min Dietary Diversity,Layer 2,17.5646,0,,,76.66666666666667,83.33333333333334,70.0
SDGRC_ECA_NO_LDC,(SDGRC) ECA_Non-Oil LDCs,2024,NT_CF_MMF,Min Meal Frequency,Layer 2,43.589,0,,,76.66666666666667,83.33333333333334,70.0
SDGRC_ECA_OP,(SDGRC) ECA_Oil producing economies,2024,IM_DTP3,DTP3 Coverage,Layer 2,72.0,0,,,76.66666666666667,83.33333333333334,70.0
SDGRC_ECA_OP,(SDGRC) ECA_Oil producing economies,2024,MNCH_ANC4,ANC 4+ Visits,Layer 2,56.9,0,,,76.66666666666667,83.33333333333334,70.0
SDGRC_ECA_OP,(SDGRC) ECA_Oil producing economies,2024,MNCH_SAB,Skilled Birth Attendance,Layer 2,72.3,0,,,76.66666666666667,83.33333333333334,70.0
SDGRC_ECA_OP,(SDGRC) ECA_Oil producing economies,2023,NT_ANE_WOM_15_49_MOD,Anaemia WRA,Layer 1,37.8107,1,,,76.66666666666667,83.33333333333334,70.0
SDGRC_ECA_OP,(SDGRC) ECA_Oil producing economies,2024,NT_ANT_HAZ_NE2_MOD,Stunting,Layer 1,31.6679,0,,,76.66666666666667,83.33333333333334,70.0
SDGRC_ECA_OP,(SDGRC) ECA_Oil producing economies,2024,NT_ANT_WHZ_PO2_MOD,Overweight,Layer 1,4.7119,0,,,76.66666666666667,83.33333333333334,70.0
SDGRC_ECA_OP,(SDGRC) ECA_Oil producing economies,2024,NT_BF_EIBF,Early BF Initiation,Layer 2,44.0553,0,,,76.66666666666667,83.33333333333334,70.0
SDGRC_ECA_OP,(SDGRC) ECA_Oil producing economies,2024,NT_BF_EXBF,Excl. BF,Layer 1,35.6637,0,,,76.66666666666667,83.33333333333334,70.0
SDGRC_ECA_OP,(SDGRC) ECA_Oil producing economies,2020,NT_BW_LBW,Low Birth Weight,Layer 1,13.2512,4,,,76.66666666666667,83.33333333333334,70.0
SDGRC_ECA_OP,(SDGRC) ECA_Oil producing economies,2024,NT_CF_MAD,Min Acceptable Diet,Layer 2,12.4066,0,,,76.66666666666667,83.33333333333334,70.0
SDGRC_ECA_OP,(SDGRC) ECA_Oil producing economies,2024,NT_CF_MDD,Min Dietary Diversity,Layer 2,21.6797,0,,,76.66666666666667,83.33333333333334,70.0
SDGRC_ECA_OP,(SDGRC) ECA_Oil producing economies,2024,NT_CF_MMF,Min Meal Frequency,Layer 2,41.6988,0,,,76.66666666666667,83.33333333333334,70.0
SDGRC_ECA_O_LDC,(SDGRC) ECA_Oil LDCs,2024,IM_DTP3,DTP3 Coverage,Layer 2,63.0,0,,,76.66666666666667,83.33333333333334,70.0
SDGRC_ECA_O_LDC,(SDGRC) ECA_Oil LDCs,2024,MNCH_ANC4,ANC 4+ Visits,Layer 2,42.9,0,,,76.66666666666667,83.33333333333334,70.0
SDGRC_ECA_O_LDC,(SDGRC) ECA_Oil LDCs,2024,MNCH_SAB,Skilled Birth Attendance,Layer 2,76.6,0,,,76.66666666666667,83.33333333333334,70.0
SDGRC_ECA_O_LDC,(SDGRC) ECA_Oil LDCs,2023,NT_ANE_WOM_15_49_MOD,Anaemia WRA,Layer 1,40.2129,1,,,76.66666666666667,83.33333333333334,70.0
SDGRC_ECA_O_LDC,(SDGRC) ECA_Oil LDCs,2024,NT_ANT_HAZ_NE2_MOD,Stunting,Layer 1,42.005,0,,,76.66666666666667,83.33333333333334,70.0
SDGRC_ECA_O_LDC,(SDGRC) ECA_Oil LDCs,2024,NT_ANT_WHZ_PO2_MOD,Overweight,Layer 1,3.679,0,,,76.66666666666667,83.33333333333334,70.0
SDGRC_ECA_O_LDC,(SDGRC) ECA_Oil LDCs,2024,NT_BF_EIBF,Early BF Initiation,Layer 2,55.0552,0,,,76.66666666666667,83.33333333333334,70.0
SDGRC_ECA_O_LDC,(SDGRC) ECA_Oil LDCs,2024,NT_BF_EXBF,Excl. BF,Layer 1,39.9383,0,,,76.66666666666667,83.33333333333334,70.0
SDGRC_ECA_O_LDC,(SDGRC) ECA_Oil LDCs,2020,NT_BW_LBW,Low Birth Weight,Layer 1,13.1326,4,,,76.66666666666667,83.33333333333334,70.0
SDGRC_ECA_O_LDC,(SDGRC) ECA_Oil LDCs,2024,NT_CF_MAD,Min Acceptable Diet,Layer 2,10.4794,0,,,76.66666666666667,83.33333333333334,70.0
SDGRC_ECA_O_LDC,(SDGRC) ECA_Oil LDCs,2024,NT_CF_MDD,Min Dietary Diversity,Layer 2,16.3819,0,,,76.66666666666667,83.33333333333334,70.0
SDGRC_ECA_O_LDC,(SDGRC) ECA_Oil LDCs,2024,NT_CF_MMF,Min Meal Frequency,Layer 2,37.1938,0,,,76.66666666666667,83.33333333333334,70.0
SDGRC_ECA_SA,(SDGRC) Southern Africa,2024,IM_DTP3,DTP3 Coverage,Layer 2,77.0,0,,,76.66666666666667,83.33333333333334,70.0
SDGRC_ECA_SA,(SDGRC) Southern Africa,2024,MNCH_ANC4,ANC 4+ Visits,Layer 2,63.9,0,,,76.66666666666667,83.33333333333334,70.0
SDGRC_ECA_SA,(SDGRC) Southern Africa,2024,MNCH_SAB,Skilled Birth Attendance,Layer 2,85.0,0,,,76.66666666666667,83.33333333333334,70.0
SDGRC_ECA_SA,(SDGRC) Southern Africa,2023,NT_ANE_WOM_15_49_MOD,Anaemia WRA,Layer 1,35.0678,1,,,76.66666666666667,83.33333333333334,70.0
SDGRC_ECA_SA,(SDGRC) Southern Africa,2024,NT_ANT_HAZ_NE2_MOD,Stunting,Layer 1,34.0435,0,,,76.66666666666667,83.33333333333334,70.0
SDGRC_ECA_SA,(SDGRC) Southern Africa,2024,NT_ANT_WHZ_PO2_MOD,Overweight,Layer 1,6.5888,0,,,76.66666666666667,83.33333333333334,70.0
SDGRC_ECA_SA,(SDGRC) Southern Africa,2024,NT_BF_EIBF,Early BF Initiation,Layer 2,64.7591,0,,,76.66666666666667,83.33333333333334,70.0
SDGRC_ECA_SA,(SDGRC) Southern Africa,2024,NT_BF_EXBF,Excl. BF,Layer 1,49.8126,0,,,76.66666666666667,83.33333333333334,70.0
SDGRC_ECA_SA,(SDGRC) Southern Africa,2020,NT_BW_LBW,Low Birth Weight,Layer 1,15.3967,4,,,76.66666666666667,83.33333333333334,70.0
SDGRC_ECA_SA,(SDGRC) Southern Africa,2024,NT_CF_MAD,Min Acceptable Diet,Layer 2,8.1972,0,,,76.66666666666667,83.33333333333334,70.0
SDGRC_ECA_SA,(SDGRC) Southern Africa,2024,NT_CF_MDD,Min Dietary Diversity,Layer 2,18.8725,0,,,76.66666666666667,83.33333333333334,70.0
SDGRC_ECA_SA,(SDGRC) Southern Africa,2024,NT_CF_MMF,Min Meal Frequency,Layer 2,39.1838,0,,,76.66666666666667,83.33333333333334,70.0
SDGRC_ECA_SACU,(SDGRC) ECA_Southern Africa Customs Union (SACU),2024,IM_DTP3,DTP3 Coverage,Layer 2,76.0,0,,,48.33333333333333,66.66666666666666,30.0
SDGRC_ECA_SACU,(SDGRC) ECA_Southern Africa Customs Union (SACU),2024,MNCH_ANC4,ANC 4+ Visits,Layer 2,74.3,0,,,48.33333333333333,66.66666666666666,30.0
SDGRC_ECA_SACU,(SDGRC) ECA_Southern Africa Customs Union (SACU),2024,MNCH_SAB,Skilled Birth Attendance,Layer 2,97.4,0,,,48.33333333333333,66.66666666666666,30.0
SDGRC_ECA_SACU,(SDGRC) ECA_Southern Africa Customs Union (SACU),2023,NT_ANE_WOM_15_49_MOD,Anaemia WRA,Layer 1,30.9974,1,,,48.33333333333333,66.66666666666666,30.0
SDGRC_ECA_SACU,(SDGRC) ECA_Southern Africa Customs Union (SACU),2024,NT_ANT_HAZ_NE2_MOD,Stunting,Layer 1,24.0801,0,,,48.33333333333333,66.66666666666666,30.0
SDGRC_ECA_SACU,(SDGRC) ECA_Southern Africa Customs Union (SACU),2024,NT_ANT_WHZ_PO2_MOD,Overweight,Layer 1,12.0885,0,,,48.33333333333333,66.66666666666666,30.0
SDGRC_ECA_SACU,(SDGRC) ECA_Southern Africa Customs Union (SACU),2020,NT_BW_LBW,Low Birth Weight,Layer 1,16.3273,4,,,48.33333333333333,66.66666666666666,30.0
SDGRC_ECA_SADC,(SDGRC) ECA_SADC,2024,IM_DTP3,DTP3 Coverage,Layer 2,73.0,0,,,76.66666666666667,83.33333333333334,70.0
SDGRC_ECA_SADC,(SDGRC) ECA_SADC,2024,MNCH_ANC4,ANC 4+ Visits,Layer 2,58.7,0,,,76.66666666666667,83.33333333333334,70.0
SDGRC_ECA_SADC,(SDGRC) ECA_SADC,2024,MNCH_SAB,Skilled Birth Attendance,Layer 2,83.7,0,,,76.66666666666667,83.33333333333334,70.0
SDGRC_ECA_SADC,(SDGRC) ECA_SADC,2023,NT_ANE_WOM_15_49_MOD,Anaemia WRA,Layer 1,36.9917,1,,,76.66666666666667,83.33333333333334,70.0
SDGRC_ECA_SADC,(SDGRC) ECA_SADC,2024,NT_ANT_HAZ_NE2_MOD,Stunting,Layer 1,36.7457,0,,,76.66666666666667,83.33333333333334,70.0
SDGRC_ECA_SADC,(SDGRC) ECA_SADC,2024,NT_ANT_WHZ_PO2_MOD,Overweight,Layer 1,5.197,0,,,76.66666666666667,83.33333333333334,70.0
SDGRC_ECA_SADC,(SDGRC) ECA_SADC,2024,NT_BF_EIBF,Early BF Initiation,Layer 2,61.6899,0,,,76.66666666666667,83.33333333333334,70.0
SDGRC_ECA_SADC,(SDGRC) ECA_SADC,2024,NT_BF_EXBF,Excl. BF,Layer 1,53.7976,0,,,76.66666666666667,83.33333333333334,70.0
SDGRC_ECA_SADC,(SDGRC) ECA_SADC,2020,NT_BW_LBW,Low Birth Weight,Layer 1,13.0548,4,,,76.66666666666667,83.33333333333334,70.0
SDGRC_ECA_SADC,(SDGRC) ECA_SADC,2024,NT_CF_MAD,Min Acceptable Diet,Layer 2,7.6358,0,,,76.66666666666667,83.33333333333334,70.0
SDGRC_ECA_SADC,(SDGRC) ECA_SADC,2024,NT_CF_MDD,Min Dietary Diversity,Layer 2,17.2834,0,,,76.66666666666667,83.33333333333334,70.0
SDGRC_ECA_SADC,(SDGRC) ECA_SADC,2024,NT_CF_MMF,Min Meal Frequency,Layer 2,34.6938,0,,,76.66666666666667,83.33333333333334,70.0
SDGRC_ECA_SAHEL,(SDGRC) ECA_Sahel,2024,IM_DTP3,DTP3 Coverage,Layer 2,73.0,0,,,76.66666666666667,83.33333333333334,70.0
SDGRC_ECA_SAHEL,(SDGRC) ECA_Sahel,2024,MNCH_ANC4,ANC 4+ Visits,Layer 2,54.5,0,,,76.66666666666667,83.33333333333334,70.0
SDGRC_ECA_SAHEL,(SDGRC) ECA_Sahel,2024,MNCH_SAB,Skilled Birth Attendance,Layer 2,58.6,0,,,76.66666666666667,83.33333333333334,70.0
SDGRC_ECA_SAHEL,(SDGRC) ECA_Sahel,2023,NT_ANE_WOM_15_49_MOD,Anaemia WRA,Layer 1,41.2494,1,,,76.66666666666667,83.33333333333334,70.0
SDGRC_ECA_SAHEL,(SDGRC) ECA_Sahel,2024,NT_ANT_HAZ_NE2_MOD,Stunting,Layer 1,31.5329,0,,,76.66666666666667,83.33333333333334,70.0
SDGRC_ECA_SAHEL,(SDGRC) ECA_Sahel,2024,NT_ANT_WHZ_PO2_MOD,Overweight,Layer 1,2.7959,0,,,76.66666666666667,83.33333333333334,70.0
SDGRC_ECA_SAHEL,(SDGRC) ECA_Sahel,2024,NT_BF_EIBF,Early BF Initiation,Layer 2,42.1799,0,,,76.66666666666667,83.33333333333334,70.0
SDGRC_ECA_SAHEL,(SDGRC) ECA_Sahel,2024,NT_BF_EXBF,Excl. BF,Layer 1,31.0037,0,,,76.66666666666667,83.33333333333334,70.0
SDGRC_ECA_SAHEL,(SDGRC) ECA_Sahel,2020,NT_BW_LBW,Low Birth Weight,Layer 1,13.8046,4,,,76.66666666666667,83.33333333333334,70.0
SDGRC_ECA_SAHEL,(SDGRC) ECA_Sahel,2024,NT_CF_MAD,Min Acceptable Diet,Layer 2,9.5814,0,,,76.66666666666667,83.33333333333334,70.0
SDGRC_ECA_SAHEL,(SDGRC) ECA_Sahel,2024,NT_CF_MDD,Min Dietary Diversity,Layer 2,16.2757,0,,,76.66666666666667,83.33333333333334,70.0
SDGRC_ECA_SAHEL,(SDGRC) ECA_Sahel,2024,NT_CF_MMF,Min Meal Frequency,Layer 2,42.1771,0,,,76.66666666666667,83.33333333333334,70.0
SDGRC_ECA_SIS,(SDGRC) ECA_Small Island states,2024,IM_DTP3,DTP3 Coverage,Layer 2,84.0,0,,,66.66666666666667,83.33333333333334,50.0
SDGRC_ECA_SIS,(SDGRC) ECA_Small Island states,2024,MNCH_ANC4,ANC 4+ Visits,Layer 2,72.8,0,,,66.66666666666667,83.33333333333334,50.0
SDGRC_ECA_SIS,(SDGRC) ECA_Small Island states,2024,MNCH_SAB,Skilled Birth Attendance,Layer 2,97.8,0,,,66.66666666666667,83.33333333333334,50.0
SDGRC_ECA_SIS,(SDGRC) ECA_Small Island states,2023,NT_ANE_WOM_15_49_MOD,Anaemia WRA,Layer 1,33.6599,1,,,66.66666666666667,83.33333333333334,50.0
SDGRC_ECA_SIS,(SDGRC) ECA_Small Island states,2024,NT_ANT_HAZ_NE2_MOD,Stunting,Layer 1,12.0604,0,,,66.66666666666667,83.33333333333334,50.0
SDGRC_ECA_SIS,(SDGRC) ECA_Small Island states,2024,NT_ANT_WHZ_PO2_MOD,Overweight,Layer 1,5.3176,0,,,66.66666666666667,83.33333333333334,50.0
SDGRC_ECA_SIS,(SDGRC) ECA_Small Island states,2024,NT_BF_EIBF,Early BF Initiation,Layer 2,29.4242,0,,,66.66666666666667,83.33333333333334,50.0
SDGRC_ECA_SIS,(SDGRC) ECA_Small Island states,2024,NT_BF_EXBF,Excl. BF,Layer 1,33.1505,0,,,66.66666666666667,83.33333333333334,50.0
SDGRC_ECA_SIS,(SDGRC) ECA_Small Island states,2020,NT_BW_LBW,Low Birth Weight,Layer 1,18.7341,4,,,66.66666666666667,83.33333333333334,50.0
SDGRC_ECA_SIS,(SDGRC) ECA_Small Island states,2024,NT_CF_MDD,Min Dietary Diversity,Layer 2,19.5842,0,,,66.66666666666667,83.33333333333334,50.0
SDGRC_ECA_SSA,(SDGRC) ECA_Sub-Saharan Africa,2024,IM_DTP3,DTP3 Coverage,Layer 2,74.0,0,,,76.66666666666667,83.33333333333334,70.0
SDGRC_ECA_SSA,(SDGRC) ECA_Sub-Saharan Africa,2024,MNCH_ANC4,ANC 4+ Visits,Layer 2,57.5,0,,,76.66666666666667,83.33333333333334,70.0
SDGRC_ECA_SSA,(SDGRC) ECA_Sub-Saharan Africa,2024,MNCH_SAB,Skilled Birth Attendance,Layer 2,72.5,0,,,76.66666666666667,83.33333333333334,70.0
SDGRC_ECA_SSA,(SDGRC) ECA_Sub-Saharan Africa,2023,NT_ANE_WOM_15_49_MOD,Anaemia WRA,Layer 1,36.6056,1,,,76.66666666666667,83.33333333333334,70.0
SDGRC_ECA_SSA,(SDGRC) ECA_Sub-Saharan Africa,2024,NT_ANT_HAZ_NE2_MOD,Stunting,Layer 1,32.3269,0,,,76.66666666666667,83.33333333333334,70.0
SDGRC_ECA_SSA,(SDGRC) ECA_Sub-Saharan Africa,2024,NT_ANT_WHZ_PO2_MOD,Overweight,Layer 1,3.843,0,,,76.66666666666667,83.33333333333334,70.0
SDGRC_ECA_SSA,(SDGRC) ECA_Sub-Saharan Africa,2024,NT_BF_EIBF,Early BF Initiation,Layer 2,56.4496,0,,,76.66666666666667,83.33333333333334,70.0
SDGRC_ECA_SSA,(SDGRC) ECA_Sub-Saharan Africa,2024,NT_BF_EXBF,Excl. BF,Layer 1,45.6644,0,,,76.66666666666667,83.33333333333334,70.0
SDGRC_ECA_SSA,(SDGRC) ECA_Sub-Saharan Africa,2020,NT_BW_LBW,Low Birth Weight,Layer 1,13.8976,4,,,76.66666666666667,83.33333333333334,70.0
SDGRC_ECA_SSA,(SDGRC) ECA_Sub-Saharan Africa,2024,NT_CF_MAD,Min Acceptable Diet,Layer 2,10.5943,0,,,76.66666666666667,83.33333333333334,70.0
SDGRC_ECA_SSA,(SDGRC) ECA_Sub-Saharan Africa,2024,NT_CF_MDD,Min Dietary Diversity,Layer 2,18.45,0,,,76.66666666666667,83.33333333333334,70.0
SDGRC_ECA_SSA,(SDGRC) ECA_Sub-Saharan Africa,2024,NT_CF_MMF,Min Meal Frequency,Layer 2,43.1169,0,,,76.66666666666667,83.33333333333334,70.0
SDGRC_ECA_WA,(SDGRC) West Africa,2024,IM_DTP3,DTP3 Coverage,Layer 2,75.0,0,,,76.66666666666667,83.33333333333334,70.0
SDGRC_ECA_WA,(SDGRC) West Africa,2024,MNCH_ANC4,ANC 4+ Visits,Layer 2,57.7,0,,,76.66666666666667,83.33333333333334,70.0
SDGRC_ECA_WA,(SDGRC) West Africa,2024,MNCH_SAB,Skilled Birth Attendance,Layer 2,63.1,0,,,76.66666666666667,83.33333333333334,70.0
SDGRC_ECA_WA,(SDGRC) West Africa,2023,NT_ANE_WOM_15_49_MOD,Anaemia WRA,Layer 1,41.7198,1,,,76.66666666666667,83.33333333333334,70.0
SDGRC_ECA_WA,(SDGRC) West Africa,2024,NT_ANT_HAZ_NE2_MOD,Stunting,Layer 1,29.8206,0,,,76.66666666666667,83.33333333333334,70.0
SDGRC_ECA_WA,(SDGRC) West Africa,2024,NT_ANT_WHZ_PO2_MOD,Overweight,Layer 1,2.2244,0,,,76.66666666666667,83.33333333333334,70.0
SDGRC_ECA_WA,(SDGRC) West Africa,2024,NT_BF_EIBF,Early BF Initiation,Layer 2,42.8765,0,,,76.66666666666667,83.33333333333334,70.0
SDGRC_ECA_WA,(SDGRC) West Africa,2024,NT_BF_EXBF,Excl. BF,Layer 1,34.5515,0,,,76.66666666666667,83.33333333333334,70.0
SDGRC_ECA_WA,(SDGRC) West Africa,2020,NT_BW_LBW,Low Birth Weight,Layer 1,14.2827,4,,,76.66666666666667,83.33333333333334,70.0
SDGRC_ECA_WA,(SDGRC) West Africa,2024,NT_CF_MAD,Min Acceptable Diet,Layer 2,8.78,0,,,76.66666666666667,83.33333333333334,70.0
SDGRC_ECA_WA,(SDGRC) West Africa,2024,NT_CF_MDD,Min Dietary Diversity,Layer 2,17.9982,0,,,76.66666666666667,83.33333333333334,70.0
SDGRC_ECA_WA,(SDGRC) West Africa,2024,NT_CF_MMF,Min Meal Frequency,Layer 2,39.3074,0,,,76.66666666666667,83.33333333333334,70.0
SDGRC_ECE_ALL,ECE_All countries,2024,IM_DTP3,DTP3 Coverage,Layer 2,93.0,0,,,48.33333333333333,66.66666666666666,30.0
SDGRC_ECE_ALL,ECE_All countries,2024,MNCH_ANC4,ANC 4+ Visits,Layer 2,94.5,0,,,48.33333333333333,66.66666666666666,30.0
SDGRC_ECE_ALL,ECE_All countries,2024,MNCH_SAB,Skilled Birth Attendance,Layer 2,99.0,0,,,48.33333333333333,66.66666666666666,30.0
SDGRC_ECE_ALL,ECE_All countries,2023,NT_ANE_WOM_15_49_MOD,Anaemia WRA,Layer 1,19.4197,1,,,48.33333333333333,66.66666666666666,30.0
SDGRC_ECE_ALL,ECE_All countries,2024,NT_ANT_HAZ_NE2_MOD,Stunting,Layer 1,4.4211,0,,,48.33333333333333,66.66666666666666,30.0
SDGRC_ECE_ALL,ECE_All countries,2024,NT_ANT_WHZ_PO2_MOD,Overweight,Layer 1,8.2045,0,,,48.33333333333333,66.66666666666666,30.0
SDGRC_ECE_ALL,ECE_All countries,2020,NT_BW_LBW,Low Birth Weight,Layer 1,7.7499,4,,,48.33333333333333,66.66666666666666,30.0
SDGRC_ECE_CIS11,ECE_CIS (CWG),2024,IM_DTP3,DTP3 Coverage,Layer 2,93.0,0,,,48.33333333333333,66.66666666666666,30.0
SDGRC_ECE_CIS11,ECE_CIS (CWG),2024,MNCH_ANC4,ANC 4+ Visits,Layer 2,89.7,0,,,48.33333333333333,66.66666666666666,30.0
SDGRC_ECE_CIS11,ECE_CIS (CWG),2024,MNCH_SAB,Skilled Birth Attendance,Layer 2,99.7,0,,,48.33333333333333,66.66666666666666,30.0
SDGRC_ECE_CIS11,ECE_CIS (CWG),2023,NT_ANE_WOM_15_49_MOD,Anaemia WRA,Layer 1,26.1806,1,,,48.33333333333333,66.66666666666666,30.0
SDGRC_ECE_CIS11,ECE_CIS (CWG),2024,NT_ANT_HAZ_NE2_MOD,Stunting,Layer 1,6.4202,0,,,48.33333333333333,66.66666666666666,30.0
SDGRC_ECE_CIS11,ECE_CIS (CWG),2024,NT_ANT_WHZ_PO2_MOD,Overweight,Layer 1,8.0623,0,,,48.33333333333333,66.66666666666666,30.0
SDGRC_ECE_CIS11,ECE_CIS (CWG),2020,NT_BW_LBW,Low Birth Weight,Layer 1,6.6289,4,,,48.33333333333333,66.66666666666666,30.0
SDGRC_ECE_EAEU,ECE_Eurasian Economic Union (EAEU),2024,IM_DTP3,DTP3 Coverage,Layer 2,96.0,0,,,43.33333333333333,66.66666666666666,20.0
SDGRC_ECE_EAEU,ECE_Eurasian Economic Union (EAEU),2024,MNCH_SAB,Skilled Birth Attendance,Layer 2,99.8,0,,,43.33333333333333,66.66666666666666,20.0
SDGRC_ECE_EAEU,ECE_Eurasian Economic Union (EAEU),2023,NT_ANE_WOM_15_49_MOD,Anaemia WRA,Layer 1,24.9767,1,,,43.33333333333333,66.66666666666666,20.0
SDGRC_ECE_EAEU,ECE_Eurasian Economic Union (EAEU),2024,NT_ANT_HAZ_NE2_MOD,Stunting,Layer 1,4.8019,0,,,43.33333333333333,66.66666666666666,20.0
SDGRC_ECE_EAEU,ECE_Eurasian Economic Union (EAEU),2024,NT_ANT_WHZ_PO2_MOD,Overweight,Layer 1,9.2036,0,,,43.33333333333333,66.66666666666666,20.0
SDGRC_ECE_EAEU,ECE_Eurasian Economic Union (EAEU),2020,NT_BW_LBW,Low Birth Weight,Layer 1,6.7322,4,,,43.33333333333333,66.66666666666666,20.0
SDGRC_ECE_EECCA,"ECE_Eastern Europe, Caucasus and Central Asia (CIS)",2024,IM_DTP3,DTP3 Coverage,Layer 2,93.0,0,,,48.33333333333333,66.66666666666666,30.0
SDGRC_ECE_EECCA,"ECE_Eastern Europe, Caucasus and Central Asia (CIS)",2024,MNCH_ANC4,ANC 4+ Visits,Layer 2,89.6,0,,,48.33333333333333,66.66666666666666,30.0
SDGRC_ECE_EECCA,"ECE_Eastern Europe, Caucasus and Central Asia (CIS)",2024,MNCH_SAB,Skilled Birth Attendance,Layer 2,99.7,0,,,48.33333333333333,66.66666666666666,30.0
SDGRC_ECE_EECCA,"ECE_Eastern Europe, Caucasus and Central Asia (CIS)",2023,NT_ANE_WOM_15_49_MOD,Anaemia WRA,Layer 1,26.2309,1,,,48.33333333333333,66.66666666666666,30.0
SDGRC_ECE_EECCA,"ECE_Eastern Europe, Caucasus and Central Asia (CIS)",2024,NT_ANT_HAZ_NE2_MOD,Stunting,Layer 1,6.3994,0,,,48.33333333333333,66.66666666666666,30.0
SDGRC_ECE_EECCA,"ECE_Eastern Europe, Caucasus and Central Asia (CIS)",2024,NT_ANT_WHZ_PO2_MOD,Overweight,Layer 1,8.0143,0,,,48.33333333333333,66.66666666666666,30.0
SDGRC_ECE_EECCA,"ECE_Eastern Europe, Caucasus and Central Asia (CIS)",2020,NT_BW_LBW,Low Birth Weight,Layer 1,6.6384,4,,,48.33333333333333,66.66666666666666,30.0
SDGRC_ECE_EU27,ECE_European Union (E25),2024,IM_DTP3,DTP3 Coverage,Layer 2,92.0,0,,,48.33333333333333,66.66666666666666,30.0
SDGRC_ECE_EU27,ECE_European Union (E25),2024,MNCH_ANC4,ANC 4+ Visits,Layer 2,95.4,0,,,48.33333333333333,66.66666666666666,30.0
SDGRC_ECE_EU27,ECE_European Union (E25),2024,MNCH_SAB,Skilled Birth Attendance,Layer 2,98.4,0,,,48.33333333333333,66.66666666666666,30.0
SDGRC_ECE_EU27,ECE_European Union (E25),2023,NT_ANE_WOM_15_49_MOD,Anaemia WRA,Layer 1,17.1093,1,,,48.33333333333333,66.66666666666666,30.0
SDGRC_ECE_EU27,ECE_European Union (E25),2024,NT_ANT_HAZ_NE2_MOD,Stunting,Layer 1,2.8027,0,,,48.33333333333333,66.66666666666666,30.0
SDGRC_ECE_EU27,ECE_European Union (E25),2024,NT_ANT_WHZ_PO2_MOD,Overweight,Layer 1,6.7482,0,,,48.33333333333333,66.66666666666666,30.0
SDGRC_ECE_EU27,ECE_European Union (E25),2020,NT_BW_LBW,Low Birth Weight,Layer 1,7.1877,4,,,48.33333333333333,66.66666666666666,30.0
SDGRC_ECE_EU_EUROAREA,ECE_Euro area (EMU),2024,IM_DTP3,DTP3 Coverage,Layer 2,93.0,0,,,48.33333333333333,66.66666666666666,30.0
SDGRC_ECE_EU_EUROAREA,ECE_Euro area (EMU),2024,MNCH_ANC4,ANC 4+ Visits,Layer 2,97.1,0,,,48.33333333333333,66.66666666666666,30.0
SDGRC_ECE_EU_EUROAREA,ECE_Euro area (EMU),2024,MNCH_SAB,Skilled Birth Attendance,Layer 2,98.3,0,,,48.33333333333333,66.66666666666666,30.0
SDGRC_ECE_EU_EUROAREA,ECE_Euro area (EMU),2023,NT_ANE_WOM_15_49_MOD,Anaemia WRA,Layer 1,15.2189,1,,,48.33333333333333,66.66666666666666,30.0
SDGRC_ECE_EU_EUROAREA,ECE_Euro area (EMU),2024,NT_ANT_HAZ_NE2_MOD,Stunting,Layer 1,2.71,0,,,48.33333333333333,66.66666666666666,30.0
SDGRC_ECE_EU_EUROAREA,ECE_Euro area (EMU),2024,NT_ANT_WHZ_PO2_MOD,Overweight,Layer 1,6.572,0,,,48.33333333333333,66.66666666666666,30.0
SDGRC_ECE_EU_EUROAREA,ECE_Euro area (EMU),2020,NT_BW_LBW,Low Birth Weight,Layer 1,7.3299,4,,,48.33333333333333,66.66666666666666,30.0
SDGRC_ECE_WESTBALKANS,ECE_West Balkans (ST7),2024,IM_DTP3,DTP3 Coverage,Layer 2,91.0,0,,,48.33333333333333,66.66666666666666,30.0
SDGRC_ECE_WESTBALKANS,ECE_West Balkans (ST7),2024,MNCH_ANC4,ANC 4+ Visits,Layer 2,94.0,0,,,48.33333333333333,66.66666666666666,30.0
SDGRC_ECE_WESTBALKANS,ECE_West Balkans (ST7),2024,MNCH_SAB,Skilled Birth Attendance,Layer 2,99.9,0,,,48.33333333333333,66.66666666666666,30.0
SDGRC_ECE_WESTBALKANS,ECE_West Balkans (ST7),2023,NT_ANE_WOM_15_49_MOD,Anaemia WRA,Layer 1,24.4317,1,,,48.33333333333333,66.66666666666666,30.0
SDGRC_ECE_WESTBALKANS,ECE_West Balkans (ST7),2024,NT_ANT_HAZ_NE2_MOD,Stunting,Layer 1,5.3662,0,,,48.33333333333333,66.66666666666666,30.0
SDGRC_ECE_WESTBALKANS,ECE_West Balkans (ST7),2024,NT_ANT_WHZ_PO2_MOD,Overweight,Layer 1,12.0689,0,,,48.33333333333333,66.66666666666666,30.0
SDGRC_ECE_WESTBALKANS,ECE_West Balkans (ST7),2020,NT_BW_LBW,Low Birth Weight,Layer 1,6.025,4,,,48.33333333333333,66.66666666666666,30.0
SDGRC_ECLAC_ALL,ECLAC_All countries,2024,IM_DTP3,DTP3 Coverage,Layer 2,82.0,0,,,61.66666666666667,83.33333333333334,40.0
SDGRC_ECLAC_ALL,ECLAC_All countries,2024,MNCH_ANC4,ANC 4+ Visits,Layer 2,91.0,0,,,61.66666666666667,83.33333333333334,40.0
SDGRC_ECLAC_ALL,ECLAC_All countries,2024,MNCH_SAB,Skilled Birth Attendance,Layer 2,95.9,0,,,61.66666666666667,83.33333333333334,40.0
SDGRC_ECLAC_ALL,ECLAC_All countries,2023,NT_ANE_WOM_15_49_MOD,Anaemia WRA,Layer 1,19.9618,1,,,61.66666666666667,83.33333333333334,40.0
SDGRC_ECLAC_ALL,ECLAC_All countries,2024,NT_ANT_HAZ_NE2_MOD,Stunting,Layer 1,12.3988,0,,,61.66666666666667,83.33333333333334,40.0
SDGRC_ECLAC_ALL,ECLAC_All countries,2024,NT_ANT_WHZ_PO2_MOD,Overweight,Layer 1,8.7657,0,,,61.66666666666667,83.33333333333334,40.0
SDGRC_ECLAC_ALL,ECLAC_All countries,2024,NT_BF_EIBF,Early BF Initiation,Layer 2,58.858,0,,,61.66666666666667,83.33333333333334,40.0
SDGRC_ECLAC_ALL,ECLAC_All countries,2024,NT_BF_EXBF,Excl. BF,Layer 1,43.2,0,,,61.66666666666667,83.33333333333334,40.0
SDGRC_ECLAC_ALL,ECLAC_All countries,2020,NT_BW_LBW,Low Birth Weight,Layer 1,9.7106,4,,,61.66666666666667,83.33333333333334,40.0
SDGRC_ECLAC_CARIBBEAN,ECLAC_Carribean,2024,IM_DTP3,DTP3 Coverage,Layer 2,93.0,0,,,61.66666666666667,83.33333333333334,40.0
SDGRC_ECLAC_CARIBBEAN,ECLAC_Carribean,2024,MNCH_ANC4,ANC 4+ Visits,Layer 2,87.6,0,,,61.66666666666667,83.33333333333334,40.0
SDGRC_ECLAC_CARIBBEAN,ECLAC_Carribean,2024,MNCH_SAB,Skilled Birth Attendance,Layer 2,99.0,0,,,61.66666666666667,83.33333333333334,40.0
SDGRC_ECLAC_CARIBBEAN,ECLAC_Carribean,2023,NT_ANE_WOM_15_49_MOD,Anaemia WRA,Layer 1,23.0859,1,,,61.66666666666667,83.33333333333334,40.0
SDGRC_ECLAC_CARIBBEAN,ECLAC_Carribean,2024,NT_ANT_HAZ_NE2_MOD,Stunting,Layer 1,6.6074,0,,,61.66666666666667,83.33333333333334,40.0
SDGRC_ECLAC_CARIBBEAN,ECLAC_Carribean,2024,NT_ANT_WHZ_PO2_MOD,Overweight,Layer 1,7.3173,0,,,61.66666666666667,83.33333333333334,40.0
SDGRC_ECLAC_CARIBBEAN,ECLAC_Carribean,2024,NT_BF_EXBF,Excl. BF,Layer 1,28.0401,0,,,61.66666666666667,83.33333333333334,40.0
SDGRC_ECLAC_CARIBBEAN,ECLAC_Carribean,2020,NT_BW_LBW,Low Birth Weight,Layer 1,14.8929,4,,,61.66666666666667,83.33333333333334,40.0
SDGRC_ECLAC_CARIBBEAN,ECLAC_Carribean,2024,NT_CF_MDD,Min Dietary Diversity,Layer 2,44.5103,0,,,61.66666666666667,83.33333333333334,40.0
SDGRC_ECLAC_LA,ECLAC_Latin America,2024,IM_DTP3,DTP3 Coverage,Layer 2,82.0,0,,,61.66666666666667,83.33333333333334,40.0
SDGRC_ECLAC_LA,ECLAC_Latin America,2024,MNCH_ANC4,ANC 4+ Visits,Layer 2,91.1,0,,,61.66666666666667,83.33333333333334,40.0
SDGRC_ECLAC_LA,ECLAC_Latin America,2024,MNCH_SAB,Skilled Birth Attendance,Layer 2,95.8,0,,,61.66666666666667,83.33333333333334,40.0
SDGRC_ECLAC_LA,ECLAC_Latin America,2023,NT_ANE_WOM_15_49_MOD,Anaemia WRA,Layer 1,19.9247,1,,,61.66666666666667,83.33333333333334,40.0
SDGRC_ECLAC_LA,ECLAC_Latin America,2024,NT_ANT_HAZ_NE2_MOD,Stunting,Layer 1,12.4733,0,,,61.66666666666667,83.33333333333334,40.0
SDGRC_ECLAC_LA,ECLAC_Latin America,2024,NT_ANT_WHZ_PO2_MOD,Overweight,Layer 1,8.7844,0,,,61.66666666666667,83.33333333333334,40.0
SDGRC_ECLAC_LA,ECLAC_Latin America,2024,NT_BF_EIBF,Early BF Initiation,Layer 2,58.9187,0,,,61.66666666666667,83.33333333333334,40.0
SDGRC_ECLAC_LA,ECLAC_Latin America,2024,NT_BF_EXBF,Excl. BF,Layer 1,43.3839,0,,,61.66666666666667,83.33333333333334,40.0
SDGRC_ECLAC_LA,ECLAC_Latin America,2020,NT_BW_LBW,Low Birth Weight,Layer 1,9.6554,4,,,61.66666666666667,83.33333333333334,40.0
SDGRC_ESCAP_AFRICA,(SDGRC) ESCAP_Africa (AFR),2024,IM_DTP3,DTP3 Coverage,Layer 2,76.0,0,,,5.0,0.0,10.0
SDGRC_ESCAP_ALL,ESCAP_All countries,2024,IM_DTP3,DTP3 Coverage,Layer 2,91.0,0,,,76.66666666666667,83.33333333333334,70.0
SDGRC_ESCAP_ALL,ESCAP_All countries,2024,MNCH_ANC4,ANC 4+ Visits,Layer 2,72.9,0,,,76.66666666666667,83.33333333333334,70.0
SDGRC_ESCAP_ALL,ESCAP_All countries,2024,MNCH_SAB,Skilled Birth Attendance,Layer 2,91.8,0,,,76.66666666666667,83.33333333333334,70.0
SDGRC_ESCAP_ALL,ESCAP_All countries,2023,NT_ANE_WOM_15_49_MOD,Anaemia WRA,Layer 1,33.3891,1,,,76.66666666666667,83.33333333333334,70.0
SDGRC_ESCAP_ALL,ESCAP_All countries,2024,NT_ANT_HAZ_NE2_MOD,Stunting,Layer 1,23.0565,0,,,76.66666666666667,83.33333333333334,70.0
SDGRC_ESCAP_ALL,ESCAP_All countries,2024,NT_ANT_WHZ_PO2_MOD,Overweight,Layer 1,5.1603,0,,,76.66666666666667,83.33333333333334,70.0
SDGRC_ESCAP_ALL,ESCAP_All countries,2024,NT_BF_EIBF,Early BF Initiation,Layer 2,41.2327,0,,,76.66666666666667,83.33333333333334,70.0
SDGRC_ESCAP_ALL,ESCAP_All countries,2024,NT_BF_EXBF,Excl. BF,Layer 1,52.4716,0,,,76.66666666666667,83.33333333333334,70.0
SDGRC_ESCAP_ALL,ESCAP_All countries,2020,NT_BW_LBW,Low Birth Weight,Layer 1,17.3409,4,,,76.66666666666667,83.33333333333334,70.0
SDGRC_ESCAP_ALL,ESCAP_All countries,2024,NT_CF_MAD,Min Acceptable Diet,Layer 2,22.3275,0,,,76.66666666666667,83.33333333333334,70.0
SDGRC_ESCAP_ALL,ESCAP_All countries,2024,NT_CF_MDD,Min Dietary Diversity,Layer 2,35.0011,0,,,76.66666666666667,83.33333333333334,70.0
SDGRC_ESCAP_ALL,ESCAP_All countries,2024,NT_CF_MMF,Min Meal Frequency,Layer 2,52.1265,0,,,76.66666666666667,83.33333333333334,70.0
SDGRC_ESCAP_ASEAN,ESCAP_ASEAN (ASEAN),2024,IM_DTP3,DTP3 Coverage,Layer 2,80.0,0,,,58.33333333333333,66.66666666666666,50.0
SDGRC_ESCAP_ASEAN,ESCAP_ASEAN (ASEAN),2024,MNCH_ANC4,ANC 4+ Visits,Layer 2,80.5,0,,,58.33333333333333,66.66666666666666,50.0
SDGRC_ESCAP_ASEAN,ESCAP_ASEAN (ASEAN),2024,MNCH_SAB,Skilled Birth Attendance,Layer 2,94.1,0,,,58.33333333333333,66.66666666666666,50.0
SDGRC_ESCAP_ASEAN,ESCAP_ASEAN (ASEAN),2023,NT_ANE_WOM_15_49_MOD,Anaemia WRA,Layer 1,24.1892,1,,,58.33333333333333,66.66666666666666,50.0
SDGRC_ESCAP_ASEAN,ESCAP_ASEAN (ASEAN),2024,NT_ANT_HAZ_NE2_MOD,Stunting,Layer 1,22.7346,0,,,58.33333333333333,66.66666666666666,50.0
SDGRC_ESCAP_ASEAN,ESCAP_ASEAN (ASEAN),2024,NT_ANT_WHZ_PO2_MOD,Overweight,Layer 1,4.3263,0,,,58.33333333333333,66.66666666666666,50.0
SDGRC_ESCAP_ASEAN,ESCAP_ASEAN (ASEAN),2024,NT_BF_EIBF,Early BF Initiation,Layer 2,50.3334,0,,,58.33333333333333,66.66666666666666,50.0
SDGRC_ESCAP_ASEAN,ESCAP_ASEAN (ASEAN),2020,NT_BW_LBW,Low Birth Weight,Layer 1,12.0128,4,,,58.33333333333333,66.66666666666666,50.0
SDGRC_ESCAP_ASEAN,ESCAP_ASEAN (ASEAN),2024,NT_CF_MDD,Min Dietary Diversity,Layer 2,50.7002,0,,,58.33333333333333,66.66666666666666,50.0
SDGRC_ESCAP_CSN,ESCAP_Countries with Special Needs,2024,IM_DTP3,DTP3 Coverage,Layer 2,85.0,0,,,76.66666666666667,83.33333333333334,70.0
SDGRC_ESCAP_CSN,ESCAP_Countries with Special Needs,2024,MNCH_ANC4,ANC 4+ Visits,Layer 2,61.5,0,,,76.66666666666667,83.33333333333334,70.0
SDGRC_ESCAP_CSN,ESCAP_Countries with Special Needs,2024,MNCH_SAB,Skilled Birth Attendance,Layer 2,82.1,0,,,76.66666666666667,83.33333333333334,70.0
SDGRC_ESCAP_CSN,ESCAP_Countries with Special Needs,2023,NT_ANE_WOM_15_49_MOD,Anaemia WRA,Layer 1,36.2485,1,,,76.66666666666667,83.33333333333334,70.0
SDGRC_ESCAP_CSN,ESCAP_Countries with Special Needs,2024,NT_ANT_HAZ_NE2_MOD,Stunting,Layer 1,23.9407,0,,,76.66666666666667,83.33333333333334,70.0
SDGRC_ESCAP_CSN,ESCAP_Countries with Special Needs,2024,NT_ANT_WHZ_PO2_MOD,Overweight,Layer 1,3.781,0,,,76.66666666666667,83.33333333333334,70.0
SDGRC_ESCAP_CSN,ESCAP_Countries with Special Needs,2024,NT_BF_EIBF,Early BF Initiation,Layer 2,43.6673,0,,,76.66666666666667,83.33333333333334,70.0
SDGRC_ESCAP_CSN,ESCAP_Countries with Special Needs,2024,NT_BF_EXBF,Excl. BF,Layer 1,50.7407,0,,,76.66666666666667,83.33333333333334,70.0
SDGRC_ESCAP_CSN,ESCAP_Countries with Special Needs,2020,NT_BW_LBW,Low Birth Weight,Layer 1,16.7618,4,,,76.66666666666667,83.33333333333334,70.0
SDGRC_ESCAP_CSN,ESCAP_Countries with Special Needs,2024,NT_CF_MAD,Min Acceptable Diet,Layer 2,28.4661,0,,,76.66666666666667,83.33333333333334,70.0
SDGRC_ESCAP_CSN,ESCAP_Countries with Special Needs,2024,NT_CF_MDD,Min Dietary Diversity,Layer 2,38.4769,0,,,76.66666666666667,83.33333333333334,70.0
SDGRC_ESCAP_CSN,ESCAP_Countries with Special Needs,2024,NT_CF_MMF,Min Meal Frequency,Layer 2,61.4912,0,,,76.66666666666667,83.33333333333334,70.0
SDGRC_ESCAP_ECO,ESCAP_ECO (ECO),2024,IM_DTP3,DTP3 Coverage,Layer 2,86.0,0,,,5.0,0.0,10.0
SDGRC_ESCAP_ENEA,ESCAP_East and North-East Asia (ENEA),2024,IM_DTP3,DTP3 Coverage,Layer 2,97.0,0,,,71.66666666666667,83.33333333333334,60.0
SDGRC_ESCAP_ENEA,ESCAP_East and North-East Asia (ENEA),2024,MNCH_ANC4,ANC 4+ Visits,Layer 2,94.1,0,,,71.66666666666667,83.33333333333334,60.0
SDGRC_ESCAP_ENEA,ESCAP_East and North-East Asia (ENEA),2024,MNCH_SAB,Skilled Birth Attendance,Layer 2,99.9,0,,,71.66666666666667,83.33333333333334,60.0
SDGRC_ESCAP_ENEA,ESCAP_East and North-East Asia (ENEA),2023,NT_ANE_WOM_15_49_MOD,Anaemia WRA,Layer 1,16.0176,1,,,71.66666666666667,83.33333333333334,60.0
SDGRC_ESCAP_ENEA,ESCAP_East and North-East Asia (ENEA),2024,NT_ANT_HAZ_NE2_MOD,Stunting,Layer 1,4.8517,0,,,71.66666666666667,83.33333333333334,60.0
SDGRC_ESCAP_ENEA,ESCAP_East and North-East Asia (ENEA),2024,NT_ANT_WHZ_PO2_MOD,Overweight,Layer 1,10.1457,0,,,71.66666666666667,83.33333333333334,60.0
SDGRC_ESCAP_ENEA,ESCAP_East and North-East Asia (ENEA),2024,NT_BF_EXBF,Excl. BF,Layer 1,35.2145,0,,,71.66666666666667,83.33333333333334,60.0
SDGRC_ESCAP_ENEA,ESCAP_East and North-East Asia (ENEA),2020,NT_BW_LBW,Low Birth Weight,Layer 1,5.5766,4,,,71.66666666666667,83.33333333333334,60.0
SDGRC_ESCAP_ENEA,ESCAP_East and North-East Asia (ENEA),2024,NT_CF_MAD,Min Acceptable Diet,Layer 2,43.2894,0,,,71.66666666666667,83.33333333333334,60.0
SDGRC_ESCAP_ENEA,ESCAP_East and North-East Asia (ENEA),2024,NT_CF_MDD,Min Dietary Diversity,Layer 2,60.4901,0,,,71.66666666666667,83.33333333333334,60.0
SDGRC_ESCAP_ENEA,ESCAP_East and North-East Asia (ENEA),2024,NT_CF_MMF,Min Meal Frequency,Layer 2,72.3515,0,,,71.66666666666667,83.33333333333334,60.0
SDGRC_ESCAP_EUROPE,ESCAP_Europe (Europe),2024,IM_DTP3,DTP3 Coverage,Layer 2,92.0,0,,,5.0,0.0,10.0
SDGRC_ESCAP_LATIN_AMERICA,ESCAP_Latin America (LAC),2024,IM_DTP3,DTP3 Coverage,Layer 2,82.0,0,,,5.0,0.0,10.0
SDGRC_ESCAP_LDC,ESCAP_LDC (LDC_E),2024,IM_DTP3,DTP3 Coverage,Layer 2,84.0,0,,,76.66666666666667,83.33333333333334,70.0
SDGRC_ESCAP_LDC,ESCAP_LDC (LDC_E),2024,MNCH_ANC4,ANC 4+ Visits,Layer 2,53.1,0,,,76.66666666666667,83.33333333333334,70.0
SDGRC_ESCAP_LDC,ESCAP_LDC (LDC_E),2024,MNCH_SAB,Skilled Birth Attendance,Layer 2,76.9,0,,,76.66666666666667,83.33333333333334,70.0
SDGRC_ESCAP_LDC,ESCAP_LDC (LDC_E),2023,NT_ANE_WOM_15_49_MOD,Anaemia WRA,Layer 1,38.1489,1,,,76.66666666666667,83.33333333333334,70.0
SDGRC_ESCAP_LDC,ESCAP_LDC (LDC_E),2024,NT_ANT_HAZ_NE2_MOD,Stunting,Layer 1,28.5629,0,,,76.66666666666667,83.33333333333334,70.0
SDGRC_ESCAP_LDC,ESCAP_LDC (LDC_E),2024,NT_ANT_WHZ_PO2_MOD,Overweight,Layer 1,2.3346,0,,,76.66666666666667,83.33333333333334,70.0
SDGRC_ESCAP_LDC,ESCAP_LDC (LDC_E),2024,NT_BF_EIBF,Early BF Initiation,Layer 2,42.466,0,,,76.66666666666667,83.33333333333334,70.0
SDGRC_ESCAP_LDC,ESCAP_LDC (LDC_E),2024,NT_BF_EXBF,Excl. BF,Layer 1,55.7958,0,,,76.66666666666667,83.33333333333334,70.0
SDGRC_ESCAP_LDC,ESCAP_LDC (LDC_E),2020,NT_BW_LBW,Low Birth Weight,Layer 1,19.9998,4,,,76.66666666666667,83.33333333333334,70.0
SDGRC_ESCAP_LDC,ESCAP_LDC (LDC_E),2024,NT_CF_MAD,Min Acceptable Diet,Layer 2,26.0699,0,,,76.66666666666667,83.33333333333334,70.0
SDGRC_ESCAP_LDC,ESCAP_LDC (LDC_E),2024,NT_CF_MDD,Min Dietary Diversity,Layer 2,33.9361,0,,,76.66666666666667,83.33333333333334,70.0
SDGRC_ESCAP_LDC,ESCAP_LDC (LDC_E),2024,NT_CF_MMF,Min Meal Frequency,Layer 2,60.1283,0,,,76.66666666666667,83.33333333333334,70.0
SDGRC_ESCAP_LLDC,ESCAP_LLDC (LLDC_E),2024,IM_DTP3,DTP3 Coverage,Layer 2,80.0,0,,,76.66666666666667,83.33333333333334,70.0
SDGRC_ESCAP_LLDC,ESCAP_LLDC (LLDC_E),2024,MNCH_ANC4,ANC 4+ Visits,Layer 2,68.3,0,,,76.66666666666667,83.33333333333334,70.0
SDGRC_ESCAP_LLDC,ESCAP_LLDC (LLDC_E),2024,MNCH_SAB,Skilled Birth Attendance,Layer 2,87.4,0,,,76.66666666666667,83.33333333333334,70.0
SDGRC_ESCAP_LLDC,ESCAP_LLDC (LLDC_E),2023,NT_ANE_WOM_15_49_MOD,Anaemia WRA,Layer 1,34.7733,1,,,76.66666666666667,83.33333333333334,70.0
SDGRC_ESCAP_LLDC,ESCAP_LLDC (LLDC_E),2024,NT_ANT_HAZ_NE2_MOD,Stunting,Layer 1,21.8559,0,,,76.66666666666667,83.33333333333334,70.0
SDGRC_ESCAP_LLDC,ESCAP_LLDC (LLDC_E),2024,NT_ANT_WHZ_PO2_MOD,Overweight,Layer 1,5.1277,0,,,76.66666666666667,83.33333333333334,70.0
SDGRC_ESCAP_LLDC,ESCAP_LLDC (LLDC_E),2024,NT_BF_EIBF,Early BF Initiation,Layer 2,48.5597,0,,,76.66666666666667,83.33333333333334,70.0
SDGRC_ESCAP_LLDC,ESCAP_LLDC (LLDC_E),2024,NT_BF_EXBF,Excl. BF,Layer 1,48.3561,0,,,76.66666666666667,83.33333333333334,70.0
SDGRC_ESCAP_LLDC,ESCAP_LLDC (LLDC_E),2020,NT_BW_LBW,Low Birth Weight,Layer 1,13.2591,4,,,76.66666666666667,83.33333333333334,70.0
SDGRC_ESCAP_LLDC,ESCAP_LLDC (LLDC_E),2024,NT_CF_MAD,Min Acceptable Diet,Layer 2,26.1427,0,,,76.66666666666667,83.33333333333334,70.0
SDGRC_ESCAP_LLDC,ESCAP_LLDC (LLDC_E),2024,NT_CF_MDD,Min Dietary Diversity,Layer 2,38.289,0,,,76.66666666666667,83.33333333333334,70.0
SDGRC_ESCAP_LLDC,ESCAP_LLDC (LLDC_E),2024,NT_CF_MMF,Min Meal Frequency,Layer 2,56.0794,0,,,76.66666666666667,83.33333333333334,70.0
SDGRC_ESCAP_NCA,ESCAP_North and Central Asia (NCA),2024,IM_DTP3,DTP3 Coverage,Layer 2,93.0,0,,,48.33333333333333,66.66666666666666,30.0
SDGRC_ESCAP_NCA,ESCAP_North and Central Asia (NCA),2024,MNCH_ANC4,ANC 4+ Visits,Layer 2,89.0,0,,,48.33333333333333,66.66666666666666,30.0
SDGRC_ESCAP_NCA,ESCAP_North and Central Asia (NCA),2024,MNCH_SAB,Skilled Birth Attendance,Layer 2,99.6,0,,,48.33333333333333,66.66666666666666,30.0
SDGRC_ESCAP_NCA,ESCAP_North and Central Asia (NCA),2023,NT_ANE_WOM_15_49_MOD,Anaemia WRA,Layer 1,27.3554,1,,,48.33333333333333,66.66666666666666,30.0
SDGRC_ESCAP_NCA,ESCAP_North and Central Asia (NCA),2024,NT_ANT_HAZ_NE2_MOD,Stunting,Layer 1,6.151,0,,,48.33333333333333,66.66666666666666,30.0
SDGRC_ESCAP_NCA,ESCAP_North and Central Asia (NCA),2024,NT_ANT_WHZ_PO2_MOD,Overweight,Layer 1,7.5737,0,,,48.33333333333333,66.66666666666666,30.0
SDGRC_ESCAP_NCA,ESCAP_North and Central Asia (NCA),2020,NT_BW_LBW,Low Birth Weight,Layer 1,6.7636,4,,,48.33333333333333,66.66666666666666,30.0
SDGRC_ESCAP_NORTH_AMERICA,ESCAP_North America (NAM),2024,IM_DTP3,DTP3 Coverage,Layer 2,94.0,0,,,5.0,0.0,10.0
SDGRC_ESCAP_OTHER_AREA,ESCAP_Other Area (OTH_REGION),2024,IM_DTP3,DTP3 Coverage,Layer 2,75.0,0,,,53.33333333333333,66.66666666666666,40.0
SDGRC_ESCAP_OTHER_AREA,ESCAP_Other Area (OTH_REGION),2024,MNCH_ANC4,ANC 4+ Visits,Layer 2,63.3,0,,,53.33333333333333,66.66666666666666,40.0
SDGRC_ESCAP_OTHER_AREA,ESCAP_Other Area (OTH_REGION),2024,MNCH_SAB,Skilled Birth Attendance,Layer 2,89.0,0,,,53.33333333333333,66.66666666666666,40.0
SDGRC_ESCAP_OTHER_AREA,ESCAP_Other Area (OTH_REGION),2023,NT_ANE_WOM_15_49_MOD,Anaemia WRA,Layer 1,28.2039,1,,,53.33333333333333,66.66666666666666,40.0
SDGRC_ESCAP_OTHER_AREA,ESCAP_Other Area (OTH_REGION),2024,NT_ANT_HAZ_NE2_MOD,Stunting,Layer 1,21.8018,0,,,53.33333333333333,66.66666666666666,40.0
SDGRC_ESCAP_OTHER_AREA,ESCAP_Other Area (OTH_REGION),2024,NT_ANT_WHZ_PO2_MOD,Overweight,Layer 1,5.7839,0,,,53.33333333333333,66.66666666666666,40.0
SDGRC_ESCAP_OTHER_AREA,ESCAP_Other Area (OTH_REGION),2020,NT_BW_LBW,Low Birth Weight,Layer 1,12.2502,4,,,53.33333333333333,66.66666666666666,40.0
SDGRC_ESCAP_OTHER_AREA,ESCAP_Other Area (OTH_REGION),2024,NT_CF_MDD,Min Dietary Diversity,Layer 2,33.2042,0,,,53.33333333333333,66.66666666666666,40.0
SDGRC_ESCAP_PACIFIC,ESCAP_PACIFIC (PAC),2024,IM_DTP3,DTP3 Coverage,Layer 2,73.0,0,,,48.33333333333333,66.66666666666666,30.0
SDGRC_ESCAP_PACIFIC,ESCAP_PACIFIC (PAC),2024,MNCH_ANC4,ANC 4+ Visits,Layer 2,77.6,0,,,48.33333333333333,66.66666666666666,30.0
SDGRC_ESCAP_PACIFIC,ESCAP_PACIFIC (PAC),2024,MNCH_SAB,Skilled Birth Attendance,Layer 2,88.6,0,,,48.33333333333333,66.66666666666666,30.0
SDGRC_ESCAP_PACIFIC,ESCAP_PACIFIC (PAC),2023,NT_ANE_WOM_15_49_MOD,Anaemia WRA,Layer 1,16.8513,1,,,48.33333333333333,66.66666666666666,30.0
SDGRC_ESCAP_PACIFIC,ESCAP_PACIFIC (PAC),2024,NT_ANT_HAZ_NE2_MOD,Stunting,Layer 1,20.7683,0,,,48.33333333333333,66.66666666666666,30.0
SDGRC_ESCAP_PACIFIC,ESCAP_PACIFIC (PAC),2024,NT_ANT_WHZ_PO2_MOD,Overweight,Layer 1,19.9719,0,,,48.33333333333333,66.66666666666666,30.0
SDGRC_ESCAP_PACIFIC,ESCAP_PACIFIC (PAC),2020,NT_BW_LBW,Low Birth Weight,Layer 1,11.9302,4,,,48.33333333333333,66.66666666666666,30.0
SDGRC_ESCAP_PIDE,ESCAP_Pacific island developing economies (PIDE),2024,IM_DTP3,DTP3 Coverage,Layer 2,51.0,0,,,48.33333333333333,66.66666666666666,30.0
SDGRC_ESCAP_PIDE,ESCAP_Pacific island developing economies (PIDE),2024,MNCH_ANC4,ANC 4+ Visits,Layer 2,60.6,0,,,48.33333333333333,66.66666666666666,30.0
SDGRC_ESCAP_PIDE,ESCAP_Pacific island developing economies (PIDE),2024,MNCH_SAB,Skilled Birth Attendance,Layer 2,77.4,0,,,48.33333333333333,66.66666666666666,30.0
SDGRC_ESCAP_PIDE,ESCAP_Pacific island developing economies (PIDE),2023,NT_ANE_WOM_15_49_MOD,Anaemia WRA,Layer 1,28.8694,1,,,48.33333333333333,66.66666666666666,30.0
SDGRC_ESCAP_PIDE,ESCAP_Pacific island developing economies (PIDE),2024,NT_ANT_HAZ_NE2_MOD,Stunting,Layer 1,41.5076,0,,,48.33333333333333,66.66666666666666,30.0
SDGRC_ESCAP_PIDE,ESCAP_Pacific island developing economies (PIDE),2024,NT_ANT_WHZ_PO2_MOD,Overweight,Layer 1,15.9924,0,,,48.33333333333333,66.66666666666666,30.0
SDGRC_ESCAP_PIDE,ESCAP_Pacific island developing economies (PIDE),2020,NT_BW_LBW,Low Birth Weight,Layer 1,17.9386,4,,,48.33333333333333,66.66666666666666,30.0
SDGRC_ESCAP_SAARC,ESCAP_SAARC (SAARC),2024,IM_DTP3,DTP3 Coverage,Layer 2,92.0,0,,,76.66666666666667,83.33333333333334,70.0
SDGRC_ESCAP_SAARC,ESCAP_SAARC (SAARC),2024,MNCH_ANC4,ANC 4+ Visits,Layer 2,62.8,0,,,76.66666666666667,83.33333333333334,70.0
SDGRC_ESCAP_SAARC,ESCAP_SAARC (SAARC),2024,MNCH_SAB,Skilled Birth Attendance,Layer 2,87.8,0,,,76.66666666666667,83.33333333333334,70.0
SDGRC_ESCAP_SAARC,ESCAP_SAARC (SAARC),2023,NT_ANE_WOM_15_49_MOD,Anaemia WRA,Layer 1,50.4351,1,,,76.66666666666667,83.33333333333334,70.0
SDGRC_ESCAP_SAARC,ESCAP_SAARC (SAARC),2024,NT_ANT_HAZ_NE2_MOD,Stunting,Layer 1,32.304,0,,,76.66666666666667,83.33333333333334,70.0
SDGRC_ESCAP_SAARC,ESCAP_SAARC (SAARC),2024,NT_ANT_WHZ_PO2_MOD,Overweight,Layer 1,3.1752,0,,,76.66666666666667,83.33333333333334,70.0
SDGRC_ESCAP_SAARC,ESCAP_SAARC (SAARC),2024,NT_BF_EIBF,Early BF Initiation,Layer 2,37.7055,0,,,76.66666666666667,83.33333333333334,70.0
SDGRC_ESCAP_SAARC,ESCAP_SAARC (SAARC),2024,NT_BF_EXBF,Excl. BF,Layer 1,59.5299,0,,,76.66666666666667,83.33333333333334,70.0
SDGRC_ESCAP_SAARC,ESCAP_SAARC (SAARC),2020,NT_BW_LBW,Low Birth Weight,Layer 1,24.7804,4,,,76.66666666666667,83.33333333333334,70.0
SDGRC_ESCAP_SAARC,ESCAP_SAARC (SAARC),2024,NT_CF_MAD,Min Acceptable Diet,Layer 2,13.56,0,,,76.66666666666667,83.33333333333334,70.0
SDGRC_ESCAP_SAARC,ESCAP_SAARC (SAARC),2024,NT_CF_MDD,Min Dietary Diversity,Layer 2,23.3948,0,,,76.66666666666667,83.33333333333334,70.0
SDGRC_ESCAP_SAARC,ESCAP_SAARC (SAARC),2024,NT_CF_MMF,Min Meal Frequency,Layer 2,43.2573,0,,,76.66666666666667,83.33333333333334,70.0
SDGRC_ESCAP_SEA,ESCAP_South-East Asia (SEA),2024,IM_DTP3,DTP3 Coverage,Layer 2,80.0,0,,,58.33333333333333,66.66666666666666,50.0
SDGRC_ESCAP_SEA,ESCAP_South-East Asia (SEA),2024,MNCH_ANC4,ANC 4+ Visits,Layer 2,80.5,0,,,58.33333333333333,66.66666666666666,50.0
SDGRC_ESCAP_SEA,ESCAP_South-East Asia (SEA),2024,MNCH_SAB,Skilled Birth Attendance,Layer 2,94.1,0,,,58.33333333333333,66.66666666666666,50.0
SDGRC_ESCAP_SEA,ESCAP_South-East Asia (SEA),2023,NT_ANE_WOM_15_49_MOD,Anaemia WRA,Layer 1,24.1892,1,,,58.33333333333333,66.66666666666666,50.0
SDGRC_ESCAP_SEA,ESCAP_South-East Asia (SEA),2024,NT_ANT_HAZ_NE2_MOD,Stunting,Layer 1,22.7346,0,,,58.33333333333333,66.66666666666666,50.0
SDGRC_ESCAP_SEA,ESCAP_South-East Asia (SEA),2024,NT_ANT_WHZ_PO2_MOD,Overweight,Layer 1,4.3263,0,,,58.33333333333333,66.66666666666666,50.0
SDGRC_ESCAP_SEA,ESCAP_South-East Asia (SEA),2024,NT_BF_EIBF,Early BF Initiation,Layer 2,50.3334,0,,,58.33333333333333,66.66666666666666,50.0
SDGRC_ESCAP_SEA,ESCAP_South-East Asia (SEA),2020,NT_BW_LBW,Low Birth Weight,Layer 1,12.0128,4,,,58.33333333333333,66.66666666666666,50.0
SDGRC_ESCAP_SEA,ESCAP_South-East Asia (SEA),2024,NT_CF_MDD,Min Dietary Diversity,Layer 2,50.7002,0,,,58.33333333333333,66.66666666666666,50.0
SDGRC_ESCAP_SIDS,ESCAP_Small Islands Developing States,2024,IM_DTP3,DTP3 Coverage,Layer 2,60.0,0,,,48.33333333333333,66.66666666666666,30.0
SDGRC_ESCAP_SIDS,ESCAP_Small Islands Developing States,2024,MNCH_ANC4,ANC 4+ Visits,Layer 2,62.8,0,,,48.33333333333333,66.66666666666666,30.0
SDGRC_ESCAP_SIDS,ESCAP_Small Islands Developing States,2024,MNCH_SAB,Skilled Birth Attendance,Layer 2,79.9,0,,,48.33333333333333,66.66666666666666,30.0
SDGRC_ESCAP_SIDS,ESCAP_Small Islands Developing States,2023,NT_ANE_WOM_15_49_MOD,Anaemia WRA,Layer 1,25.6781,1,,,48.33333333333333,66.66666666666666,30.0
SDGRC_ESCAP_SIDS,ESCAP_Small Islands Developing States,2024,NT_ANT_HAZ_NE2_MOD,Stunting,Layer 1,36.8418,0,,,48.33333333333333,66.66666666666666,30.0
SDGRC_ESCAP_SIDS,ESCAP_Small Islands Developing States,2024,NT_ANT_WHZ_PO2_MOD,Overweight,Layer 1,13.2229,0,,,48.33333333333333,66.66666666666666,30.0
SDGRC_ESCAP_SIDS,ESCAP_Small Islands Developing States,2020,NT_BW_LBW,Low Birth Weight,Layer 1,17.0849,4,,,48.33333333333333,66.66666666666666,30.0
SDGRC_ESCAP_SSWA,ESCAP_South and South-West Asia (SSWA),2024,IM_DTP3,DTP3 Coverage,Layer 2,92.0,0,,,76.66666666666667,83.33333333333334,70.0
SDGRC_ESCAP_SSWA,ESCAP_South and South-West Asia (SSWA),2024,MNCH_ANC4,ANC 4+ Visits,Layer 2,64.6,0,,,76.66666666666667,83.33333333333334,70.0
SDGRC_ESCAP_SSWA,ESCAP_South and South-West Asia (SSWA),2024,MNCH_SAB,Skilled Birth Attendance,Layer 2,88.4,0,,,76.66666666666667,83.33333333333334,70.0
SDGRC_ESCAP_SSWA,ESCAP_South and South-West Asia (SSWA),2023,NT_ANE_WOM_15_49_MOD,Anaemia WRA,Layer 1,48.4965,1,,,76.66666666666667,83.33333333333334,70.0
SDGRC_ESCAP_SSWA,ESCAP_South and South-West Asia (SSWA),2024,NT_ANT_HAZ_NE2_MOD,Stunting,Layer 1,30.6097,0,,,76.66666666666667,83.33333333333334,70.0
SDGRC_ESCAP_SSWA,ESCAP_South and South-West Asia (SSWA),2024,NT_ANT_WHZ_PO2_MOD,Overweight,Layer 1,3.2949,0,,,76.66666666666667,83.33333333333334,70.0
SDGRC_ESCAP_SSWA,ESCAP_South and South-West Asia (SSWA),2024,NT_BF_EIBF,Early BF Initiation,Layer 2,38.6688,0,,,76.66666666666667,83.33333333333334,70.0
SDGRC_ESCAP_SSWA,ESCAP_South and South-West Asia (SSWA),2024,NT_BF_EXBF,Excl. BF,Layer 1,58.9762,0,,,76.66666666666667,83.33333333333334,70.0
SDGRC_ESCAP_SSWA,ESCAP_South and South-West Asia (SSWA),2020,NT_BW_LBW,Low Birth Weight,Layer 1,24.0011,4,,,76.66666666666667,83.33333333333334,70.0
SDGRC_ESCAP_SSWA,ESCAP_South and South-West Asia (SSWA),2024,NT_CF_MAD,Min Acceptable Diet,Layer 2,13.56,0,,,76.66666666666667,83.33333333333334,70.0
SDGRC_ESCAP_SSWA,ESCAP_South and South-West Asia (SSWA),2024,NT_CF_MDD,Min Dietary Diversity,Layer 2,23.3948,0,,,76.66666666666667,83.33333333333334,70.0
SDGRC_ESCAP_SSWA,ESCAP_South and South-West Asia (SSWA),2024,NT_CF_MMF,Min Meal Frequency,Layer 2,43.2573,0,,,76.66666666666667,83.33333333333334,70.0
SDGRC_ESCAP_WB_HIGH,ESCAP_WB High Income Economies,2024,IM_DTP3,DTP3 Coverage,Layer 2,97.0,0,,,43.33333333333333,66.66666666666666,20.0
SDGRC_ESCAP_WB_HIGH,ESCAP_WB High Income Economies,2024,MNCH_SAB,Skilled Birth Attendance,Layer 2,99.6,0,,,43.33333333333333,66.66666666666666,20.0
SDGRC_ESCAP_WB_HIGH,ESCAP_WB High Income Economies,2023,NT_ANE_WOM_15_49_MOD,Anaemia WRA,Layer 1,19.8834,1,,,43.33333333333333,66.66666666666666,20.0
SDGRC_ESCAP_WB_HIGH,ESCAP_WB High Income Economies,2024,NT_ANT_HAZ_NE2_MOD,Stunting,Layer 1,4.2164,0,,,43.33333333333333,66.66666666666666,20.0
SDGRC_ESCAP_WB_HIGH,ESCAP_WB High Income Economies,2024,NT_ANT_WHZ_PO2_MOD,Overweight,Layer 1,8.7184,0,,,43.33333333333333,66.66666666666666,20.0
SDGRC_ESCAP_WB_HIGH,ESCAP_WB High Income Economies,2020,NT_BW_LBW,Low Birth Weight,Layer 1,8.4249,4,,,43.33333333333333,66.66666666666666,20.0
SDGRC_ESCAP_WB_LOW,ESCAP_WB Low Income Economies,2024,IM_DTP3,DTP3 Coverage,Layer 2,67.0,0,,,76.66666666666667,83.33333333333334,70.0
SDGRC_ESCAP_WB_LOW,ESCAP_WB Low Income Economies,2024,MNCH_ANC4,ANC 4+ Visits,Layer 2,44.0,0,,,76.66666666666667,83.33333333333334,70.0
SDGRC_ESCAP_WB_LOW,ESCAP_WB Low Income Economies,2024,MNCH_SAB,Skilled Birth Attendance,Layer 2,77.0,0,,,76.66666666666667,83.33333333333334,70.0
SDGRC_ESCAP_WB_LOW,ESCAP_WB Low Income Economies,2023,NT_ANE_WOM_15_49_MOD,Anaemia WRA,Layer 1,38.4893,1,,,76.66666666666667,83.33333333333334,70.0
SDGRC_ESCAP_WB_LOW,ESCAP_WB Low Income Economies,2024,NT_ANT_HAZ_NE2_MOD,Stunting,Layer 1,36.8968,0,,,76.66666666666667,83.33333333333334,70.0
SDGRC_ESCAP_WB_LOW,ESCAP_WB Low Income Economies,2024,NT_ANT_WHZ_PO2_MOD,Overweight,Layer 1,4.179,0,,,76.66666666666667,83.33333333333334,70.0
SDGRC_ESCAP_WB_LOW,ESCAP_WB Low Income Economies,2024,NT_BF_EIBF,Early BF Initiation,Layer 2,47.7,0,,,76.66666666666667,83.33333333333334,70.0
SDGRC_ESCAP_WB_LOW,ESCAP_WB Low Income Economies,2024,NT_BF_EXBF,Excl. BF,Layer 1,63.3,0,,,76.66666666666667,83.33333333333334,70.0
SDGRC_ESCAP_WB_LOW,ESCAP_WB Low Income Economies,2020,NT_BW_LBW,Low Birth Weight,Layer 1,18.5961,4,,,76.66666666666667,83.33333333333334,70.0
SDGRC_ESCAP_WB_LOW,ESCAP_WB Low Income Economies,2024,NT_CF_MAD,Min Acceptable Diet,Layer 2,6.8,0,,,76.66666666666667,83.33333333333334,70.0
SDGRC_ESCAP_WB_LOW,ESCAP_WB Low Income Economies,2024,NT_CF_MDD,Min Dietary Diversity,Layer 2,14.8,0,,,76.66666666666667,83.33333333333334,70.0
SDGRC_ESCAP_WB_LOW,ESCAP_WB Low Income Economies,2024,NT_CF_MMF,Min Meal Frequency,Layer 2,33.6,0,,,76.66666666666667,83.33333333333334,70.0
SDGRC_ESCAP_WB_LOWER_MID,ESCAP_WB Lower Middle Income Economies,2024,IM_DTP3,DTP3 Coverage,Layer 2,91.0,0,,,76.66666666666667,83.33333333333334,70.0
SDGRC_ESCAP_WB_LOWER_MID,ESCAP_WB Lower Middle Income Economies,2024,MNCH_ANC4,ANC 4+ Visits,Layer 2,67.2,0,,,76.66666666666667,83.33333333333334,70.0
SDGRC_ESCAP_WB_LOWER_MID,ESCAP_WB Lower Middle Income Economies,2024,MNCH_SAB,Skilled Birth Attendance,Layer 2,89.0,0,,,76.66666666666667,83.33333333333334,70.0
SDGRC_ESCAP_WB_LOWER_MID,ESCAP_WB Lower Middle Income Economies,2023,NT_ANE_WOM_15_49_MOD,Anaemia WRA,Layer 1,46.2749,1,,,76.66666666666667,83.33333333333334,70.0
SDGRC_ESCAP_WB_LOWER_MID,ESCAP_WB Lower Middle Income Economies,2024,NT_ANT_HAZ_NE2_MOD,Stunting,Layer 1,30.3329,0,,,76.66666666666667,83.33333333333334,70.0
SDGRC_ESCAP_WB_LOWER_MID,ESCAP_WB Lower Middle Income Economies,2024,NT_ANT_WHZ_PO2_MOD,Overweight,Layer 1,3.5518,0,,,76.66666666666667,83.33333333333334,70.0
SDGRC_ESCAP_WB_LOWER_MID,ESCAP_WB Lower Middle Income Economies,2024,NT_BF_EIBF,Early BF Initiation,Layer 2,38.0113,0,,,76.66666666666667,83.33333333333334,70.0
SDGRC_ESCAP_WB_LOWER_MID,ESCAP_WB Lower Middle Income Economies,2024,NT_BF_EXBF,Excl. BF,Layer 1,56.8814,0,,,76.66666666666667,83.33333333333334,70.0
SDGRC_ESCAP_WB_LOWER_MID,ESCAP_WB Lower Middle Income Economies,2020,NT_BW_LBW,Low Birth Weight,Layer 1,23.0183,4,,,76.66666666666667,83.33333333333334,70.0
SDGRC_ESCAP_WB_LOWER_MID,ESCAP_WB Lower Middle Income Economies,2024,NT_CF_MAD,Min Acceptable Diet,Layer 2,17.0802,0,,,76.66666666666667,83.33333333333334,70.0
SDGRC_ESCAP_WB_LOWER_MID,ESCAP_WB Lower Middle Income Economies,2024,NT_CF_MDD,Min Dietary Diversity,Layer 2,27.2929,0,,,76.66666666666667,83.33333333333334,70.0
SDGRC_ESCAP_WB_LOWER_MID,ESCAP_WB Lower Middle Income Economies,2024,NT_CF_MMF,Min Meal Frequency,Layer 2,47.292,0,,,76.66666666666667,83.33333333333334,70.0
SDGRC_ESCAP_WB_UPPER_MID,ESCAP_WB Upper Middle Income Economies,2024,IM_DTP3,DTP3 Coverage,Layer 2,92.0,0,,,71.66666666666667,83.33333333333334,60.0
SDGRC_ESCAP_WB_UPPER_MID,ESCAP_WB Upper Middle Income Economies,2024,MNCH_ANC4,ANC 4+ Visits,Layer 2,88.5,0,,,71.66666666666667,83.33333333333334,60.0
SDGRC_ESCAP_WB_UPPER_MID,ESCAP_WB Upper Middle Income Economies,2024,MNCH_SAB,Skilled Birth Attendance,Layer 2,98.8,0,,,71.66666666666667,83.33333333333334,60.0
SDGRC_ESCAP_WB_UPPER_MID,ESCAP_WB Upper Middle Income Economies,2023,NT_ANE_WOM_15_49_MOD,Anaemia WRA,Layer 1,19.3213,1,,,71.66666666666667,83.33333333333334,60.0
SDGRC_ESCAP_WB_UPPER_MID,ESCAP_WB Upper Middle Income Economies,2024,NT_ANT_HAZ_NE2_MOD,Stunting,Layer 1,9.5503,0,,,71.66666666666667,83.33333333333334,60.0
SDGRC_ESCAP_WB_UPPER_MID,ESCAP_WB Upper Middle Income Economies,2024,NT_ANT_WHZ_PO2_MOD,Overweight,Layer 1,8.0523,0,,,71.66666666666667,83.33333333333334,60.0
SDGRC_ESCAP_WB_UPPER_MID,ESCAP_WB Upper Middle Income Economies,2024,NT_BF_EXBF,Excl. BF,Layer 1,35.4679,0,,,71.66666666666667,83.33333333333334,60.0
SDGRC_ESCAP_WB_UPPER_MID,ESCAP_WB Upper Middle Income Economies,2020,NT_BW_LBW,Low Birth Weight,Layer 1,7.3538,4,,,71.66666666666667,83.33333333333334,60.0
SDGRC_ESCAP_WB_UPPER_MID,ESCAP_WB Upper Middle Income Economies,2024,NT_CF_MAD,Min Acceptable Diet,Layer 2,44.432,0,,,71.66666666666667,83.33333333333334,60.0
SDGRC_ESCAP_WB_UPPER_MID,ESCAP_WB Upper Middle Income Economies,2024,NT_CF_MDD,Min Dietary Diversity,Layer 2,57.3672,0,,,71.66666666666667,83.33333333333334,60.0
SDGRC_ESCAP_WB_UPPER_MID,ESCAP_WB Upper Middle Income Economies,2024,NT_CF_MMF,Min Meal Frequency,Layer 2,73.0827,0,,,71.66666666666667,83.33333333333334,60.0
SDGRC_ESCWA_ARAB_HIGH,ESCWA_Arab High-Income Countries (HICs),2024,IM_DTP3,DTP3 Coverage,Layer 2,97.0,0,,,48.33333333333333,66.66666666666666,30.0
SDGRC_ESCWA_ARAB_HIGH,ESCWA_Arab High-Income Countries (HICs),2024,MNCH_ANC4,ANC 4+ Visits,Layer 2,86.5,0,,,48.33333333333333,66.66666666666666,30.0
SDGRC_ESCWA_ARAB_HIGH,ESCWA_Arab High-Income Countries (HICs),2024,MNCH_SAB,Skilled Birth Attendance,Layer 2,99.7,0,,,48.33333333333333,66.66666666666666,30.0
SDGRC_ESCWA_ARAB_HIGH,ESCWA_Arab High-Income Countries (HICs),2023,NT_ANE_WOM_15_49_MOD,Anaemia WRA,Layer 1,22.6494,1,,,48.33333333333333,66.66666666666666,30.0
SDGRC_ESCWA_ARAB_HIGH,ESCWA_Arab High-Income Countries (HICs),2024,NT_ANT_HAZ_NE2_MOD,Stunting,Layer 1,9.3759,0,,,48.33333333333333,66.66666666666666,30.0
SDGRC_ESCWA_ARAB_HIGH,ESCWA_Arab High-Income Countries (HICs),2024,NT_ANT_WHZ_PO2_MOD,Overweight,Layer 1,8.4612,0,,,48.33333333333333,66.66666666666666,30.0
SDGRC_ESCWA_ARAB_HIGH,ESCWA_Arab High-Income Countries (HICs),2020,NT_BW_LBW,Low Birth Weight,Layer 1,10.9115,4,,,48.33333333333333,66.66666666666666,30.0
SDGRC_ESCWA_ARAB_LOW,(SDGRC) ESCWA_Arab Low-Income Countries (LICs),2024,IM_DTP3,DTP3 Coverage,Layer 2,50.0,0,,,53.33333333333333,66.66666666666666,40.0
SDGRC_ESCWA_ARAB_LOW,(SDGRC) ESCWA_Arab Low-Income Countries (LICs),2024,MNCH_ANC4,ANC 4+ Visits,Layer 2,35.8,0,,,53.33333333333333,66.66666666666666,40.0
SDGRC_ESCWA_ARAB_LOW,(SDGRC) ESCWA_Arab Low-Income Countries (LICs),2024,MNCH_SAB,Skilled Birth Attendance,Layer 2,76.0,0,,,53.33333333333333,66.66666666666666,40.0
SDGRC_ESCWA_ARAB_LOW,(SDGRC) ESCWA_Arab Low-Income Countries (LICs),2023,NT_ANE_WOM_15_49_MOD,Anaemia WRA,Layer 1,35.6582,1,,,53.33333333333333,66.66666666666666,40.0
SDGRC_ESCWA_ARAB_LOW,(SDGRC) ESCWA_Arab Low-Income Countries (LICs),2024,NT_ANT_HAZ_NE2_MOD,Stunting,Layer 1,35.7915,0,,,53.33333333333333,66.66666666666666,40.0
SDGRC_ESCWA_ARAB_LOW,(SDGRC) ESCWA_Arab Low-Income Countries (LICs),2024,NT_ANT_WHZ_PO2_MOD,Overweight,Layer 1,3.3224,0,,,53.33333333333333,66.66666666666666,40.0
SDGRC_ESCWA_ARAB_LOW,(SDGRC) ESCWA_Arab Low-Income Countries (LICs),2020,NT_BW_LBW,Low Birth Weight,Layer 1,13.6438,4,,,53.33333333333333,66.66666666666666,40.0
SDGRC_ESCWA_ARAB_LOW,(SDGRC) ESCWA_Arab Low-Income Countries (LICs),2024,NT_CF_MDD,Min Dietary Diversity,Layer 2,20.9379,0,,,53.33333333333333,66.66666666666666,40.0
SDGRC_ESCWA_ARAB_MID,(SDGRC) ESCWA_Arab Middle-Income Countries (MICs),2024,IM_DTP3,DTP3 Coverage,Layer 2,93.0,0,,,76.66666666666667,83.33333333333334,70.0
SDGRC_ESCWA_ARAB_MID,(SDGRC) ESCWA_Arab Middle-Income Countries (MICs),2024,MNCH_ANC4,ANC 4+ Visits,Layer 2,81.8,0,,,76.66666666666667,83.33333333333334,70.0
SDGRC_ESCWA_ARAB_MID,(SDGRC) ESCWA_Arab Middle-Income Countries (MICs),2024,MNCH_SAB,Skilled Birth Attendance,Layer 2,96.6,0,,,76.66666666666667,83.33333333333334,70.0
SDGRC_ESCWA_ARAB_MID,(SDGRC) ESCWA_Arab Middle-Income Countries (MICs),2023,NT_ANE_WOM_15_49_MOD,Anaemia WRA,Layer 1,31.1869,1,,,76.66666666666667,83.33333333333334,70.0
SDGRC_ESCWA_ARAB_MID,(SDGRC) ESCWA_Arab Middle-Income Countries (MICs),2024,NT_ANT_HAZ_NE2_MOD,Stunting,Layer 1,11.442,0,,,76.66666666666667,83.33333333333334,70.0
SDGRC_ESCWA_ARAB_MID,(SDGRC) ESCWA_Arab Middle-Income Countries (MICs),2024,NT_ANT_WHZ_PO2_MOD,Overweight,Layer 1,9.1138,0,,,76.66666666666667,83.33333333333334,70.0
SDGRC_ESCWA_ARAB_MID,(SDGRC) ESCWA_Arab Middle-Income Countries (MICs),2024,NT_BF_EIBF,Early BF Initiation,Layer 2,34.1704,0,,,76.66666666666667,83.33333333333334,70.0
SDGRC_ESCWA_ARAB_MID,(SDGRC) ESCWA_Arab Middle-Income Countries (MICs),2024,NT_BF_EXBF,Excl. BF,Layer 1,33.2876,0,,,76.66666666666667,83.33333333333334,70.0
SDGRC_ESCWA_ARAB_MID,(SDGRC) ESCWA_Arab Middle-Income Countries (MICs),2020,NT_BW_LBW,Low Birth Weight,Layer 1,13.3985,4,,,76.66666666666667,83.33333333333334,70.0
SDGRC_ESCWA_ARAB_MID,(SDGRC) ESCWA_Arab Middle-Income Countries (MICs),2024,NT_CF_MAD,Min Acceptable Diet,Layer 2,27.0517,0,,,76.66666666666667,83.33333333333334,70.0
SDGRC_ESCWA_ARAB_MID,(SDGRC) ESCWA_Arab Middle-Income Countries (MICs),2024,NT_CF_MDD,Min Dietary Diversity,Layer 2,41.6224,0,,,76.66666666666667,83.33333333333334,70.0
SDGRC_ESCWA_ARAB_MID,(SDGRC) ESCWA_Arab Middle-Income Countries (MICs),2024,NT_CF_MMF,Min Meal Frequency,Layer 2,58.134,0,,,76.66666666666667,83.33333333333334,70.0
SDGRC_ESCWA_CONFLICT,(SDGRC) ESCWA_Countries in conflict,2024,IM_DTP3,DTP3 Coverage,Layer 2,60.0,0,,,53.33333333333333,66.66666666666666,40.0
SDGRC_ESCWA_CONFLICT,(SDGRC) ESCWA_Countries in conflict,2024,MNCH_ANC4,ANC 4+ Visits,Layer 2,46.2,0,,,53.33333333333333,66.66666666666666,40.0
SDGRC_ESCWA_CONFLICT,(SDGRC) ESCWA_Countries in conflict,2024,MNCH_SAB,Skilled Birth Attendance,Layer 2,81.1,0,,,53.33333333333333,66.66666666666666,40.0
SDGRC_ESCWA_CONFLICT,(SDGRC) ESCWA_Countries in conflict,2023,NT_ANE_WOM_15_49_MOD,Anaemia WRA,Layer 1,33.0296,1,,,53.33333333333333,66.66666666666666,40.0
SDGRC_ESCWA_CONFLICT,(SDGRC) ESCWA_Countries in conflict,2024,NT_ANT_HAZ_NE2_MOD,Stunting,Layer 1,28.9475,0,,,53.33333333333333,66.66666666666666,40.0
SDGRC_ESCWA_CONFLICT,(SDGRC) ESCWA_Countries in conflict,2024,NT_ANT_WHZ_PO2_MOD,Overweight,Layer 1,3.7654,0,,,53.33333333333333,66.66666666666666,40.0
SDGRC_ESCWA_CONFLICT,(SDGRC) ESCWA_Countries in conflict,2020,NT_BW_LBW,Low Birth Weight,Layer 1,12.9439,4,,,53.33333333333333,66.66666666666666,40.0
SDGRC_ESCWA_CONFLICT,(SDGRC) ESCWA_Countries in conflict,2024,NT_CF_MDD,Min Dietary Diversity,Layer 2,28.7583,0,,,53.33333333333333,66.66666666666666,40.0
SDGRC_ESCWA_GCC,ESCWA_Gulf Cooperation Council (GCC),2024,IM_DTP3,DTP3 Coverage,Layer 2,97.0,0,,,48.33333333333333,66.66666666666666,30.0
SDGRC_ESCWA_GCC,ESCWA_Gulf Cooperation Council (GCC),2024,MNCH_ANC4,ANC 4+ Visits,Layer 2,86.5,0,,,48.33333333333333,66.66666666666666,30.0
SDGRC_ESCWA_GCC,ESCWA_Gulf Cooperation Council (GCC),2024,MNCH_SAB,Skilled Birth Attendance,Layer 2,99.7,0,,,48.33333333333333,66.66666666666666,30.0
SDGRC_ESCWA_GCC,ESCWA_Gulf Cooperation Council (GCC),2023,NT_ANE_WOM_15_49_MOD,Anaemia WRA,Layer 1,22.6494,1,,,48.33333333333333,66.66666666666666,30.0
SDGRC_ESCWA_GCC,ESCWA_Gulf Cooperation Council (GCC),2024,NT_ANT_HAZ_NE2_MOD,Stunting,Layer 1,9.3759,0,,,48.33333333333333,66.66666666666666,30.0
SDGRC_ESCWA_GCC,ESCWA_Gulf Cooperation Council (GCC),2024,NT_ANT_WHZ_PO2_MOD,Overweight,Layer 1,8.4612,0,,,48.33333333333333,66.66666666666666,30.0
SDGRC_ESCWA_GCC,ESCWA_Gulf Cooperation Council (GCC),2020,NT_BW_LBW,Low Birth Weight,Layer 1,10.9115,4,,,48.33333333333333,66.66666666666666,30.0
SDGRC_ESCWA_LDC,(SDGRC) ESCWA_Arab LDCs subregion,2024,IM_DTP3,DTP3 Coverage,Layer 2,49.0,0,,,53.33333333333333,66.66666666666666,40.0
SDGRC_ESCWA_LDC,(SDGRC) ESCWA_Arab LDCs subregion,2024,MNCH_ANC4,ANC 4+ Visits,Layer 2,33.1,0,,,53.33333333333333,66.66666666666666,40.0
SDGRC_ESCWA_LDC,(SDGRC) ESCWA_Arab LDCs subregion,2024,MNCH_SAB,Skilled Birth Attendance,Layer 2,73.0,0,,,53.33333333333333,66.66666666666666,40.0
SDGRC_ESCWA_LDC,(SDGRC) ESCWA_Arab LDCs subregion,2023,NT_ANE_WOM_15_49_MOD,Anaemia WRA,Layer 1,37.4602,1,,,53.33333333333333,66.66666666666666,40.0
SDGRC_ESCWA_LDC,(SDGRC) ESCWA_Arab LDCs subregion,2024,NT_ANT_HAZ_NE2_MOD,Stunting,Layer 1,36.5814,0,,,53.33333333333333,66.66666666666666,40.0
SDGRC_ESCWA_LDC,(SDGRC) ESCWA_Arab LDCs subregion,2024,NT_ANT_WHZ_PO2_MOD,Overweight,Layer 1,2.2521,0,,,53.33333333333333,66.66666666666666,40.0
SDGRC_ESCWA_LDC,(SDGRC) ESCWA_Arab LDCs subregion,2020,NT_BW_LBW,Low Birth Weight,Layer 1,13.6138,4,,,53.33333333333333,66.66666666666666,40.0
SDGRC_ESCWA_LDC,(SDGRC) ESCWA_Arab LDCs subregion,2024,NT_CF_MDD,Min Dietary Diversity,Layer 2,19.4523,0,,,53.33333333333333,66.66666666666666,40.0
SDGRC_ESCWA_MAGHREB,(SDGRC) ESCWA_Maghreb subregion,2024,IM_DTP3,DTP3 Coverage,Layer 2,93.0,0,,,76.66666666666667,83.33333333333334,70.0
SDGRC_ESCWA_MAGHREB,(SDGRC) ESCWA_Maghreb subregion,2024,MNCH_ANC4,ANC 4+ Visits,Layer 2,74.8,0,,,76.66666666666667,83.33333333333334,70.0
SDGRC_ESCWA_MAGHREB,(SDGRC) ESCWA_Maghreb subregion,2024,MNCH_SAB,Skilled Birth Attendance,Layer 2,96.9,0,,,76.66666666666667,83.33333333333334,70.0
SDGRC_ESCWA_MAGHREB,(SDGRC) ESCWA_Maghreb subregion,2023,NT_ANE_WOM_15_49_MOD,Anaemia WRA,Layer 1,30.1811,1,,,76.66666666666667,83.33333333333334,70.0
SDGRC_ESCWA_MAGHREB,(SDGRC) ESCWA_Maghreb subregion,2024,NT_ANT_HAZ_NE2_MOD,Stunting,Layer 1,10.5481,0,,,76.66666666666667,83.33333333333334,70.0
SDGRC_ESCWA_MAGHREB,(SDGRC) ESCWA_Maghreb subregion,2024,NT_ANT_WHZ_PO2_MOD,Overweight,Layer 1,10.0284,0,,,76.66666666666667,83.33333333333334,70.0
SDGRC_ESCWA_MAGHREB,(SDGRC) ESCWA_Maghreb subregion,2024,NT_BF_EIBF,Early BF Initiation,Layer 2,32.9511,0,,,76.66666666666667,83.33333333333334,70.0
SDGRC_ESCWA_MAGHREB,(SDGRC) ESCWA_Maghreb subregion,2024,NT_BF_EXBF,Excl. BF,Layer 1,26.8998,0,,,76.66666666666667,83.33333333333334,70.0
SDGRC_ESCWA_MAGHREB,(SDGRC) ESCWA_Maghreb subregion,2020,NT_BW_LBW,Low Birth Weight,Layer 1,10.1221,4,,,76.66666666666667,83.33333333333334,70.0
SDGRC_ESCWA_MAGHREB,(SDGRC) ESCWA_Maghreb subregion,2024,NT_CF_MAD,Min Acceptable Diet,Layer 2,23.7981,0,,,76.66666666666667,83.33333333333334,70.0
SDGRC_ESCWA_MAGHREB,(SDGRC) ESCWA_Maghreb subregion,2024,NT_CF_MDD,Min Dietary Diversity,Layer 2,43.2291,0,,,76.66666666666667,83.33333333333334,70.0
SDGRC_ESCWA_MAGHREB,(SDGRC) ESCWA_Maghreb subregion,2024,NT_CF_MMF,Min Meal Frequency,Layer 2,50.3528,0,,,76.66666666666667,83.33333333333334,70.0
SDGRC_ESCWA_MASHREQ,(SDGRC) ESCWA_Mashreq subregion,2024,IM_DTP3,DTP3 Coverage,Layer 2,91.0,0,,,76.66666666666667,83.33333333333334,70.0
SDGRC_ESCWA_MASHREQ,(SDGRC) ESCWA_Mashreq subregion,2024,MNCH_ANC4,ANC 4+ Visits,Layer 2,83.5,0,,,76.66666666666667,83.33333333333334,70.0
SDGRC_ESCWA_MASHREQ,(SDGRC) ESCWA_Mashreq subregion,2024,MNCH_SAB,Skilled Birth Attendance,Layer 2,97.5,0,,,76.66666666666667,83.33333333333334,70.0
SDGRC_ESCWA_MASHREQ,(SDGRC) ESCWA_Mashreq subregion,2023,NT_ANE_WOM_15_49_MOD,Anaemia WRA,Layer 1,31.122,1,,,76.66666666666667,83.33333333333334,70.0
SDGRC_ESCWA_MASHREQ,(SDGRC) ESCWA_Mashreq subregion,2024,NT_ANT_HAZ_NE2_MOD,Stunting,Layer 1,12.7019,0,,,76.66666666666667,83.33333333333334,70.0
SDGRC_ESCWA_MASHREQ,(SDGRC) ESCWA_Mashreq subregion,2024,NT_ANT_WHZ_PO2_MOD,Overweight,Layer 1,9.2617,0,,,76.66666666666667,83.33333333333334,70.0
SDGRC_ESCWA_MASHREQ,(SDGRC) ESCWA_Mashreq subregion,2024,NT_BF_EIBF,Early BF Initiation,Layer 2,34.0035,0,,,76.66666666666667,83.33333333333334,70.0
SDGRC_ESCWA_MASHREQ,(SDGRC) ESCWA_Mashreq subregion,2024,NT_BF_EXBF,Excl. BF,Layer 1,33.9425,0,,,76.66666666666667,83.33333333333334,70.0
SDGRC_ESCWA_MASHREQ,(SDGRC) ESCWA_Mashreq subregion,2020,NT_BW_LBW,Low Birth Weight,Layer 1,14.8816,4,,,76.66666666666667,83.33333333333334,70.0
SDGRC_ESCWA_MASHREQ,(SDGRC) ESCWA_Mashreq subregion,2024,NT_CF_MAD,Min Acceptable Diet,Layer 2,28.7566,0,,,76.66666666666667,83.33333333333334,70.0
SDGRC_ESCWA_MASHREQ,(SDGRC) ESCWA_Mashreq subregion,2024,NT_CF_MDD,Min Dietary Diversity,Layer 2,40.4462,0,,,76.66666666666667,83.33333333333334,70.0
SDGRC_ESCWA_MASHREQ,(SDGRC) ESCWA_Mashreq subregion,2024,NT_CF_MMF,Min Meal Frequency,Layer 2,61.781,0,,,76.66666666666667,83.33333333333334,70.0
SDGRC_ESCWA_NOCONFLICT_MID,(SDGRC) ESCWA_Non-conflict middle income countries,2024,IM_DTP3,DTP3 Coverage,Layer 2,95.0,0,,,76.66666666666667,83.33333333333334,70.0
SDGRC_ESCWA_NOCONFLICT_MID,(SDGRC) ESCWA_Non-conflict middle income countries,2024,MNCH_ANC4,ANC 4+ Visits,Layer 2,84.2,0,,,76.66666666666667,83.33333333333334,70.0
SDGRC_ESCWA_NOCONFLICT_MID,(SDGRC) ESCWA_Non-conflict middle income countries,2024,MNCH_SAB,Skilled Birth Attendance,Layer 2,97.3,0,,,76.66666666666667,83.33333333333334,70.0
SDGRC_ESCWA_NOCONFLICT_MID,(SDGRC) ESCWA_Non-conflict middle income countries,2023,NT_ANE_WOM_15_49_MOD,Anaemia WRA,Layer 1,31.7212,1,,,76.66666666666667,83.33333333333334,70.0
SDGRC_ESCWA_NOCONFLICT_MID,(SDGRC) ESCWA_Non-conflict middle income countries,2024,NT_ANT_HAZ_NE2_MOD,Stunting,Layer 1,11.6858,0,,,76.66666666666667,83.33333333333334,70.0
SDGRC_ESCWA_NOCONFLICT_MID,(SDGRC) ESCWA_Non-conflict middle income countries,2024,NT_ANT_WHZ_PO2_MOD,Overweight,Layer 1,10.7235,0,,,76.66666666666667,83.33333333333334,70.0
SDGRC_ESCWA_NOCONFLICT_MID,(SDGRC) ESCWA_Non-conflict middle income countries,2024,NT_BF_EIBF,Early BF Initiation,Layer 2,33.5993,0,,,76.66666666666667,83.33333333333334,70.0
SDGRC_ESCWA_NOCONFLICT_MID,(SDGRC) ESCWA_Non-conflict middle income countries,2024,NT_BF_EXBF,Excl. BF,Layer 1,35.0836,0,,,76.66666666666667,83.33333333333334,70.0
SDGRC_ESCWA_NOCONFLICT_MID,(SDGRC) ESCWA_Non-conflict middle income countries,2020,NT_BW_LBW,Low Birth Weight,Layer 1,14.1546,4,,,76.66666666666667,83.33333333333334,70.0
SDGRC_ESCWA_NOCONFLICT_MID,(SDGRC) ESCWA_Non-conflict middle income countries,2024,NT_CF_MAD,Min Acceptable Diet,Layer 2,25.5677,0,,,76.66666666666667,83.33333333333334,70.0
SDGRC_ESCWA_NOCONFLICT_MID,(SDGRC) ESCWA_Non-conflict middle income countries,2024,NT_CF_MDD,Min Dietary Diversity,Layer 2,41.7255,0,,,76.66666666666667,83.33333333333334,70.0
SDGRC_ESCWA_NOCONFLICT_MID,(SDGRC) ESCWA_Non-conflict middle income countries,2024,NT_CF_MMF,Min Meal Frequency,Layer 2,54.2162,0,,,76.66666666666667,83.33333333333334,70.0
SDN,Sudan,2024,IM_DTP3,DTP3 Coverage,Layer 2,39.0,0,Middle East and North Africa,Low income,30.0,50.0,10.0
SDN,Sudan,2014,MNCH_ANC4,ANC 4+ Visits,Layer 2,50.7,10,Middle East and North Africa,Low income,30.0,50.0,10.0
SDN,Sudan,2014,MNCH_SAB,Skilled Birth Attendance,Layer 2,77.7,10,Middle East and North Africa,Low income,30.0,50.0,10.0
SDN,Sudan,2023,NT_ANE_WOM_15_49_MOD,Anaemia WRA,Layer 1,34.0,1,Middle East and North Africa,Low income,30.0,50.0,10.0
SDN,Sudan,2024,NT_ANT_HAZ_NE2_MOD,Stunting,Layer 1,35.3849,0,Middle East and North Africa,Low income,30.0,50.0,10.0
SDN,Sudan,2024,NT_ANT_WHZ_PO2_MOD,Overweight,Layer 1,2.578,0,Middle East and North Africa,Low income,30.0,50.0,10.0
SDN,Sudan,2014,NT_BF_EIBF,Early BF Initiation,Layer 2,68.7165,10,Middle East and North Africa,Low income,30.0,50.0,10.0
SDN,Sudan,2014,NT_BF_EXBF,Excl. BF,Layer 1,54.5954,10,Middle East and North Africa,Low income,30.0,50.0,10.0
SDN,Sudan,2014,NT_CF_MAD,Min Acceptable Diet,Layer 2,14.3023,10,Middle East and North Africa,Low income,30.0,50.0,10.0
SDN,Sudan,2014,NT_CF_MDD,Min Dietary Diversity,Layer 2,23.9712,10,Middle East and North Africa,Low income,30.0,50.0,10.0
SDN,Sudan,2014,NT_CF_MMF,Min Meal Frequency,Layer 2,40.5447,10,Middle East and North Africa,Low income,30.0,50.0,10.0
SEN,Senegal,2024,IM_DTP3,DTP3 Coverage,Layer 2,91.0,0,Sub-Saharan Africa,Lower middle income,76.66666666666667,83.33333333333334,70.0
SEN,Senegal,2023,MNCH_ANC4,ANC 4+ Visits,Layer 2,70.8,1,Sub-Saharan Africa,Lower middle income,76.66666666666667,83.33333333333334,70.0
SEN,Senegal,2023,MNCH_SAB,Skilled Birth Attendance,Layer 2,95.5,1,Sub-Saharan Africa,Lower middle income,76.66666666666667,83.33333333333334,70.0
SEN,Senegal,2023,NT_ANE_WOM_15_49_MOD,Anaemia WRA,Layer 1,43.1,1,Sub-Saharan Africa,Lower middle income,76.66666666666667,83.33333333333334,70.0
SEN,Senegal,2024,NT_ANT_HAZ_NE2_MOD,Stunting,Layer 1,17.1728,0,Sub-Saharan Africa,Lower middle income,76.66666666666667,83.33333333333334,70.0
SEN,Senegal,2024,NT_ANT_WHZ_PO2_MOD,Overweight,Layer 1,2.1285,0,Sub-Saharan Africa,Lower middle income,76.66666666666667,83.33333333333334,70.0
SEN,Senegal,2023,NT_BF_EIBF,Early BF Initiation,Layer 2,38.1361,1,Sub-Saharan Africa,Lower middle income,76.66666666666667,83.33333333333334,70.0
SEN,Senegal,2023,NT_BF_EXBF,Excl. BF,Layer 1,34.4042,1,Sub-Saharan Africa,Lower middle income,76.66666666666667,83.33333333333334,70.0
SEN,Senegal,2020,NT_BW_LBW,Low Birth Weight,Layer 1,17.2494,4,Sub-Saharan Africa,Lower middle income,76.66666666666667,83.33333333333334,70.0
SEN,Senegal,2023,NT_CF_MAD,Min Acceptable Diet,Layer 2,6.282,1,Sub-Saharan Africa,Lower middle income,76.66666666666667,83.33333333333334,70.0
SEN,Senegal,2023,NT_CF_MDD,Min Dietary Diversity,Layer 2,26.5244,1,Sub-Saharan Africa,Lower middle income,76.66666666666667,83.33333333333334,70.0
SEN,Senegal,2023,NT_CF_MMF,Min Meal Frequency,Layer 2,22.8779,1,Sub-Saharan Africa,Lower middle income,76.66666666666667,83.33333333333334,70.0
SGP,Singapore,2024,IM_DTP3,DTP3 Coverage,Layer 2,97.0,0,East Asia and Pacific,High income,43.33333333333333,66.66666666666666,20.0
SGP,Singapore,2024,MNCH_SAB,Skilled Birth Attendance,Layer 2,99.5,0,East Asia and Pacific,High income,43.33333333333333,66.66666666666666,20.0
SGP,Singapore,2023,NT_ANE_WOM_15_49_MOD,Anaemia WRA,Layer 1,16.6,1,East Asia and Pacific,High income,43.33333333333333,66.66666666666666,20.0
SGP,Singapore,2024,NT_ANT_HAZ_NE2_MOD,Stunting,Layer 1,2.7867,0,East Asia and Pacific,High income,43.33333333333333,66.66666666666666,20.0
SGP,Singapore,2024,NT_ANT_WHZ_PO2_MOD,Overweight,Layer 1,3.8171,0,East Asia and Pacific,High income,43.33333333333333,66.66666666666666,20.0
SGP,Singapore,2020,NT_BW_LBW,Low Birth Weight,Layer 1,10.951,4,East Asia and Pacific,High income,43.33333333333333,66.66666666666666,20.0
SLB,Solomon Islands,2024,IM_DTP3,DTP3 Coverage,Layer 2,87.0,0,East Asia and Pacific,Lower middle income,38.33333333333333,66.66666666666666,10.0
SLB,Solomon Islands,2015,MNCH_ANC4,ANC 4+ Visits,Layer 2,68.9,9,East Asia and Pacific,Lower middle income,38.33333333333333,66.66666666666666,10.0
SLB,Solomon Islands,2015,MNCH_SAB,Skilled Birth Attendance,Layer 2,86.2,9,East Asia and Pacific,Lower middle income,38.33333333333333,66.66666666666666,10.0
SLB,Solomon Islands,2023,NT_ANE_WOM_15_49_MOD,Anaemia WRA,Layer 1,32.6,1,East Asia and Pacific,Lower middle income,38.33333333333333,66.66666666666666,10.0
SLB,Solomon Islands,2024,NT_ANT_HAZ_NE2_MOD,Stunting,Layer 1,29.8116,0,East Asia and Pacific,Lower middle income,38.33333333333333,66.66666666666666,10.0
SLB,Solomon Islands,2024,NT_ANT_WHZ_PO2_MOD,Overweight,Layer 1,6.2189,0,East Asia and Pacific,Lower middle income,38.33333333333333,66.66666666666666,10.0
SLB,Solomon Islands,2015,NT_BF_EIBF,Early BF Initiation,Layer 2,78.9,9,East Asia and Pacific,Lower middle income,38.33333333333333,66.66666666666666,10.0
SLB,Solomon Islands,2015,NT_BF_EXBF,Excl. BF,Layer 1,76.2,9,East Asia and Pacific,Lower middle income,38.33333333333333,66.66666666666666,10.0
SLB,Solomon Islands,2020,NT_BW_LBW,Low Birth Weight,Layer 1,13.2339,4,East Asia and Pacific,Lower middle income,38.33333333333333,66.66666666666666,10.0
SLE,Sierra Leone,2024,IM_DTP3,DTP3 Coverage,Layer 2,91.0,0,Sub-Saharan Africa,Low income,76.66666666666667,83.33333333333334,70.0
SLE,Sierra Leone,2019,MNCH_ANC4,ANC 4+ Visits,Layer 2,78.8,5,Sub-Saharan Africa,Low income,76.66666666666667,83.33333333333334,70.0
SLE,Sierra Leone,2019,MNCH_SAB,Skilled Birth Attendance,Layer 2,86.9,5,Sub-Saharan Africa,Low income,76.66666666666667,83.33333333333334,70.0
SLE,Sierra Leone,2023,NT_ANE_WOM_15_49_MOD,Anaemia WRA,Layer 1,44.6,1,Sub-Saharan Africa,Low income,76.66666666666667,83.33333333333334,70.0
SLE,Sierra Leone,2024,NT_ANT_HAZ_NE2_MOD,Stunting,Layer 1,25.1992,0,Sub-Saharan Africa,Low income,76.66666666666667,83.33333333333334,70.0
SLE,Sierra Leone,2024,NT_ANT_WHZ_PO2_MOD,Overweight,Layer 1,5.4497,0,Sub-Saharan Africa,Low income,76.66666666666667,83.33333333333334,70.0
SLE,Sierra Leone,2021,NT_BF_EIBF,Early BF Initiation,Layer 2,88.3667,3,Sub-Saharan Africa,Low income,76.66666666666667,83.33333333333334,70.0
SLE,Sierra Leone,2021,NT_BF_EXBF,Excl. BF,Layer 1,50.8875,3,Sub-Saharan Africa,Low income,76.66666666666667,83.33333333333334,70.0
SLE,Sierra Leone,2020,NT_BW_LBW,Low Birth Weight,Layer 1,10.3437,4,Sub-Saharan Africa,Low income,76.66666666666667,83.33333333333334,70.0
SLE,Sierra Leone,2019,NT_CF_MAD,Min Acceptable Diet,Layer 2,9.0157,5,Sub-Saharan Africa,Low income,76.66666666666667,83.33333333333334,70.0
SLE,Sierra Leone,2021,NT_CF_MDD,Min Dietary Diversity,Layer 2,24.3528,3,Sub-Saharan Africa,Low income,76.66666666666667,83.33333333333334,70.0
SLE,Sierra Leone,2019,NT_CF_MMF,Min Meal Frequency,Layer 2,31.9669,5,Sub-Saharan Africa,Low income,76.66666666666667,83.33333333333334,70.0
SLV,El Salvador,2024,IM_DTP3,DTP3 Coverage,Layer 2,95.0,0,Latin America and Caribbean,Lower middle income,61.66666666666667,83.33333333333334,40.0
SLV,El Salvador,2014,MNCH_ANC4,ANC 4+ Visits,Layer 2,90.1,10,Latin America and Caribbean,Lower middle income,61.66666666666667,83.33333333333334,40.0
SLV,El Salvador,2021,MNCH_SAB,Skilled Birth Attendance,Layer 2,98.1,3,Latin America and Caribbean,Lower middle income,61.66666666666667,83.33333333333334,40.0
SLV,El Salvador,2023,NT_ANE_WOM_15_49_MOD,Anaemia WRA,Layer 1,14.4,1,Latin America and Caribbean,Lower middle income,61.66666666666667,83.33333333333334,40.0
SLV,El Salvador,2024,NT_ANT_HAZ_NE2_MOD,Stunting,Layer 1,9.4267,0,Latin America and Caribbean,Lower middle income,61.66666666666667,83.33333333333334,40.0
SLV,El Salvador,2024,NT_ANT_WHZ_PO2_MOD,Overweight,Layer 1,8.4592,0,Latin America and Caribbean,Lower middle income,61.66666666666667,83.33333333333334,40.0
SLV,El Salvador,2021,NT_BF_EIBF,Early BF Initiation,Layer 2,34.4,3,Latin America and Caribbean,Lower middle income,61.66666666666667,83.33333333333334,40.0
SLV,El Salvador,2021,NT_BF_EXBF,Excl. BF,Layer 1,45.3,3,Latin America and Caribbean,Lower middle income,61.66666666666667,83.33333333333334,40.0
SLV,El Salvador,2020,NT_BW_LBW,Low Birth Weight,Layer 1,10.223,4,Latin America and Caribbean,Lower middle income,61.66666666666667,83.33333333333334,40.0
SLV,El Salvador,2014,NT_CF_MAD,Min Acceptable Diet,Layer 2,64.4565,10,Latin America and Caribbean,Lower middle income,61.66666666666667,83.33333333333334,40.0
SLV,El Salvador,2021,NT_CF_MDD,Min Dietary Diversity,Layer 2,54.8,3,Latin America and Caribbean,Lower middle income,61.66666666666667,83.33333333333334,40.0
SLV,El Salvador,2014,NT_CF_MMF,Min Meal Frequency,Layer 2,86.6365,10,Latin America and Caribbean,Lower middle income,61.66666666666667,83.33333333333334,40.0
SMR,San Marino,2024,IM_DTP3,DTP3 Coverage,Layer 2,88.0,0,,,21.666666666666664,33.33333333333333,10.0
SMR,San Marino,2023,NT_ANE_WOM_15_49_MOD,Anaemia WRA,Layer 1,15.7,1,,,21.666666666666664,33.33333333333333,10.0
SMR,San Marino,2020,NT_BW_LBW,Low Birth Weight,Layer 1,4.2443,4,,,21.666666666666664,33.33333333333333,10.0
SOM,Somalia,2024,IM_DTP3,DTP3 Coverage,Layer 2,70.0,0,Sub-Saharan Africa,Low income,40.0,50.0,30.0
SOM,Somalia,2019,MNCH_ANC4,ANC 4+ Visits,Layer 2,24.4,5,Sub-Saharan Africa,Low income,40.0,50.0,30.0
SOM,Somalia,2019,MNCH_SAB,Skilled Birth Attendance,Layer 2,31.9,5,Sub-Saharan Africa,Low income,40.0,50.0,30.0
SOM,Somalia,2023,NT_ANE_WOM_15_49_MOD,Anaemia WRA,Layer 1,46.2,1,Sub-Saharan Africa,Low income,40.0,50.0,30.0
SOM,Somalia,2024,NT_ANT_HAZ_NE2_MOD,Stunting,Layer 1,23.857,0,Sub-Saharan Africa,Low income,40.0,50.0,30.0
SOM,Somalia,2024,NT_ANT_WHZ_PO2_MOD,Overweight,Layer 1,2.4645,0,Sub-Saharan Africa,Low income,40.0,50.0,30.0
SOM,Somalia,2018,NT_BF_EIBF,Early BF Initiation,Layer 2,60.2,6,Sub-Saharan Africa,Low income,40.0,50.0,30.0
SOM,Somalia,2018,NT_BF_EXBF,Excl. BF,Layer 1,33.7,6,Sub-Saharan Africa,Low income,40.0,50.0,30.0
SOM,Somalia,2018,NT_CF_MDD,Min Dietary Diversity,Layer 2,12.9724,6,Sub-Saharan Africa,Low income,40.0,50.0,30.0
SRB,Serbia,2024,IM_DTP3,DTP3 Coverage,Layer 2,95.0,0,Europe and Central Asia,Upper middle income,76.66666666666667,83.33333333333334,70.0
SRB,Serbia,2019,MNCH_ANC4,ANC 4+ Visits,Layer 2,96.6,5,Europe and Central Asia,Upper middle income,76.66666666666667,83.33333333333334,70.0
SRB,Serbia,2023,MNCH_SAB,Skilled Birth Attendance,Layer 2,99.8,1,Europe and Central Asia,Upper middle income,76.66666666666667,83.33333333333334,70.0
SRB,Serbia,2023,NT_ANE_WOM_15_49_MOD,Anaemia WRA,Layer 1,24.9,1,Europe and Central Asia,Upper middle income,76.66666666666667,83.33333333333334,70.0
SRB,Serbia,2024,NT_ANT_HAZ_NE2_MOD,Stunting,Layer 1,4.5553,0,Europe and Central Asia,Upper middle income,76.66666666666667,83.33333333333334,70.0
SRB,Serbia,2024,NT_ANT_WHZ_PO2_MOD,Overweight,Layer 1,12.2284,0,Europe and Central Asia,Upper middle income,76.66666666666667,83.33333333333334,70.0
SRB,Serbia,2019,NT_BF_EIBF,Early BF Initiation,Layer 2,7.7489,5,Europe and Central Asia,Upper middle income,76.66666666666667,83.33333333333334,70.0
SRB,Serbia,2019,NT_BF_EXBF,Excl. BF,Layer 1,23.6319,5,Europe and Central Asia,Upper middle income,76.66666666666667,83.33333333333334,70.0
SRB,Serbia,2020,NT_BW_LBW,Low Birth Weight,Layer 1,6.2023,4,Europe and Central Asia,Upper middle income,76.66666666666667,83.33333333333334,70.0
SRB,Serbia,2019,NT_CF_MAD,Min Acceptable Diet,Layer 2,74.0437,5,Europe and Central Asia,Upper middle income,76.66666666666667,83.33333333333334,70.0
SRB,Serbia,2019,NT_CF_MDD,Min Dietary Diversity,Layer 2,85.8848,5,Europe and Central Asia,Upper middle income,76.66666666666667,83.33333333333334,70.0
SRB,Serbia,2019,NT_CF_MMF,Min Meal Frequency,Layer 2,95.2135,5,Europe and Central Asia,Upper middle income,76.66666666666667,83.33333333333334,70.0
SSD,South Sudan,2024,IM_DTP3,DTP3 Coverage,Layer 2,73.0,0,Sub-Saharan Africa,Low income,40.0,50.0,30.0
SSD,South Sudan,2023,MNCH_ANC4,ANC 4+ Visits,Layer 2,31.0,1,Sub-Saharan Africa,Low income,40.0,50.0,30.0
SSD,South Sudan,2020,MNCH_SAB,Skilled Birth Attendance,Layer 2,39.7,4,Sub-Saharan Africa,Low income,40.0,50.0,30.0
SSD,South Sudan,2023,NT_ANE_WOM_15_49_MOD,Anaemia WRA,Layer 1,35.0,1,Sub-Saharan Africa,Low income,40.0,50.0,30.0
SSD,South Sudan,2024,NT_ANT_HAZ_NE2_MOD,Stunting,Layer 1,29.9664,0,Sub-Saharan Africa,Low income,40.0,50.0,30.0
SSD,South Sudan,2024,NT_ANT_WHZ_PO2_MOD,Overweight,Layer 1,4.2519,0,Sub-Saharan Africa,Low income,40.0,50.0,30.0
SSD,South Sudan,2010,NT_BF_EIBF,Early BF Initiation,Layer 2,50.4524,14,Sub-Saharan Africa,Low income,40.0,50.0,30.0
SSD,South Sudan,2010,NT_BF_EXBF,Excl. BF,Layer 1,44.5377,14,Sub-Saharan Africa,Low income,40.0,50.0,30.0
SSD,South Sudan,2010,NT_CF_MMF,Min Meal Frequency,Layer 2,10.0788,14,Sub-Saharan Africa,Low income,40.0,50.0,30.0
STP,Sao Tome and Principe,2024,IM_DTP3,DTP3 Coverage,Layer 2,87.0,0,Sub-Saharan Africa,Lower middle income,61.66666666666667,83.33333333333334,40.0
STP,Sao Tome and Principe,2014,MNCH_ANC4,ANC 4+ Visits,Layer 2,83.6,10,Sub-Saharan Africa,Lower middle income,61.66666666666667,83.33333333333334,40.0
STP,Sao Tome and Principe,2019,MNCH_SAB,Skilled Birth Attendance,Layer 2,96.8,5,Sub-Saharan Africa,Lower middle income,61.66666666666667,83.33333333333334,40.0
STP,Sao Tome and Principe,2023,NT_ANE_WOM_15_49_MOD,Anaemia WRA,Layer 1,39.7,1,Sub-Saharan Africa,Lower middle income,61.66666666666667,83.33333333333334,40.0
STP,Sao Tome and Principe,2024,NT_ANT_HAZ_NE2_MOD,Stunting,Layer 1,9.9549,0,Sub-Saharan Africa,Lower middle income,61.66666666666667,83.33333333333334,40.0
STP,Sao Tome and Principe,2024,NT_ANT_WHZ_PO2_MOD,Overweight,Layer 1,6.4154,0,Sub-Saharan Africa,Lower middle income,61.66666666666667,83.33333333333334,40.0
STP,Sao Tome and Principe,2019,NT_BF_EIBF,Early BF Initiation,Layer 2,35.6649,5,Sub-Saharan Africa,Lower middle income,61.66666666666667,83.33333333333334,40.0
STP,Sao Tome and Principe,2019,NT_BF_EXBF,Excl. BF,Layer 1,63.0553,5,Sub-Saharan Africa,Lower middle income,61.66666666666667,83.33333333333334,40.0
STP,Sao Tome and Principe,2020,NT_BW_LBW,Low Birth Weight,Layer 1,11.1148,4,Sub-Saharan Africa,Lower middle income,61.66666666666667,83.33333333333334,40.0
STP,Sao Tome and Principe,2014,NT_CF_MAD,Min Acceptable Diet,Layer 2,21.9815,10,Sub-Saharan Africa,Lower middle income,61.66666666666667,83.33333333333334,40.0
STP,Sao Tome and Principe,2019,NT_CF_MDD,Min Dietary Diversity,Layer 2,32.2684,5,Sub-Saharan Africa,Lower middle income,61.66666666666667,83.33333333333334,40.0
STP,Sao Tome and Principe,2014,NT_CF_MMF,Min Meal Frequency,Layer 2,57.6483,10,Sub-Saharan Africa,Lower middle income,61.66666666666667,83.33333333333334,40.0
SUR,Suriname,2024,IM_DTP3,DTP3 Coverage,Layer 2,69.0,0,Latin America and Caribbean,Upper middle income,43.33333333333333,66.66666666666666,20.0
SUR,Suriname,2018,MNCH_ANC4,ANC 4+ Visits,Layer 2,67.5,6,Latin America and Caribbean,Upper middle income,43.33333333333333,66.66666666666666,20.0
SUR,Suriname,2021,MNCH_SAB,Skilled Birth Attendance,Layer 2,100.0,3,Latin America and Caribbean,Upper middle income,43.33333333333333,66.66666666666666,20.0
SUR,Suriname,2023,NT_ANE_WOM_15_49_MOD,Anaemia WRA,Layer 1,22.2,1,Latin America and Caribbean,Upper middle income,43.33333333333333,66.66666666666666,20.0
SUR,Suriname,2024,NT_ANT_HAZ_NE2_MOD,Stunting,Layer 1,7.9524,0,Latin America and Caribbean,Upper middle income,43.33333333333333,66.66666666666666,20.0
SUR,Suriname,2024,NT_ANT_WHZ_PO2_MOD,Overweight,Layer 1,3.7287,0,Latin America and Caribbean,Upper middle income,43.33333333333333,66.66666666666666,20.0
SUR,Suriname,2018,NT_BF_EIBF,Early BF Initiation,Layer 2,51.9009,6,Latin America and Caribbean,Upper middle income,43.33333333333333,66.66666666666666,20.0
SUR,Suriname,2018,NT_BF_EXBF,Excl. BF,Layer 1,8.9162,6,Latin America and Caribbean,Upper middle income,43.33333333333333,66.66666666666666,20.0
SUR,Suriname,2020,NT_BW_LBW,Low Birth Weight,Layer 1,16.4645,4,Latin America and Caribbean,Upper middle income,43.33333333333333,66.66666666666666,20.0
SUR,Suriname,2018,NT_CF_MAD,Min Acceptable Diet,Layer 2,15.5127,6,Latin America and Caribbean,Upper middle income,43.33333333333333,66.66666666666666,20.0
SUR,Suriname,2018,NT_CF_MDD,Min Dietary Diversity,Layer 2,28.1123,6,Latin America and Caribbean,Upper middle income,43.33333333333333,66.66666666666666,20.0
SUR,Suriname,2018,NT_CF_MMF,Min Meal Frequency,Layer 2,51.7081,6,Latin America and Caribbean,Upper middle income,43.33333333333333,66.66666666666666,20.0
SVK,Slovakia,2024,IM_DTP3,DTP3 Coverage,Layer 2,96.0,0,Europe and Central Asia,High income,26.666666666666664,33.33333333333333,20.0
SVK,Slovakia,2023,MNCH_SAB,Skilled Birth Attendance,Layer 2,97.2,1,Europe and Central Asia,High income,26.666666666666664,33.33333333333333,20.0
SVK,Slovakia,2023,NT_ANE_WOM_15_49_MOD,Anaemia WRA,Layer 1,25.3,1,Europe and Central Asia,High income,26.666666666666664,33.33333333333333,20.0
SVK,Slovakia,2020,NT_BW_LBW,Low Birth Weight,Layer 1,7.823,4,Europe and Central Asia,High income,26.666666666666664,33.33333333333333,20.0
SVN,Slovenia,2024,IM_DTP3,DTP3 Coverage,Layer 2,90.0,0,Europe and Central Asia,High income,21.666666666666664,33.33333333333333,10.0
SVN,Slovenia,2012,MNCH_SAB,Skilled Birth Attendance,Layer 2,99.8,12,Europe and Central Asia,High income,21.666666666666664,33.33333333333333,10.0
SVN,Slovenia,2023,NT_ANE_WOM_15_49_MOD,Anaemia WRA,Layer 1,25.7,1,Europe and Central Asia,High income,21.666666666666664,33.33333333333333,10.0
SVN,Slovenia,2020,NT_BW_LBW,Low Birth Weight,Layer 1,6.2901,4,Europe and Central Asia,High income,21.666666666666664,33.33333333333333,10.0
SWE,Sweden,2024,IM_DTP3,DTP3 Coverage,Layer 2,96.0,0,Europe and Central Asia,High income,21.666666666666664,33.33333333333333,10.0
SWE,Sweden,2023,NT_ANE_WOM_15_49_MOD,Anaemia WRA,Layer 1,16.8,1,Europe and Central Asia,High income,21.666666666666664,33.33333333333333,10.0
SWE,Sweden,2020,NT_BW_LBW,Low Birth Weight,Layer 1,4.1218,4,Europe and Central Asia,High income,21.666666666666664,33.33333333333333,10.0
SWZ,Eswatini,2024,IM_DTP3,DTP3 Coverage,Layer 2,84.0,0,Sub-Saharan Africa,Lower middle income,76.66666666666667,83.33333333333334,70.0
SWZ,Eswatini,2022,MNCH_ANC4,ANC 4+ Visits,Layer 2,73.5,2,Sub-Saharan Africa,Lower middle income,76.66666666666667,83.33333333333334,70.0
SWZ,Eswatini,2022,MNCH_SAB,Skilled Birth Attendance,Layer 2,93.4,2,Sub-Saharan Africa,Lower middle income,76.66666666666667,83.33333333333334,70.0
SWZ,Eswatini,2023,NT_ANE_WOM_15_49_MOD,Anaemia WRA,Layer 1,28.3,1,Sub-Saharan Africa,Lower middle income,76.66666666666667,83.33333333333334,70.0
SWZ,Eswatini,2024,NT_ANT_HAZ_NE2_MOD,Stunting,Layer 1,18.8842,0,Sub-Saharan Africa,Lower middle income,76.66666666666667,83.33333333333334,70.0
SWZ,Eswatini,2024,NT_ANT_WHZ_PO2_MOD,Overweight,Layer 1,10.2169,0,Sub-Saharan Africa,Lower middle income,76.66666666666667,83.33333333333334,70.0
SWZ,Eswatini,2021,NT_BF_EIBF,Early BF Initiation,Layer 2,46.6716,3,Sub-Saharan Africa,Lower middle income,76.66666666666667,83.33333333333334,70.0
SWZ,Eswatini,2021,NT_BF_EXBF,Excl. BF,Layer 1,54.0052,3,Sub-Saharan Africa,Lower middle income,76.66666666666667,83.33333333333334,70.0
SWZ,Eswatini,2020,NT_BW_LBW,Low Birth Weight,Layer 1,10.2016,4,Sub-Saharan Africa,Lower middle income,76.66666666666667,83.33333333333334,70.0
SWZ,Eswatini,2021,NT_CF_MAD,Min Acceptable Diet,Layer 2,18.9513,3,Sub-Saharan Africa,Lower middle income,76.66666666666667,83.33333333333334,70.0
SWZ,Eswatini,2021,NT_CF_MDD,Min Dietary Diversity,Layer 2,29.5902,3,Sub-Saharan Africa,Lower middle income,76.66666666666667,83.33333333333334,70.0
SWZ,Eswatini,2021,NT_CF_MMF,Min Meal Frequency,Layer 2,63.4319,3,Sub-Saharan Africa,Lower middle income,76.66666666666667,83.33333333333334,70.0
SYC,Seychelles,2024,IM_DTP3,DTP3 Coverage,Layer 2,94.0,0,Sub-Saharan Africa,High income,43.33333333333333,66.66666666666666,20.0
SYC,Seychelles,2022,MNCH_SAB,Skilled Birth Attendance,Layer 2,99.8,2,Sub-Saharan Africa,High income,43.33333333333333,66.66666666666666,20.0
SYC,Seychelles,2023,NT_ANE_WOM_15_49_MOD,Anaemia WRA,Layer 1,25.8,1,Sub-Saharan Africa,High income,43.33333333333333,66.66666666666666,20.0
SYC,Seychelles,2024,NT_ANT_HAZ_NE2_MOD,Stunting,Layer 1,6.1983,0,Sub-Saharan Africa,High income,43.33333333333333,66.66666666666666,20.0
SYC,Seychelles,2024,NT_ANT_WHZ_PO2_MOD,Overweight,Layer 1,10.8732,0,Sub-Saharan Africa,High income,43.33333333333333,66.66666666666666,20.0
SYC,Seychelles,2020,NT_BW_LBW,Low Birth Weight,Layer 1,12.4838,4,Sub-Saharan Africa,High income,43.33333333333333,66.66666666666666,20.0
SYR,Syrian Arab Republic,2024,IM_DTP3,DTP3 Coverage,Layer 2,73.0,0,Middle East and North Africa,Low income,48.33333333333333,66.66666666666666,30.0
SYR,Syrian Arab Republic,2009,MNCH_ANC4,ANC 4+ Visits,Layer 2,63.7,15,Middle East and North Africa,Low income,48.33333333333333,66.66666666666666,30.0
SYR,Syrian Arab Republic,2009,MNCH_SAB,Skilled Birth Attendance,Layer 2,96.2,15,Middle East and North Africa,Low income,48.33333333333333,66.66666666666666,30.0
SYR,Syrian Arab Republic,2023,NT_ANE_WOM_15_49_MOD,Anaemia WRA,Layer 1,31.0,1,Middle East and North Africa,Low income,48.33333333333333,66.66666666666666,30.0
SYR,Syrian Arab Republic,2024,NT_ANT_HAZ_NE2_MOD,Stunting,Layer 1,23.5031,0,Middle East and North Africa,Low income,48.33333333333333,66.66666666666666,30.0
SYR,Syrian Arab Republic,2024,NT_ANT_WHZ_PO2_MOD,Overweight,Layer 1,11.0196,0,Middle East and North Africa,Low income,48.33333333333333,66.66666666666666,30.0
SYR,Syrian Arab Republic,2019,NT_BF_EIBF,Early BF Initiation,Layer 2,36.4,5,Middle East and North Africa,Low income,48.33333333333333,66.66666666666666,30.0
SYR,Syrian Arab Republic,2019,NT_BF_EXBF,Excl. BF,Layer 1,28.5,5,Middle East and North Africa,Low income,48.33333333333333,66.66666666666666,30.0
SYR,Syrian Arab Republic,2023,NT_CF_MDD,Min Dietary Diversity,Layer 2,26.8,1,Middle East and North Africa,Low income,48.33333333333333,66.66666666666666,30.0
TCA,Turks and Caicos Islands,2020,MNCH_ANC4,ANC 4+ Visits,Layer 2,93.2,4,,,46.666666666666664,33.33333333333333,60.0
TCA,Turks and Caicos Islands,2020,MNCH_SAB,Skilled Birth Attendance,Layer 2,100.0,4,,,46.666666666666664,33.33333333333333,60.0
TCA,Turks and Caicos Islands,2024,NT_ANT_HAZ_NE2_MOD,Stunting,Layer 1,3.1853,0,,,46.666666666666664,33.33333333333333,60.0
TCA,Turks and Caicos Islands,2024,NT_ANT_WHZ_PO2_MOD,Overweight,Layer 1,18.3414,0,,,46.666666666666664,33.33333333333333,60.0
TCA,Turks and Caicos Islands,2020,NT_BF_EIBF,Early BF Initiation,Layer 2,49.1923,4,,,46.666666666666664,33.33333333333333,60.0
TCA,Turks and Caicos Islands,2020,NT_CF_MAD,Min Acceptable Diet,Layer 2,29.2054,4,,,46.666666666666664,33.33333333333333,60.0
TCA,Turks and Caicos Islands,2020,NT_CF_MDD,Min Dietary Diversity,Layer 2,56.1691,4,,,46.666666666666664,33.33333333333333,60.0
TCA,Turks and Caicos Islands,2020,NT_CF_MMF,Min Meal Frequency,Layer 2,68.2296,4,,,46.666666666666664,33.33333333333333,60.0
TCD,Chad,2024,IM_DTP3,DTP3 Coverage,Layer 2,68.0,0,Sub-Saharan Africa,Low income,63.33333333333333,66.66666666666666,60.0
TCD,Chad,2015,MNCH_ANC4,ANC 4+ Visits,Layer 2,31.0,9,Sub-Saharan Africa,Low income,63.33333333333333,66.66666666666666,60.0
TCD,Chad,2019,MNCH_SAB,Skilled Birth Attendance,Layer 2,47.2,5,Sub-Saharan Africa,Low income,63.33333333333333,66.66666666666666,60.0
TCD,Chad,2023,NT_ANE_WOM_15_49_MOD,Anaemia WRA,Layer 1,46.5,1,Sub-Saharan Africa,Low income,63.33333333333333,66.66666666666666,60.0
TCD,Chad,2024,NT_ANT_HAZ_NE2_MOD,Stunting,Layer 1,31.5206,0,Sub-Saharan Africa,Low income,63.33333333333333,66.66666666666666,60.0
TCD,Chad,2024,NT_ANT_WHZ_PO2_MOD,Overweight,Layer 1,2.4527,0,Sub-Saharan Africa,Low income,63.33333333333333,66.66666666666666,60.0
TCD,Chad,2022,NT_BF_EIBF,Early BF Initiation,Layer 2,47.1623,2,Sub-Saharan Africa,Low income,63.33333333333333,66.66666666666666,60.0
TCD,Chad,2022,NT_BF_EXBF,Excl. BF,Layer 1,7.3531,2,Sub-Saharan Africa,Low income,63.33333333333333,66.66666666666666,60.0
TCD,Chad,2022,NT_CF_MAD,Min Acceptable Diet,Layer 2,37.4215,2,Sub-Saharan Africa,Low income,63.33333333333333,66.66666666666666,60.0
TCD,Chad,2024,NT_CF_MDD,Min Dietary Diversity,Layer 2,27.9,0,Sub-Saharan Africa,Low income,63.33333333333333,66.66666666666666,60.0
TCD,Chad,2022,NT_CF_MMF,Min Meal Frequency,Layer 2,71.0804,2,Sub-Saharan Africa,Low income,63.33333333333333,66.66666666666666,60.0
TGO,Togo,2024,IM_DTP3,DTP3 Coverage,Layer 2,90.0,0,Sub-Saharan Africa,Low income,38.33333333333333,66.66666666666666,10.0
TGO,Togo,2017,MNCH_ANC4,ANC 4+ Visits,Layer 2,54.8,7,Sub-Saharan Africa,Low income,38.33333333333333,66.66666666666666,10.0
TGO,Togo,2017,MNCH_SAB,Skilled Birth Attendance,Layer 2,69.4,7,Sub-Saharan Africa,Low income,38.33333333333333,66.66666666666666,10.0
TGO,Togo,2023,NT_ANE_WOM_15_49_MOD,Anaemia WRA,Layer 1,41.5,1,Sub-Saharan Africa,Low income,38.33333333333333,66.66666666666666,10.0
TGO,Togo,2024,NT_ANT_HAZ_NE2_MOD,Stunting,Layer 1,22.9679,0,Sub-Saharan Africa,Low income,38.33333333333333,66.66666666666666,10.0
TGO,Togo,2024,NT_ANT_WHZ_PO2_MOD,Overweight,Layer 1,3.5926,0,Sub-Saharan Africa,Low income,38.33333333333333,66.66666666666666,10.0
TGO,Togo,2017,NT_BF_EIBF,Early BF Initiation,Layer 2,48.3233,7,Sub-Saharan Africa,Low income,38.33333333333333,66.66666666666666,10.0
TGO,Togo,2017,NT_BF_EXBF,Excl. BF,Layer 1,64.3296,7,Sub-Saharan Africa,Low income,38.33333333333333,66.66666666666666,10.0
TGO,Togo,2020,NT_BW_LBW,Low Birth Weight,Layer 1,14.2814,4,Sub-Saharan Africa,Low income,38.33333333333333,66.66666666666666,10.0
TGO,Togo,2017,NT_CF_MAD,Min Acceptable Diet,Layer 2,13.4704,7,Sub-Saharan Africa,Low income,38.33333333333333,66.66666666666666,10.0
TGO,Togo,2017,NT_CF_MDD,Min Dietary Diversity,Layer 2,18.6072,7,Sub-Saharan Africa,Low income,38.33333333333333,66.66666666666666,10.0
TGO,Togo,2017,NT_CF_MMF,Min Meal Frequency,Layer 2,60.8203,7,Sub-Saharan Africa,Low income,38.33333333333333,66.66666666666666,10.0
THA,Thailand,2024,IM_DTP3,DTP3 Coverage,Layer 2,92.0,0,East Asia and Pacific,Upper middle income,76.66666666666667,83.33333333333334,70.0
THA,Thailand,2022,MNCH_ANC4,ANC 4+ Visits,Layer 2,88.3,2,East Asia and Pacific,Upper middle income,76.66666666666667,83.33333333333334,70.0
THA,Thailand,2022,MNCH_SAB,Skilled Birth Attendance,Layer 2,99.6,2,East Asia and Pacific,Upper middle income,76.66666666666667,83.33333333333334,70.0
THA,Thailand,2023,NT_ANE_WOM_15_49_MOD,Anaemia WRA,Layer 1,20.7,1,East Asia and Pacific,Upper middle income,76.66666666666667,83.33333333333334,70.0
THA,Thailand,2024,NT_ANT_HAZ_NE2_MOD,Stunting,Layer 1,12.3406,0,East Asia and Pacific,Upper middle income,76.66666666666667,83.33333333333334,70.0
THA,Thailand,2024,NT_ANT_WHZ_PO2_MOD,Overweight,Layer 1,9.8904,0,East Asia and Pacific,Upper middle income,76.66666666666667,83.33333333333334,70.0
THA,Thailand,2022,NT_BF_EIBF,Early BF Initiation,Layer 2,29.4294,2,East Asia and Pacific,Upper middle income,76.66666666666667,83.33333333333334,70.0
THA,Thailand,2022,NT_BF_EXBF,Excl. BF,Layer 1,28.575,2,East Asia and Pacific,Upper middle income,76.66666666666667,83.33333333333334,70.0
THA,Thailand,2020,NT_BW_LBW,Low Birth Weight,Layer 1,10.3029,4,East Asia and Pacific,Upper middle income,76.66666666666667,83.33333333333334,70.0
THA,Thailand,2022,NT_CF_MAD,Min Acceptable Diet,Layer 2,60.355,2,East Asia and Pacific,Upper middle income,76.66666666666667,83.33333333333334,70.0
THA,Thailand,2022,NT_CF_MDD,Min Dietary Diversity,Layer 2,72.1079,2,East Asia and Pacific,Upper middle income,76.66666666666667,83.33333333333334,70.0
THA,Thailand,2022,NT_CF_MMF,Min Meal Frequency,Layer 2,78.7737,2,East Asia and Pacific,Upper middle income,76.66666666666667,83.33333333333334,70.0
TJK,Tajikistan,2024,IM_DTP3,DTP3 Coverage,Layer 2,97.0,0,Europe and Central Asia,Lower middle income,76.66666666666667,83.33333333333334,70.0
TJK,Tajikistan,2023,MNCH_ANC4,ANC 4+ Visits,Layer 2,62.1,1,Europe and Central Asia,Lower middle income,76.66666666666667,83.33333333333334,70.0
TJK,Tajikistan,2023,MNCH_SAB,Skilled Birth Attendance,Layer 2,97.6,1,Europe and Central Asia,Lower middle income,76.66666666666667,83.33333333333334,70.0
TJK,Tajikistan,2023,NT_ANE_WOM_15_49_MOD,Anaemia WRA,Layer 1,37.3,1,Europe and Central Asia,Lower middle income,76.66666666666667,83.33333333333334,70.0
TJK,Tajikistan,2024,NT_ANT_HAZ_NE2_MOD,Stunting,Layer 1,13.105,0,Europe and Central Asia,Lower middle income,76.66666666666667,83.33333333333334,70.0
TJK,Tajikistan,2024,NT_ANT_WHZ_PO2_MOD,Overweight,Layer 1,4.5814,0,Europe and Central Asia,Lower middle income,76.66666666666667,83.33333333333334,70.0
TJK,Tajikistan,2023,NT_BF_EIBF,Early BF Initiation,Layer 2,40.8443,1,Europe and Central Asia,Lower middle income,76.66666666666667,83.33333333333334,70.0
TJK,Tajikistan,2023,NT_BF_EXBF,Excl. BF,Layer 1,40.7846,1,Europe and Central Asia,Lower middle income,76.66666666666667,83.33333333333334,70.0
TJK,Tajikistan,2020,NT_BW_LBW,Low Birth Weight,Layer 1,8.7161,4,Europe and Central Asia,Lower middle income,76.66666666666667,83.33333333333334,70.0
TJK,Tajikistan,2023,NT_CF_MAD,Min Acceptable Diet,Layer 2,8.8668,1,Europe and Central Asia,Lower middle income,76.66666666666667,83.33333333333334,70.0
TJK,Tajikistan,2023,NT_CF_MDD,Min Dietary Diversity,Layer 2,27.8113,1,Europe and Central Asia,Lower middle income,76.66666666666667,83.33333333333334,70.0
TJK,Tajikistan,2023,NT_CF_MMF,Min Meal Frequency,Layer 2,29.7181,1,Europe and Central Asia,Lower middle income,76.66666666666667,83.33333333333334,70.0
TKM,Turkmenistan,2024,IM_DTP3,DTP3 Coverage,Layer 2,98.0,0,Europe and Central Asia,Upper middle income,76.66666666666667,83.33333333333334,70.0
TKM,Turkmenistan,2024,MNCH_ANC4,ANC 4+ Visits,Layer 2,94.0,0,Europe and Central Asia,Upper middle income,76.66666666666667,83.33333333333334,70.0
TKM,Turkmenistan,2022,MNCH_SAB,Skilled Birth Attendance,Layer 2,99.7,2,Europe and Central Asia,Upper middle income,76.66666666666667,83.33333333333334,70.0
TKM,Turkmenistan,2023,NT_ANE_WOM_15_49_MOD,Anaemia WRA,Layer 1,34.8,1,Europe and Central Asia,Upper middle income,76.66666666666667,83.33333333333334,70.0
TKM,Turkmenistan,2024,NT_ANT_HAZ_NE2_MOD,Stunting,Layer 1,6.4572,0,Europe and Central Asia,Upper middle income,76.66666666666667,83.33333333333334,70.0
TKM,Turkmenistan,2024,NT_ANT_WHZ_PO2_MOD,Overweight,Layer 1,4.7607,0,Europe and Central Asia,Upper middle income,76.66666666666667,83.33333333333334,70.0
TKM,Turkmenistan,2022,NT_BF_EIBF,Early BF Initiation,Layer 2,93.0,2,Europe and Central Asia,Upper middle income,76.66666666666667,83.33333333333334,70.0
TKM,Turkmenistan,2019,NT_BF_EXBF,Excl. BF,Layer 1,56.4768,5,Europe and Central Asia,Upper middle income,76.66666666666667,83.33333333333334,70.0
TKM,Turkmenistan,2020,NT_BW_LBW,Low Birth Weight,Layer 1,4.2878,4,Europe and Central Asia,Upper middle income,76.66666666666667,83.33333333333334,70.0
TKM,Turkmenistan,2019,NT_CF_MAD,Min Acceptable Diet,Layer 2,64.1126,5,Europe and Central Asia,Upper middle income,76.66666666666667,83.33333333333334,70.0
TKM,Turkmenistan,2024,NT_CF_MDD,Min Dietary Diversity,Layer 2,79.0407,0,Europe and Central Asia,Upper middle income,76.66666666666667,83.33333333333334,70.0
TKM,Turkmenistan,2019,NT_CF_MMF,Min Meal Frequency,Layer 2,97.1068,5,Europe and Central Asia,Upper middle income,76.66666666666667,83.33333333333334,70.0
TLS,Timor-Leste,2024,IM_DTP3,DTP3 Coverage,Layer 2,83.0,0,East Asia and Pacific,Lower middle income,76.66666666666667,83.33333333333334,70.0
TLS,Timor-Leste,2020,MNCH_ANC4,ANC 4+ Visits,Layer 2,83.1,4,East Asia and Pacific,Lower middle income,76.66666666666667,83.33333333333334,70.0
TLS,Timor-Leste,2022,MNCH_SAB,Skilled Birth Attendance,Layer 2,68.5,2,East Asia and Pacific,Lower middle income,76.66666666666667,83.33333333333334,70.0
TLS,Timor-Leste,2023,NT_ANE_WOM_15_49_MOD,Anaemia WRA,Layer 1,29.7,1,East Asia and Pacific,Lower middle income,76.66666666666667,83.33333333333334,70.0
TLS,Timor-Leste,2024,NT_ANT_HAZ_NE2_MOD,Stunting,Layer 1,45.4021,0,East Asia and Pacific,Lower middle income,76.66666666666667,83.33333333333334,70.0
TLS,Timor-Leste,2024,NT_ANT_WHZ_PO2_MOD,Overweight,Layer 1,1.1906,0,East Asia and Pacific,Lower middle income,76.66666666666667,83.33333333333334,70.0
TLS,Timor-Leste,2020,NT_BF_EIBF,Early BF Initiation,Layer 2,46.9458,4,East Asia and Pacific,Lower middle income,76.66666666666667,83.33333333333334,70.0
TLS,Timor-Leste,2020,NT_BF_EXBF,Excl. BF,Layer 1,64.9747,4,East Asia and Pacific,Lower middle income,76.66666666666667,83.33333333333334,70.0
TLS,Timor-Leste,2020,NT_BW_LBW,Low Birth Weight,Layer 1,18.212,4,East Asia and Pacific,Lower middle income,76.66666666666667,83.33333333333334,70.0
TLS,Timor-Leste,2020,NT_CF_MAD,Min Acceptable Diet,Layer 2,25.4847,4,East Asia and Pacific,Lower middle income,76.66666666666667,83.33333333333334,70.0
TLS,Timor-Leste,2020,NT_CF_MDD,Min Dietary Diversity,Layer 2,39.8371,4,East Asia and Pacific,Lower middle income,76.66666666666667,83.33333333333334,70.0
TLS,Timor-Leste,2020,NT_CF_MMF,Min Meal Frequency,Layer 2,55.8915,4,East Asia and Pacific,Lower middle income,76.66666666666667,83.33333333333334,70.0
TON,Tonga,2024,IM_DTP3,DTP3 Coverage,Layer 2,99.0,0,East Asia and Pacific,Upper middle income,68.33333333333333,66.66666666666666,70.0
TON,Tonga,2019,MNCH_ANC4,ANC 4+ Visits,Layer 2,88.5,5,East Asia and Pacific,Upper middle income,68.33333333333333,66.66666666666666,70.0
TON,Tonga,2019,MNCH_SAB,Skilled Birth Attendance,Layer 2,98.3,5,East Asia and Pacific,Upper middle income,68.33333333333333,66.66666666666666,70.0
TON,Tonga,2023,NT_ANE_WOM_15_49_MOD,Anaemia WRA,Layer 1,20.7,1,East Asia and Pacific,Upper middle income,68.33333333333333,66.66666666666666,70.0
TON,Tonga,2024,NT_ANT_HAZ_NE2_MOD,Stunting,Layer 1,1.6145,0,East Asia and Pacific,Upper middle income,68.33333333333333,66.66666666666666,70.0
TON,Tonga,2024,NT_ANT_WHZ_PO2_MOD,Overweight,Layer 1,9.4648,0,East Asia and Pacific,Upper middle income,68.33333333333333,66.66666666666666,70.0
TON,Tonga,2019,NT_BF_EIBF,Early BF Initiation,Layer 2,38.4698,5,East Asia and Pacific,Upper middle income,68.33333333333333,66.66666666666666,70.0
TON,Tonga,2019,NT_BF_EXBF,Excl. BF,Layer 1,39.5748,5,East Asia and Pacific,Upper middle income,68.33333333333333,66.66666666666666,70.0
TON,Tonga,2019,NT_CF_MAD,Min Acceptable Diet,Layer 2,26.9634,5,East Asia and Pacific,Upper middle income,68.33333333333333,66.66666666666666,70.0
TON,Tonga,2019,NT_CF_MDD,Min Dietary Diversity,Layer 2,53.4914,5,East Asia and Pacific,Upper middle income,68.33333333333333,66.66666666666666,70.0
TON,Tonga,2019,NT_CF_MMF,Min Meal Frequency,Layer 2,48.6258,5,East Asia and Pacific,Upper middle income,68.33333333333333,66.66666666666666,70.0
TTO,Trinidad and Tobago,2024,IM_DTP3,DTP3 Coverage,Layer 2,92.0,0,Latin America and Caribbean,High income,76.66666666666667,83.33333333333334,70.0
TTO,Trinidad and Tobago,2022,MNCH_ANC4,ANC 4+ Visits,Layer 2,93.8,2,Latin America and Caribbean,High income,76.66666666666667,83.33333333333334,70.0
TTO,Trinidad and Tobago,2024,MNCH_SAB,Skilled Birth Attendance,Layer 2,100.0,0,Latin America and Caribbean,High income,76.66666666666667,83.33333333333334,70.0
TTO,Trinidad and Tobago,2023,NT_ANE_WOM_15_49_MOD,Anaemia WRA,Layer 1,22.1,1,Latin America and Caribbean,High income,76.66666666666667,83.33333333333334,70.0
TTO,Trinidad and Tobago,2024,NT_ANT_HAZ_NE2_MOD,Stunting,Layer 1,7.7989,0,Latin America and Caribbean,High income,76.66666666666667,83.33333333333334,70.0
TTO,Trinidad and Tobago,2024,NT_ANT_WHZ_PO2_MOD,Overweight,Layer 1,14.9765,0,Latin America and Caribbean,High income,76.66666666666667,83.33333333333334,70.0
TTO,Trinidad and Tobago,2022,NT_BF_EIBF,Early BF Initiation,Layer 2,48.3147,2,Latin America and Caribbean,High income,76.66666666666667,83.33333333333334,70.0
TTO,Trinidad and Tobago,2022,NT_BF_EXBF,Excl. BF,Layer 1,30.4509,2,Latin America and Caribbean,High income,76.66666666666667,83.33333333333334,70.0
TTO,Trinidad and Tobago,2020,NT_BW_LBW,Low Birth Weight,Layer 1,16.2741,4,Latin America and Caribbean,High income,76.66666666666667,83.33333333333334,70.0
TTO,Trinidad and Tobago,2022,NT_CF_MAD,Min Acceptable Diet,Layer 2,37.2743,2,Latin America and Caribbean,High income,76.66666666666667,83.33333333333334,70.0
TTO,Trinidad and Tobago,2022,NT_CF_MDD,Min Dietary Diversity,Layer 2,45.4766,2,Latin America and Caribbean,High income,76.66666666666667,83.33333333333334,70.0
TTO,Trinidad and Tobago,2022,NT_CF_MMF,Min Meal Frequency,Layer 2,73.3296,2,Latin America and Caribbean,High income,76.66666666666667,83.33333333333334,70.0
TUN,Tunisia,2024,IM_DTP3,DTP3 Coverage,Layer 2,97.0,0,Middle East and North Africa,Lower middle income,76.66666666666667,83.33333333333334,70.0
TUN,Tunisia,2023,MNCH_ANC4,ANC 4+ Visits,Layer 2,78.6,1,Middle East and North Africa,Lower middle income,76.66666666666667,83.33333333333334,70.0
TUN,Tunisia,2023,MNCH_SAB,Skilled Birth Attendance,Layer 2,87.8,1,Middle East and North Africa,Lower middle income,76.66666666666667,83.33333333333334,70.0
TUN,Tunisia,2023,NT_ANE_WOM_15_49_MOD,Anaemia WRA,Layer 1,27.7,1,Middle East and North Africa,Lower middle income,76.66666666666667,83.33333333333334,70.0
TUN,Tunisia,2024,NT_ANT_HAZ_NE2_MOD,Stunting,Layer 1,8.8729,0,Middle East and North Africa,Lower middle income,76.66666666666667,83.33333333333334,70.0
TUN,Tunisia,2024,NT_ANT_WHZ_PO2_MOD,Overweight,Layer 1,17.479,0,Middle East and North Africa,Lower middle income,76.66666666666667,83.33333333333334,70.0
TUN,Tunisia,2023,NT_BF_EIBF,Early BF Initiation,Layer 2,34.2709,1,Middle East and North Africa,Lower middle income,76.66666666666667,83.33333333333334,70.0
TUN,Tunisia,2023,NT_BF_EXBF,Excl. BF,Layer 1,17.8167,1,Middle East and North Africa,Lower middle income,76.66666666666667,83.33333333333334,70.0
TUN,Tunisia,2020,NT_BW_LBW,Low Birth Weight,Layer 1,8.2371,4,Middle East and North Africa,Lower middle income,76.66666666666667,83.33333333333334,70.0
TUN,Tunisia,2023,NT_CF_MAD,Min Acceptable Diet,Layer 2,48.4866,1,Middle East and North Africa,Lower middle income,76.66666666666667,83.33333333333334,70.0
TUN,Tunisia,2023,NT_CF_MDD,Min Dietary Diversity,Layer 2,63.7626,1,Middle East and North Africa,Lower middle income,76.66666666666667,83.33333333333334,70.0
TUN,Tunisia,2023,NT_CF_MMF,Min Meal Frequency,Layer 2,73.2428,1,Middle East and North Africa,Lower middle income,76.66666666666667,83.33333333333334,70.0
TUR,تركيا,2024,IM_DTP3,DTP3 Coverage,Layer 2,99.0,0,Europe and Central Asia,Upper middle income,43.33333333333333,66.66666666666666,20.0
TUR,تركيا,2018,MNCH_ANC4,ANC 4+ Visits,Layer 2,89.7,6,Europe and Central Asia,Upper middle income,43.33333333333333,66.66666666666666,20.0
TUR,تركيا,2019,MNCH_SAB,Skilled Birth Attendance,Layer 2,97.0,5,Europe and Central Asia,Upper middle income,43.33333333333333,66.66666666666666,20.0
TUR,تركيا,2023,NT_ANE_WOM_15_49_MOD,Anaemia WRA,Layer 1,29.3,1,Europe and Central Asia,Upper middle income,43.33333333333333,66.66666666666666,20.0
TUR,تركيا,2024,NT_ANT_HAZ_NE2_MOD,Stunting,Layer 1,5.5059,0,Europe and Central Asia,Upper middle income,43.33333333333333,66.66666666666666,20.0
TUR,تركيا,2024,NT_ANT_WHZ_PO2_MOD,Overweight,Layer 1,7.7012,0,Europe and Central Asia,Upper middle income,43.33333333333333,66.66666666666666,20.0
TUR,تركيا,2018,NT_BF_EIBF,Early BF Initiation,Layer 2,71.3,6,Europe and Central Asia,Upper middle income,43.33333333333333,66.66666666666666,20.0
TUR,تركيا,2018,NT_BF_EXBF,Excl. BF,Layer 1,40.7,6,Europe and Central Asia,Upper middle income,43.33333333333333,66.66666666666666,20.0
TUR,تركيا,2020,NT_BW_LBW,Low Birth Weight,Layer 1,12.8968,4,Europe and Central Asia,Upper middle income,43.33333333333333,66.66666666666666,20.0
TUV,Tuvalu,2024,IM_DTP3,DTP3 Coverage,Layer 2,94.0,0,East Asia and Pacific,Upper middle income,63.33333333333333,66.66666666666666,60.0
TUV,Tuvalu,2020,MNCH_ANC4,ANC 4+ Visits,Layer 2,60.3,4,East Asia and Pacific,Upper middle income,63.33333333333333,66.66666666666666,60.0
TUV,Tuvalu,2020,MNCH_SAB,Skilled Birth Attendance,Layer 2,99.5,4,East Asia and Pacific,Upper middle income,63.33333333333333,66.66666666666666,60.0
TUV,Tuvalu,2023,NT_ANE_WOM_15_49_MOD,Anaemia WRA,Layer 1,23.2,1,East Asia and Pacific,Upper middle income,63.33333333333333,66.66666666666666,60.0
TUV,Tuvalu,2024,NT_ANT_HAZ_NE2_MOD,Stunting,Layer 1,5.2585,0,East Asia and Pacific,Upper middle income,63.33333333333333,66.66666666666666,60.0
TUV,Tuvalu,2024,NT_ANT_WHZ_PO2_MOD,Overweight,Layer 1,4.0729,0,East Asia and Pacific,Upper middle income,63.33333333333333,66.66666666666666,60.0
TUV,Tuvalu,2019,NT_BF_EIBF,Early BF Initiation,Layer 2,39.1519,5,East Asia and Pacific,Upper middle income,63.33333333333333,66.66666666666666,60.0
TUV,Tuvalu,2019,NT_BF_EXBF,Excl. BF,Layer 1,43.7958,5,East Asia and Pacific,Upper middle income,63.33333333333333,66.66666666666666,60.0
TUV,Tuvalu,2019,NT_CF_MAD,Min Acceptable Diet,Layer 2,17.623,5,East Asia and Pacific,Upper middle income,63.33333333333333,66.66666666666666,60.0
TUV,Tuvalu,2019,NT_CF_MDD,Min Dietary Diversity,Layer 2,29.2868,5,East Asia and Pacific,Upper middle income,63.33333333333333,66.66666666666666,60.0
TZA,United Republic of Tanzania,2024,IM_DTP3,DTP3 Coverage,Layer 2,83.0,0,Sub-Saharan Africa,Lower middle income,76.66666666666667,83.33333333333334,70.0
TZA,United Republic of Tanzania,2022,MNCH_ANC4,ANC 4+ Visits,Layer 2,65.1,2,Sub-Saharan Africa,Lower middle income,76.66666666666667,83.33333333333334,70.0
TZA,United Republic of Tanzania,2022,MNCH_SAB,Skilled Birth Attendance,Layer 2,85.0,2,Sub-Saharan Africa,Lower middle income,76.66666666666667,83.33333333333334,70.0
TZA,United Republic of Tanzania,2023,NT_ANE_WOM_15_49_MOD,Anaemia WRA,Layer 1,38.8,1,Sub-Saharan Africa,Lower middle income,76.66666666666667,83.33333333333334,70.0
TZA,United Republic of Tanzania,2024,NT_ANT_HAZ_NE2_MOD,Stunting,Layer 1,29.9333,0,Sub-Saharan Africa,Lower middle income,76.66666666666667,83.33333333333334,70.0
TZA,United Republic of Tanzania,2024,NT_ANT_WHZ_PO2_MOD,Overweight,Layer 1,4.733,0,Sub-Saharan Africa,Lower middle income,76.66666666666667,83.33333333333334,70.0
TZA,United Republic of Tanzania,2022,NT_BF_EIBF,Early BF Initiation,Layer 2,70.2,2,Sub-Saharan Africa,Lower middle income,76.66666666666667,83.33333333333334,70.0
TZA,United Republic of Tanzania,2022,NT_BF_EXBF,Excl. BF,Layer 1,64.3,2,Sub-Saharan Africa,Lower middle income,76.66666666666667,83.33333333333334,70.0
TZA,United Republic of Tanzania,2020,NT_BW_LBW,Low Birth Weight,Layer 1,9.7036,4,Sub-Saharan Africa,Lower middle income,76.66666666666667,83.33333333333334,70.0
TZA,United Republic of Tanzania,2022,NT_CF_MAD,Min Acceptable Diet,Layer 2,7.8863,2,Sub-Saharan Africa,Lower middle income,76.66666666666667,83.33333333333334,70.0
TZA,United Republic of Tanzania,2022,NT_CF_MDD,Min Dietary Diversity,Layer 2,18.7665,2,Sub-Saharan Africa,Lower middle income,76.66666666666667,83.33333333333334,70.0
TZA,United Republic of Tanzania,2022,NT_CF_MMF,Min Meal Frequency,Layer 2,32.8985,2,Sub-Saharan Africa,Lower middle income,76.66666666666667,83.33333333333334,70.0
UGA,Uganda,2024,IM_DTP3,DTP3 Coverage,Layer 2,91.0,0,Sub-Saharan Africa,Low income,60.0,50.0,70.0
UGA,Uganda,2022,MNCH_ANC4,ANC 4+ Visits,Layer 2,67.8,2,Sub-Saharan Africa,Low income,60.0,50.0,70.0
UGA,Uganda,2022,MNCH_SAB,Skilled Birth Attendance,Layer 2,88.4,2,Sub-Saharan Africa,Low income,60.0,50.0,70.0
UGA,Uganda,2023,NT_ANE_WOM_15_49_MOD,Anaemia WRA,Layer 1,27.2,1,Sub-Saharan Africa,Low income,60.0,50.0,70.0
UGA,Uganda,2024,NT_ANT_HAZ_NE2_MOD,Stunting,Layer 1,23.4973,0,Sub-Saharan Africa,Low income,60.0,50.0,70.0
UGA,Uganda,2024,NT_ANT_WHZ_PO2_MOD,Overweight,Layer 1,4.229,0,Sub-Saharan Africa,Low income,60.0,50.0,70.0
UGA,Uganda,2022,NT_BF_EIBF,Early BF Initiation,Layer 2,81.5,2,Sub-Saharan Africa,Low income,60.0,50.0,70.0
UGA,Uganda,2016,NT_BF_EXBF,Excl. BF,Layer 1,65.4631,8,Sub-Saharan Africa,Low income,60.0,50.0,70.0
UGA,Uganda,2022,NT_CF_MAD,Min Acceptable Diet,Layer 2,7.3,2,Sub-Saharan Africa,Low income,60.0,50.0,70.0
UGA,Uganda,2022,NT_CF_MDD,Min Dietary Diversity,Layer 2,10.0,2,Sub-Saharan Africa,Low income,60.0,50.0,70.0
UGA,Uganda,2022,NT_CF_MMF,Min Meal Frequency,Layer 2,62.8,2,Sub-Saharan Africa,Low income,60.0,50.0,70.0
UKR,Ukraine,2024,IM_DTP3,DTP3 Coverage,Layer 2,88.0,0,Europe and Central Asia,Lower middle income,38.33333333333333,66.66666666666666,10.0
UKR,Ukraine,2012,MNCH_ANC4,ANC 4+ Visits,Layer 2,87.2,12,Europe and Central Asia,Lower middle income,38.33333333333333,66.66666666666666,10.0
UKR,Ukraine,2014,MNCH_SAB,Skilled Birth Attendance,Layer 2,99.9,10,Europe and Central Asia,Lower middle income,38.33333333333333,66.66666666666666,10.0
UKR,Ukraine,2023,NT_ANE_WOM_15_49_MOD,Anaemia WRA,Layer 1,19.4,1,Europe and Central Asia,Lower middle income,38.33333333333333,66.66666666666666,10.0
UKR,Ukraine,2024,NT_ANT_HAZ_NE2_MOD,Stunting,Layer 1,11.6714,0,Europe and Central Asia,Lower middle income,38.33333333333333,66.66666666666666,10.0
UKR,Ukraine,2024,NT_ANT_WHZ_PO2_MOD,Overweight,Layer 1,15.9817,0,Europe and Central Asia,Lower middle income,38.33333333333333,66.66666666666666,10.0
UKR,Ukraine,2012,NT_BF_EIBF,Early BF Initiation,Layer 2,65.6736,12,Europe and Central Asia,Lower middle income,38.33333333333333,66.66666666666666,10.0
UKR,Ukraine,2012,NT_BF_EXBF,Excl. BF,Layer 1,19.7287,12,Europe and Central Asia,Lower middle income,38.33333333333333,66.66666666666666,10.0
UKR,Ukraine,2020,NT_BW_LBW,Low Birth Weight,Layer 1,5.726,4,Europe and Central Asia,Lower middle income,38.33333333333333,66.66666666666666,10.0
UKR,Ukraine,2012,NT_CF_MMF,Min Meal Frequency,Layer 2,54.819,12,Europe and Central Asia,Lower middle income,38.33333333333333,66.66666666666666,10.0
UNFPA_EECA,Europe de l’Est et Asie centrale,2024,MNCH_ANC4,ANC 4+ Visits,Layer 2,90.7,0,,,10.0,0.0,20.0
UNFPA_EECA,Europe de l’Est et Asie centrale,2024,MNCH_SAB,Skilled Birth Attendance,Layer 2,99.3,0,,,10.0,0.0,20.0
UNFPA_ESA,East and Southern Africa (UNFPA),2024,MNCH_ANC4,ANC 4+ Visits,Layer 2,60.5,0,,,10.0,0.0,20.0
UNFPA_ESA,East and Southern Africa (UNFPA),2024,MNCH_SAB,Skilled Birth Attendance,Layer 2,78.6,0,,,10.0,0.0,20.0
UNFPA_LAC,Latin America and the Caribbean (UNFPA),2024,MNCH_ANC4,ANC 4+ Visits,Layer 2,91.0,0,,,10.0,0.0,20.0
UNFPA_LAC,Latin America and the Caribbean (UNFPA),2024,MNCH_SAB,Skilled Birth Attendance,Layer 2,95.9,0,,,10.0,0.0,20.0
UNFPA_WCA,West and Central Africa (UNFPA),2024,MNCH_ANC4,ANC 4+ Visits,Layer 2,57.5,0,,,10.0,0.0,20.0
UNFPA_WCA,West and Central Africa (UNFPA),2024,MNCH_SAB,Skilled Birth Attendance,Layer 2,64.1,0,,,10.0,0.0,20.0
UNICEF_EAP,Asia Oriental y Pacífico,2024,IM_DTP3,DTP3 Coverage,Layer 2,88.0,0,,,76.66666666666667,83.33333333333334,70.0
UNICEF_EAP,Asia Oriental y Pacífico,2024,MNCH_ANC4,ANC 4+ Visits,Layer 2,86.8,0,,,76.66666666666667,83.33333333333334,70.0
UNICEF_EAP,Asia Oriental y Pacífico,2024,MNCH_SAB,Skilled Birth Attendance,Layer 2,96.7,0,,,76.66666666666667,83.33333333333334,70.0
UNICEF_EAP,Asia Oriental y Pacífico,2023,NT_ANE_WOM_15_49_MOD,Anaemia WRA,Layer 1,18.6905,1,,,76.66666666666667,83.33333333333334,70.0
UNICEF_EAP,Asia Oriental y Pacífico,2024,NT_ANT_HAZ_NE2_MOD,Stunting,Layer 1,13.3597,0,,,76.66666666666667,83.33333333333334,70.0
UNICEF_EAP,Asia Oriental y Pacífico,2024,NT_ANT_WHZ_PO2_MOD,Overweight,Layer 1,7.8253,0,,,76.66666666666667,83.33333333333334,70.0
UNICEF_EAP,Asia Oriental y Pacífico,2024,NT_BF_EIBF,Early BF Initiation,Layer 2,50.5075,0,,,76.66666666666667,83.33333333333334,70.0
UNICEF_EAP,Asia Oriental y Pacífico,2024,NT_BF_EXBF,Excl. BF,Layer 1,37.4477,0,,,76.66666666666667,83.33333333333334,70.0
UNICEF_EAP,Asia Oriental y Pacífico,2020,NT_BW_LBW,Low Birth Weight,Layer 1,8.5202,4,,,76.66666666666667,83.33333333333334,70.0
UNICEF_EAP,Asia Oriental y Pacífico,2024,NT_CF_MAD,Min Acceptable Diet,Layer 2,43.3646,0,,,76.66666666666667,83.33333333333334,70.0
UNICEF_EAP,Asia Oriental y Pacífico,2024,NT_CF_MDD,Min Dietary Diversity,Layer 2,55.6633,0,,,76.66666666666667,83.33333333333334,70.0
UNICEF_EAP,Asia Oriental y Pacífico,2024,NT_CF_MMF,Min Meal Frequency,Layer 2,73.4638,0,,,76.66666666666667,83.33333333333334,70.0
UNICEF_EAPRO,East Asia and Pacific (UNICEF Prog.regions),2024,IM_DTP3,DTP3 Coverage,Layer 2,88.0,0,,,71.66666666666667,83.33333333333334,60.0
UNICEF_EAPRO,East Asia and Pacific (UNICEF Prog.regions),2024,MNCH_ANC4,ANC 4+ Visits,Layer 2,86.5,0,,,71.66666666666667,83.33333333333334,60.0
UNICEF_EAPRO,East Asia and Pacific (UNICEF Prog.regions),2024,MNCH_SAB,Skilled Birth Attendance,Layer 2,96.5,0,,,71.66666666666667,83.33333333333334,60.0
UNICEF_EAPRO,East Asia and Pacific (UNICEF Prog.regions),2023,NT_ANE_WOM_15_49_MOD,Anaemia WRA,Layer 1,18.8702,1,,,71.66666666666667,83.33333333333334,60.0
UNICEF_EAPRO,East Asia and Pacific (UNICEF Prog.regions),2024,NT_ANT_HAZ_NE2_MOD,Stunting,Layer 1,14.0075,0,,,71.66666666666667,83.33333333333334,60.0
UNICEF_EAPRO,East Asia and Pacific (UNICEF Prog.regions),2024,NT_ANT_WHZ_PO2_MOD,Overweight,Layer 1,7.8136,0,,,71.66666666666667,83.33333333333334,60.0
UNICEF_EAPRO,East Asia and Pacific (UNICEF Prog.regions),2024,NT_BF_EXBF,Excl. BF,Layer 1,37.4477,0,,,71.66666666666667,83.33333333333334,60.0
UNICEF_EAPRO,East Asia and Pacific (UNICEF Prog.regions),2020,NT_BW_LBW,Low Birth Weight,Layer 1,8.4557,4,,,71.66666666666667,83.33333333333334,60.0
UNICEF_EAPRO,East Asia and Pacific (UNICEF Prog.regions),2024,NT_CF_MAD,Min Acceptable Diet,Layer 2,43.3646,0,,,71.66666666666667,83.33333333333334,60.0
UNICEF_EAPRO,East Asia and Pacific (UNICEF Prog.regions),2024,NT_CF_MDD,Min Dietary Diversity,Layer 2,55.6633,0,,,71.66666666666667,83.33333333333334,60.0
UNICEF_EAPRO,East Asia and Pacific (UNICEF Prog.regions),2024,NT_CF_MMF,Min Meal Frequency,Layer 2,73.4638,0,,,71.66666666666667,83.33333333333334,60.0
UNICEF_EAPR_OPS,EAPR (operational region),2024,IM_DTP3,DTP3 Coverage,Layer 2,88.0,0,,,5.0,0.0,10.0
UNICEF_ECA,Europa y Asia Central,2024,IM_DTP3,DTP3 Coverage,Layer 2,93.0,0,,,48.33333333333333,66.66666666666666,30.0
UNICEF_ECA,Europa y Asia Central,2024,MNCH_ANC4,ANC 4+ Visits,Layer 2,92.4,0,,,48.33333333333333,66.66666666666666,30.0
UNICEF_ECA,Europa y Asia Central,2024,MNCH_SAB,Skilled Birth Attendance,Layer 2,99.1,0,,,48.33333333333333,66.66666666666666,30.0
UNICEF_ECA,Europa y Asia Central,2023,NT_ANE_WOM_15_49_MOD,Anaemia WRA,Layer 1,21.3349,1,,,48.33333333333333,66.66666666666666,30.0
UNICEF_ECA,Europa y Asia Central,2024,NT_ANT_HAZ_NE2_MOD,Stunting,Layer 1,4.583,0,,,48.33333333333333,66.66666666666666,30.0
UNICEF_ECA,Europa y Asia Central,2024,NT_ANT_WHZ_PO2_MOD,Overweight,Layer 1,7.5288,0,,,48.33333333333333,66.66666666666666,30.0
UNICEF_ECA,Europa y Asia Central,2020,NT_BW_LBW,Low Birth Weight,Layer 1,7.5745,4,,,48.33333333333333,66.66666666666666,30.0
UNICEF_ECARO,Europe and Central Asia (UNICEF Prog.regions),2024,IM_DTP3,DTP3 Coverage,Layer 2,93.0,0,,,61.66666666666667,83.33333333333334,40.0
UNICEF_ECARO,Europe and Central Asia (UNICEF Prog.regions),2024,MNCH_ANC4,ANC 4+ Visits,Layer 2,90.2,0,,,61.66666666666667,83.33333333333334,40.0
UNICEF_ECARO,Europe and Central Asia (UNICEF Prog.regions),2024,MNCH_SAB,Skilled Birth Attendance,Layer 2,99.2,0,,,61.66666666666667,83.33333333333334,40.0
UNICEF_ECARO,Europe and Central Asia (UNICEF Prog.regions),2023,NT_ANE_WOM_15_49_MOD,Anaemia WRA,Layer 1,27.71,1,,,61.66666666666667,83.33333333333334,40.0
UNICEF_ECARO,Europe and Central Asia (UNICEF Prog.regions),2024,NT_ANT_HAZ_NE2_MOD,Stunting,Layer 1,6.7217,0,,,61.66666666666667,83.33333333333334,40.0
UNICEF_ECARO,Europe and Central Asia (UNICEF Prog.regions),2024,NT_ANT_WHZ_PO2_MOD,Overweight,Layer 1,7.5148,0,,,61.66666666666667,83.33333333333334,40.0
UNICEF_ECARO,Europe and Central Asia (UNICEF Prog.regions),2024,NT_BF_EIBF,Early BF Initiation,Layer 2,53.9326,0,,,61.66666666666667,83.33333333333334,40.0
UNICEF_ECARO,Europe and Central Asia (UNICEF Prog.regions),2024,NT_BF_EXBF,Excl. BF,Layer 1,34.5621,0,,,61.66666666666667,83.33333333333334,40.0
UNICEF_ECARO,Europe and Central Asia (UNICEF Prog.regions),2020,NT_BW_LBW,Low Birth Weight,Layer 1,8.3834,4,,,61.66666666666667,83.33333333333334,40.0
UNICEF_ECAR_OPS,ECAR (operational region),2024,IM_DTP3,DTP3 Coverage,Layer 2,92.0,0,,,5.0,0.0,10.0
UNICEF_EECA,Europa del Este y Asia Central,2024,IM_DTP3,DTP3 Coverage,Layer 2,93.0,0,,,61.66666666666667,83.33333333333334,40.0
UNICEF_EECA,Europa del Este y Asia Central,2024,MNCH_ANC4,ANC 4+ Visits,Layer 2,90.2,0,,,61.66666666666667,83.33333333333334,40.0
UNICEF_EECA,Europa del Este y Asia Central,2024,MNCH_SAB,Skilled Birth Attendance,Layer 2,99.4,0,,,61.66666666666667,83.33333333333334,40.0
UNICEF_EECA,Europa del Este y Asia Central,2023,NT_ANE_WOM_15_49_MOD,Anaemia WRA,Layer 1,26.7529,1,,,61.66666666666667,83.33333333333334,40.0
UNICEF_EECA,Europa del Este y Asia Central,2024,NT_ANT_HAZ_NE2_MOD,Stunting,Layer 1,6.1913,0,,,61.66666666666667,83.33333333333334,40.0
UNICEF_EECA,Europa del Este y Asia Central,2024,NT_ANT_WHZ_PO2_MOD,Overweight,Layer 1,7.9411,0,,,61.66666666666667,83.33333333333334,40.0
UNICEF_EECA,Europa del Este y Asia Central,2024,NT_BF_EIBF,Early BF Initiation,Layer 2,53.9326,0,,,61.66666666666667,83.33333333333334,40.0
UNICEF_EECA,Europa del Este y Asia Central,2024,NT_BF_EXBF,Excl. BF,Layer 1,34.5621,0,,,61.66666666666667,83.33333333333334,40.0
UNICEF_EECA,Europa del Este y Asia Central,2020,NT_BW_LBW,Low Birth Weight,Layer 1,8.06,4,,,61.66666666666667,83.33333333333334,40.0
UNICEF_ESA,África Oriental y Meridional,2024,IM_DTP3,DTP3 Coverage,Layer 2,76.0,0,,,76.66666666666667,83.33333333333334,70.0
UNICEF_ESA,África Oriental y Meridional,2024,MNCH_ANC4,ANC 4+ Visits,Layer 2,60.3,0,,,76.66666666666667,83.33333333333334,70.0
UNICEF_ESA,África Oriental y Meridional,2024,MNCH_SAB,Skilled Birth Attendance,Layer 2,76.7,0,,,76.66666666666667,83.33333333333334,70.0
UNICEF_ESA,África Oriental y Meridional,2023,NT_ANE_WOM_15_49_MOD,Anaemia WRA,Layer 1,32.17,1,,,76.66666666666667,83.33333333333334,70.0
UNICEF_ESA,África Oriental y Meridional,2024,NT_ANT_HAZ_NE2_MOD,Stunting,Layer 1,32.0866,0,,,76.66666666666667,83.33333333333334,70.0
UNICEF_ESA,África Oriental y Meridional,2024,NT_ANT_WHZ_PO2_MOD,Overweight,Layer 1,4.4697,0,,,76.66666666666667,83.33333333333334,70.0
UNICEF_ESA,África Oriental y Meridional,2024,NT_BF_EIBF,Early BF Initiation,Layer 2,69.4849,0,,,76.66666666666667,83.33333333333334,70.0
UNICEF_ESA,África Oriental y Meridional,2024,NT_BF_EXBF,Excl. BF,Layer 1,56.7422,0,,,76.66666666666667,83.33333333333334,70.0
UNICEF_ESA,África Oriental y Meridional,2020,NT_BW_LBW,Low Birth Weight,Layer 1,14.3849,4,,,76.66666666666667,83.33333333333334,70.0
UNICEF_ESA,África Oriental y Meridional,2024,NT_CF_MAD,Min Acceptable Diet,Layer 2,12.3399,0,,,76.66666666666667,83.33333333333334,70.0
UNICEF_ESA,África Oriental y Meridional,2024,NT_CF_MDD,Min Dietary Diversity,Layer 2,19.4124,0,,,76.66666666666667,83.33333333333334,70.0
UNICEF_ESA,África Oriental y Meridional,2024,NT_CF_MMF,Min Meal Frequency,Layer 2,51.0899,0,,,76.66666666666667,83.33333333333334,70.0
UNICEF_ESARO,Eastern and Southern Africa (UNICEF Prog.regions),2024,IM_DTP3,DTP3 Coverage,Layer 2,79.0,0,,,76.66666666666667,83.33333333333334,70.0
UNICEF_ESARO,Eastern and Southern Africa (UNICEF Prog.regions),2024,MNCH_ANC4,ANC 4+ Visits,Layer 2,62.4,0,,,76.66666666666667,83.33333333333334,70.0
UNICEF_ESARO,Eastern and Southern Africa (UNICEF Prog.regions),2024,MNCH_SAB,Skilled Birth Attendance,Layer 2,75.6,0,,,76.66666666666667,83.33333333333334,70.0
UNICEF_ESARO,Eastern and Southern Africa (UNICEF Prog.regions),2023,NT_ANE_WOM_15_49_MOD,Anaemia WRA,Layer 1,32.0179,1,,,76.66666666666667,83.33333333333334,70.0
UNICEF_ESARO,Eastern and Southern Africa (UNICEF Prog.regions),2024,NT_ANT_HAZ_NE2_MOD,Stunting,Layer 1,31.8321,0,,,76.66666666666667,83.33333333333334,70.0
UNICEF_ESARO,Eastern and Southern Africa (UNICEF Prog.regions),2024,NT_ANT_WHZ_PO2_MOD,Overweight,Layer 1,4.6302,0,,,76.66666666666667,83.33333333333334,70.0
UNICEF_ESARO,Eastern and Southern Africa (UNICEF Prog.regions),2024,NT_BF_EIBF,Early BF Initiation,Layer 2,69.4849,0,,,76.66666666666667,83.33333333333334,70.0
UNICEF_ESARO,Eastern and Southern Africa (UNICEF Prog.regions),2024,NT_BF_EXBF,Excl. BF,Layer 1,56.7422,0,,,76.66666666666667,83.33333333333334,70.0
UNICEF_ESARO,Eastern and Southern Africa (UNICEF Prog.regions),2020,NT_BW_LBW,Low Birth Weight,Layer 1,14.3848,4,,,76.66666666666667,83.33333333333334,70.0
UNICEF_ESARO,Eastern and Southern Africa (UNICEF Prog.regions),2024,NT_CF_MAD,Min Acceptable Diet,Layer 2,12.3399,0,,,76.66666666666667,83.33333333333334,70.0
UNICEF_ESARO,Eastern and Southern Africa (UNICEF Prog.regions),2024,NT_CF_MDD,Min Dietary Diversity,Layer 2,19.4124,0,,,76.66666666666667,83.33333333333334,70.0
UNICEF_ESARO,Eastern and Southern Africa (UNICEF Prog.regions),2024,NT_CF_MMF,Min Meal Frequency,Layer 2,51.0899,0,,,76.66666666666667,83.33333333333334,70.0
UNICEF_ESAR_OPS,ESAR (operational region),2024,IM_DTP3,DTP3 Coverage,Layer 2,79.0,0,,,5.0,0.0,10.0
UNICEF_LAC,América Latina y el Caribe,2024,IM_DTP3,DTP3 Coverage,Layer 2,82.0,0,,,61.66666666666667,83.33333333333334,40.0
UNICEF_LAC,América Latina y el Caribe,2024,MNCH_ANC4,ANC 4+ Visits,Layer 2,91.0,0,,,61.66666666666667,83.33333333333334,40.0
UNICEF_LAC,América Latina y el Caribe,2024,MNCH_SAB,Skilled Birth Attendance,Layer 2,95.9,0,,,61.66666666666667,83.33333333333334,40.0
UNICEF_LAC,América Latina y el Caribe,2023,NT_ANE_WOM_15_49_MOD,Anaemia WRA,Layer 1,19.9618,1,,,61.66666666666667,83.33333333333334,40.0
UNICEF_LAC,América Latina y el Caribe,2024,NT_ANT_HAZ_NE2_MOD,Stunting,Layer 1,12.4185,0,,,61.66666666666667,83.33333333333334,40.0
UNICEF_LAC,América Latina y el Caribe,2024,NT_ANT_WHZ_PO2_MOD,Overweight,Layer 1,8.7679,0,,,61.66666666666667,83.33333333333334,40.0
UNICEF_LAC,América Latina y el Caribe,2024,NT_BF_EIBF,Early BF Initiation,Layer 2,58.858,0,,,61.66666666666667,83.33333333333334,40.0
UNICEF_LAC,América Latina y el Caribe,2024,NT_BF_EXBF,Excl. BF,Layer 1,43.2,0,,,61.66666666666667,83.33333333333334,40.0
UNICEF_LAC,América Latina y el Caribe,2020,NT_BW_LBW,Low Birth Weight,Layer 1,9.7106,4,,,61.66666666666667,83.33333333333334,40.0
UNICEF_LACRO,Latin America and the Caribbean (UNICEF Prog.regions),2024,IM_DTP3,DTP3 Coverage,Layer 2,82.0,0,,,61.66666666666667,83.33333333333334,40.0
UNICEF_LACRO,Latin America and the Caribbean (UNICEF Prog.regions),2024,MNCH_ANC4,ANC 4+ Visits,Layer 2,91.0,0,,,61.66666666666667,83.33333333333334,40.0
UNICEF_LACRO,Latin America and the Caribbean (UNICEF Prog.regions),2024,MNCH_SAB,Skilled Birth Attendance,Layer 2,95.9,0,,,61.66666666666667,83.33333333333334,40.0
UNICEF_LACRO,Latin America and the Caribbean (UNICEF Prog.regions),2023,NT_ANE_WOM_15_49_MOD,Anaemia WRA,Layer 1,19.9625,1,,,61.66666666666667,83.33333333333334,40.0
UNICEF_LACRO,Latin America and the Caribbean (UNICEF Prog.regions),2024,NT_ANT_HAZ_NE2_MOD,Stunting,Layer 1,12.4224,0,,,61.66666666666667,83.33333333333334,40.0
UNICEF_LACRO,Latin America and the Caribbean (UNICEF Prog.regions),2024,NT_ANT_WHZ_PO2_MOD,Overweight,Layer 1,8.7685,0,,,61.66666666666667,83.33333333333334,40.0
UNICEF_LACRO,Latin America and the Caribbean (UNICEF Prog.regions),2024,NT_BF_EIBF,Early BF Initiation,Layer 2,58.858,0,,,61.66666666666667,83.33333333333334,40.0
UNICEF_LACRO,Latin America and the Caribbean (UNICEF Prog.regions),2024,NT_BF_EXBF,Excl. BF,Layer 1,43.2,0,,,61.66666666666667,83.33333333333334,40.0
UNICEF_LACRO,Latin America and the Caribbean (UNICEF Prog.regions),2020,NT_BW_LBW,Low Birth Weight,Layer 1,9.708,4,,,61.66666666666667,83.33333333333334,40.0
UNICEF_LACR_OPS,LACR (operational region),2024,IM_DTP3,DTP3 Coverage,Layer 2,82.0,0,,,5.0,0.0,10.0
UNICEF_MENA,Oriente Medio y África del Norte,2024,IM_DTP3,DTP3 Coverage,Layer 2,86.0,0,,,76.66666666666667,83.33333333333334,70.0
UNICEF_MENA,Oriente Medio y África del Norte,2024,MNCH_ANC4,ANC 4+ Visits,Layer 2,75.8,0,,,76.66666666666667,83.33333333333334,70.0
UNICEF_MENA,Oriente Medio y África del Norte,2024,MNCH_SAB,Skilled Birth Attendance,Layer 2,93.6,0,,,76.66666666666667,83.33333333333334,70.0
UNICEF_MENA,Oriente Medio y África del Norte,2023,NT_ANE_WOM_15_49_MOD,Anaemia WRA,Layer 1,29.1047,1,,,76.66666666666667,83.33333333333334,70.0
UNICEF_MENA,Oriente Medio y África del Norte,2024,NT_ANT_HAZ_NE2_MOD,Stunting,Layer 1,15.4373,0,,,76.66666666666667,83.33333333333334,70.0
UNICEF_MENA,Oriente Medio y África del Norte,2024,NT_ANT_WHZ_PO2_MOD,Overweight,Layer 1,7.513,0,,,76.66666666666667,83.33333333333334,70.0
UNICEF_MENA,Oriente Medio y África del Norte,2024,NT_BF_EIBF,Early BF Initiation,Layer 2,33.9498,0,,,76.66666666666667,83.33333333333334,70.0
UNICEF_MENA,Oriente Medio y África del Norte,2024,NT_BF_EXBF,Excl. BF,Layer 1,32.6988,0,,,76.66666666666667,83.33333333333334,70.0
UNICEF_MENA,Oriente Medio y África del Norte,2020,NT_BW_LBW,Low Birth Weight,Layer 1,12.9267,4,,,76.66666666666667,83.33333333333334,70.0
UNICEF_MENA,Oriente Medio y África del Norte,2024,NT_CF_MAD,Min Acceptable Diet,Layer 2,27.6929,0,,,76.66666666666667,83.33333333333334,70.0
UNICEF_MENA,Oriente Medio y África del Norte,2024,NT_CF_MDD,Min Dietary Diversity,Layer 2,37.6155,0,,,76.66666666666667,83.33333333333334,70.0
UNICEF_MENA,Oriente Medio y África del Norte,2024,NT_CF_MMF,Min Meal Frequency,Layer 2,59.3295,0,,,76.66666666666667,83.33333333333334,70.0
UNICEF_MENARO,Middle East and North Africa (UNICEF Prog.regions),2024,IM_DTP3,DTP3 Coverage,Layer 2,79.0,0,,,53.33333333333333,66.66666666666666,40.0
UNICEF_MENARO,Middle East and North Africa (UNICEF Prog.regions),2024,MNCH_ANC4,ANC 4+ Visits,Layer 2,70.0,0,,,53.33333333333333,66.66666666666666,40.0
UNICEF_MENARO,Middle East and North Africa (UNICEF Prog.regions),2024,MNCH_SAB,Skilled Birth Attendance,Layer 2,92.7,0,,,53.33333333333333,66.66666666666666,40.0
UNICEF_MENARO,Middle East and North Africa (UNICEF Prog.regions),2023,NT_ANE_WOM_15_49_MOD,Anaemia WRA,Layer 1,29.7745,1,,,53.33333333333333,66.66666666666666,40.0
UNICEF_MENARO,Middle East and North Africa (UNICEF Prog.regions),2024,NT_ANT_HAZ_NE2_MOD,Stunting,Layer 1,18.3709,0,,,53.33333333333333,66.66666666666666,40.0
UNICEF_MENARO,Middle East and North Africa (UNICEF Prog.regions),2024,NT_ANT_WHZ_PO2_MOD,Overweight,Layer 1,6.8306,0,,,53.33333333333333,66.66666666666666,40.0
UNICEF_MENARO,Middle East and North Africa (UNICEF Prog.regions),2020,NT_BW_LBW,Low Birth Weight,Layer 1,13.1911,4,,,53.33333333333333,66.66666666666666,40.0
UNICEF_MENARO,Middle East and North Africa (UNICEF Prog.regions),2024,NT_CF_MDD,Min Dietary Diversity,Layer 2,37.6155,0,,,53.33333333333333,66.66666666666666,40.0
UNICEF_MENA_OPS,MENA (operational region),2024,IM_DTP3,DTP3 Coverage,Layer 2,79.0,0,,,5.0,0.0,10.0
UNICEF_NA,América del Norte,2024,IM_DTP3,DTP3 Coverage,Layer 2,94.0,0,,,56.66666666666667,83.33333333333334,30.0
UNICEF_NA,América del Norte,2024,MNCH_ANC4,ANC 4+ Visits,Layer 2,97.5,0,,,56.66666666666667,83.33333333333334,30.0
UNICEF_NA,América del Norte,2024,MNCH_SAB,Skilled Birth Attendance,Layer 2,98.8,0,,,56.66666666666667,83.33333333333334,30.0
UNICEF_NA,América del Norte,2023,NT_ANE_WOM_15_49_MOD,Anaemia WRA,Layer 1,14.897,1,,,56.66666666666667,83.33333333333334,30.0
UNICEF_NA,América del Norte,2024,NT_ANT_HAZ_NE2_MOD,Stunting,Layer 1,4.0803,0,,,56.66666666666667,83.33333333333334,30.0
UNICEF_NA,América del Norte,2024,NT_ANT_WHZ_PO2_MOD,Overweight,Layer 1,9.8566,0,,,56.66666666666667,83.33333333333334,30.0
UNICEF_NA,América del Norte,2024,NT_BF_EXBF,Excl. BF,Layer 1,25.8,0,,,56.66666666666667,83.33333333333334,30.0
UNICEF_NA,América del Norte,2020,NT_BW_LBW,Low Birth Weight,Layer 1,8.1462,4,,,56.66666666666667,83.33333333333334,30.0
UNICEF_PROG_REG_GLOBAL,UNICEF Programme Regions - Global,2024,IM_DTP3,DTP3 Coverage,Layer 2,85.0,0,,,15.0,0.0,30.0
UNICEF_PROG_REG_GLOBAL,UNICEF Programme Regions - Global,2024,MNCH_ANC4,ANC 4+ Visits,Layer 2,70.3,0,,,15.0,0.0,30.0
UNICEF_PROG_REG_GLOBAL,UNICEF Programme Regions - Global,2024,MNCH_SAB,Skilled Birth Attendance,Layer 2,86.4,0,,,15.0,0.0,30.0
UNICEF_REP_REG_GLOBAL,UNICEF reporting regions - Global,2024,IM_DTP3,DTP3 Coverage,Layer 2,85.0,0,,,15.0,0.0,30.0
UNICEF_REP_REG_GLOBAL,UNICEF reporting regions - Global,2024,MNCH_ANC4,ANC 4+ Visits,Layer 2,70.3,0,,,15.0,0.0,30.0
UNICEF_REP_REG_GLOBAL,UNICEF reporting regions - Global,2024,MNCH_SAB,Skilled Birth Attendance,Layer 2,86.4,0,,,15.0,0.0,30.0
UNICEF_ROSA,South Asia (UNICEF Prog.regions),2024,IM_DTP3,DTP3 Coverage,Layer 2,92.0,0,,,76.66666666666667,83.33333333333334,70.0
UNICEF_ROSA,South Asia (UNICEF Prog.regions),2024,MNCH_ANC4,ANC 4+ Visits,Layer 2,62.8,0,,,76.66666666666667,83.33333333333334,70.0
UNICEF_ROSA,South Asia (UNICEF Prog.regions),2024,MNCH_SAB,Skilled Birth Attendance,Layer 2,87.8,0,,,76.66666666666667,83.33333333333334,70.0
UNICEF_ROSA,South Asia (UNICEF Prog.regions),2023,NT_ANE_WOM_15_49_MOD,Anaemia WRA,Layer 1,50.4351,1,,,76.66666666666667,83.33333333333334,70.0
UNICEF_ROSA,South Asia (UNICEF Prog.regions),2024,NT_ANT_HAZ_NE2_MOD,Stunting,Layer 1,32.304,0,,,76.66666666666667,83.33333333333334,70.0
UNICEF_ROSA,South Asia (UNICEF Prog.regions),2024,NT_ANT_WHZ_PO2_MOD,Overweight,Layer 1,3.1752,0,,,76.66666666666667,83.33333333333334,70.0
UNICEF_ROSA,South Asia (UNICEF Prog.regions),2024,NT_BF_EIBF,Early BF Initiation,Layer 2,37.7055,0,,,76.66666666666667,83.33333333333334,70.0
UNICEF_ROSA,South Asia (UNICEF Prog.regions),2024,NT_BF_EXBF,Excl. BF,Layer 1,59.5299,0,,,76.66666666666667,83.33333333333334,70.0
UNICEF_ROSA,South Asia (UNICEF Prog.regions),2020,NT_BW_LBW,Low Birth Weight,Layer 1,24.7804,4,,,76.66666666666667,83.33333333333334,70.0
UNICEF_ROSA,South Asia (UNICEF Prog.regions),2024,NT_CF_MAD,Min Acceptable Diet,Layer 2,13.56,0,,,76.66666666666667,83.33333333333334,70.0
UNICEF_ROSA,South Asia (UNICEF Prog.regions),2024,NT_CF_MDD,Min Dietary Diversity,Layer 2,23.3948,0,,,76.66666666666667,83.33333333333334,70.0
UNICEF_ROSA,South Asia (UNICEF Prog.regions),2024,NT_CF_MMF,Min Meal Frequency,Layer 2,43.2573,0,,,76.66666666666667,83.33333333333334,70.0
UNICEF_ROSA_OPS,ROSA (operational region),2024,IM_DTP3,DTP3 Coverage,Layer 2,92.0,0,,,5.0,0.0,10.0
UNICEF_SA,Asia Meridional,2024,IM_DTP3,DTP3 Coverage,Layer 2,92.0,0,,,76.66666666666667,83.33333333333334,70.0
UNICEF_SA,Asia Meridional,2024,MNCH_ANC4,ANC 4+ Visits,Layer 2,62.8,0,,,76.66666666666667,83.33333333333334,70.0
UNICEF_SA,Asia Meridional,2024,MNCH_SAB,Skilled Birth Attendance,Layer 2,87.8,0,,,76.66666666666667,83.33333333333334,70.0
UNICEF_SA,Asia Meridional,2023,NT_ANE_WOM_15_49_MOD,Anaemia WRA,Layer 1,50.4351,1,,,76.66666666666667,83.33333333333334,70.0
UNICEF_SA,Asia Meridional,2024,NT_ANT_HAZ_NE2_MOD,Stunting,Layer 1,32.304,0,,,76.66666666666667,83.33333333333334,70.0
UNICEF_SA,Asia Meridional,2024,NT_ANT_WHZ_PO2_MOD,Overweight,Layer 1,3.1752,0,,,76.66666666666667,83.33333333333334,70.0
UNICEF_SA,Asia Meridional,2024,NT_BF_EIBF,Early BF Initiation,Layer 2,37.7055,0,,,76.66666666666667,83.33333333333334,70.0
UNICEF_SA,Asia Meridional,2024,NT_BF_EXBF,Excl. BF,Layer 1,59.5299,0,,,76.66666666666667,83.33333333333334,70.0
UNICEF_SA,Asia Meridional,2020,NT_BW_LBW,Low Birth Weight,Layer 1,24.7804,4,,,76.66666666666667,83.33333333333334,70.0
UNICEF_SA,Asia Meridional,2024,NT_CF_MAD,Min Acceptable Diet,Layer 2,13.56,0,,,76.66666666666667,83.33333333333334,70.0
UNICEF_SA,Asia Meridional,2024,NT_CF_MDD,Min Dietary Diversity,Layer 2,23.3948,0,,,76.66666666666667,83.33333333333334,70.0
UNICEF_SA,Asia Meridional,2024,NT_CF_MMF,Min Meal Frequency,Layer 2,43.2573,0,,,76.66666666666667,83.33333333333334,70.0
UNICEF_SSA,África Subsahariana,2024,IM_DTP3,DTP3 Coverage,Layer 2,74.0,0,,,76.66666666666667,83.33333333333334,70.0
UNICEF_SSA,África Subsahariana,2024,MNCH_ANC4,ANC 4+ Visits,Layer 2,57.5,0,,,76.66666666666667,83.33333333333334,70.0
UNICEF_SSA,África Subsahariana,2024,MNCH_SAB,Skilled Birth Attendance,Layer 2,72.5,0,,,76.66666666666667,83.33333333333334,70.0
UNICEF_SSA,África Subsahariana,2023,NT_ANE_WOM_15_49_MOD,Anaemia WRA,Layer 1,36.6764,1,,,76.66666666666667,83.33333333333334,70.0
UNICEF_SSA,África Subsahariana,2024,NT_ANT_HAZ_NE2_MOD,Stunting,Layer 1,32.2812,0,,,76.66666666666667,83.33333333333334,70.0
UNICEF_SSA,África Subsahariana,2024,NT_ANT_WHZ_PO2_MOD,Overweight,Layer 1,3.8335,0,,,76.66666666666667,83.33333333333334,70.0
UNICEF_SSA,África Subsahariana,2024,NT_BF_EIBF,Early BF Initiation,Layer 2,56.4452,0,,,76.66666666666667,83.33333333333334,70.0
UNICEF_SSA,África Subsahariana,2024,NT_BF_EXBF,Excl. BF,Layer 1,45.6413,0,,,76.66666666666667,83.33333333333334,70.0
UNICEF_SSA,África Subsahariana,2020,NT_BW_LBW,Low Birth Weight,Layer 1,13.8923,4,,,76.66666666666667,83.33333333333334,70.0
UNICEF_SSA,África Subsahariana,2024,NT_CF_MAD,Min Acceptable Diet,Layer 2,10.5819,0,,,76.66666666666667,83.33333333333334,70.0
UNICEF_SSA,África Subsahariana,2024,NT_CF_MDD,Min Dietary Diversity,Layer 2,18.4572,0,,,76.66666666666667,83.33333333333334,70.0
UNICEF_SSA,África Subsahariana,2024,NT_CF_MMF,Min Meal Frequency,Layer 2,43.0164,0,,,76.66666666666667,83.33333333333334,70.0
UNICEF_WCA,África Occidental y Central,2024,IM_DTP3,DTP3 Coverage,Layer 2,72.0,0,,,76.66666666666667,83.33333333333334,70.0
UNICEF_WCA,África Occidental y Central,2024,MNCH_ANC4,ANC 4+ Visits,Layer 2,55.0,0,,,76.66666666666667,83.33333333333334,70.0
UNICEF_WCA,África Occidental y Central,2024,MNCH_SAB,Skilled Birth Attendance,Layer 2,68.6,0,,,76.66666666666667,83.33333333333334,70.0
UNICEF_WCA,África Occidental y Central,2023,NT_ANE_WOM_15_49_MOD,Anaemia WRA,Layer 1,41.6955,1,,,76.66666666666667,83.33333333333334,70.0
UNICEF_WCA,África Occidental y Central,2024,NT_ANT_HAZ_NE2_MOD,Stunting,Layer 1,32.4723,0,,,76.66666666666667,83.33333333333334,70.0
UNICEF_WCA,África Occidental y Central,2024,NT_ANT_WHZ_PO2_MOD,Overweight,Layer 1,3.2086,0,,,76.66666666666667,83.33333333333334,70.0
UNICEF_WCA,África Occidental y Central,2024,NT_BF_EIBF,Early BF Initiation,Layer 2,45.9036,0,,,76.66666666666667,83.33333333333334,70.0
UNICEF_WCA,África Occidental y Central,2024,NT_BF_EXBF,Excl. BF,Layer 1,37.4525,0,,,76.66666666666667,83.33333333333334,70.0
UNICEF_WCA,África Occidental y Central,2020,NT_BW_LBW,Low Birth Weight,Layer 1,13.419,4,,,76.66666666666667,83.33333333333334,70.0
UNICEF_WCA,África Occidental y Central,2024,NT_CF_MAD,Min Acceptable Diet,Layer 2,9.2972,0,,,76.66666666666667,83.33333333333334,70.0
UNICEF_WCA,África Occidental y Central,2024,NT_CF_MDD,Min Dietary Diversity,Layer 2,17.6576,0,,,76.66666666666667,83.33333333333334,70.0
UNICEF_WCA,África Occidental y Central,2024,NT_CF_MMF,Min Meal Frequency,Layer 2,37.1817,0,,,76.66666666666667,83.33333333333334,70.0
UNICEF_WCARO,West and Central Africa (UNICEF Prog.regions),2024,IM_DTP3,DTP3 Coverage,Layer 2,72.0,0,,,76.66666666666667,83.33333333333334,70.0
UNICEF_WCARO,West and Central Africa (UNICEF Prog.regions),2024,MNCH_ANC4,ANC 4+ Visits,Layer 2,55.0,0,,,76.66666666666667,83.33333333333334,70.0
UNICEF_WCARO,West and Central Africa (UNICEF Prog.regions),2024,MNCH_SAB,Skilled Birth Attendance,Layer 2,68.6,0,,,76.66666666666667,83.33333333333334,70.0
UNICEF_WCARO,West and Central Africa (UNICEF Prog.regions),2023,NT_ANE_WOM_15_49_MOD,Anaemia WRA,Layer 1,41.6955,1,,,76.66666666666667,83.33333333333334,70.0
UNICEF_WCARO,West and Central Africa (UNICEF Prog.regions),2024,NT_ANT_HAZ_NE2_MOD,Stunting,Layer 1,32.4723,0,,,76.66666666666667,83.33333333333334,70.0
UNICEF_WCARO,West and Central Africa (UNICEF Prog.regions),2024,NT_ANT_WHZ_PO2_MOD,Overweight,Layer 1,3.2086,0,,,76.66666666666667,83.33333333333334,70.0
UNICEF_WCARO,West and Central Africa (UNICEF Prog.regions),2024,NT_BF_EIBF,Early BF Initiation,Layer 2,45.9036,0,,,76.66666666666667,83.33333333333334,70.0
UNICEF_WCARO,West and Central Africa (UNICEF Prog.regions),2024,NT_BF_EXBF,Excl. BF,Layer 1,37.4525,0,,,76.66666666666667,83.33333333333334,70.0
UNICEF_WCARO,West and Central Africa (UNICEF Prog.regions),2020,NT_BW_LBW,Low Birth Weight,Layer 1,13.419,4,,,76.66666666666667,83.33333333333334,70.0
UNICEF_WCARO,West and Central Africa (UNICEF Prog.regions),2024,NT_CF_MAD,Min Acceptable Diet,Layer 2,9.2972,0,,,76.66666666666667,83.33333333333334,70.0
UNICEF_WCARO,West and Central Africa (UNICEF Prog.regions),2024,NT_CF_MDD,Min Dietary Diversity,Layer 2,17.6576,0,,,76.66666666666667,83.33333333333334,70.0
UNICEF_WCARO,West and Central Africa (UNICEF Prog.regions),2024,NT_CF_MMF,Min Meal Frequency,Layer 2,37.1817,0,,,76.66666666666667,83.33333333333334,70.0
UNICEF_WCAR_OPS,WCAR (operational region),2024,IM_DTP3,DTP3 Coverage,Layer 2,72.0,0,,,5.0,0.0,10.0
UNICEF_WE,Europa Occidental,2024,IM_DTP3,DTP3 Coverage,Layer 2,93.0,0,,,43.33333333333333,66.66666666666666,20.0
UNICEF_WE,Europa Occidental,2024,MNCH_SAB,Skilled Birth Attendance,Layer 2,98.7,0,,,43.33333333333333,66.66666666666666,20.0
UNICEF_WE,Europa Occidental,2023,NT_ANE_WOM_15_49_MOD,Anaemia WRA,Layer 1,16.155,1,,,43.33333333333333,66.66666666666666,20.0
UNICEF_WE,Europa Occidental,2024,NT_ANT_HAZ_NE2_MOD,Stunting,Layer 1,2.6793,0,,,43.33333333333333,66.66666666666666,20.0
UNICEF_WE,Europa Occidental,2024,NT_ANT_WHZ_PO2_MOD,Overweight,Layer 1,7.0407,0,,,43.33333333333333,66.66666666666666,20.0
UNICEF_WE,Europa Occidental,2020,NT_BW_LBW,Low Birth Weight,Layer 1,6.9738,4,,,43.33333333333333,66.66666666666666,20.0
UNSDG_AFRICA,Africa (UNSDG),2024,MNCH_ANC4,ANC 4+ Visits,Layer 2,59.9,0,,,71.66666666666667,83.33333333333334,60.0
UNSDG_AFRICA,Africa (UNSDG),2024,MNCH_SAB,Skilled Birth Attendance,Layer 2,74.8,0,,,71.66666666666667,83.33333333333334,60.0
UNSDG_AFRICA,Africa (UNSDG),2023,NT_ANE_WOM_15_49_MOD,Anaemia WRA,Layer 1,35.8945,1,,,71.66666666666667,83.33333333333334,60.0
UNSDG_AFRICA,Africa (UNSDG),2024,NT_ANT_HAZ_NE2_MOD,Stunting,Layer 1,30.2716,0,,,71.66666666666667,83.33333333333334,60.0
UNSDG_AFRICA,Africa (UNSDG),2024,NT_ANT_WHZ_PO2_MOD,Overweight,Layer 1,4.5078,0,,,71.66666666666667,83.33333333333334,60.0
UNSDG_AFRICA,Africa (UNSDG),2024,NT_BF_EIBF,Early BF Initiation,Layer 2,54.4855,0,,,71.66666666666667,83.33333333333334,60.0
UNSDG_AFRICA,Africa (UNSDG),2024,NT_BF_EXBF,Excl. BF,Layer 1,44.7919,0,,,71.66666666666667,83.33333333333334,60.0
UNSDG_AFRICA,Africa (UNSDG),2020,NT_BW_LBW,Low Birth Weight,Layer 1,13.8886,4,,,71.66666666666667,83.33333333333334,60.0
UNSDG_AFRICA,Africa (UNSDG),2024,NT_CF_MAD,Min Acceptable Diet,Layer 2,11.9608,0,,,71.66666666666667,83.33333333333334,60.0
UNSDG_AFRICA,Africa (UNSDG),2024,NT_CF_MDD,Min Dietary Diversity,Layer 2,20.5327,0,,,71.66666666666667,83.33333333333334,60.0
UNSDG_AFRICA,Africa (UNSDG),2024,NT_CF_MMF,Min Meal Frequency,Layer 2,44.014,0,,,71.66666666666667,83.33333333333334,60.0
UNSDG_AMERICAS,Americas (UNSDG),2024,MNCH_ANC4,ANC 4+ Visits,Layer 2,93.0,0,,,56.66666666666667,83.33333333333334,30.0
UNSDG_AMERICAS,Americas (UNSDG),2024,MNCH_SAB,Skilled Birth Attendance,Layer 2,96.8,0,,,56.66666666666667,83.33333333333334,30.0
UNSDG_AMERICAS,Americas (UNSDG),2023,NT_ANE_WOM_15_49_MOD,Anaemia WRA,Layer 1,18.2641,1,,,56.66666666666667,83.33333333333334,30.0
UNSDG_AMERICAS,Americas (UNSDG),2024,NT_ANT_HAZ_NE2_MOD,Stunting,Layer 1,9.8678,0,,,56.66666666666667,83.33333333333334,30.0
UNSDG_AMERICAS,Americas (UNSDG),2024,NT_ANT_WHZ_PO2_MOD,Overweight,Layer 1,9.0974,0,,,56.66666666666667,83.33333333333334,30.0
UNSDG_AMERICAS,Americas (UNSDG),2024,NT_BF_EIBF,Early BF Initiation,Layer 2,58.858,0,,,56.66666666666667,83.33333333333334,30.0
UNSDG_AMERICAS,Americas (UNSDG),2024,NT_BF_EXBF,Excl. BF,Layer 1,36.7721,0,,,56.66666666666667,83.33333333333334,30.0
UNSDG_AMERICAS,Americas (UNSDG),2020,NT_BW_LBW,Low Birth Weight,Layer 1,9.2507,4,,,56.66666666666667,83.33333333333334,30.0
UNSDG_ASIA,Asia (UNSDG),2024,MNCH_ANC4,ANC 4+ Visits,Layer 2,72.2,0,,,71.66666666666667,83.33333333333334,60.0
UNSDG_ASIA,Asia (UNSDG),2024,MNCH_SAB,Skilled Birth Attendance,Layer 2,91.5,0,,,71.66666666666667,83.33333333333334,60.0
UNSDG_ASIA,Asia (UNSDG),2023,NT_ANE_WOM_15_49_MOD,Anaemia WRA,Layer 1,33.5896,1,,,71.66666666666667,83.33333333333334,60.0
UNSDG_ASIA,Asia (UNSDG),2024,NT_ANT_HAZ_NE2_MOD,Stunting,Layer 1,23.3846,0,,,71.66666666666667,83.33333333333334,60.0
UNSDG_ASIA,Asia (UNSDG),2024,NT_ANT_WHZ_PO2_MOD,Overweight,Layer 1,4.9579,0,,,71.66666666666667,83.33333333333334,60.0
UNSDG_ASIA,Asia (UNSDG),2024,NT_BF_EIBF,Early BF Initiation,Layer 2,40.9657,0,,,71.66666666666667,83.33333333333334,60.0
UNSDG_ASIA,Asia (UNSDG),2024,NT_BF_EXBF,Excl. BF,Layer 1,51.422,0,,,71.66666666666667,83.33333333333334,60.0
UNSDG_ASIA,Asia (UNSDG),2020,NT_BW_LBW,Low Birth Weight,Layer 1,17.2865,4,,,71.66666666666667,83.33333333333334,60.0
UNSDG_ASIA,Asia (UNSDG),2024,NT_CF_MAD,Min Acceptable Diet,Layer 2,22.6354,0,,,71.66666666666667,83.33333333333334,60.0
UNSDG_ASIA,Asia (UNSDG),2024,NT_CF_MDD,Min Dietary Diversity,Layer 2,34.8887,0,,,71.66666666666667,83.33333333333334,60.0
UNSDG_ASIA,Asia (UNSDG),2024,NT_CF_MMF,Min Meal Frequency,Layer 2,52.7093,0,,,71.66666666666667,83.33333333333334,60.0
UNSDG_AUSTRALIANEWZEALAND,Australia and New Zealand (UNSDG),2024,MNCH_ANC4,ANC 4+ Visits,Layer 2,95.3,0,,,43.33333333333333,66.66666666666666,20.0
UNSDG_AUSTRALIANEWZEALAND,Australia and New Zealand (UNSDG),2024,MNCH_SAB,Skilled Birth Attendance,Layer 2,98.5,0,,,43.33333333333333,66.66666666666666,20.0
UNSDG_AUSTRALIANEWZEALAND,Australia and New Zealand (UNSDG),2023,NT_ANE_WOM_15_49_MOD,Anaemia WRA,Layer 1,11.3101,1,,,43.33333333333333,66.66666666666666,20.0
UNSDG_AUSTRALIANEWZEALAND,Australia and New Zealand (UNSDG),2024,NT_ANT_HAZ_NE2_MOD,Stunting,Layer 1,3.1163,0,,,43.33333333333333,66.66666666666666,20.0
UNSDG_AUSTRALIANEWZEALAND,Australia and New Zealand (UNSDG),2024,NT_ANT_WHZ_PO2_MOD,Overweight,Layer 1,23.3589,0,,,43.33333333333333,66.66666666666666,20.0
UNSDG_AUSTRALIANEWZEALAND,Australia and New Zealand (UNSDG),2020,NT_BW_LBW,Low Birth Weight,Layer 1,6.486,4,,,43.33333333333333,66.66666666666666,20.0
UNSDG_CARIBBEAN,Caribbean (UNSDG),2024,MNCH_ANC4,ANC 4+ Visits,Layer 2,85.7,0,,,61.66666666666667,83.33333333333334,40.0
UNSDG_CARIBBEAN,Caribbean (UNSDG),2024,MNCH_SAB,Skilled Birth Attendance,Layer 2,90.0,0,,,61.66666666666667,83.33333333333334,40.0
UNSDG_CARIBBEAN,Caribbean (UNSDG),2023,NT_ANE_WOM_15_49_MOD,Anaemia WRA,Layer 1,29.6143,1,,,61.66666666666667,83.33333333333334,40.0
UNSDG_CARIBBEAN,Caribbean (UNSDG),2024,NT_ANT_HAZ_NE2_MOD,Stunting,Layer 1,12.1887,0,,,61.66666666666667,83.33333333333334,40.0
UNSDG_CARIBBEAN,Caribbean (UNSDG),2024,NT_ANT_WHZ_PO2_MOD,Overweight,Layer 1,6.6859,0,,,61.66666666666667,83.33333333333334,40.0
UNSDG_CARIBBEAN,Caribbean (UNSDG),2024,NT_BF_EIBF,Early BF Initiation,Layer 2,48.4215,0,,,61.66666666666667,83.33333333333334,40.0
UNSDG_CARIBBEAN,Caribbean (UNSDG),2024,NT_BF_EXBF,Excl. BF,Layer 1,25.0138,0,,,61.66666666666667,83.33333333333334,40.0
UNSDG_CARIBBEAN,Caribbean (UNSDG),2020,NT_BW_LBW,Low Birth Weight,Layer 1,11.7476,4,,,61.66666666666667,83.33333333333334,40.0
UNSDG_CARIBBEAN,Caribbean (UNSDG),2024,NT_CF_MDD,Min Dietary Diversity,Layer 2,61.2717,0,,,61.66666666666667,83.33333333333334,40.0
UNSDG_CENTRALAMR,Central America (UNSDG),2024,MNCH_ANC4,ANC 4+ Visits,Layer 2,92.8,0,,,61.66666666666667,83.33333333333334,40.0
UNSDG_CENTRALAMR,Central America (UNSDG),2024,MNCH_SAB,Skilled Birth Attendance,Layer 2,92.9,0,,,61.66666666666667,83.33333333333334,40.0
UNSDG_CENTRALAMR,Central America (UNSDG),2023,NT_ANE_WOM_15_49_MOD,Anaemia WRA,Layer 1,13.6307,1,,,61.66666666666667,83.33333333333334,40.0
UNSDG_CENTRALAMR,Central America (UNSDG),2024,NT_ANT_HAZ_NE2_MOD,Stunting,Layer 1,17.2413,0,,,61.66666666666667,83.33333333333334,40.0
UNSDG_CENTRALAMR,Central America (UNSDG),2024,NT_ANT_WHZ_PO2_MOD,Overweight,Layer 1,6.9753,0,,,61.66666666666667,83.33333333333334,40.0
UNSDG_CENTRALAMR,Central America (UNSDG),2024,NT_BF_EIBF,Early BF Initiation,Layer 2,58.9811,0,,,61.66666666666667,83.33333333333334,40.0
UNSDG_CENTRALAMR,Central America (UNSDG),2024,NT_BF_EXBF,Excl. BF,Layer 1,37.9489,0,,,61.66666666666667,83.33333333333334,40.0
UNSDG_CENTRALAMR,Central America (UNSDG),2020,NT_BW_LBW,Low Birth Weight,Layer 1,10.9234,4,,,61.66666666666667,83.33333333333334,40.0
UNSDG_CENTRALAMR,Central America (UNSDG),2024,NT_CF_MMF,Min Meal Frequency,Layer 2,75.2,0,,,61.66666666666667,83.33333333333334,40.0
UNSDG_CENTRALASIA,Central Asia (UNSDG),2024,MNCH_ANC4,ANC 4+ Visits,Layer 2,88.8,0,,,71.66666666666667,83.33333333333334,60.0
UNSDG_CENTRALASIA,Central Asia (UNSDG),2024,MNCH_SAB,Skilled Birth Attendance,Layer 2,99.5,0,,,71.66666666666667,83.33333333333334,60.0
UNSDG_CENTRALASIA,Central Asia (UNSDG),2023,NT_ANE_WOM_15_49_MOD,Anaemia WRA,Layer 1,31.9745,1,,,71.66666666666667,83.33333333333334,60.0
UNSDG_CENTRALASIA,Central Asia (UNSDG),2024,NT_ANT_HAZ_NE2_MOD,Stunting,Layer 1,7.4193,0,,,71.66666666666667,83.33333333333334,60.0
UNSDG_CENTRALASIA,Central Asia (UNSDG),2024,NT_ANT_WHZ_PO2_MOD,Overweight,Layer 1,6.3871,0,,,71.66666666666667,83.33333333333334,60.0
UNSDG_CENTRALASIA,Central Asia (UNSDG),2024,NT_BF_EIBF,Early BF Initiation,Layer 2,49.1642,0,,,71.66666666666667,83.33333333333334,60.0
UNSDG_CENTRALASIA,Central Asia (UNSDG),2024,NT_BF_EXBF,Excl. BF,Layer 1,33.0982,0,,,71.66666666666667,83.33333333333334,60.0
UNSDG_CENTRALASIA,Central Asia (UNSDG),2020,NT_BW_LBW,Low Birth Weight,Layer 1,5.9903,4,,,71.66666666666667,83.33333333333334,60.0
UNSDG_CENTRALASIA,Central Asia (UNSDG),2024,NT_CF_MAD,Min Acceptable Diet,Layer 2,37.1797,0,,,71.66666666666667,83.33333333333334,60.0
UNSDG_CENTRALASIA,Central Asia (UNSDG),2024,NT_CF_MDD,Min Dietary Diversity,Layer 2,54.4277,0,,,71.66666666666667,83.33333333333334,60.0
UNSDG_CENTRALASIA,Central Asia (UNSDG),2024,NT_CF_MMF,Min Meal Frequency,Layer 2,65.7167,0,,,71.66666666666667,83.33333333333334,60.0
UNSDG_CENTRALASIASOUTHERNASIA,Central and Southern Asia (UNSDG),2024,MNCH_ANC4,ANC 4+ Visits,Layer 2,65.0,0,,,71.66666666666667,83.33333333333334,60.0
UNSDG_CENTRALASIASOUTHERNASIA,Central and Southern Asia (UNSDG),2024,MNCH_SAB,Skilled Birth Attendance,Layer 2,88.7,0,,,71.66666666666667,83.33333333333334,60.0
UNSDG_CENTRALASIASOUTHERNASIA,Central and Southern Asia (UNSDG),2023,NT_ANE_WOM_15_49_MOD,Anaemia WRA,Layer 1,48.6812,1,,,71.66666666666667,83.33333333333334,60.0
UNSDG_CENTRALASIASOUTHERNASIA,Central and Southern Asia (UNSDG),2024,NT_ANT_HAZ_NE2_MOD,Stunting,Layer 1,30.1843,0,,,71.66666666666667,83.33333333333334,60.0
UNSDG_CENTRALASIASOUTHERNASIA,Central and Southern Asia (UNSDG),2024,NT_ANT_WHZ_PO2_MOD,Overweight,Layer 1,3.3207,0,,,71.66666666666667,83.33333333333334,60.0
UNSDG_CENTRALASIASOUTHERNASIA,Central and Southern Asia (UNSDG),2024,NT_BF_EIBF,Early BF Initiation,Layer 2,38.1661,0,,,71.66666666666667,83.33333333333334,60.0
UNSDG_CENTRALASIASOUTHERNASIA,Central and Southern Asia (UNSDG),2024,NT_BF_EXBF,Excl. BF,Layer 1,58.439,0,,,71.66666666666667,83.33333333333334,60.0
UNSDG_CENTRALASIASOUTHERNASIA,Central and Southern Asia (UNSDG),2020,NT_BW_LBW,Low Birth Weight,Layer 1,23.4627,4,,,71.66666666666667,83.33333333333334,60.0
UNSDG_CENTRALASIASOUTHERNASIA,Central and Southern Asia (UNSDG),2024,NT_CF_MAD,Min Acceptable Diet,Layer 2,14.5399,0,,,71.66666666666667,83.33333333333334,60.0
UNSDG_CENTRALASIASOUTHERNASIA,Central and Southern Asia (UNSDG),2024,NT_CF_MDD,Min Dietary Diversity,Layer 2,24.6822,0,,,71.66666666666667,83.33333333333334,60.0
UNSDG_CENTRALASIASOUTHERNASIA,Central and Southern Asia (UNSDG),2024,NT_CF_MMF,Min Meal Frequency,Layer 2,44.189,0,,,71.66666666666667,83.33333333333334,60.0
UNSDG_EASTERNAFR,Eastern Africa (UNSDG),2024,MNCH_ANC4,ANC 4+ Visits,Layer 2,62.0,0,,,71.66666666666667,83.33333333333334,60.0
UNSDG_EASTERNAFR,Eastern Africa (UNSDG),2024,MNCH_SAB,Skilled Birth Attendance,Layer 2,74.0,0,,,71.66666666666667,83.33333333333334,60.0
UNSDG_EASTERNAFR,Eastern Africa (UNSDG),2023,NT_ANE_WOM_15_49_MOD,Anaemia WRA,Layer 1,31.3604,1,,,71.66666666666667,83.33333333333334,60.0
UNSDG_EASTERNAFR,Eastern Africa (UNSDG),2024,NT_ANT_HAZ_NE2_MOD,Stunting,Layer 1,31.1711,0,,,71.66666666666667,83.33333333333334,60.0
UNSDG_EASTERNAFR,Eastern Africa (UNSDG),2024,NT_ANT_WHZ_PO2_MOD,Overweight,Layer 1,3.9251,0,,,71.66666666666667,83.33333333333334,60.0
UNSDG_EASTERNAFR,Eastern Africa (UNSDG),2024,NT_BF_EIBF,Early BF Initiation,Layer 2,70.9832,0,,,71.66666666666667,83.33333333333334,60.0
UNSDG_EASTERNAFR,Eastern Africa (UNSDG),2024,NT_BF_EXBF,Excl. BF,Layer 1,59.1375,0,,,71.66666666666667,83.33333333333334,60.0
UNSDG_EASTERNAFR,Eastern Africa (UNSDG),2020,NT_BW_LBW,Low Birth Weight,Layer 1,14.1087,4,,,71.66666666666667,83.33333333333334,60.0
UNSDG_EASTERNAFR,Eastern Africa (UNSDG),2024,NT_CF_MAD,Min Acceptable Diet,Layer 2,12.3408,0,,,71.66666666666667,83.33333333333334,60.0
UNSDG_EASTERNAFR,Eastern Africa (UNSDG),2024,NT_CF_MDD,Min Dietary Diversity,Layer 2,19.3655,0,,,71.66666666666667,83.33333333333334,60.0
UNSDG_EASTERNAFR,Eastern Africa (UNSDG),2024,NT_CF_MMF,Min Meal Frequency,Layer 2,51.0379,0,,,71.66666666666667,83.33333333333334,60.0
UNSDG_EASTERNASIA,Eastern Asia (UNSDG),2024,MNCH_ANC4,ANC 4+ Visits,Layer 2,94.1,0,,,66.66666666666667,83.33333333333334,50.0
UNSDG_EASTERNASIA,Eastern Asia (UNSDG),2024,MNCH_SAB,Skilled Birth Attendance,Layer 2,99.9,0,,,66.66666666666667,83.33333333333334,50.0
UNSDG_EASTERNASIA,Eastern Asia (UNSDG),2023,NT_ANE_WOM_15_49_MOD,Anaemia WRA,Layer 1,16.0176,1,,,66.66666666666667,83.33333333333334,50.0
UNSDG_EASTERNASIA,Eastern Asia (UNSDG),2024,NT_ANT_HAZ_NE2_MOD,Stunting,Layer 1,4.8517,0,,,66.66666666666667,83.33333333333334,50.0
UNSDG_EASTERNASIA,Eastern Asia (UNSDG),2024,NT_ANT_WHZ_PO2_MOD,Overweight,Layer 1,10.1457,0,,,66.66666666666667,83.33333333333334,50.0
UNSDG_EASTERNASIA,Eastern Asia (UNSDG),2024,NT_BF_EXBF,Excl. BF,Layer 1,35.2145,0,,,66.66666666666667,83.33333333333334,50.0
UNSDG_EASTERNASIA,Eastern Asia (UNSDG),2020,NT_BW_LBW,Low Birth Weight,Layer 1,5.5766,4,,,66.66666666666667,83.33333333333334,50.0
UNSDG_EASTERNASIA,Eastern Asia (UNSDG),2024,NT_CF_MAD,Min Acceptable Diet,Layer 2,43.2894,0,,,66.66666666666667,83.33333333333334,50.0
UNSDG_EASTERNASIA,Eastern Asia (UNSDG),2024,NT_CF_MDD,Min Dietary Diversity,Layer 2,60.4901,0,,,66.66666666666667,83.33333333333334,50.0
UNSDG_EASTERNASIA,Eastern Asia (UNSDG),2024,NT_CF_MMF,Min Meal Frequency,Layer 2,72.3515,0,,,66.66666666666667,83.33333333333334,50.0
UNSDG_EASTERNASIASOUTHEASTERNASIA,Eastern and South-Eastern Asia (UNSDG),2024,MNCH_ANC4,ANC 4+ Visits,Layer 2,87.1,0,,,66.66666666666667,83.33333333333334,50.0
UNSDG_EASTERNASIASOUTHEASTERNASIA,Eastern and South-Eastern Asia (UNSDG),2024,MNCH_SAB,Skilled Birth Attendance,Layer 2,97.0,0,,,66.66666666666667,83.33333333333334,50.0
UNSDG_EASTERNASIASOUTHEASTERNASIA,Eastern and South-Eastern Asia (UNSDG),2023,NT_ANE_WOM_15_49_MOD,Anaemia WRA,Layer 1,18.7269,1,,,66.66666666666667,83.33333333333334,50.0
UNSDG_EASTERNASIASOUTHEASTERNASIA,Eastern and South-Eastern Asia (UNSDG),2024,NT_ANT_HAZ_NE2_MOD,Stunting,Layer 1,13.1304,0,,,66.66666666666667,83.33333333333334,50.0
UNSDG_EASTERNASIASOUTHEASTERNASIA,Eastern and South-Eastern Asia (UNSDG),2024,NT_ANT_WHZ_PO2_MOD,Overweight,Layer 1,7.4517,0,,,66.66666666666667,83.33333333333334,50.0
UNSDG_EASTERNASIASOUTHEASTERNASIA,Eastern and South-Eastern Asia (UNSDG),2024,NT_BF_EXBF,Excl. BF,Layer 1,37.4018,0,,,66.66666666666667,83.33333333333334,50.0
UNSDG_EASTERNASIASOUTHEASTERNASIA,Eastern and South-Eastern Asia (UNSDG),2020,NT_BW_LBW,Low Birth Weight,Layer 1,8.4247,4,,,66.66666666666667,83.33333333333334,50.0
UNSDG_EASTERNASIASOUTHEASTERNASIA,Eastern and South-Eastern Asia (UNSDG),2024,NT_CF_MAD,Min Acceptable Diet,Layer 2,43.4158,0,,,66.66666666666667,83.33333333333334,50.0
UNSDG_EASTERNASIASOUTHEASTERNASIA,Eastern and South-Eastern Asia (UNSDG),2024,NT_CF_MDD,Min Dietary Diversity,Layer 2,55.6953,0,,,66.66666666666667,83.33333333333334,50.0
UNSDG_EASTERNASIASOUTHEASTERNASIA,Eastern and South-Eastern Asia (UNSDG),2024,NT_CF_MMF,Min Meal Frequency,Layer 2,73.5193,0,,,66.66666666666667,83.33333333333334,50.0
UNSDG_EASTERNEUROPE,Eastern Europe (UNSDG),2024,MNCH_SAB,Skilled Birth Attendance,Layer 2,99.4,0,,,38.33333333333333,66.66666666666666,10.0
UNSDG_EASTERNEUROPE,Eastern Europe (UNSDG),2023,NT_ANE_WOM_15_49_MOD,Anaemia WRA,Layer 1,23.4643,1,,,38.33333333333333,66.66666666666666,10.0
UNSDG_EASTERNEUROPE,Eastern Europe (UNSDG),2024,NT_ANT_HAZ_NE2_MOD,Stunting,Layer 1,4.6321,0,,,38.33333333333333,66.66666666666666,10.0
UNSDG_EASTERNEUROPE,Eastern Europe (UNSDG),2024,NT_ANT_WHZ_PO2_MOD,Overweight,Layer 1,9.1318,0,,,38.33333333333333,66.66666666666666,10.0
UNSDG_EASTERNEUROPE,Eastern Europe (UNSDG),2020,NT_BW_LBW,Low Birth Weight,Layer 1,7.0566,4,,,38.33333333333333,66.66666666666666,10.0
UNSDG_EUROPE,Europe (UNSDG),2024,MNCH_SAB,Skilled Birth Attendance,Layer 2,98.9,0,,,38.33333333333333,66.66666666666666,10.0
UNSDG_EUROPE,Europe (UNSDG),2023,NT_ANE_WOM_15_49_MOD,Anaemia WRA,Layer 1,18.6379,1,,,38.33333333333333,66.66666666666666,10.0
UNSDG_EUROPE,Europe (UNSDG),2024,NT_ANT_HAZ_NE2_MOD,Stunting,Layer 1,3.5803,0,,,38.33333333333333,66.66666666666666,10.0
UNSDG_EUROPE,Europe (UNSDG),2024,NT_ANT_WHZ_PO2_MOD,Overweight,Layer 1,7.8832,0,,,38.33333333333333,66.66666666666666,10.0
UNSDG_EUROPE,Europe (UNSDG),2020,NT_BW_LBW,Low Birth Weight,Layer 1,7.008,4,,,38.33333333333333,66.66666666666666,10.0
UNSDG_EUROPENORTHERNAMR,Europe and Northern America (UNSDG),2024,MNCH_ANC4,ANC 4+ Visits,Layer 2,96.5,0,,,43.33333333333333,66.66666666666666,20.0
UNSDG_EUROPENORTHERNAMR,Europe and Northern America (UNSDG),2024,MNCH_SAB,Skilled Birth Attendance,Layer 2,98.9,0,,,43.33333333333333,66.66666666666666,20.0
UNSDG_EUROPENORTHERNAMR,Europe and Northern America (UNSDG),2023,NT_ANE_WOM_15_49_MOD,Anaemia WRA,Layer 1,17.3368,1,,,43.33333333333333,66.66666666666666,20.0
UNSDG_EUROPENORTHERNAMR,Europe and Northern America (UNSDG),2024,NT_ANT_HAZ_NE2_MOD,Stunting,Layer 1,3.7698,0,,,43.33333333333333,66.66666666666666,20.0
UNSDG_EUROPENORTHERNAMR,Europe and Northern America (UNSDG),2024,NT_ANT_WHZ_PO2_MOD,Overweight,Layer 1,8.6315,0,,,43.33333333333333,66.66666666666666,20.0
UNSDG_EUROPENORTHERNAMR,Europe and Northern America (UNSDG),2020,NT_BW_LBW,Low Birth Weight,Layer 1,7.4251,4,,,43.33333333333333,66.66666666666666,20.0
UNSDG_LAC,Latin America and the Caribbean (UNSDG),2024,MNCH_ANC4,ANC 4+ Visits,Layer 2,91.0,0,,,56.66666666666667,83.33333333333334,30.0
UNSDG_LAC,Latin America and the Caribbean (UNSDG),2024,MNCH_SAB,Skilled Birth Attendance,Layer 2,95.9,0,,,56.66666666666667,83.33333333333334,30.0
UNSDG_LAC,Latin America and the Caribbean (UNSDG),2023,NT_ANE_WOM_15_49_MOD,Anaemia WRA,Layer 1,19.9618,1,,,56.66666666666667,83.33333333333334,30.0
UNSDG_LAC,Latin America and the Caribbean (UNSDG),2024,NT_ANT_HAZ_NE2_MOD,Stunting,Layer 1,12.3988,0,,,56.66666666666667,83.33333333333334,30.0
UNSDG_LAC,Latin America and the Caribbean (UNSDG),2024,NT_ANT_WHZ_PO2_MOD,Overweight,Layer 1,8.7657,0,,,56.66666666666667,83.33333333333334,30.0
UNSDG_LAC,Latin America and the Caribbean (UNSDG),2024,NT_BF_EIBF,Early BF Initiation,Layer 2,58.858,0,,,56.66666666666667,83.33333333333334,30.0
UNSDG_LAC,Latin America and the Caribbean (UNSDG),2024,NT_BF_EXBF,Excl. BF,Layer 1,43.2,0,,,56.66666666666667,83.33333333333334,30.0
UNSDG_LAC,Latin America and the Caribbean (UNSDG),2020,NT_BW_LBW,Low Birth Weight,Layer 1,9.7106,4,,,56.66666666666667,83.33333333333334,30.0
UNSDG_LDC,Países menos adelantados,2024,IM_DTP3,DTP3 Coverage,Layer 2,74.0,0,,,76.66666666666667,83.33333333333334,70.0
UNSDG_LDC,Países menos adelantados,2024,MNCH_ANC4,ANC 4+ Visits,Layer 2,54.0,0,,,76.66666666666667,83.33333333333334,70.0
UNSDG_LDC,Países menos adelantados,2024,MNCH_SAB,Skilled Birth Attendance,Layer 2,75.1,0,,,76.66666666666667,83.33333333333334,70.0
UNSDG_LDC,Países menos adelantados,2023,NT_ANE_WOM_15_49_MOD,Anaemia WRA,Layer 1,37.2155,1,,,76.66666666666667,83.33333333333334,70.0
UNSDG_LDC,Países menos adelantados,2024,NT_ANT_HAZ_NE2_MOD,Stunting,Layer 1,33.852,0,,,76.66666666666667,83.33333333333334,70.0
UNSDG_LDC,Países menos adelantados,2024,NT_ANT_WHZ_PO2_MOD,Overweight,Layer 1,3.3276,0,,,76.66666666666667,83.33333333333334,70.0
UNSDG_LDC,Países menos adelantados,2024,NT_BF_EIBF,Early BF Initiation,Layer 2,58.938,0,,,76.66666666666667,83.33333333333334,70.0
UNSDG_LDC,Países menos adelantados,2024,NT_BF_EXBF,Excl. BF,Layer 1,51.6533,0,,,76.66666666666667,83.33333333333334,70.0
UNSDG_LDC,Países menos adelantados,2020,NT_BW_LBW,Low Birth Weight,Layer 1,15.355,4,,,76.66666666666667,83.33333333333334,70.0
UNSDG_LDC,Países menos adelantados,2024,NT_CF_MAD,Min Acceptable Diet,Layer 2,13.2959,0,,,76.66666666666667,83.33333333333334,70.0
UNSDG_LDC,Países menos adelantados,2024,NT_CF_MDD,Min Dietary Diversity,Layer 2,20.6202,0,,,76.66666666666667,83.33333333333334,70.0
UNSDG_LDC,Países menos adelantados,2024,NT_CF_MMF,Min Meal Frequency,Layer 2,45.6375,0,,,76.66666666666667,83.33333333333334,70.0
UNSDG_LLDC,Landlocked developing countries (LLDC) (UNSDG),2024,MNCH_ANC4,ANC 4+ Visits,Layer 2,61.2,0,,,71.66666666666667,83.33333333333334,60.0
UNSDG_LLDC,Landlocked developing countries (LLDC) (UNSDG),2024,MNCH_SAB,Skilled Birth Attendance,Layer 2,74.8,0,,,71.66666666666667,83.33333333333334,60.0
UNSDG_LLDC,Landlocked developing countries (LLDC) (UNSDG),2023,NT_ANE_WOM_15_49_MOD,Anaemia WRA,Layer 1,32.1986,1,,,71.66666666666667,83.33333333333334,60.0
UNSDG_LLDC,Landlocked developing countries (LLDC) (UNSDG),2024,NT_ANT_HAZ_NE2_MOD,Stunting,Layer 1,29.1104,0,,,71.66666666666667,83.33333333333334,60.0
UNSDG_LLDC,Landlocked developing countries (LLDC) (UNSDG),2024,NT_ANT_WHZ_PO2_MOD,Overweight,Layer 1,4.1196,0,,,71.66666666666667,83.33333333333334,60.0
UNSDG_LLDC,Landlocked developing countries (LLDC) (UNSDG),2024,NT_BF_EIBF,Early BF Initiation,Layer 2,63.9865,0,,,71.66666666666667,83.33333333333334,60.0
UNSDG_LLDC,Landlocked developing countries (LLDC) (UNSDG),2024,NT_BF_EXBF,Excl. BF,Layer 1,49.9119,0,,,71.66666666666667,83.33333333333334,60.0
UNSDG_LLDC,Landlocked developing countries (LLDC) (UNSDG),2020,NT_BW_LBW,Low Birth Weight,Layer 1,14.6748,4,,,71.66666666666667,83.33333333333334,60.0
UNSDG_LLDC,Landlocked developing countries (LLDC) (UNSDG),2024,NT_CF_MAD,Min Acceptable Diet,Layer 2,15.9497,0,,,71.66666666666667,83.33333333333334,60.0
UNSDG_LLDC,Landlocked developing countries (LLDC) (UNSDG),2024,NT_CF_MDD,Min Dietary Diversity,Layer 2,23.7683,0,,,71.66666666666667,83.33333333333334,60.0
UNSDG_LLDC,Landlocked developing countries (LLDC) (UNSDG),2024,NT_CF_MMF,Min Meal Frequency,Layer 2,53.5806,0,,,71.66666666666667,83.33333333333334,60.0
UNSDG_MELANESIA,Melanesia (UNSDG),2024,MNCH_ANC4,ANC 4+ Visits,Layer 2,60.0,0,,,43.33333333333333,66.66666666666666,20.0
UNSDG_MELANESIA,Melanesia (UNSDG),2024,MNCH_SAB,Skilled Birth Attendance,Layer 2,76.4,0,,,43.33333333333333,66.66666666666666,20.0
UNSDG_MELANESIA,Melanesia (UNSDG),2023,NT_ANE_WOM_15_49_MOD,Anaemia WRA,Layer 1,29.1563,1,,,43.33333333333333,66.66666666666666,20.0
UNSDG_MELANESIA,Melanesia (UNSDG),2024,NT_ANT_HAZ_NE2_MOD,Stunting,Layer 1,43.5707,0,,,43.33333333333333,66.66666666666666,20.0
UNSDG_MELANESIA,Melanesia (UNSDG),2024,NT_ANT_WHZ_PO2_MOD,Overweight,Layer 1,16.603,0,,,43.33333333333333,66.66666666666666,20.0
UNSDG_MELANESIA,Melanesia (UNSDG),2020,NT_BW_LBW,Low Birth Weight,Layer 1,18.1061,4,,,43.33333333333333,66.66666666666666,20.0
UNSDG_MICRONESIA,Micronesia (UNSDG),2024,MNCH_SAB,Skilled Birth Attendance,Layer 2,96.9,0,,,66.66666666666667,83.33333333333334,50.0
UNSDG_MICRONESIA,Micronesia (UNSDG),2023,NT_ANE_WOM_15_49_MOD,Anaemia WRA,Layer 1,24.5544,1,,,66.66666666666667,83.33333333333334,50.0
UNSDG_MICRONESIA,Micronesia (UNSDG),2024,NT_ANT_HAZ_NE2_MOD,Stunting,Layer 1,13.5627,0,,,66.66666666666667,83.33333333333334,50.0
UNSDG_MICRONESIA,Micronesia (UNSDG),2024,NT_ANT_WHZ_PO2_MOD,Overweight,Layer 1,5.0363,0,,,66.66666666666667,83.33333333333334,50.0
UNSDG_MICRONESIA,Micronesia (UNSDG),2024,NT_BF_EIBF,Early BF Initiation,Layer 2,47.5095,0,,,66.66666666666667,83.33333333333334,50.0
UNSDG_MICRONESIA,Micronesia (UNSDG),2024,NT_BF_EXBF,Excl. BF,Layer 1,62.7218,0,,,66.66666666666667,83.33333333333334,50.0
UNSDG_MICRONESIA,Micronesia (UNSDG),2020,NT_BW_LBW,Low Birth Weight,Layer 1,12.3988,4,,,66.66666666666667,83.33333333333334,50.0
UNSDG_MICRONESIA,Micronesia (UNSDG),2024,NT_CF_MAD,Min Acceptable Diet,Layer 2,9.7729,0,,,66.66666666666667,83.33333333333334,50.0
UNSDG_MICRONESIA,Micronesia (UNSDG),2024,NT_CF_MDD,Min Dietary Diversity,Layer 2,12.6346,0,,,66.66666666666667,83.33333333333334,50.0
UNSDG_MICRONESIA,Micronesia (UNSDG),2024,NT_CF_MMF,Min Meal Frequency,Layer 2,71.7831,0,,,66.66666666666667,83.33333333333334,50.0
UNSDG_MIDDLEAFR,Middle Africa (UNSDG),2024,MNCH_ANC4,ANC 4+ Visits,Layer 2,50.0,0,,,71.66666666666667,83.33333333333334,60.0
UNSDG_MIDDLEAFR,Middle Africa (UNSDG),2024,MNCH_SAB,Skilled Birth Attendance,Layer 2,79.0,0,,,71.66666666666667,83.33333333333334,60.0
UNSDG_MIDDLEAFR,Middle Africa (UNSDG),2023,NT_ANE_WOM_15_49_MOD,Anaemia WRA,Layer 1,41.6897,1,,,71.66666666666667,83.33333333333334,60.0
UNSDG_MIDDLEAFR,Middle Africa (UNSDG),2024,NT_ANT_HAZ_NE2_MOD,Stunting,Layer 1,40.1066,0,,,71.66666666666667,83.33333333333334,60.0
UNSDG_MIDDLEAFR,Middle Africa (UNSDG),2024,NT_ANT_WHZ_PO2_MOD,Overweight,Layer 1,5.2692,0,,,71.66666666666667,83.33333333333334,60.0
UNSDG_MIDDLEAFR,Middle Africa (UNSDG),2024,NT_BF_EIBF,Early BF Initiation,Layer 2,52.4174,0,,,71.66666666666667,83.33333333333334,60.0
UNSDG_MIDDLEAFR,Middle Africa (UNSDG),2024,NT_BF_EXBF,Excl. BF,Layer 1,41.73,0,,,71.66666666666667,83.33333333333334,60.0
UNSDG_MIDDLEAFR,Middle Africa (UNSDG),2020,NT_BW_LBW,Low Birth Weight,Layer 1,12.205,4,,,71.66666666666667,83.33333333333334,60.0
UNSDG_MIDDLEAFR,Middle Africa (UNSDG),2024,NT_CF_MAD,Min Acceptable Diet,Layer 2,10.502,0,,,71.66666666666667,83.33333333333334,60.0
UNSDG_MIDDLEAFR,Middle Africa (UNSDG),2024,NT_CF_MDD,Min Dietary Diversity,Layer 2,17.3811,0,,,71.66666666666667,83.33333333333334,60.0
UNSDG_MIDDLEAFR,Middle Africa (UNSDG),2024,NT_CF_MMF,Min Meal Frequency,Layer 2,32.933,0,,,71.66666666666667,83.33333333333334,60.0
UNSDG_NORTHAFR,Northern Africa (UNSDG),2024,MNCH_ANC4,ANC 4+ Visits,Layer 2,70.3,0,,,71.66666666666667,83.33333333333334,60.0
UNSDG_NORTHAFR,Northern Africa (UNSDG),2024,MNCH_SAB,Skilled Birth Attendance,Layer 2,94.6,0,,,71.66666666666667,83.33333333333334,60.0
UNSDG_NORTHAFR,Northern Africa (UNSDG),2023,NT_ANE_WOM_15_49_MOD,Anaemia WRA,Layer 1,31.9691,1,,,71.66666666666667,83.33333333333334,60.0
UNSDG_NORTHAFR,Northern Africa (UNSDG),2024,NT_ANT_HAZ_NE2_MOD,Stunting,Layer 1,18.1291,0,,,71.66666666666667,83.33333333333334,60.0
UNSDG_NORTHAFR,Northern Africa (UNSDG),2024,NT_ANT_WHZ_PO2_MOD,Overweight,Layer 1,8.532,0,,,71.66666666666667,83.33333333333334,60.0
UNSDG_NORTHAFR,Northern Africa (UNSDG),2024,NT_BF_EIBF,Early BF Initiation,Layer 2,32.9153,0,,,71.66666666666667,83.33333333333334,60.0
UNSDG_NORTHAFR,Northern Africa (UNSDG),2024,NT_BF_EXBF,Excl. BF,Layer 1,36.164,0,,,71.66666666666667,83.33333333333334,60.0
UNSDG_NORTHAFR,Northern Africa (UNSDG),2020,NT_BW_LBW,Low Birth Weight,Layer 1,14.0021,4,,,71.66666666666667,83.33333333333334,60.0
UNSDG_NORTHAFR,Northern Africa (UNSDG),2024,NT_CF_MAD,Min Acceptable Diet,Layer 2,25.458,0,,,71.66666666666667,83.33333333333334,60.0
UNSDG_NORTHAFR,Northern Africa (UNSDG),2024,NT_CF_MDD,Min Dietary Diversity,Layer 2,42.1033,0,,,71.66666666666667,83.33333333333334,60.0
UNSDG_NORTHAFR,Northern Africa (UNSDG),2024,NT_CF_MMF,Min Meal Frequency,Layer 2,53.8408,0,,,71.66666666666667,83.33333333333334,60.0
UNSDG_NORTHERNAMR,Northern America (UNSDG),2024,MNCH_ANC4,ANC 4+ Visits,Layer 2,97.5,0,,,51.66666666666667,83.33333333333334,20.0
UNSDG_NORTHERNAMR,Northern America (UNSDG),2024,MNCH_SAB,Skilled Birth Attendance,Layer 2,98.8,0,,,51.66666666666667,83.33333333333334,20.0
UNSDG_NORTHERNAMR,Northern America (UNSDG),2023,NT_ANE_WOM_15_49_MOD,Anaemia WRA,Layer 1,14.897,1,,,51.66666666666667,83.33333333333334,20.0
UNSDG_NORTHERNAMR,Northern America (UNSDG),2024,NT_ANT_HAZ_NE2_MOD,Stunting,Layer 1,4.08,0,,,51.66666666666667,83.33333333333334,20.0
UNSDG_NORTHERNAMR,Northern America (UNSDG),2024,NT_ANT_WHZ_PO2_MOD,Overweight,Layer 1,9.8559,0,,,51.66666666666667,83.33333333333334,20.0
UNSDG_NORTHERNAMR,Northern America (UNSDG),2024,NT_BF_EXBF,Excl. BF,Layer 1,25.8,0,,,51.66666666666667,83.33333333333334,20.0
UNSDG_NORTHERNAMR,Northern America (UNSDG),2020,NT_BW_LBW,Low Birth Weight,Layer 1,8.1462,4,,,51.66666666666667,83.33333333333334,20.0
UNSDG_NORTHERNEUROPE,Northern Europe (UNSDG),2024,MNCH_SAB,Skilled Birth Attendance,Layer 2,99.3,0,,,38.33333333333333,66.66666666666666,10.0
UNSDG_NORTHERNEUROPE,Northern Europe (UNSDG),2023,NT_ANE_WOM_15_49_MOD,Anaemia WRA,Layer 1,14.7805,1,,,38.33333333333333,66.66666666666666,10.0
UNSDG_NORTHERNEUROPE,Northern Europe (UNSDG),2024,NT_ANT_HAZ_NE2_MOD,Stunting,Layer 1,3.0264,0,,,38.33333333333333,66.66666666666666,10.0
UNSDG_NORTHERNEUROPE,Northern Europe (UNSDG),2024,NT_ANT_WHZ_PO2_MOD,Overweight,Layer 1,7.7619,0,,,38.33333333333333,66.66666666666666,10.0
UNSDG_NORTHERNEUROPE,Northern Europe (UNSDG),2020,NT_BW_LBW,Low Birth Weight,Layer 1,5.9647,4,,,38.33333333333333,66.66666666666666,10.0
UNSDG_OCEANIA,Oceania (UNSDG),2024,MNCH_ANC4,ANC 4+ Visits,Layer 2,77.6,0,,,43.33333333333333,66.66666666666666,20.0
UNSDG_OCEANIA,Oceania (UNSDG),2024,MNCH_SAB,Skilled Birth Attendance,Layer 2,88.6,0,,,43.33333333333333,66.66666666666666,20.0
UNSDG_OCEANIA,Oceania (UNSDG),2023,NT_ANE_WOM_15_49_MOD,Anaemia WRA,Layer 1,16.8513,1,,,43.33333333333333,66.66666666666666,20.0
UNSDG_OCEANIA,Oceania (UNSDG),2024,NT_ANT_HAZ_NE2_MOD,Stunting,Layer 1,20.7677,0,,,43.33333333333333,66.66666666666666,20.0
UNSDG_OCEANIA,Oceania (UNSDG),2024,NT_ANT_WHZ_PO2_MOD,Overweight,Layer 1,19.9709,0,,,43.33333333333333,66.66666666666666,20.0
UNSDG_OCEANIA,Oceania (UNSDG),2020,NT_BW_LBW,Low Birth Weight,Layer 1,11.9302,4,,,43.33333333333333,66.66666666666666,20.0
UNSDG_OCEANIAexAUSNZL,Oceania (exc. Australia and New Zealand) (UNSDG),2024,MNCH_ANC4,ANC 4+ Visits,Layer 2,60.6,0,,,43.33333333333333,66.66666666666666,20.0
UNSDG_OCEANIAexAUSNZL,Oceania (exc. Australia and New Zealand) (UNSDG),2024,MNCH_SAB,Skilled Birth Attendance,Layer 2,77.4,0,,,43.33333333333333,66.66666666666666,20.0
UNSDG_OCEANIAexAUSNZL,Oceania (exc. Australia and New Zealand) (UNSDG),2023,NT_ANE_WOM_15_49_MOD,Anaemia WRA,Layer 1,28.8694,1,,,43.33333333333333,66.66666666666666,20.0
UNSDG_OCEANIAexAUSNZL,Oceania (exc. Australia and New Zealand) (UNSDG),2024,NT_ANT_HAZ_NE2_MOD,Stunting,Layer 1,41.5031,0,,,43.33333333333333,66.66666666666666,20.0
UNSDG_OCEANIAexAUSNZL,Oceania (exc. Australia and New Zealand) (UNSDG),2024,NT_ANT_WHZ_PO2_MOD,Overweight,Layer 1,15.9909,0,,,43.33333333333333,66.66666666666666,20.0
UNSDG_OCEANIAexAUSNZL,Oceania (exc. Australia and New Zealand) (UNSDG),2020,NT_BW_LBW,Low Birth Weight,Layer 1,17.9386,4,,,43.33333333333333,66.66666666666666,20.0
UNSDG_POLYNESIA,Polynesia (UNSDG),2024,MNCH_ANC4,ANC 4+ Visits,Layer 2,79.3,0,,,63.33333333333333,66.66666666666666,60.0
UNSDG_POLYNESIA,Polynesia (UNSDG),2024,MNCH_SAB,Skilled Birth Attendance,Layer 2,94.5,0,,,63.33333333333333,66.66666666666666,60.0
UNSDG_POLYNESIA,Polynesia (UNSDG),2024,NT_ANT_HAZ_NE2_MOD,Stunting,Layer 1,6.9537,0,,,63.33333333333333,66.66666666666666,60.0
UNSDG_POLYNESIA,Polynesia (UNSDG),2024,NT_ANT_WHZ_PO2_MOD,Overweight,Layer 1,8.8776,0,,,63.33333333333333,66.66666666666666,60.0
UNSDG_POLYNESIA,Polynesia (UNSDG),2024,NT_BF_EIBF,Early BF Initiation,Layer 2,48.3171,0,,,63.33333333333333,66.66666666666666,60.0
UNSDG_POLYNESIA,Polynesia (UNSDG),2024,NT_BF_EXBF,Excl. BF,Layer 1,47.896,0,,,63.33333333333333,66.66666666666666,60.0
UNSDG_POLYNESIA,Polynesia (UNSDG),2020,NT_BW_LBW,Low Birth Weight,Layer 1,16.8996,4,,,63.33333333333333,66.66666666666666,60.0
UNSDG_POLYNESIA,Polynesia (UNSDG),2024,NT_CF_MAD,Min Acceptable Diet,Layer 2,16.5942,0,,,63.33333333333333,66.66666666666666,60.0
UNSDG_POLYNESIA,Polynesia (UNSDG),2024,NT_CF_MDD,Min Dietary Diversity,Layer 2,30.1732,0,,,63.33333333333333,66.66666666666666,60.0
UNSDG_POLYNESIA,Polynesia (UNSDG),2024,NT_CF_MMF,Min Meal Frequency,Layer 2,46.6523,0,,,63.33333333333333,66.66666666666666,60.0
UNSDG_REGION_GLOBAL,SDG regions - Global (UNSDG),2024,MNCH_ANC4,ANC 4+ Visits,Layer 2,70.3,0,,,71.66666666666667,83.33333333333334,60.0
UNSDG_REGION_GLOBAL,SDG regions - Global (UNSDG),2024,MNCH_SAB,Skilled Birth Attendance,Layer 2,86.4,0,,,71.66666666666667,83.33333333333334,60.0
UNSDG_REGION_GLOBAL,SDG regions - Global (UNSDG),2023,NT_ANE_WOM_15_49_MOD,Anaemia WRA,Layer 1,30.6911,1,,,71.66666666666667,83.33333333333334,60.0
UNSDG_REGION_GLOBAL,SDG regions - Global (UNSDG),2024,NT_ANT_HAZ_NE2_MOD,Stunting,Layer 1,23.225,0,,,71.66666666666667,83.33333333333334,60.0
UNSDG_REGION_GLOBAL,SDG regions - Global (UNSDG),2024,NT_ANT_WHZ_PO2_MOD,Overweight,Layer 1,5.4692,0,,,71.66666666666667,83.33333333333334,60.0
UNSDG_REGION_GLOBAL,SDG regions - Global (UNSDG),2024,NT_BF_EIBF,Early BF Initiation,Layer 2,47.9674,0,,,71.66666666666667,83.33333333333334,60.0
UNSDG_REGION_GLOBAL,SDG regions - Global (UNSDG),2024,NT_BF_EXBF,Excl. BF,Layer 1,47.4336,0,,,71.66666666666667,83.33333333333334,60.0
UNSDG_REGION_GLOBAL,SDG regions - Global (UNSDG),2020,NT_BW_LBW,Low Birth Weight,Layer 1,14.7945,4,,,71.66666666666667,83.33333333333334,60.0
UNSDG_REGION_GLOBAL,SDG regions - Global (UNSDG),2024,NT_CF_MAD,Min Acceptable Diet,Layer 2,18.3714,0,,,71.66666666666667,83.33333333333334,60.0
UNSDG_REGION_GLOBAL,SDG regions - Global (UNSDG),2024,NT_CF_MDD,Min Dietary Diversity,Layer 2,30.7987,0,,,71.66666666666667,83.33333333333334,60.0
UNSDG_REGION_GLOBAL,SDG regions - Global (UNSDG),2024,NT_CF_MMF,Min Meal Frequency,Layer 2,49.8295,0,,,71.66666666666667,83.33333333333334,60.0
UNSDG_SIDS,Small island developing States (SIDS) (UNSDG),2024,MNCH_ANC4,ANC 4+ Visits,Layer 2,77.4,0,,,48.33333333333333,66.66666666666666,30.0
UNSDG_SIDS,Small island developing States (SIDS) (UNSDG),2024,MNCH_SAB,Skilled Birth Attendance,Layer 2,85.7,0,,,48.33333333333333,66.66666666666666,30.0
UNSDG_SIDS,Small island developing States (SIDS) (UNSDG),2023,NT_ANE_WOM_15_49_MOD,Anaemia WRA,Layer 1,29.0383,1,,,48.33333333333333,66.66666666666666,30.0
UNSDG_SIDS,Small island developing States (SIDS) (UNSDG),2024,NT_ANT_HAZ_NE2_MOD,Stunting,Layer 1,21.2436,0,,,48.33333333333333,66.66666666666666,30.0
UNSDG_SIDS,Small island developing States (SIDS) (UNSDG),2024,NT_ANT_WHZ_PO2_MOD,Overweight,Layer 1,8.6249,0,,,48.33333333333333,66.66666666666666,30.0
UNSDG_SIDS,Small island developing States (SIDS) (UNSDG),2024,NT_BF_EIBF,Early BF Initiation,Layer 2,47.69,0,,,48.33333333333333,66.66666666666666,30.0
UNSDG_SIDS,Small island developing States (SIDS) (UNSDG),2020,NT_BW_LBW,Low Birth Weight,Layer 1,14.386,4,,,48.33333333333333,66.66666666666666,30.0
UNSDG_SOUTHAMR,South America (UNSDG),2024,MNCH_ANC4,ANC 4+ Visits,Layer 2,90.7,0,,,61.66666666666667,83.33333333333334,40.0
UNSDG_SOUTHAMR,South America (UNSDG),2024,MNCH_SAB,Skilled Birth Attendance,Layer 2,98.1,0,,,61.66666666666667,83.33333333333334,40.0
UNSDG_SOUTHAMR,South America (UNSDG),2023,NT_ANE_WOM_15_49_MOD,Anaemia WRA,Layer 1,21.7702,1,,,61.66666666666667,83.33333333333334,40.0
UNSDG_SOUTHAMR,South America (UNSDG),2024,NT_ANT_HAZ_NE2_MOD,Stunting,Layer 1,9.8742,0,,,61.66666666666667,83.33333333333334,40.0
UNSDG_SOUTHAMR,South America (UNSDG),2024,NT_ANT_WHZ_PO2_MOD,Overweight,Layer 1,9.9358,0,,,61.66666666666667,83.33333333333334,40.0
UNSDG_SOUTHAMR,South America (UNSDG),2024,NT_BF_EIBF,Early BF Initiation,Layer 2,60.1899,0,,,61.66666666666667,83.33333333333334,40.0
UNSDG_SOUTHAMR,South America (UNSDG),2024,NT_BF_EXBF,Excl. BF,Layer 1,49.7675,0,,,61.66666666666667,83.33333333333334,40.0
UNSDG_SOUTHAMR,South America (UNSDG),2020,NT_BW_LBW,Low Birth Weight,Layer 1,8.8538,4,,,61.66666666666667,83.33333333333334,40.0
UNSDG_SOUTHAMR,South America (UNSDG),2024,NT_CF_MDD,Min Dietary Diversity,Layer 2,68.299,0,,,61.66666666666667,83.33333333333334,40.0
UNSDG_SOUTHASIA,Southern Asia (UNSDG),2024,MNCH_ANC4,ANC 4+ Visits,Layer 2,63.8,0,,,71.66666666666667,83.33333333333334,60.0
UNSDG_SOUTHASIA,Southern Asia (UNSDG),2024,MNCH_SAB,Skilled Birth Attendance,Layer 2,88.1,0,,,71.66666666666667,83.33333333333334,60.0
UNSDG_SOUTHASIA,Southern Asia (UNSDG),2023,NT_ANE_WOM_15_49_MOD,Anaemia WRA,Layer 1,49.3031,1,,,71.66666666666667,83.33333333333334,60.0
UNSDG_SOUTHASIA,Southern Asia (UNSDG),2024,NT_ANT_HAZ_NE2_MOD,Stunting,Layer 1,31.3829,0,,,71.66666666666667,83.33333333333334,60.0
UNSDG_SOUTHASIA,Southern Asia (UNSDG),2024,NT_ANT_WHZ_PO2_MOD,Overweight,Layer 1,3.1593,0,,,71.66666666666667,83.33333333333334,60.0
UNSDG_SOUTHASIA,Southern Asia (UNSDG),2024,NT_BF_EIBF,Early BF Initiation,Layer 2,37.7055,0,,,71.66666666666667,83.33333333333334,60.0
UNSDG_SOUTHASIA,Southern Asia (UNSDG),2024,NT_BF_EXBF,Excl. BF,Layer 1,59.5299,0,,,71.66666666666667,83.33333333333334,60.0
UNSDG_SOUTHASIA,Southern Asia (UNSDG),2020,NT_BW_LBW,Low Birth Weight,Layer 1,24.358,4,,,71.66666666666667,83.33333333333334,60.0
UNSDG_SOUTHASIA,Southern Asia (UNSDG),2024,NT_CF_MAD,Min Acceptable Diet,Layer 2,13.56,0,,,71.66666666666667,83.33333333333334,60.0
UNSDG_SOUTHASIA,Southern Asia (UNSDG),2024,NT_CF_MDD,Min Dietary Diversity,Layer 2,23.3948,0,,,71.66666666666667,83.33333333333334,60.0
UNSDG_SOUTHASIA,Southern Asia (UNSDG),2024,NT_CF_MMF,Min Meal Frequency,Layer 2,43.2573,0,,,71.66666666666667,83.33333333333334,60.0
UNSDG_SOUTHEASTERNASIA,South-eastern Asia (UNSDG),2024,MNCH_ANC4,ANC 4+ Visits,Layer 2,80.5,0,,,53.33333333333333,66.66666666666666,40.0
UNSDG_SOUTHEASTERNASIA,South-eastern Asia (UNSDG),2024,MNCH_SAB,Skilled Birth Attendance,Layer 2,94.1,0,,,53.33333333333333,66.66666666666666,40.0
UNSDG_SOUTHEASTERNASIA,South-eastern Asia (UNSDG),2023,NT_ANE_WOM_15_49_MOD,Anaemia WRA,Layer 1,24.1892,1,,,53.33333333333333,66.66666666666666,40.0
UNSDG_SOUTHEASTERNASIA,South-eastern Asia (UNSDG),2024,NT_ANT_HAZ_NE2_MOD,Stunting,Layer 1,22.7346,0,,,53.33333333333333,66.66666666666666,40.0
UNSDG_SOUTHEASTERNASIA,South-eastern Asia (UNSDG),2024,NT_ANT_WHZ_PO2_MOD,Overweight,Layer 1,4.3263,0,,,53.33333333333333,66.66666666666666,40.0
UNSDG_SOUTHEASTERNASIA,South-eastern Asia (UNSDG),2024,NT_BF_EIBF,Early BF Initiation,Layer 2,50.3334,0,,,53.33333333333333,66.66666666666666,40.0
UNSDG_SOUTHEASTERNASIA,South-eastern Asia (UNSDG),2020,NT_BW_LBW,Low Birth Weight,Layer 1,12.0128,4,,,53.33333333333333,66.66666666666666,40.0
UNSDG_SOUTHEASTERNASIA,South-eastern Asia (UNSDG),2024,NT_CF_MDD,Min Dietary Diversity,Layer 2,50.7002,0,,,53.33333333333333,66.66666666666666,40.0
UNSDG_SOUTHERNAFR,Southern Africa (UNSDG),2024,MNCH_ANC4,ANC 4+ Visits,Layer 2,74.3,0,,,43.33333333333333,66.66666666666666,20.0
UNSDG_SOUTHERNAFR,Southern Africa (UNSDG),2024,MNCH_SAB,Skilled Birth Attendance,Layer 2,97.4,0,,,43.33333333333333,66.66666666666666,20.0
UNSDG_SOUTHERNAFR,Southern Africa (UNSDG),2023,NT_ANE_WOM_15_49_MOD,Anaemia WRA,Layer 1,30.9974,1,,,43.33333333333333,66.66666666666666,20.0
UNSDG_SOUTHERNAFR,Southern Africa (UNSDG),2024,NT_ANT_HAZ_NE2_MOD,Stunting,Layer 1,24.0801,0,,,43.33333333333333,66.66666666666666,20.0
UNSDG_SOUTHERNAFR,Southern Africa (UNSDG),2024,NT_ANT_WHZ_PO2_MOD,Overweight,Layer 1,12.0885,0,,,43.33333333333333,66.66666666666666,20.0
UNSDG_SOUTHERNAFR,Southern Africa (UNSDG),2020,NT_BW_LBW,Low Birth Weight,Layer 1,16.3273,4,,,43.33333333333333,66.66666666666666,20.0
UNSDG_SOUTHERNEUROPE,Southern Europe (UNSDG),2024,MNCH_ANC4,ANC 4+ Visits,Layer 2,91.7,0,,,43.33333333333333,66.66666666666666,20.0
UNSDG_SOUTHERNEUROPE,Southern Europe (UNSDG),2024,MNCH_SAB,Skilled Birth Attendance,Layer 2,99.8,0,,,43.33333333333333,66.66666666666666,20.0
UNSDG_SOUTHERNEUROPE,Southern Europe (UNSDG),2023,NT_ANE_WOM_15_49_MOD,Anaemia WRA,Layer 1,17.1825,1,,,43.33333333333333,66.66666666666666,20.0
UNSDG_SOUTHERNEUROPE,Southern Europe (UNSDG),2024,NT_ANT_HAZ_NE2_MOD,Stunting,Layer 1,3.5844,0,,,43.33333333333333,66.66666666666666,20.0
UNSDG_SOUTHERNEUROPE,Southern Europe (UNSDG),2024,NT_ANT_WHZ_PO2_MOD,Overweight,Layer 1,9.0202,0,,,43.33333333333333,66.66666666666666,20.0
UNSDG_SOUTHERNEUROPE,Southern Europe (UNSDG),2020,NT_BW_LBW,Low Birth Weight,Layer 1,8.1721,4,,,43.33333333333333,66.66666666666666,20.0
UNSDG_SUBSAHARANAFRICA,Sub-Saharan Africa (UNSDG),2024,MNCH_ANC4,ANC 4+ Visits,Layer 2,58.4,0,,,71.66666666666667,83.33333333333334,60.0
UNSDG_SUBSAHARANAFRICA,Sub-Saharan Africa (UNSDG),2024,MNCH_SAB,Skilled Birth Attendance,Layer 2,71.9,0,,,71.66666666666667,83.33333333333334,60.0
UNSDG_SUBSAHARANAFRICA,Sub-Saharan Africa (UNSDG),2023,NT_ANE_WOM_15_49_MOD,Anaemia WRA,Layer 1,36.7891,1,,,71.66666666666667,83.33333333333334,60.0
UNSDG_SUBSAHARANAFRICA,Sub-Saharan Africa (UNSDG),2024,NT_ANT_HAZ_NE2_MOD,Stunting,Layer 1,32.1526,0,,,71.66666666666667,83.33333333333334,60.0
UNSDG_SUBSAHARANAFRICA,Sub-Saharan Africa (UNSDG),2024,NT_ANT_WHZ_PO2_MOD,Overweight,Layer 1,3.8844,0,,,71.66666666666667,83.33333333333334,60.0
UNSDG_SUBSAHARANAFRICA,Sub-Saharan Africa (UNSDG),2024,NT_BF_EIBF,Early BF Initiation,Layer 2,56.4452,0,,,71.66666666666667,83.33333333333334,60.0
UNSDG_SUBSAHARANAFRICA,Sub-Saharan Africa (UNSDG),2024,NT_BF_EXBF,Excl. BF,Layer 1,45.6413,0,,,71.66666666666667,83.33333333333334,60.0
UNSDG_SUBSAHARANAFRICA,Sub-Saharan Africa (UNSDG),2020,NT_BW_LBW,Low Birth Weight,Layer 1,13.8709,4,,,71.66666666666667,83.33333333333334,60.0
UNSDG_SUBSAHARANAFRICA,Sub-Saharan Africa (UNSDG),2024,NT_CF_MAD,Min Acceptable Diet,Layer 2,10.5819,0,,,71.66666666666667,83.33333333333334,60.0
UNSDG_SUBSAHARANAFRICA,Sub-Saharan Africa (UNSDG),2024,NT_CF_MDD,Min Dietary Diversity,Layer 2,18.4572,0,,,71.66666666666667,83.33333333333334,60.0
UNSDG_SUBSAHARANAFRICA,Sub-Saharan Africa (UNSDG),2024,NT_CF_MMF,Min Meal Frequency,Layer 2,43.0164,0,,,71.66666666666667,83.33333333333334,60.0
UNSDG_WESTERNAFR,Western Africa (UNSDG),2024,MNCH_ANC4,ANC 4+ Visits,Layer 2,57.7,0,,,71.66666666666667,83.33333333333334,60.0
UNSDG_WESTERNAFR,Western Africa (UNSDG),2024,MNCH_SAB,Skilled Birth Attendance,Layer 2,63.3,0,,,71.66666666666667,83.33333333333334,60.0
UNSDG_WESTERNAFR,Western Africa (UNSDG),2023,NT_ANE_WOM_15_49_MOD,Anaemia WRA,Layer 1,41.8653,1,,,71.66666666666667,83.33333333333334,60.0
UNSDG_WESTERNAFR,Western Africa (UNSDG),2024,NT_ANT_HAZ_NE2_MOD,Stunting,Layer 1,29.7192,0,,,71.66666666666667,83.33333333333334,60.0
UNSDG_WESTERNAFR,Western Africa (UNSDG),2024,NT_ANT_WHZ_PO2_MOD,Overweight,Layer 1,2.2168,0,,,71.66666666666667,83.33333333333334,60.0
UNSDG_WESTERNAFR,Western Africa (UNSDG),2024,NT_BF_EIBF,Early BF Initiation,Layer 2,43.029,0,,,71.66666666666667,83.33333333333334,60.0
UNSDG_WESTERNAFR,Western Africa (UNSDG),2024,NT_BF_EXBF,Excl. BF,Layer 1,34.6296,0,,,71.66666666666667,83.33333333333334,60.0
UNSDG_WESTERNAFR,Western Africa (UNSDG),2020,NT_BW_LBW,Low Birth Weight,Layer 1,14.2631,4,,,71.66666666666667,83.33333333333334,60.0
UNSDG_WESTERNAFR,Western Africa (UNSDG),2024,NT_CF_MAD,Min Acceptable Diet,Layer 2,8.7716,0,,,71.66666666666667,83.33333333333334,60.0
UNSDG_WESTERNAFR,Western Africa (UNSDG),2024,NT_CF_MDD,Min Dietary Diversity,Layer 2,18.023,0,,,71.66666666666667,83.33333333333334,60.0
UNSDG_WESTERNAFR,Western Africa (UNSDG),2024,NT_CF_MMF,Min Meal Frequency,Layer 2,39.1032,0,,,71.66666666666667,83.33333333333334,60.0
UNSDG_WESTERNASIA,Western Asia (UNSDG),2024,MNCH_ANC4,ANC 4+ Visits,Layer 2,70.1,0,,,61.66666666666667,83.33333333333334,40.0
UNSDG_WESTERNASIA,Western Asia (UNSDG),2024,MNCH_SAB,Skilled Birth Attendance,Layer 2,91.1,0,,,61.66666666666667,83.33333333333334,40.0
UNSDG_WESTERNASIA,Western Asia (UNSDG),2023,NT_ANE_WOM_15_49_MOD,Anaemia WRA,Layer 1,28.672,1,,,61.66666666666667,83.33333333333334,40.0
UNSDG_WESTERNASIA,Western Asia (UNSDG),2024,NT_ANT_HAZ_NE2_MOD,Stunting,Layer 1,18.0142,0,,,61.66666666666667,83.33333333333334,40.0
UNSDG_WESTERNASIA,Western Asia (UNSDG),2024,NT_ANT_WHZ_PO2_MOD,Overweight,Layer 1,6.1545,0,,,61.66666666666667,83.33333333333334,40.0
UNSDG_WESTERNASIA,Western Asia (UNSDG),2024,NT_BF_EIBF,Early BF Initiation,Layer 2,45.6566,0,,,61.66666666666667,83.33333333333334,40.0
UNSDG_WESTERNASIA,Western Asia (UNSDG),2024,NT_BF_EXBF,Excl. BF,Layer 1,31.0075,0,,,61.66666666666667,83.33333333333334,40.0
UNSDG_WESTERNASIA,Western Asia (UNSDG),2020,NT_BW_LBW,Low Birth Weight,Layer 1,12.2885,4,,,61.66666666666667,83.33333333333334,40.0
UNSDG_WESTERNASIA,Western Asia (UNSDG),2024,NT_CF_MDD,Min Dietary Diversity,Layer 2,34.2543,0,,,61.66666666666667,83.33333333333334,40.0
UNSDG_WESTERNASIANORTHERNAFR,Northern Africa and Western Asia (UNSDG),2024,MNCH_ANC4,ANC 4+ Visits,Layer 2,70.2,0,,,61.66666666666667,83.33333333333334,40.0
UNSDG_WESTERNASIANORTHERNAFR,Northern Africa and Western Asia (UNSDG),2024,MNCH_SAB,Skilled Birth Attendance,Layer 2,92.8,0,,,61.66666666666667,83.33333333333334,40.0
UNSDG_WESTERNASIANORTHERNAFR,Northern Africa and Western Asia (UNSDG),2023,NT_ANE_WOM_15_49_MOD,Anaemia WRA,Layer 1,30.221,1,,,61.66666666666667,83.33333333333334,40.0
UNSDG_WESTERNASIANORTHERNAFR,Northern Africa and Western Asia (UNSDG),2024,NT_ANT_HAZ_NE2_MOD,Stunting,Layer 1,18.0718,0,,,61.66666666666667,83.33333333333334,40.0
UNSDG_WESTERNASIANORTHERNAFR,Northern Africa and Western Asia (UNSDG),2024,NT_ANT_WHZ_PO2_MOD,Overweight,Layer 1,7.3464,0,,,61.66666666666667,83.33333333333334,40.0
UNSDG_WESTERNASIANORTHERNAFR,Northern Africa and Western Asia (UNSDG),2024,NT_BF_EIBF,Early BF Initiation,Layer 2,39.2806,0,,,61.66666666666667,83.33333333333334,40.0
UNSDG_WESTERNASIANORTHERNAFR,Northern Africa and Western Asia (UNSDG),2024,NT_BF_EXBF,Excl. BF,Layer 1,33.5964,0,,,61.66666666666667,83.33333333333334,40.0
UNSDG_WESTERNASIANORTHERNAFR,Northern Africa and Western Asia (UNSDG),2020,NT_BW_LBW,Low Birth Weight,Layer 1,13.1623,4,,,61.66666666666667,83.33333333333334,40.0
UNSDG_WESTERNASIANORTHERNAFR,Northern Africa and Western Asia (UNSDG),2024,NT_CF_MDD,Min Dietary Diversity,Layer 2,38.0535,0,,,61.66666666666667,83.33333333333334,40.0
UNSDG_WESTERNEUROPE,Western Europe (UNSDG),2024,MNCH_ANC4,ANC 4+ Visits,Layer 2,98.9,0,,,43.33333333333333,66.66666666666666,20.0
UNSDG_WESTERNEUROPE,Western Europe (UNSDG),2024,MNCH_SAB,Skilled Birth Attendance,Layer 2,97.4,0,,,43.33333333333333,66.66666666666666,20.0
UNSDG_WESTERNEUROPE,Western Europe (UNSDG),2023,NT_ANE_WOM_15_49_MOD,Anaemia WRA,Layer 1,14.2481,1,,,43.33333333333333,66.66666666666666,20.0
UNSDG_WESTERNEUROPE,Western Europe (UNSDG),2024,NT_ANT_HAZ_NE2_MOD,Stunting,Layer 1,2.4757,0,,,43.33333333333333,66.66666666666666,20.0
UNSDG_WESTERNEUROPE,Western Europe (UNSDG),2024,NT_ANT_WHZ_PO2_MOD,Overweight,Layer 1,5.6034,0,,,43.33333333333333,66.66666666666666,20.0
UNSDG_WESTERNEUROPE,Western Europe (UNSDG),2020,NT_BW_LBW,Low Birth Weight,Layer 1,6.8423,4,,,43.33333333333333,66.66666666666666,20.0
URY,Uruguay,2024,IM_DTP3,DTP3 Coverage,Layer 2,94.0,0,Latin America and Caribbean,High income,66.66666666666667,83.33333333333334,50.0
URY,Uruguay,2023,MNCH_ANC4,ANC 4+ Visits,Layer 2,97.6,1,Latin America and Caribbean,High income,66.66666666666667,83.33333333333334,50.0
URY,Uruguay,2023,MNCH_SAB,Skilled Birth Attendance,Layer 2,100.0,1,Latin America and Caribbean,High income,66.66666666666667,83.33333333333334,50.0
URY,Uruguay,2023,NT_ANE_WOM_15_49_MOD,Anaemia WRA,Layer 1,24.5,1,Latin America and Caribbean,High income,66.66666666666667,83.33333333333334,50.0
URY,Uruguay,2024,NT_ANT_HAZ_NE2_MOD,Stunting,Layer 1,6.5222,0,Latin America and Caribbean,High income,66.66666666666667,83.33333333333334,50.0
URY,Uruguay,2024,NT_ANT_WHZ_PO2_MOD,Overweight,Layer 1,13.4986,0,Latin America and Caribbean,High income,66.66666666666667,83.33333333333334,50.0
URY,Uruguay,2023,NT_BF_EIBF,Early BF Initiation,Layer 2,66.0985,1,Latin America and Caribbean,High income,66.66666666666667,83.33333333333334,50.0
URY,Uruguay,2023,NT_BF_EXBF,Excl. BF,Layer 1,51.3423,1,Latin America and Caribbean,High income,66.66666666666667,83.33333333333334,50.0
URY,Uruguay,2020,NT_BW_LBW,Low Birth Weight,Layer 1,7.803,4,Latin America and Caribbean,High income,66.66666666666667,83.33333333333334,50.0
URY,Uruguay,2023,NT_CF_MDD,Min Dietary Diversity,Layer 2,79.4195,1,Latin America and Caribbean,High income,66.66666666666667,83.33333333333334,50.0
USA,United States,2024,IM_DTP3,DTP3 Coverage,Layer 2,94.0,0,North America,High income,43.33333333333333,66.66666666666666,20.0
USA,United States,2011,MNCH_ANC4,ANC 4+ Visits,Layer 2,96.6,13,North America,High income,43.33333333333333,66.66666666666666,20.0
USA,United States,2023,MNCH_SAB,Skilled Birth Attendance,Layer 2,98.8,1,North America,High income,43.33333333333333,66.66666666666666,20.0
USA,United States,2023,NT_ANE_WOM_15_49_MOD,Anaemia WRA,Layer 1,15.0,1,North America,High income,43.33333333333333,66.66666666666666,20.0
USA,United States,2024,NT_ANT_HAZ_NE2_MOD,Stunting,Layer 1,4.2096,0,North America,High income,43.33333333333333,66.66666666666666,20.0
USA,United States,2024,NT_ANT_WHZ_PO2_MOD,Overweight,Layer 1,9.694,0,North America,High income,43.33333333333333,66.66666666666666,20.0
USA,United States,2018,NT_BF_EXBF,Excl. BF,Layer 1,25.7992,6,North America,High income,43.33333333333333,66.66666666666666,20.0
USA,United States,2020,NT_BW_LBW,Low Birth Weight,Layer 1,8.2614,4,North America,High income,43.33333333333333,66.66666666666666,20.0
UZB,Uzbekistan,2024,IM_DTP3,DTP3 Coverage,Layer 2,90.0,0,Europe and Central Asia,Lower middle income,76.66666666666667,83.33333333333334,70.0
UZB,Uzbekistan,2022,MNCH_ANC4,ANC 4+ Visits,Layer 2,89.5,2,Europe and Central Asia,Lower middle income,76.66666666666667,83.33333333333334,70.0
UZB,Uzbekistan,2022,MNCH_SAB,Skilled Birth Attendance,Layer 2,99.0,2,Europe and Central Asia,Lower middle income,76.66666666666667,83.33333333333334,70.0
UZB,Uzbekistan,2023,NT_ANE_WOM_15_49_MOD,Anaemia WRA,Layer 1,30.4,1,Europe and Central Asia,Lower middle income,76.66666666666667,83.33333333333334,70.0
UZB,Uzbekistan,2024,NT_ANT_HAZ_NE2_MOD,Stunting,Layer 1,6.6985,0,Europe and Central Asia,Lower middle income,76.66666666666667,83.33333333333334,70.0
UZB,Uzbekistan,2024,NT_ANT_WHZ_PO2_MOD,Overweight,Layer 1,5.5178,0,Europe and Central Asia,Lower middle income,76.66666666666667,83.33333333333334,70.0
UZB,Uzbekistan,2021,NT_BF_EIBF,Early BF Initiation,Layer 2,40.2986,3,Europe and Central Asia,Lower middle income,76.66666666666667,83.33333333333334,70.0
UZB,Uzbekistan,2021,NT_BF_EXBF,Excl. BF,Layer 1,25.2042,3,Europe and Central Asia,Lower middle income,76.66666666666667,83.33333333333334,70.0
UZB,Uzbekistan,2020,NT_BW_LBW,Low Birth Weight,Layer 1,5.8485,4,Europe and Central Asia,Lower middle income,76.66666666666667,83.33333333333334,70.0
UZB,Uzbekistan,2021,NT_CF_MAD,Min Acceptable Diet,Layer 2,38.6338,3,Europe and Central Asia,Lower middle income,76.66666666666667,83.33333333333334,70.0
UZB,Uzbekistan,2021,NT_CF_MDD,Min Dietary Diversity,Layer 2,56.112,3,Europe and Central Asia,Lower middle income,76.66666666666667,83.33333333333334,70.0
UZB,Uzbekistan,2021,NT_CF_MMF,Min Meal Frequency,Layer 2,68.8067,3,Europe and Central Asia,Lower middle income,76.66666666666667,83.33333333333334,70.0
VCT,Saint Vincent and the Grenadines,2024,IM_DTP3,DTP3 Coverage,Layer 2,99.0,0,Latin America and Caribbean,Upper middle income,18.333333333333332,16.666666666666664,20.0
VCT,Saint Vincent and the Grenadines,2009,MNCH_ANC4,ANC 4+ Visits,Layer 2,99.5,15,Latin America and Caribbean,Upper middle income,18.333333333333332,16.666666666666664,20.0
VCT,Saint Vincent and the Grenadines,2021,MNCH_SAB,Skilled Birth Attendance,Layer 2,99.0,3,Latin America and Caribbean,Upper middle income,18.333333333333332,16.666666666666664,20.0
VCT,Saint Vincent and the Grenadines,2023,NT_ANE_WOM_15_49_MOD,Anaemia WRA,Layer 1,18.8,1,Latin America and Caribbean,Upper middle income,18.333333333333332,16.666666666666664,20.0
VEN,Venezuela (Bolivarian Republic of),2024,IM_DTP3,DTP3 Coverage,Layer 2,62.0,0,Latin America and Caribbean,Upper middle income,38.33333333333333,66.66666666666666,10.0
VEN,Venezuela (Bolivarian Republic of),2013,MNCH_ANC4,ANC 4+ Visits,Layer 2,83.8,11,Latin America and Caribbean,Upper middle income,38.33333333333333,66.66666666666666,10.0
VEN,Venezuela (Bolivarian Republic of),2018,MNCH_SAB,Skilled Birth Attendance,Layer 2,98.7,6,Latin America and Caribbean,Upper middle income,38.33333333333333,66.66666666666666,10.0
VEN,Venezuela (Bolivarian Republic of),2023,NT_ANE_WOM_15_49_MOD,Anaemia WRA,Layer 1,25.2,1,Latin America and Caribbean,Upper middle income,38.33333333333333,66.66666666666666,10.0
VEN,Venezuela (Bolivarian Republic of),2024,NT_ANT_HAZ_NE2_MOD,Stunting,Layer 1,11.665,0,Latin America and Caribbean,Upper middle income,38.33333333333333,66.66666666666666,10.0
VEN,Venezuela (Bolivarian Republic of),2024,NT_ANT_WHZ_PO2_MOD,Overweight,Layer 1,7.3194,0,Latin America and Caribbean,Upper middle income,38.33333333333333,66.66666666666666,10.0
VEN,Venezuela (Bolivarian Republic of),2020,NT_BW_LBW,Low Birth Weight,Layer 1,9.3029,4,Latin America and Caribbean,Upper middle income,38.33333333333333,66.66666666666666,10.0
VNM,Viet Nam,2024,IM_DTP3,DTP3 Coverage,Layer 2,97.0,0,East Asia and Pacific,Lower middle income,76.66666666666667,83.33333333333334,70.0
VNM,Viet Nam,2023,MNCH_ANC4,ANC 4+ Visits,Layer 2,87.7,1,East Asia and Pacific,Lower middle income,76.66666666666667,83.33333333333334,70.0
VNM,Viet Nam,2022,MNCH_SAB,Skilled Birth Attendance,Layer 2,98.0,2,East Asia and Pacific,Lower middle income,76.66666666666667,83.33333333333334,70.0
VNM,Viet Nam,2023,NT_ANE_WOM_15_49_MOD,Anaemia WRA,Layer 1,20.5,1,East Asia and Pacific,Lower middle income,76.66666666666667,83.33333333333334,70.0
VNM,Viet Nam,2024,NT_ANT_HAZ_NE2_MOD,Stunting,Layer 1,19.1648,0,East Asia and Pacific,Lower middle income,76.66666666666667,83.33333333333334,70.0
VNM,Viet Nam,2024,NT_ANT_WHZ_PO2_MOD,Overweight,Layer 1,10.5078,0,East Asia and Pacific,Lower middle income,76.66666666666667,83.33333333333334,70.0
VNM,Viet Nam,2020,NT_BF_EIBF,Early BF Initiation,Layer 2,23.4512,4,East Asia and Pacific,Lower middle income,76.66666666666667,83.33333333333334,70.0
VNM,Viet Nam,2020,NT_BF_EXBF,Excl. BF,Layer 1,45.4294,4,East Asia and Pacific,Lower middle income,76.66666666666667,83.33333333333334,70.0
VNM,Viet Nam,2020,NT_BW_LBW,Low Birth Weight,Layer 1,6.3112,4,East Asia and Pacific,Lower middle income,76.66666666666667,83.33333333333334,70.0
VNM,Viet Nam,2020,NT_CF_MAD,Min Acceptable Diet,Layer 2,45.6568,4,East Asia and Pacific,Lower middle income,76.66666666666667,83.33333333333334,70.0
VNM,Viet Nam,2020,NT_CF_MDD,Min Dietary Diversity,Layer 2,55.7067,4,East Asia and Pacific,Lower middle income,76.66666666666667,83.33333333333334,70.0
VNM,Viet Nam,2020,NT_CF_MMF,Min Meal Frequency,Layer 2,76.9589,4,East Asia and Pacific,Lower middle income,76.66666666666667,83.33333333333334,70.0
VUT,Vanuatu,2024,IM_DTP3,DTP3 Coverage,Layer 2,71.0,0,East Asia and Pacific,Lower middle income,76.66666666666667,83.33333333333334,70.0
VUT,Vanuatu,2023,MNCH_ANC4,ANC 4+ Visits,Layer 2,65.0,1,East Asia and Pacific,Lower middle income,76.66666666666667,83.33333333333334,70.0
VUT,Vanuatu,2023,MNCH_SAB,Skilled Birth Attendance,Layer 2,90.9,1,East Asia and Pacific,Lower middle income,76.66666666666667,83.33333333333334,70.0
VUT,Vanuatu,2023,NT_ANE_WOM_15_49_MOD,Anaemia WRA,Layer 1,30.4,1,East Asia and Pacific,Lower middle income,76.66666666666667,83.33333333333334,70.0
VUT,Vanuatu,2024,NT_ANT_HAZ_NE2_MOD,Stunting,Layer 1,31.037,0,East Asia and Pacific,Lower middle income,76.66666666666667,83.33333333333334,70.0
VUT,Vanuatu,2024,NT_ANT_WHZ_PO2_MOD,Overweight,Layer 1,5.5,0,East Asia and Pacific,Lower middle income,76.66666666666667,83.33333333333334,70.0
VUT,Vanuatu,2023,NT_BF_EIBF,Early BF Initiation,Layer 2,58.8259,1,East Asia and Pacific,Lower middle income,76.66666666666667,83.33333333333334,70.0
VUT,Vanuatu,2023,NT_BF_EXBF,Excl. BF,Layer 1,75.9419,1,East Asia and Pacific,Lower middle income,76.66666666666667,83.33333333333334,70.0
VUT,Vanuatu,2020,NT_BW_LBW,Low Birth Weight,Layer 1,13.0626,4,East Asia and Pacific,Lower middle income,76.66666666666667,83.33333333333334,70.0
VUT,Vanuatu,2023,NT_CF_MAD,Min Acceptable Diet,Layer 2,8.8429,1,East Asia and Pacific,Lower middle income,76.66666666666667,83.33333333333334,70.0
VUT,Vanuatu,2023,NT_CF_MDD,Min Dietary Diversity,Layer 2,25.2263,1,East Asia and Pacific,Lower middle income,76.66666666666667,83.33333333333334,70.0
VUT,Vanuatu,2023,NT_CF_MMF,Min Meal Frequency,Layer 2,22.6133,1,East Asia and Pacific,Lower middle income,76.66666666666667,83.33333333333334,70.0
WB_EAP,East Asia and Pacific (World Bank regions),2024,MNCH_ANC4,ANC 4+ Visits,Layer 2,86.8,0,,,66.66666666666667,83.33333333333334,50.0
WB_EAP,East Asia and Pacific (World Bank regions),2024,MNCH_SAB,Skilled Birth Attendance,Layer 2,96.7,0,,,66.66666666666667,83.33333333333334,50.0
WB_EAP,East Asia and Pacific (World Bank regions),2023,NT_ANE_WOM_15_49_MOD,Anaemia WRA,Layer 1,18.6905,1,,,66.66666666666667,83.33333333333334,50.0
WB_EAP,East Asia and Pacific (World Bank regions),2024,NT_ANT_HAZ_NE2_MOD,Stunting,Layer 1,13.289,0,,,66.66666666666667,83.33333333333334,50.0
WB_EAP,East Asia and Pacific (World Bank regions),2024,NT_ANT_WHZ_PO2_MOD,Overweight,Layer 1,7.8263,0,,,66.66666666666667,83.33333333333334,50.0
WB_EAP,East Asia and Pacific (World Bank regions),2024,NT_BF_EXBF,Excl. BF,Layer 1,37.4477,0,,,66.66666666666667,83.33333333333334,50.0
WB_EAP,East Asia and Pacific (World Bank regions),2020,NT_BW_LBW,Low Birth Weight,Layer 1,8.5202,4,,,66.66666666666667,83.33333333333334,50.0
WB_EAP,East Asia and Pacific (World Bank regions),2024,NT_CF_MAD,Min Acceptable Diet,Layer 2,43.3646,0,,,66.66666666666667,83.33333333333334,50.0
WB_EAP,East Asia and Pacific (World Bank regions),2024,NT_CF_MDD,Min Dietary Diversity,Layer 2,55.6633,0,,,66.66666666666667,83.33333333333334,50.0
WB_EAP,East Asia and Pacific (World Bank regions),2024,NT_CF_MMF,Min Meal Frequency,Layer 2,73.4638,0,,,66.66666666666667,83.33333333333334,50.0
WB_ECA,Europe and Central Asia (World Bank regions),2024,MNCH_ANC4,ANC 4+ Visits,Layer 2,92.4,0,,,43.33333333333333,66.66666666666666,20.0
WB_ECA,Europe and Central Asia (World Bank regions),2024,MNCH_SAB,Skilled Birth Attendance,Layer 2,99.1,0,,,43.33333333333333,66.66666666666666,20.0
WB_ECA,Europe and Central Asia (World Bank regions),2023,NT_ANE_WOM_15_49_MOD,Anaemia WRA,Layer 1,21.3382,1,,,43.33333333333333,66.66666666666666,20.0
WB_ECA,Europe and Central Asia (World Bank regions),2024,NT_ANT_HAZ_NE2_MOD,Stunting,Layer 1,4.5834,0,,,43.33333333333333,66.66666666666666,20.0
WB_ECA,Europe and Central Asia (World Bank regions),2024,NT_ANT_WHZ_PO2_MOD,Overweight,Layer 1,7.5277,0,,,43.33333333333333,66.66666666666666,20.0
WB_ECA,Europe and Central Asia (World Bank regions),2020,NT_BW_LBW,Low Birth Weight,Layer 1,7.5746,4,,,43.33333333333333,66.66666666666666,20.0
WB_HI,World Bank (high income),2024,MNCH_ANC4,ANC 4+ Visits,Layer 2,95.6,0,,,43.33333333333333,66.66666666666666,20.0
WB_HI,World Bank (high income),2024,MNCH_SAB,Skilled Birth Attendance,Layer 2,99.0,0,,,43.33333333333333,66.66666666666666,20.0
WB_HI,World Bank (high income),2023,NT_ANE_WOM_15_49_MOD,Anaemia WRA,Layer 1,17.274,1,,,43.33333333333333,66.66666666666666,20.0
WB_HI,World Bank (high income),2024,NT_ANT_HAZ_NE2_MOD,Stunting,Layer 1,4.0397,0,,,43.33333333333333,66.66666666666666,20.0
WB_HI,World Bank (high income),2024,NT_ANT_WHZ_PO2_MOD,Overweight,Layer 1,8.4129,0,,,43.33333333333333,66.66666666666666,20.0
WB_HI,World Bank (high income),2020,NT_BW_LBW,Low Birth Weight,Layer 1,8.0168,4,,,43.33333333333333,66.66666666666666,20.0
WB_LAC,Latin America and the Caribbean (World Bank regions),2024,MNCH_ANC4,ANC 4+ Visits,Layer 2,91.0,0,,,56.66666666666667,83.33333333333334,30.0
WB_LAC,Latin America and the Caribbean (World Bank regions),2024,MNCH_SAB,Skilled Birth Attendance,Layer 2,95.9,0,,,56.66666666666667,83.33333333333334,30.0
WB_LAC,Latin America and the Caribbean (World Bank regions),2023,NT_ANE_WOM_15_49_MOD,Anaemia WRA,Layer 1,19.9618,1,,,56.66666666666667,83.33333333333334,30.0
WB_LAC,Latin America and the Caribbean (World Bank regions),2024,NT_ANT_HAZ_NE2_MOD,Stunting,Layer 1,12.3988,0,,,56.66666666666667,83.33333333333334,30.0
WB_LAC,Latin America and the Caribbean (World Bank regions),2024,NT_ANT_WHZ_PO2_MOD,Overweight,Layer 1,8.7657,0,,,56.66666666666667,83.33333333333334,30.0
WB_LAC,Latin America and the Caribbean (World Bank regions),2024,NT_BF_EIBF,Early BF Initiation,Layer 2,58.858,0,,,56.66666666666667,83.33333333333334,30.0
WB_LAC,Latin America and the Caribbean (World Bank regions),2024,NT_BF_EXBF,Excl. BF,Layer 1,43.2,0,,,56.66666666666667,83.33333333333334,30.0
WB_LAC,Latin America and the Caribbean (World Bank regions),2020,NT_BW_LBW,Low Birth Weight,Layer 1,9.7106,4,,,56.66666666666667,83.33333333333334,30.0
WB_LI,World Bank (low income),2024,MNCH_ANC4,ANC 4+ Visits,Layer 2,48.6,0,,,71.66666666666667,83.33333333333334,60.0
WB_LI,World Bank (low income),2024,MNCH_SAB,Skilled Birth Attendance,Layer 2,77.0,0,,,71.66666666666667,83.33333333333334,60.0
WB_LI,World Bank (low income),2023,NT_ANE_WOM_15_49_MOD,Anaemia WRA,Layer 1,38.4554,1,,,71.66666666666667,83.33333333333334,60.0
WB_LI,World Bank (low income),2024,NT_ANT_HAZ_NE2_MOD,Stunting,Layer 1,35.8448,0,,,71.66666666666667,83.33333333333334,60.0
WB_LI,World Bank (low income),2024,NT_ANT_WHZ_PO2_MOD,Overweight,Layer 1,3.5917,0,,,71.66666666666667,83.33333333333334,60.0
WB_LI,World Bank (low income),2024,NT_BF_EIBF,Early BF Initiation,Layer 2,61.1595,0,,,71.66666666666667,83.33333333333334,60.0
WB_LI,World Bank (low income),2024,NT_BF_EXBF,Excl. BF,Layer 1,48.7296,0,,,71.66666666666667,83.33333333333334,60.0
WB_LI,World Bank (low income),2020,NT_BW_LBW,Low Birth Weight,Layer 1,14.6528,4,,,71.66666666666667,83.33333333333334,60.0
WB_LI,World Bank (low income),2024,NT_CF_MAD,Min Acceptable Diet,Layer 2,9.8545,0,,,71.66666666666667,83.33333333333334,60.0
WB_LI,World Bank (low income),2024,NT_CF_MDD,Min Dietary Diversity,Layer 2,17.1214,0,,,71.66666666666667,83.33333333333334,60.0
WB_LI,World Bank (low income),2024,NT_CF_MMF,Min Meal Frequency,Layer 2,40.7607,0,,,71.66666666666667,83.33333333333334,60.0
WB_LMI,World Bank (lower middle income),2024,MNCH_ANC4,ANC 4+ Visits,Layer 2,67.0,0,,,71.66666666666667,83.33333333333334,60.0
WB_LMI,World Bank (lower middle income),2024,MNCH_SAB,Skilled Birth Attendance,Layer 2,84.0,0,,,71.66666666666667,83.33333333333334,60.0
WB_LMI,World Bank (lower middle income),2023,NT_ANE_WOM_15_49_MOD,Anaemia WRA,Layer 1,43.8117,1,,,71.66666666666667,83.33333333333334,60.0
WB_LMI,World Bank (lower middle income),2024,NT_ANT_HAZ_NE2_MOD,Stunting,Layer 1,28.8704,0,,,71.66666666666667,83.33333333333334,60.0
WB_LMI,World Bank (lower middle income),2024,NT_ANT_WHZ_PO2_MOD,Overweight,Layer 1,4.0021,0,,,71.66666666666667,83.33333333333334,60.0
WB_LMI,World Bank (lower middle income),2024,NT_BF_EIBF,Early BF Initiation,Layer 2,40.8774,0,,,71.66666666666667,83.33333333333334,60.0
WB_LMI,World Bank (lower middle income),2024,NT_BF_EXBF,Excl. BF,Layer 1,51.0228,0,,,71.66666666666667,83.33333333333334,60.0
WB_LMI,World Bank (lower middle income),2020,NT_BW_LBW,Low Birth Weight,Layer 1,19.5275,4,,,71.66666666666667,83.33333333333334,60.0
WB_LMI,World Bank (lower middle income),2024,NT_CF_MAD,Min Acceptable Diet,Layer 2,15.8244,0,,,71.66666666666667,83.33333333333334,60.0
WB_LMI,World Bank (lower middle income),2024,NT_CF_MDD,Min Dietary Diversity,Layer 2,26.3854,0,,,71.66666666666667,83.33333333333334,60.0
WB_LMI,World Bank (lower middle income),2024,NT_CF_MMF,Min Meal Frequency,Layer 2,46.1456,0,,,71.66666666666667,83.33333333333334,60.0
WB_MNA,Middle East and North Africa (World Bank regions),2024,MNCH_ANC4,ANC 4+ Visits,Layer 2,66.2,0,,,71.66666666666667,83.33333333333334,60.0
WB_MNA,Middle East and North Africa (World Bank regions),2024,MNCH_SAB,Skilled Birth Attendance,Layer 2,87.7,0,,,71.66666666666667,83.33333333333334,60.0
WB_MNA,Middle East and North Africa (World Bank regions),2023,NT_ANE_WOM_15_49_MOD,Anaemia WRA,Layer 1,35.216,1,,,71.66666666666667,83.33333333333334,60.0
WB_MNA,Middle East and North Africa (World Bank regions),2024,NT_ANT_HAZ_NE2_MOD,Stunting,Layer 1,24.1043,0,,,71.66666666666667,83.33333333333334,60.0
WB_MNA,Middle East and North Africa (World Bank regions),2024,NT_ANT_WHZ_PO2_MOD,Overweight,Layer 1,5.2999,0,,,71.66666666666667,83.33333333333334,60.0
WB_MNA,Middle East and North Africa (World Bank regions),2024,NT_BF_EIBF,Early BF Initiation,Layer 2,28.4025,0,,,71.66666666666667,83.33333333333334,60.0
WB_MNA,Middle East and North Africa (World Bank regions),2024,NT_BF_EXBF,Excl. BF,Layer 1,43.1847,0,,,71.66666666666667,83.33333333333334,60.0
WB_MNA,Middle East and North Africa (World Bank regions),2020,NT_BW_LBW,Low Birth Weight,Layer 1,15.4981,4,,,71.66666666666667,83.33333333333334,60.0
WB_MNA,Middle East and North Africa (World Bank regions),2024,NT_CF_MAD,Min Acceptable Diet,Layer 2,17.8237,0,,,71.66666666666667,83.33333333333334,60.0
WB_MNA,Middle East and North Africa (World Bank regions),2024,NT_CF_MDD,Min Dietary Diversity,Layer 2,25.5371,0,,,71.66666666666667,83.33333333333334,60.0
WB_MNA,Middle East and North Africa (World Bank regions),2024,NT_CF_MMF,Min Meal Frequency,Layer 2,57.224,0,,,71.66666666666667,83.33333333333334,60.0
WB_NAR,North America (World Bank regions),2024,MNCH_ANC4,ANC 4+ Visits,Layer 2,97.5,0,,,51.66666666666667,83.33333333333334,20.0
WB_NAR,North America (World Bank regions),2024,MNCH_SAB,Skilled Birth Attendance,Layer 2,98.8,0,,,51.66666666666667,83.33333333333334,20.0
WB_NAR,North America (World Bank regions),2023,NT_ANE_WOM_15_49_MOD,Anaemia WRA,Layer 1,14.897,1,,,51.66666666666667,83.33333333333334,20.0
WB_NAR,North America (World Bank regions),2024,NT_ANT_HAZ_NE2_MOD,Stunting,Layer 1,4.0801,0,,,51.66666666666667,83.33333333333334,20.0
WB_NAR,North America (World Bank regions),2024,NT_ANT_WHZ_PO2_MOD,Overweight,Layer 1,9.8563,0,,,51.66666666666667,83.33333333333334,20.0
WB_NAR,North America (World Bank regions),2024,NT_BF_EXBF,Excl. BF,Layer 1,25.8,0,,,51.66666666666667,83.33333333333334,20.0
WB_NAR,North America (World Bank regions),2020,NT_BW_LBW,Low Birth Weight,Layer 1,8.1462,4,,,51.66666666666667,83.33333333333334,20.0
WB_SAR,South Asia (World Bank regions),2024,MNCH_ANC4,ANC 4+ Visits,Layer 2,65.2,0,,,71.66666666666667,83.33333333333334,60.0
WB_SAR,South Asia (World Bank regions),2024,MNCH_SAB,Skilled Birth Attendance,Layer 2,89.9,0,,,71.66666666666667,83.33333333333334,60.0
WB_SAR,South Asia (World Bank regions),2023,NT_ANE_WOM_15_49_MOD,Anaemia WRA,Layer 1,51.0866,1,,,71.66666666666667,83.33333333333334,60.0
WB_SAR,South Asia (World Bank regions),2024,NT_ANT_HAZ_NE2_MOD,Stunting,Layer 1,31.509,0,,,71.66666666666667,83.33333333333334,60.0
WB_SAR,South Asia (World Bank regions),2024,NT_ANT_WHZ_PO2_MOD,Overweight,Layer 1,3.3687,0,,,71.66666666666667,83.33333333333334,60.0
WB_SAR,South Asia (World Bank regions),2024,NT_BF_EIBF,Early BF Initiation,Layer 2,41.6907,0,,,71.66666666666667,83.33333333333334,60.0
WB_SAR,South Asia (World Bank regions),2024,NT_BF_EXBF,Excl. BF,Layer 1,62.222,0,,,71.66666666666667,83.33333333333334,60.0
WB_SAR,South Asia (World Bank regions),2020,NT_BW_LBW,Low Birth Weight,Layer 1,26.5832,4,,,71.66666666666667,83.33333333333334,60.0
WB_SAR,South Asia (World Bank regions),2024,NT_CF_MAD,Min Acceptable Diet,Layer 2,14.1253,0,,,71.66666666666667,83.33333333333334,60.0
WB_SAR,South Asia (World Bank regions),2024,NT_CF_MDD,Min Dietary Diversity,Layer 2,25.899,0,,,71.66666666666667,83.33333333333334,60.0
WB_SAR,South Asia (World Bank regions),2024,NT_CF_MMF,Min Meal Frequency,Layer 2,39.4992,0,,,71.66666666666667,83.33333333333334,60.0
WB_SSA,Sub-Saharan Africa (World Bank regions),2024,MNCH_ANC4,ANC 4+ Visits,Layer 2,57.6,0,,,71.66666666666667,83.33333333333334,60.0
WB_SSA,Sub-Saharan Africa (World Bank regions),2024,MNCH_SAB,Skilled Birth Attendance,Layer 2,72.5,0,,,71.66666666666667,83.33333333333334,60.0
WB_SSA,Sub-Saharan Africa (World Bank regions),2023,NT_ANE_WOM_15_49_MOD,Anaemia WRA,Layer 1,36.6814,1,,,71.66666666666667,83.33333333333334,60.0
WB_SSA,Sub-Saharan Africa (World Bank regions),2024,NT_ANT_HAZ_NE2_MOD,Stunting,Layer 1,32.2879,0,,,71.66666666666667,83.33333333333334,60.0
WB_SSA,Sub-Saharan Africa (World Bank regions),2024,NT_ANT_WHZ_PO2_MOD,Overweight,Layer 1,3.8325,0,,,71.66666666666667,83.33333333333334,60.0
WB_SSA,Sub-Saharan Africa (World Bank regions),2024,NT_BF_EIBF,Early BF Initiation,Layer 2,56.4452,0,,,71.66666666666667,83.33333333333334,60.0
WB_SSA,Sub-Saharan Africa (World Bank regions),2024,NT_BF_EXBF,Excl. BF,Layer 1,45.6413,0,,,71.66666666666667,83.33333333333334,60.0
WB_SSA,Sub-Saharan Africa (World Bank regions),2020,NT_BW_LBW,Low Birth Weight,Layer 1,13.8939,4,,,71.66666666666667,83.33333333333334,60.0
WB_SSA,Sub-Saharan Africa (World Bank regions),2024,NT_CF_MAD,Min Acceptable Diet,Layer 2,10.5819,0,,,71.66666666666667,83.33333333333334,60.0
WB_SSA,Sub-Saharan Africa (World Bank regions),2024,NT_CF_MDD,Min Dietary Diversity,Layer 2,18.4572,0,,,71.66666666666667,83.33333333333334,60.0
WB_SSA,Sub-Saharan Africa (World Bank regions),2024,NT_CF_MMF,Min Meal Frequency,Layer 2,43.0164,0,,,71.66666666666667,83.33333333333334,60.0
WB_UMI,World Bank (upper middle income),2024,MNCH_ANC4,ANC 4+ Visits,Layer 2,88.1,0,,,66.66666666666667,83.33333333333334,50.0
WB_UMI,World Bank (upper middle income),2024,MNCH_SAB,Skilled Birth Attendance,Layer 2,98.0,0,,,66.66666666666667,83.33333333333334,50.0
WB_UMI,World Bank (upper middle income),2023,NT_ANE_WOM_15_49_MOD,Anaemia WRA,Layer 1,20.0713,1,,,66.66666666666667,83.33333333333334,50.0
WB_UMI,World Bank (upper middle income),2024,NT_ANT_HAZ_NE2_MOD,Stunting,Layer 1,10.8057,0,,,66.66666666666667,83.33333333333334,50.0
WB_UMI,World Bank (upper middle income),2024,NT_ANT_WHZ_PO2_MOD,Overweight,Layer 1,8.568,0,,,66.66666666666667,83.33333333333334,50.0
WB_UMI,World Bank (upper middle income),2024,NT_BF_EIBF,Early BF Initiation,Layer 2,54.8042,0,,,66.66666666666667,83.33333333333334,50.0
WB_UMI,World Bank (upper middle income),2024,NT_BF_EXBF,Excl. BF,Layer 1,37.0327,0,,,66.66666666666667,83.33333333333334,50.0
WB_UMI,World Bank (upper middle income),2020,NT_BW_LBW,Low Birth Weight,Layer 1,8.3858,4,,,66.66666666666667,83.33333333333334,50.0
WB_UMI,World Bank (upper middle income),2024,NT_CF_MDD,Min Dietary Diversity,Layer 2,57.6978,0,,,66.66666666666667,83.33333333333334,50.0
WB_UMI,World Bank (upper middle income),2024,NT_CF_MMF,Min Meal Frequency,Layer 2,72.1734,0,,,66.66666666666667,83.33333333333334,50.0
WHO_AFRO,Africa (WHO regions),2024,IM_DTP3,DTP3 Coverage,Layer 2,76.0,0,,,76.66666666666667,83.33333333333334,70.0
WHO_AFRO,Africa (WHO regions),2024,MNCH_ANC4,ANC 4+ Visits,Layer 2,59.6,0,,,76.66666666666667,83.33333333333334,70.0
WHO_AFRO,Africa (WHO regions),2024,MNCH_SAB,Skilled Birth Attendance,Layer 2,72.9,0,,,76.66666666666667,83.33333333333334,70.0
WHO_AFRO,Africa (WHO regions),2023,NT_ANE_WOM_15_49_MOD,Anaemia WRA,Layer 1,36.4727,1,,,76.66666666666667,83.33333333333334,70.0
WHO_AFRO,Africa (WHO regions),2024,NT_ANT_HAZ_NE2_MOD,Stunting,Layer 1,31.7362,0,,,76.66666666666667,83.33333333333334,70.0
WHO_AFRO,Africa (WHO regions),2024,NT_ANT_WHZ_PO2_MOD,Overweight,Layer 1,4.1436,0,,,76.66666666666667,83.33333333333334,70.0
WHO_AFRO,Africa (WHO regions),2024,NT_BF_EIBF,Early BF Initiation,Layer 2,55.8215,0,,,76.66666666666667,83.33333333333334,70.0
WHO_AFRO,Africa (WHO regions),2024,NT_BF_EXBF,Excl. BF,Layer 1,45.472,0,,,76.66666666666667,83.33333333333334,70.0
WHO_AFRO,Africa (WHO regions),2020,NT_BW_LBW,Low Birth Weight,Layer 1,13.7224,4,,,76.66666666666667,83.33333333333334,70.0
WHO_AFRO,Africa (WHO regions),2024,NT_CF_MAD,Min Acceptable Diet,Layer 2,10.8053,0,,,76.66666666666667,83.33333333333334,70.0
WHO_AFRO,Africa (WHO regions),2024,NT_CF_MDD,Min Dietary Diversity,Layer 2,19.0917,0,,,76.66666666666667,83.33333333333334,70.0
WHO_AFRO,Africa (WHO regions),2024,NT_CF_MMF,Min Meal Frequency,Layer 2,43.0959,0,,,76.66666666666667,83.33333333333334,70.0
WHO_AMRO,Americas (WHO regions),2024,IM_DTP3,DTP3 Coverage,Layer 2,86.0,0,,,61.66666666666667,83.33333333333334,40.0
WHO_AMRO,Americas (WHO regions),2024,MNCH_ANC4,ANC 4+ Visits,Layer 2,93.0,0,,,61.66666666666667,83.33333333333334,40.0
WHO_AMRO,Americas (WHO regions),2024,MNCH_SAB,Skilled Birth Attendance,Layer 2,96.8,0,,,61.66666666666667,83.33333333333334,40.0
WHO_AMRO,Americas (WHO regions),2023,NT_ANE_WOM_15_49_MOD,Anaemia WRA,Layer 1,18.2641,1,,,61.66666666666667,83.33333333333334,40.0
WHO_AMRO,Americas (WHO regions),2024,NT_ANT_HAZ_NE2_MOD,Stunting,Layer 1,9.8783,0,,,61.66666666666667,83.33333333333334,40.0
WHO_AMRO,Americas (WHO regions),2024,NT_ANT_WHZ_PO2_MOD,Overweight,Layer 1,9.0996,0,,,61.66666666666667,83.33333333333334,40.0
WHO_AMRO,Americas (WHO regions),2024,NT_BF_EIBF,Early BF Initiation,Layer 2,58.858,0,,,61.66666666666667,83.33333333333334,40.0
WHO_AMRO,Americas (WHO regions),2024,NT_BF_EXBF,Excl. BF,Layer 1,36.7721,0,,,61.66666666666667,83.33333333333334,40.0
WHO_AMRO,Americas (WHO regions),2020,NT_BW_LBW,Low Birth Weight,Layer 1,9.2507,4,,,61.66666666666667,83.33333333333334,40.0
WHO_EMRO,Eastern Mediterranean (WHO regions),2024,IM_DTP3,DTP3 Coverage,Layer 2,79.0,0,,,76.66666666666667,83.33333333333334,70.0
WHO_EMRO,Eastern Mediterranean (WHO regions),2024,MNCH_ANC4,ANC 4+ Visits,Layer 2,61.3,0,,,76.66666666666667,83.33333333333334,70.0
WHO_EMRO,Eastern Mediterranean (WHO regions),2024,MNCH_SAB,Skilled Birth Attendance,Layer 2,85.6,0,,,76.66666666666667,83.33333333333334,70.0
WHO_EMRO,Eastern Mediterranean (WHO regions),2023,NT_ANE_WOM_15_49_MOD,Anaemia WRA,Layer 1,35.797,1,,,76.66666666666667,83.33333333333334,70.0
WHO_EMRO,Eastern Mediterranean (WHO regions),2024,NT_ANT_HAZ_NE2_MOD,Stunting,Layer 1,25.9732,0,,,76.66666666666667,83.33333333333334,70.0
WHO_EMRO,Eastern Mediterranean (WHO regions),2024,NT_ANT_WHZ_PO2_MOD,Overweight,Layer 1,4.5524,0,,,76.66666666666667,83.33333333333334,70.0
WHO_EMRO,Eastern Mediterranean (WHO regions),2024,NT_BF_EIBF,Early BF Initiation,Layer 2,29.9556,0,,,76.66666666666667,83.33333333333334,70.0
WHO_EMRO,Eastern Mediterranean (WHO regions),2024,NT_BF_EXBF,Excl. BF,Layer 1,43.6014,0,,,76.66666666666667,83.33333333333334,70.0
WHO_EMRO,Eastern Mediterranean (WHO regions),2020,NT_BW_LBW,Low Birth Weight,Layer 1,15.787,4,,,76.66666666666667,83.33333333333334,70.0
WHO_EMRO,Eastern Mediterranean (WHO regions),2024,NT_CF_MAD,Min Acceptable Diet,Layer 2,17.7209,0,,,76.66666666666667,83.33333333333334,70.0
WHO_EMRO,Eastern Mediterranean (WHO regions),2024,NT_CF_MDD,Min Dietary Diversity,Layer 2,24.0648,0,,,76.66666666666667,83.33333333333334,70.0
WHO_EMRO,Eastern Mediterranean (WHO regions),2024,NT_CF_MMF,Min Meal Frequency,Layer 2,58.0555,0,,,76.66666666666667,83.33333333333334,70.0
WHO_EURO,Europe (WHO regions),2024,IM_DTP3,DTP3 Coverage,Layer 2,93.0,0,,,48.33333333333333,66.66666666666666,30.0
WHO_EURO,Europe (WHO regions),2024,MNCH_ANC4,ANC 4+ Visits,Layer 2,92.4,0,,,48.33333333333333,66.66666666666666,30.0
WHO_EURO,Europe (WHO regions),2024,MNCH_SAB,Skilled Birth Attendance,Layer 2,99.1,0,,,48.33333333333333,66.66666666666666,30.0
WHO_EURO,Europe (WHO regions),2023,NT_ANE_WOM_15_49_MOD,Anaemia WRA,Layer 1,21.2666,1,,,48.33333333333333,66.66666666666666,30.0
WHO_EURO,Europe (WHO regions),2024,NT_ANT_HAZ_NE2_MOD,Stunting,Layer 1,4.5591,0,,,48.33333333333333,66.66666666666666,30.0
WHO_EURO,Europe (WHO regions),2024,NT_ANT_WHZ_PO2_MOD,Overweight,Layer 1,7.5352,0,,,48.33333333333333,66.66666666666666,30.0
WHO_EURO,Europe (WHO regions),2020,NT_BW_LBW,Low Birth Weight,Layer 1,7.5978,4,,,48.33333333333333,66.66666666666666,30.0
WHO_REG_GLOBAL,World Health Organisation regions - Global,2024,IM_DTP3,DTP3 Coverage,Layer 2,85.0,0,,,5.0,0.0,10.0
WHO_SEARO,South-East Asia (WHO regions),2024,IM_DTP3,DTP3 Coverage,Layer 2,92.0,0,,,76.66666666666667,83.33333333333334,70.0
WHO_SEARO,South-East Asia (WHO regions),2024,MNCH_ANC4,ANC 4+ Visits,Layer 2,66.4,0,,,76.66666666666667,83.33333333333334,70.0
WHO_SEARO,South-East Asia (WHO regions),2024,MNCH_SAB,Skilled Birth Attendance,Layer 2,89.9,0,,,76.66666666666667,83.33333333333334,70.0
WHO_SEARO,South-East Asia (WHO regions),2023,NT_ANE_WOM_15_49_MOD,Anaemia WRA,Layer 1,49.3214,1,,,76.66666666666667,83.33333333333334,70.0
WHO_SEARO,South-East Asia (WHO regions),2024,NT_ANT_HAZ_NE2_MOD,Stunting,Layer 1,30.7293,0,,,76.66666666666667,83.33333333333334,70.0
WHO_SEARO,South-East Asia (WHO regions),2024,NT_ANT_WHZ_PO2_MOD,Overweight,Layer 1,3.4185,0,,,76.66666666666667,83.33333333333334,70.0
WHO_SEARO,South-East Asia (WHO regions),2024,NT_BF_EIBF,Early BF Initiation,Layer 2,41.4425,0,,,76.66666666666667,83.33333333333334,70.0
WHO_SEARO,South-East Asia (WHO regions),2024,NT_BF_EXBF,Excl. BF,Layer 1,61.5069,0,,,76.66666666666667,83.33333333333334,70.0
WHO_SEARO,South-East Asia (WHO regions),2020,NT_BW_LBW,Low Birth Weight,Layer 1,25.5957,4,,,76.66666666666667,83.33333333333334,70.0
WHO_SEARO,South-East Asia (WHO regions),2024,NT_CF_MAD,Min Acceptable Diet,Layer 2,15.1391,0,,,76.66666666666667,83.33333333333334,70.0
WHO_SEARO,South-East Asia (WHO regions),2024,NT_CF_MDD,Min Dietary Diversity,Layer 2,26.9138,0,,,76.66666666666667,83.33333333333334,70.0
WHO_SEARO,South-East Asia (WHO regions),2024,NT_CF_MMF,Min Meal Frequency,Layer 2,40.3674,0,,,76.66666666666667,83.33333333333334,70.0
WHO_WPRO,Western Pacific (WHO regions),2024,IM_DTP3,DTP3 Coverage,Layer 2,92.0,0,,,71.66666666666667,83.33333333333334,60.0
WHO_WPRO,Western Pacific (WHO regions),2024,MNCH_ANC4,ANC 4+ Visits,Layer 2,87.0,0,,,71.66666666666667,83.33333333333334,60.0
WHO_WPRO,Western Pacific (WHO regions),2024,MNCH_SAB,Skilled Birth Attendance,Layer 2,97.4,0,,,71.66666666666667,83.33333333333334,60.0
WHO_WPRO,Western Pacific (WHO regions),2023,NT_ANE_WOM_15_49_MOD,Anaemia WRA,Layer 1,17.9186,1,,,71.66666666666667,83.33333333333334,60.0
WHO_WPRO,Western Pacific (WHO regions),2024,NT_ANT_HAZ_NE2_MOD,Stunting,Layer 1,12.822,0,,,71.66666666666667,83.33333333333334,60.0
WHO_WPRO,Western Pacific (WHO regions),2024,NT_ANT_WHZ_PO2_MOD,Overweight,Layer 1,8.1527,0,,,71.66666666666667,83.33333333333334,60.0
WHO_WPRO,Western Pacific (WHO regions),2024,NT_BF_EXBF,Excl. BF,Layer 1,37.7934,0,,,71.66666666666667,83.33333333333334,60.0
WHO_WPRO,Western Pacific (WHO regions),2020,NT_BW_LBW,Low Birth Weight,Layer 1,8.2729,4,,,71.66666666666667,83.33333333333334,60.0
WHO_WPRO,Western Pacific (WHO regions),2024,NT_CF_MAD,Min Acceptable Diet,Layer 2,42.6108,0,,,71.66666666666667,83.33333333333334,60.0
WHO_WPRO,Western Pacific (WHO regions),2024,NT_CF_MDD,Min Dietary Diversity,Layer 2,55.127,0,,,71.66666666666667,83.33333333333334,60.0
WHO_WPRO,Western Pacific (WHO regions),2024,NT_CF_MMF,Min Meal Frequency,Layer 2,73.2555,0,,,71.66666666666667,83.33333333333334,60.0
WSM,Samoa,2024,IM_DTP3,DTP3 Coverage,Layer 2,85.0,0,East Asia and Pacific,Lower middle income,68.33333333333333,66.66666666666666,70.0
WSM,Samoa,2021,MNCH_ANC4,ANC 4+ Visits,Layer 2,69.8,3,East Asia and Pacific,Lower middle income,68.33333333333333,66.66666666666666,70.0
WSM,Samoa,2020,MNCH_SAB,Skilled Birth Attendance,Layer 2,88.9,4,East Asia and Pacific,Lower middle income,68.33333333333333,66.66666666666666,70.0
WSM,Samoa,2023,NT_ANE_WOM_15_49_MOD,Anaemia WRA,Layer 1,21.9,1,East Asia and Pacific,Lower middle income,68.33333333333333,66.66666666666666,70.0
WSM,Samoa,2024,NT_ANT_HAZ_NE2_MOD,Stunting,Layer 1,8.4156,0,East Asia and Pacific,Lower middle income,68.33333333333333,66.66666666666666,70.0
WSM,Samoa,2024,NT_ANT_WHZ_PO2_MOD,Overweight,Layer 1,9.4475,0,East Asia and Pacific,Lower middle income,68.33333333333333,66.66666666666666,70.0
WSM,Samoa,2019,NT_BF_EIBF,Early BF Initiation,Layer 2,52.9766,5,East Asia and Pacific,Lower middle income,68.33333333333333,66.66666666666666,70.0
WSM,Samoa,2019,NT_BF_EXBF,Excl. BF,Layer 1,51.7396,5,East Asia and Pacific,Lower middle income,68.33333333333333,66.66666666666666,70.0
WSM,Samoa,2019,NT_CF_MAD,Min Acceptable Diet,Layer 2,11.9996,5,East Asia and Pacific,Lower middle income,68.33333333333333,66.66666666666666,70.0
WSM,Samoa,2019,NT_CF_MDD,Min Dietary Diversity,Layer 2,20.0478,5,East Asia and Pacific,Lower middle income,68.33333333333333,66.66666666666666,70.0
WSM,Samoa,2019,NT_CF_MMF,Min Meal Frequency,Layer 2,45.757,5,East Asia and Pacific,Lower middle income,68.33333333333333,66.66666666666666,70.0
XKX,Kosovo (UNSCR 1244),2020,MNCH_ANC4,ANC 4+ Visits,Layer 2,94.4,4,,Upper middle income,5.0,0.0,10.0
YEM,Yemen,2024,IM_DTP3,DTP3 Coverage,Layer 2,42.0,0,Middle East and North Africa,Low income,45.0,50.0,40.0
YEM,Yemen,2023,MNCH_ANC4,ANC 4+ Visits,Layer 2,32.4,1,Middle East and North Africa,Low income,45.0,50.0,40.0
YEM,Yemen,2023,MNCH_SAB,Skilled Birth Attendance,Layer 2,60.9,1,Middle East and North Africa,Low income,45.0,50.0,40.0
YEM,Yemen,2023,NT_ANE_WOM_15_49_MOD,Anaemia WRA,Layer 1,36.4,1,Middle East and North Africa,Low income,45.0,50.0,40.0
YEM,Yemen,2024,NT_ANT_HAZ_NE2_MOD,Stunting,Layer 1,47.412,0,Middle East and North Africa,Low income,45.0,50.0,40.0
YEM,Yemen,2024,NT_ANT_WHZ_PO2_MOD,Overweight,Layer 1,1.6736,0,Middle East and North Africa,Low income,45.0,50.0,40.0
YEM,Yemen,2013,NT_BF_EIBF,Early BF Initiation,Layer 2,52.69,11,Middle East and North Africa,Low income,45.0,50.0,40.0
YEM,Yemen,2013,NT_BF_EXBF,Excl. BF,Layer 1,9.6996,11,Middle East and North Africa,Low income,45.0,50.0,40.0
YEM,Yemen,2013,NT_CF_MAD,Min Acceptable Diet,Layer 2,15.4068,11,Middle East and North Africa,Low income,45.0,50.0,40.0
YEM,Yemen,2021,NT_CF_MDD,Min Dietary Diversity,Layer 2,23.0,3,Middle East and North Africa,Low income,45.0,50.0,40.0
YEM,Yemen,2013,NT_CF_MMF,Min Meal Frequency,Layer 2,57.1348,11,Middle East and North Africa,Low income,45.0,50.0,40.0
ZAF,South Africa,2024,IM_DTP3,DTP3 Coverage,Layer 2,74.0,0,Sub-Saharan Africa,Upper middle income,38.33333333333333,66.66666666666666,10.0
ZAF,South Africa,2016,MNCH_ANC4,ANC 4+ Visits,Layer 2,75.5,8,Sub-Saharan Africa,Upper middle income,38.33333333333333,66.66666666666666,10.0
ZAF,South Africa,2016,MNCH_SAB,Skilled Birth Attendance,Layer 2,96.7,8,Sub-Saharan Africa,Upper middle income,38.33333333333333,66.66666666666666,10.0
ZAF,South Africa,2023,NT_ANE_WOM_15_49_MOD,Anaemia WRA,Layer 1,31.2,1,Sub-Saharan Africa,Upper middle income,38.33333333333333,66.66666666666666,10.0
ZAF,South Africa,2024,NT_ANT_HAZ_NE2_MOD,Stunting,Layer 1,24.3791,0,Sub-Saharan Africa,Upper middle income,38.33333333333333,66.66666666666666,10.0
ZAF,South Africa,2024,NT_ANT_WHZ_PO2_MOD,Overweight,Layer 1,12.8154,0,Sub-Saharan Africa,Upper middle income,38.33333333333333,66.66666666666666,10.0
ZAF,South Africa,2016,NT_BF_EIBF,Early BF Initiation,Layer 2,67.2316,8,Sub-Saharan Africa,Upper middle income,38.33333333333333,66.66666666666666,10.0
ZAF,South Africa,2016,NT_BF_EXBF,Excl. BF,Layer 1,31.6147,8,Sub-Saharan Africa,Upper middle income,38.33333333333333,66.66666666666666,10.0
ZAF,South Africa,2020,NT_BW_LBW,Low Birth Weight,Layer 1,16.6384,4,Sub-Saharan Africa,Upper middle income,38.33333333333333,66.66666666666666,10.0
ZAF,South Africa,2016,NT_CF_MAD,Min Acceptable Diet,Layer 2,18.58,8,Sub-Saharan Africa,Upper middle income,38.33333333333333,66.66666666666666,10.0
ZAF,South Africa,2016,NT_CF_MDD,Min Dietary Diversity,Layer 2,39.9055,8,Sub-Saharan Africa,Upper middle income,38.33333333333333,66.66666666666666,10.0
ZAF,South Africa,2016,NT_CF_MMF,Min Meal Frequency,Layer 2,42.6938,8,Sub-Saharan Africa,Upper middle income,38.33333333333333,66.66666666666666,10.0
ZMB,Zambia,2024,IM_DTP3,DTP3 Coverage,Layer 2,91.0,0,Sub-Saharan Africa,Lower middle income,66.66666666666667,83.33333333333334,50.0
ZMB,Zambia,2024,MNCH_ANC4,ANC 4+ Visits,Layer 2,82.1,0,Sub-Saharan Africa,Lower middle income,66.66666666666667,83.33333333333334,50.0
ZMB,Zambia,2024,MNCH_SAB,Skilled Birth Attendance,Layer 2,93.9,0,Sub-Saharan Africa,Lower middle income,66.66666666666667,83.33333333333334,50.0
ZMB,Zambia,2023,NT_ANE_WOM_15_49_MOD,Anaemia WRA,Layer 1,27.1,1,Sub-Saharan Africa,Lower middle income,66.66666666666667,83.33333333333334,50.0
ZMB,Zambia,2024,NT_ANT_HAZ_NE2_MOD,Stunting,Layer 1,32.3429,0,Sub-Saharan Africa,Lower middle income,66.66666666666667,83.33333333333334,50.0
ZMB,Zambia,2024,NT_ANT_WHZ_PO2_MOD,Overweight,Layer 1,6.3325,0,Sub-Saharan Africa,Lower middle income,66.66666666666667,83.33333333333334,50.0
ZMB,Zambia,2024,NT_BF_EIBF,Early BF Initiation,Layer 2,68.0,0,Sub-Saharan Africa,Lower middle income,66.66666666666667,83.33333333333334,50.0
ZMB,Zambia,2024,NT_BF_EXBF,Excl. BF,Layer 1,64.1,0,Sub-Saharan Africa,Lower middle income,66.66666666666667,83.33333333333334,50.0
ZMB,Zambia,2020,NT_BW_LBW,Low Birth Weight,Layer 1,11.2469,4,Sub-Saharan Africa,Lower middle income,66.66666666666667,83.33333333333334,50.0
ZMB,Zambia,2018,NT_CF_MAD,Min Acceptable Diet,Layer 2,12.325,6,Sub-Saharan Africa,Lower middle income,66.66666666666667,83.33333333333334,50.0
ZMB,Zambia,2024,NT_CF_MDD,Min Dietary Diversity,Layer 2,22.1,0,Sub-Saharan Africa,Lower middle income,66.66666666666667,83.33333333333334,50.0
ZMB,Zambia,2018,NT_CF_MMF,Min Meal Frequency,Layer 2,41.0938,6,Sub-Saharan Africa,Lower middle income,66.66666666666667,83.33333333333334,50.0
ZWE,Zimbabwe,2024,IM_DTP3,DTP3 Coverage,Layer 2,91.0,0,Sub-Saharan Africa,Lower middle income,76.66666666666667,83.33333333333334,70.0
ZWE,Zimbabwe,2024,MNCH_ANC4,ANC 4+ Visits,Layer 2,71.0,0,Sub-Saharan Africa,Lower middle income,76.66666666666667,83.33333333333334,70.0
ZWE,Zimbabwe,2024,MNCH_SAB,Skilled Birth Attendance,Layer 2,84.6,0,Sub-Saharan Africa,Lower middle income,76.66666666666667,83.33333333333334,70.0
ZWE,Zimbabwe,2023,NT_ANE_WOM_15_49_MOD,Anaemia WRA,Layer 1,27.5,1,Sub-Saharan Africa,Lower middle income,76.66666666666667,83.33333333333334,70.0
ZWE,Zimbabwe,2024,NT_ANT_HAZ_NE2_MOD,Stunting,Layer 1,23.7133,0,Sub-Saharan Africa,Lower middle income,76.66666666666667,83.33333333333334,70.0
ZWE,Zimbabwe,2024,NT_ANT_WHZ_PO2_MOD,Overweight,Layer 1,3.9648,0,Sub-Saharan Africa,Lower middle income,76.66666666666667,83.33333333333334,70.0
ZWE,Zimbabwe,2024,NT_BF_EIBF,Early BF Initiation,Layer 2,67.4,0,Sub-Saharan Africa,Lower middle income,76.66666666666667,83.33333333333334,70.0
ZWE,Zimbabwe,2024,NT_BF_EXBF,Excl. BF,Layer 1,42.4,0,Sub-Saharan Africa,Lower middle income,76.66666666666667,83.33333333333334,70.0
ZWE,Zimbabwe,2020,NT_BW_LBW,Low Birth Weight,Layer 1,11.8297,4,Sub-Saharan Africa,Lower middle income,76.66666666666667,83.33333333333334,70.0
ZWE,Zimbabwe,2019,NT_CF_MAD,Min Acceptable Diet,Layer 2,10.7445,5,Sub-Saharan Africa,Lower middle income,76.66666666666667,83.33333333333334,70.0
ZWE,Zimbabwe,2024,NT_CF_MDD,Min Dietary Diversity,Layer 2,24.7,0,Sub-Saharan Africa,Lower middle income,76.66666666666667,83.33333333333334,70.0
ZWE,Zimbabwe,2019,NT_CF_MMF,Min Meal Frequency,Layer 2,68.2497,5,Sub-Saharan Africa,Lower middle income,76.66666666666667,83.33333333333334,70.0
